run,iter,hidden_dim,trunk_dim,num_params,missing_keys,unexpected_keys,total_weight_l2,mean_entropy,std_entropy,min_entropy,max_entropy,max_entropy_possible,mean_max_prob,frac_saturated_p99,frac_saturated_p999,n_actions_used_argmax,frac_actions_used_argmax,dominant_action_frac,mean_abs_logit,max_abs_logit,std_logit,l2__fc1.weight,l2__fc1.bias,l2__norm1.weight,l2__norm1.bias,l2__fc2.weight,l2__fc2.bias,l2__norm2.weight,l2__norm2.bias,l2__actor.weight,l2__actor.bias,l2__critic.weight,l2__critic.bias,delta_iters,delta_total_l2,delta_total_l2_relative,delta_l2__fc1.weight,cos__fc1.weight,delta_l2__fc1.bias,cos__fc1.bias,delta_l2__norm1.weight,cos__norm1.weight,delta_l2__norm1.bias,cos__norm1.bias,delta_l2__fc2.weight,cos__fc2.weight,delta_l2__fc2.bias,cos__fc2.bias,delta_l2__norm2.weight,cos__norm2.weight,delta_l2__norm2.bias,cos__norm2.bias,delta_l2__actor.weight,cos__actor.weight,delta_l2__actor.bias,cos__actor.bias,delta_l2__critic.weight,cos__critic.weight,delta_l2__critic.bias,cos__critic.bias
mario_1_1_v27_recovery_seed0,10,64,32,48135,0,0,39.58570861816406,1.4844861030578613,0.15539439022541046,1.1734583377838135,1.7713401317596436,1.791759469228055,0.3885901868343353,0.0,0.0,5,0.8333333333333334,0.8404947916666666,0.7982028722763062,2.298142910003662,0.9415581226348877,28.204694747924805,0.9773567318916321,8.7283935546875,1.0269583463668823,8.52425479888916,0.22656689584255219,15.229721069335938,10.007000923156738,1.0942085981369019,0.12341701239347458,16.741483688354492,2.653508186340332,,,,,,,,,,,,,,,,,,,,,,,,,,,
mario_1_1_v27_recovery_seed0,20,64,32,48135,0,0,47.5520133972168,1.1810745000839233,0.22278040647506714,0.6239087581634521,1.7596415281295776,1.791759469228055,0.5074167847633362,0.0,0.0,4,0.6666666666666666,0.8782552083333334,1.2362722158432007,4.343825340270996,1.3598963022232056,34.44745635986328,1.3549351692199707,9.320562362670898,1.7770860195159912,9.214837074279785,0.22919975221157074,18.32036018371582,11.46753215789795,1.9538626670837402,0.17066660523414612,20.4079647064209,3.203634262084961,10,21.371225357055664,0.4494284012442366,20.233844757080078,0.8093648048194894,0.5890424847602844,0.9228224368456455,1.1424214839935303,0.9941338275452959,0.8051155209541321,0.976569900596728,3.855252981185913,0.9084270103818542,0.09322592616081238,0.9163845747422542,3.363567352294922,0.9968432842269213,1.5492818355560303,0.9988362667004936,1.2493102550506592,0.8078117308725568,0.07506821304559708,0.9192259527799255,3.8165652751922607,0.9983564828088995,0.5501260757446289,1.0
mario_1_1_v27_recovery_seed0,30,64,32,48135,0,0,53.853370666503906,1.1445406675338745,0.2899276912212372,0.38079264760017395,1.7670068740844727,1.791759469228055,0.5078664422035217,0.0,0.0,5,0.8333333333333334,0.5403645833333334,1.3649353981018066,5.514954566955566,1.6234855651855469,40.382015228271484,1.737808346748352,9.932109832763672,2.446798086166382,9.700727462768555,0.262940376996994,20.043800354003906,11.85020637512207,2.399143695831299,0.2529939115047455,22.52303123474121,3.5161478519439697,10,21.086868286132812,0.3915607885849301,20.558860778808594,0.8607368932332767,0.5790086388587952,0.9599385661091727,0.9292318820953369,0.9973562904266363,0.7109209299087524,0.9934575642013319,3.1442031860351562,0.9460237980138961,0.12107662856578827,0.887821081828733,1.849364995956421,0.9993874206061037,0.5959701538085938,0.9992320785676037,1.3146228790283203,0.8368078909495287,0.14036859571933746,0.8503211536580009,2.182551145553589,0.9996844995673156,0.3125135898590088,1.0
mario_1_1_v27_recovery_seed0,40,64,32,48135,0,0,59.16733932495117,0.9987018704414368,0.3270135521888733,0.002189439022913575,1.7599751949310303,1.791759469228055,0.5542133450508118,0.001953125,0.0006510416860692203,5,0.8333333333333334,0.4765625,1.7582786083221436,11.666847229003906,2.2130274772644043,45.995975494384766,1.986682653427124,10.38022232055664,2.960036277770996,9.991731643676758,0.2992565631866455,20.88017463684082,12.207185745239258,3.1508641242980957,0.22202274203300476,23.580720901489258,3.706456184387207,10,18.306812286376953,0.3094073942692379,18.00878143310547,0.9211818108210987,0.36042487621307373,0.9901567076342316,0.6893110871315002,0.9986695228375639,0.5404713153839111,0.9980188764710127,2.3680057525634766,0.971510711544262,0.10580340772867203,0.9372479734907431,0.903026819229126,0.9998614554469885,0.4532485604286194,0.999730387852264,1.394716501235962,0.9087127109043245,0.09434247761964798,0.9293107824333885,1.1385321617126465,0.9998329061177161,0.1903083324432373,1.0
mario_1_1_v27_recovery_seed0,50,64,32,48135,0,0,64.07334899902344,0.9210566878318787,0.3899833559989929,6.451976514654234e-05,1.7531113624572754,1.791759469228055,0.5886569619178772,0.02604166604578495,0.009114583022892475,4,0.6666666666666666,0.6334635416666666,2.2116010189056396,18.733339309692383,2.8548290729522705,50.897884368896484,2.1824183464050293,10.782652854919434,3.374728202819824,10.271586418151855,0.35507825016975403,21.769432067871094,12.702047348022461,3.949354887008667,0.19109070301055908,24.710046768188477,3.9092161655426025,10,17.79165267944336,0.27767633434791317,17.530941009521484,0.9394949722795701,0.29091086983680725,0.994658725709008,0.5954360961914062,0.9991396285638409,0.4505651891231537,0.9984463307715389,1.9986562728881836,0.9809205174946674,0.10282845050096512,0.9649084820908955,0.9571638107299805,0.9998620312663334,0.5667226910591125,0.999753979770839,1.343506932258606,0.9530925545787189,0.08047690987586975,0.9349493518704212,1.213173747062683,0.9998314590440763,0.2027599811553955,1.0
mario_1_1_v27_recovery_seed0,60,64,32,48135,0,0,68.24419403076172,0.7320308089256287,0.40924590826034546,5.004773697692144e-07,1.6669443845748901,1.791759469228055,0.717155933380127,0.046875,0.02473958395421505,5,0.8333333333333334,0.7213541666666666,3.0268940925598145,24.545862197875977,3.9987127780914307,54.835933685302734,2.3636887073516846,11.016948699951172,3.6564929485321045,10.55584716796875,0.40988627076148987,22.698577880859375,13.210103034973145,4.770705223083496,0.20476260781288147,25.86315155029297,4.114564895629883,10,15.566071510314941,0.228093711580774,15.324411392211914,0.9607092188283295,0.2753455340862274,0.9958363987469726,0.3684941530227661,0.9996596082694895,0.30778181552886963,0.999378472135813,1.6436731815338135,0.9879140303078067,0.08669890463352203,0.9844966867469263,0.9935330152511597,0.9998746280606734,0.5430210828781128,0.9998904210342144,1.2710999250411987,0.9750259636883937,0.07944000512361526,0.9217471783433256,1.2261309623718262,0.9998640012178768,0.20534873008728027,1.0
mario_1_1_v27_recovery_seed0,70,64,32,48135,0,0,71.8302001953125,0.6557257175445557,0.36521419882774353,2.0577067161298146e-08,1.6547493934631348,1.791759469228055,0.7350795865058899,0.060546875,0.0358072929084301,5,0.8333333333333334,0.572265625,4.216142654418945,29.861968994140625,5.792884349822998,58.563140869140625,2.445708990097046,11.227081298828125,3.8745810985565186,10.86266040802002,0.44546279311180115,23.22593879699707,13.389289855957031,5.491199016571045,0.2417866587638855,26.424232482910156,4.186981201171875,10,13.42817211151123,0.18694326446256412,13.270285606384277,0.9747447666821071,0.1765144020318985,0.9978868990296876,0.3147127628326416,0.999778128093184,0.24157333374023438,0.9996189308887647,1.4311267137527466,0.9914795856311758,0.05962714925408363,0.9937298759049161,0.6111503839492798,0.9999093495675175,0.2816949486732483,0.9998664551113184,1.047713279724121,0.9889567428987974,0.0476185604929924,0.9909435222971369,0.6457765102386475,0.9999252481947484,0.07241630554199219,1.0
mario_1_1_v27_recovery_seed0,80,64,32,48135,0,0,74.99790954589844,0.5943366885185242,0.35503309965133667,1.3815509847248109e-10,1.6449283361434937,1.791759469228055,0.740114152431488,0.1067708358168602,0.0709635391831398,6,1.0,0.5130208333333334,5.251283645629883,43.554656982421875,7.02946662902832,62.17182159423828,2.5545029640197754,11.495210647583008,4.165211200714111,11.148408889770508,0.45636406540870667,23.39571762084961,13.261996269226074,6.147855281829834,0.26767975091934204,26.4659423828125,4.157822132110596,10,15.663996696472168,0.20885911075809202,15.50471305847168,0.9687762221491188,0.1912515014410019,0.9980198603186389,0.3773013949394226,0.9997270015345375,0.31078940629959106,0.9996244029359919,1.5923762321472168,0.9898677628677629,0.04416612908244133,0.9954946852458767,0.3911345899105072,0.9998856547350341,0.3160543739795685,0.9997643751563421,1.3271790742874146,0.9802985283756763,0.06366583704948425,0.9738657390939174,0.36371952295303345,0.9999067029277214,0.029159069061279297,1.0
mario_1_1_v27_recovery_seed0,90,64,32,48135,0,0,77.76814270019531,0.43081116676330566,0.35948213934898376,1.3815509847248109e-10,1.591477632522583,1.791759469228055,0.807196319103241,0.23828125,0.177734375,6,1.0,0.4622395833333333,6.3240203857421875,45.99607467651367,8.5014009475708,65.3295669555664,2.683169364929199,11.734515190124512,4.400994300842285,11.466042518615723,0.45077499747276306,23.63850975036621,12.720471382141113,6.842709541320801,0.2525007426738739,26.463085174560547,4.027343273162842,10,19.964082717895508,0.2567128649948505,19.593528747558594,0.9539684665428269,0.23291166126728058,0.9972503559148654,0.49066078662872314,0.9993199247347175,0.28178510069847107,0.9993507277260071,3.1502158641815186,0.9615774425893552,0.12579400837421417,0.9616151368428799,0.806149959564209,0.9994656222498914,0.7755327224731445,0.999086546693347,1.586944818496704,0.9758061188782495,0.049114178866147995,0.983859892873288,0.7450665831565857,0.9996037427875,0.1304788589477539,1.0
mario_1_1_v27_recovery_seed0,100,64,32,48135,0,0,81.19428253173828,0.3366154432296753,0.32848677039146423,1.3815509847248109e-10,1.3959786891937256,1.791759469228055,0.8647543787956238,0.2434895783662796,0.1263020783662796,6,1.0,0.658203125,9.16949462890625,86.01006317138672,13.894479751586914,69.12580871582031,2.8318493366241455,11.965993881225586,4.6416449546813965,11.694953918457031,0.39643439650535583,23.940099716186523,12.457558631896973,7.523979663848877,0.2676636576652527,26.523977279663086,3.9919633865356445,10,20.227197647094727,0.24912096044679077,19.992185592651367,0.9573435528773607,0.27931860089302063,0.9963207072596075,0.44848746061325073,0.9994746934607052,0.2872064411640167,0.9993985104496904,2.5373330116271973,0.9761900237356708,0.1323825865983963,0.9592276395918261,0.6054831743240356,0.9997563590661229,0.49157431721687317,0.9994556692009391,1.2875852584838867,0.9884065511443889,0.07174406945705414,0.9636214492067261,0.6020790934562683,0.9997445224500245,0.035379886627197266,1.0
mario_1_1_v27_recovery_seed0,110,64,32,48135,0,0,83.99993896484375,0.27077218890190125,0.3259839117527008,1.3815509847248109e-10,1.6126632690429688,1.791759469228055,0.8965415954589844,0.3990885317325592,0.1822916716337204,6,1.0,0.6341145833333334,9.144451141357422,82.06334686279297,13.951024055480957,72.00517272949219,3.054755210876465,12.102782249450684,4.8459882736206055,11.809638023376465,0.427278608083725,24.312541961669922,12.509754180908203,8.042815208435059,0.3078872561454773,26.898656845092773,4.048329830169678,10,18.10244369506836,0.21550543867233907,17.911653518676758,0.9686052666791449,0.3338339626789093,0.9964304211593706,0.32170915603637695,0.9997073029802942,0.23913466930389404,0.9996571694201228,2.0765836238861084,0.9844365254599158,0.10146424919366837,0.972419276402973,0.5562202334403992,0.9998534010331137,0.22568412125110626,0.9998452981809024,1.2504414319992065,0.9893049247524612,0.06335821002721786,0.9854608760180217,0.5877297520637512,0.999856450136783,0.0563664436340332,1.0
mario_1_1_v27_recovery_seed0,120,64,32,48135,0,0,86.86032104492188,0.30818212032318115,0.3479592800140381,1.3815509847248109e-10,1.3371793031692505,1.791759469228055,0.8810455799102783,0.3958333432674408,0.26171875,6,1.0,0.4889322916666667,9.166741371154785,88.40735626220703,13.888176918029785,75.04688262939453,3.2176995277404785,12.299564361572266,5.041837692260742,12.02197551727295,0.4181095361709595,24.504484176635742,12.508508682250977,8.640645027160645,0.3030148148536682,27.06977653503418,4.057431697845459,10,16.802873611450195,0.1934470585569237,16.64362335205078,0.9752256005019649,0.23171395063400269,0.9986193516638413,0.34451669454574585,0.999731436853834,0.22055411338806152,0.9997895355449171,1.8591830730438232,0.9879857939477574,0.06855779886245728,0.987080435491051,0.39280542731285095,0.9999015473256678,0.27841946482658386,0.9997523151222539,1.1414436101913452,0.9931973946693456,0.0332549586892128,0.9942002571203638,0.32895058393478394,0.9999458501427008,0.00910186767578125,1.0
mario_1_1_v27_recovery_seed0,130,64,32,48135,0,0,89.5229721069336,0.23469676077365875,0.28702500462532043,1.3815509847248109e-10,1.4242095947265625,1.791759469228055,0.912677526473999,0.4212239682674408,0.294921875,6,1.0,0.5377604166666666,11.543277740478516,106.13587188720703,17.627525329589844,77.86949920654297,3.350102186203003,12.455329895019531,5.278968811035156,12.372684478759766,0.4272859990596771,24.74985694885254,12.283888816833496,9.231125831604004,0.2990803122520447,27.17789649963379,3.9776902198791504,10,17.80975341796875,0.19894059590308638,17.564651489257812,0.9742856756119033,0.2091851383447647,0.9987834475615117,0.33718353509902954,0.9997080617972716,0.26934564113616943,0.9996935710255209,2.2949299812316895,0.9827096455984113,0.08246386051177979,0.9812035142423704,0.6383137106895447,0.9997137856586689,0.5640915036201477,0.9991286828393618,1.4524810314178467,0.9889609246767954,0.06259839981794357,0.978466050795555,0.5668459534645081,0.9997896082050145,0.0797414779663086,1.0
mario_1_1_v27_recovery_seed0,140,64,32,48135,0,0,91.85977172851562,0.18127919733524323,0.28900736570358276,1.3815509847248109e-10,1.432814359664917,1.791759469228055,0.9320411682128906,0.5872395634651184,0.4459635317325592,6,1.0,0.560546875,13.148128509521484,121.5261459350586,20.88824462890625,80.27935028076172,3.5148048400878906,12.674934387207031,5.436654567718506,12.677889823913574,0.4784781038761139,24.896862030029297,12.359061241149902,9.945625305175781,0.30078309774398804,27.245027542114258,4.003234386444092,10,17.903451919555664,0.1948998085088641,17.691003799438477,0.9754327391690918,0.24379278719425201,0.9986281616750909,0.43653449416160583,0.9995492064719413,0.1955615133047104,0.9997669307342998,2.2980494499206543,0.9834631427052243,0.1093316450715065,0.9771755613581895,0.4063970446586609,0.9998835149829348,0.3320205807685852,0.9996553596004463,1.2747588157653809,0.9939304271503755,0.03530697897076607,0.9930874600867534,0.2804739475250244,0.9999498835203992,0.025544166564941406,1.0
mario_1_1_v27_recovery_seed0,150,64,32,48135,0,0,94.67955780029297,0.18376898765563965,0.27559998631477356,1.3815509847248109e-10,1.4355484247207642,1.791759469228055,0.9263591170310974,0.5013020634651184,0.3860677182674408,6,1.0,0.4309895833333333,13.662703514099121,149.59017944335938,21.678211212158203,83.1068344116211,3.603980541229248,12.892796516418457,5.709688663482666,13.095817565917969,0.4487895369529724,25.272342681884766,12.107762336730957,10.637144088745117,0.36269256472587585,27.570297241210938,3.9074249267578125,10,19.05453872680664,0.20125293325723242,18.68777847290039,0.9744271163814965,0.2755966782569885,0.9973158897789245,0.46581780910491943,0.9994813059101807,0.3129488229751587,0.99962328125529,3.016462564468384,0.9731235858648568,0.14638477563858032,0.9521572427463035,0.9613052606582642,0.9993778159068435,0.7354739308357239,0.9984034620716449,1.4616771936416626,0.992162481870885,0.1267026960849762,0.9439885240136748,0.8392143249511719,0.9996016055709891,0.0958094596862793,1.0
mario_1_1_v27_recovery_seed0,160,64,32,48135,0,0,97.51466369628906,0.15136808156967163,0.24711045622825623,1.3815509847248109e-10,1.29714834690094,1.791759469228055,0.9407716393470764,0.625,0.5084635615348816,6,1.0,0.4713541666666667,18.25487518310547,181.41273498535156,28.89714813232422,86.0797119140625,3.6865463256835938,13.099335670471191,5.8869309425354,13.385489463806152,0.46737709641456604,25.40271759033203,12.196419715881348,11.357839584350586,0.39638465642929077,27.59136390686035,3.958677291870117,10,19.80445098876953,0.20309202983513128,19.540287017822266,0.9739323055451202,0.22409139573574066,0.9983665950454914,0.4321860373020172,0.9995732813597318,0.2097175568342209,0.9998130814817202,2.773008108139038,0.9783059163237527,0.16584821045398712,0.935257146579699,0.3299478590488434,0.9999285055705759,0.30521970987319946,0.999711194394588,1.4431952238082886,0.993529648426402,0.05240333452820778,0.9943973630894085,0.3244667053222656,0.999931077881753,0.05125236511230469,1.0
mario_1_1_v27_recovery_seed0,170,64,32,48135,0,0,100.12955474853516,0.1392577737569809,0.22884246706962585,1.3815509847248109e-10,1.1829967498779297,1.791759469228055,0.9457263946533203,0.60546875,0.5104166865348816,6,1.0,0.4016927083333333,19.25210952758789,158.69137573242188,30.2648868560791,88.8052978515625,3.797428846359253,13.247265815734863,6.010777473449707,13.490638732910156,0.5328482985496521,25.614551544189453,12.14433479309082,12.063152313232422,0.427085816860199,27.682628631591797,3.950655460357666,10,18.253490447998047,0.18229872782156845,18.049551010131836,0.9791787563259325,0.28085756301879883,0.9976218425890048,0.3427404761314392,0.9997245105665982,0.17780964076519012,0.9997699432965207,2.2842700481414795,0.9855830606539641,0.17001451551914215,0.9505734654112267,0.38019049167633057,0.9999234573848991,0.2681933343410492,0.9997663547069328,1.280713677406311,0.9958296841491914,0.07378067821264267,0.9867062199511534,0.25826311111450195,0.9999618830660366,0.008021831512451172,1.0
mario_1_1_v27_recovery_seed0,180,64,32,48135,0,0,102.91717529296875,0.09622680395841599,0.20228803157806396,1.3815509847248109e-10,1.0931049585342407,1.791759469228055,0.9628100395202637,0.7513020634651184,0.642578125,6,1.0,0.4446614583333333,20.100372314453125,175.3572998046875,31.719486236572266,91.64790344238281,3.852811336517334,13.410611152648926,6.19075870513916,13.706369400024414,0.5592551827430725,25.83036994934082,12.222620010375977,12.774412155151367,0.4546581506729126,27.849044799804688,3.9809730052948,10,17.34278106689453,0.1685120196655784,17.173240661621094,0.982378888983413,0.1360439956188202,0.9994722804485251,0.323135107755661,0.999781150946754,0.20385894179344177,0.9998768800144997,1.980252742767334,0.9895221284507237,0.0740610808134079,0.9919670244267543,0.3824751079082489,0.999924724643021,0.1689165085554123,0.9999244439304575,1.2194725275039673,0.996816342721221,0.05367356166243553,0.9945394345267786,0.30793288350105286,0.9999564563203454,0.03031754493713379,1.0
mario_1_1_v27_recovery_seed0,190,64,32,48135,0,0,105.3010025024414,0.09613516181707382,0.20472566783428192,1.3815509847248109e-10,1.2437533140182495,1.791759469228055,0.9621291160583496,0.755859375,0.6640625,6,1.0,0.4446614583333333,20.635231018066406,199.98126220703125,32.5130615234375,94.0593032836914,3.8906807899475098,13.532340049743652,6.305788040161133,13.96435832977295,0.6140927076339722,26.03830337524414,12.233402252197266,13.494495391845703,0.4430544972419739,27.960329055786133,4.001588821411133,10,17.55765724182129,0.16673779759517687,17.374174118041992,0.9828283540038513,0.22365699708461761,0.9983793962368248,0.30941635370254517,0.999777016806055,0.15522414445877075,0.999860848845495,2.1396825313568115,0.9882141003328143,0.08421331644058228,0.9940530648397384,0.3322411775588989,0.9999501793814511,0.17960993945598602,0.9998924404187272,1.2073891162872314,0.9972756500758495,0.033689629286527634,0.9975170690866557,0.2287091612815857,0.9999742900446663,0.020615816116333008,1.0
mario_1_1_v27_recovery_seed0,200,64,32,48135,0,0,107.62761688232422,0.08641447871923447,0.18881705403327942,1.3815509847248109e-10,1.5496290922164917,1.791759469228055,0.9666121602058411,0.7649739384651184,0.55078125,6,1.0,0.4029947916666667,21.141857147216797,200.80763244628906,32.834285736083984,96.43455505371094,3.968430995941162,13.663553237915039,6.425588130950928,14.229292869567871,0.6605297327041626,26.19917106628418,12.23296070098877,14.159793853759766,0.4405505955219269,28.010147094726562,4.017751693725586,10,17.401098251342773,0.1616787471041791,17.240337371826172,0.9839275618977545,0.19304989278316498,0.9989889379846345,0.29521873593330383,0.9998109360965657,0.16905076801776886,0.9998244153100435,1.9918930530548096,0.9901927447567215,0.0937952995300293,0.9918136400930248,0.3106135427951813,0.9999482860539924,0.15255725383758545,0.9999222024754499,1.1185452938079834,0.9978843801324824,0.018102670088410378,0.9991765683068119,0.26101431250572205,0.9999580719486919,0.016162872314453125,1.0
mario_1_1_v27_recovery_seed0,210,64,32,48135,0,0,109.65459442138672,0.10050708800554276,0.21234671771526337,1.3815509847248109e-10,1.092045783996582,1.791759469228055,0.957428514957428,0.751953125,0.6614583134651184,6,1.0,0.390625,19.736572265625,212.03355407714844,31.18405532836914,98.50489807128906,4.081191062927246,13.738027572631836,6.546875476837158,14.501330375671387,0.7106664180755615,26.355499267578125,12.116044998168945,14.686938285827637,0.4509093165397644,28.080646514892578,4.003426551818848,10,18.2481689453125,0.1664149964860335,18.102041244506836,0.982979275045519,0.2760108709335327,0.9980407071731645,0.3241400420665741,0.9997349976995199,0.18221630156040192,0.9997801908621605,1.9038875102996826,0.9913960271506068,0.0796576514840126,0.995918734541058,0.36601343750953674,0.9999207108620374,0.2547069787979126,0.999827249399671,1.0818171501159668,0.9978543751508717,0.036976125091314316,0.9968287607307623,0.3092201352119446,0.9999423437505941,0.014325141906738281,1.0
mario_1_1_v27_recovery_seed0,220,64,32,48135,0,0,111.85173034667969,0.08390822261571884,0.19077248871326447,1.3815509847248109e-10,1.1606011390686035,1.791759469228055,0.9665711522102356,0.79296875,0.6946614384651184,6,1.0,0.3997395833333333,21.49934959411621,225.72000122070312,33.90134811401367,100.7219467163086,4.173135757446289,13.87606430053711,6.716444969177246,14.64909553527832,0.7493112683296204,26.51505470275879,12.13377857208252,15.275907516479492,0.4850181043148041,28.205060958862305,4.035233497619629,10,17.087142944335938,0.15276601346599702,16.926759719848633,0.9858092601728157,0.1937723159790039,0.9991459615156327,0.34029266238212585,0.9997461801351016,0.21111397445201874,0.9998201601901635,1.9350264072418213,0.9912384822678336,0.08086231350898743,0.9952627260161443,0.3016640245914459,0.9999530980854412,0.1605759561061859,0.9999133338336099,1.14671790599823,0.9978426100331114,0.06444023549556732,0.9931661535388107,0.26382389664649963,0.9999657840281693,0.03180694580078125,1.0
mario_1_1_v27_recovery_seed0,230,64,32,48135,0,0,113.94233703613281,0.07217736542224884,0.1842944324016571,1.3815509847248109e-10,1.1983389854431152,1.791759469228055,0.9701111316680908,0.8157551884651184,0.7057291865348816,6,1.0,0.41796875,21.14661407470703,234.45372009277344,32.35740661621094,102.83663940429688,4.239697456359863,13.999598503112793,6.811799049377441,14.825616836547852,0.7238381505012512,26.68265724182129,12.16124153137207,15.789790153503418,0.46304818987846375,28.299978256225586,4.064413547515869,10,16.231325149536133,0.1424520996474641,16.0765438079834,0.9877400604308907,0.191165953874588,0.9990924026588646,0.3314930200576782,0.9997564209319645,0.14167697727680206,0.9998800170327453,1.8224436044692993,0.9924255432638209,0.10230392217636108,0.9909498498180365,0.2781778573989868,0.9999651470282105,0.15803854167461395,0.9999177921643214,1.157393455505371,0.997770552517336,0.045309361070394516,0.9965041910826352,0.24014420807361603,0.9999695666349997,0.029180049896240234,1.0
mario_1_1_v27_recovery_seed0,240,64,32,48135,0,0,116.13937377929688,0.06756754964590073,0.17744749784469604,1.3815509847248109e-10,1.0798009634017944,1.791759469228055,0.9720582365989685,0.83203125,0.744140625,6,1.0,0.40625,21.002824783325195,261.578369140625,32.74403381347656,105.03266906738281,4.306122779846191,14.159747123718262,6.9434709548950195,15.043591499328613,0.723407506942749,26.8845157623291,12.147618293762207,16.345441818237305,0.4675537943840027,28.425151824951172,4.084596633911133,10,14.621313095092773,0.12589454049302945,14.470516204833984,0.99053093386192,0.18087203800678253,0.9992246974350659,0.2934989035129547,0.999847435797566,0.17435963451862335,0.999861921709448,1.750192403793335,0.9932395709842994,0.0565371960401535,0.9969478840935848,0.33954188227653503,0.9999479284898207,0.13161885738372803,0.9999419519893373,0.988075852394104,0.9987066532862393,0.05906106159090996,0.9919910193808067,0.24211834371089935,0.9999733683363936,0.020183086395263672,1.0
mario_1_1_v27_recovery_seed1,10,64,32,48135,0,0,38.786746978759766,1.5828256607055664,0.08530525863170624,1.2698403596878052,1.7750083208084106,1.791759469228055,0.3465290069580078,0.0,0.0,3,0.5,0.6953125,0.629615068435669,1.6841797828674316,0.7245681285858154,26.85662269592285,1.0415363311767578,8.844966888427734,1.1044154167175293,8.614420890808105,0.2529909908771515,15.638788223266602,10.121989250183105,1.0958596467971802,0.1463870406150818,16.552791595458984,2.465730905532837,,,,,,,,,,,,,,,,,,,,,,,,,,,
mario_1_1_v27_recovery_seed1,20,64,32,48135,0,0,46.64841079711914,1.4137015342712402,0.2159900963306427,0.4877254068851471,1.7573611736297607,1.791759469228055,0.4419792890548706,0.0,0.0,4,0.6666666666666666,0.5677083333333334,0.8120023012161255,3.6563398838043213,0.9744139313697815,33.6072883605957,1.531900405883789,9.43834114074707,1.7642083168029785,9.174277305603027,0.25053539872169495,18.67790412902832,11.099252700805664,2.0819649696350098,0.14932596683502197,19.571266174316406,2.8990304470062256,10,20.750234603881836,0.44482189745171996,19.766462326049805,0.8088036104253751,0.7229185700416565,0.9115797456343359,1.0954160690307617,0.9949221942934683,0.730271577835083,0.9748591607634656,3.5512447357177734,0.9221956328183201,0.14912021160125732,0.8246317303246952,3.3104734420776367,0.997050627036901,1.112868309020996,0.9987385133648927,1.5306824445724487,0.6996362288517722,0.07869517803192139,0.8585437268211978,3.199249267578125,0.9982651768062354,0.43329954147338867,1.0
mario_1_1_v27_recovery_seed1,30,64,32,48135,0,0,53.54706573486328,1.258280873298645,0.29825857281684875,0.23897141218185425,1.7860660552978516,1.791759469228055,0.48302242159843445,0.0,0.0,5,0.8333333333333334,0.5208333333333334,1.0858052968978882,6.849241256713867,1.3801581859588623,39.56779861450195,1.963058590888977,9.990498542785645,2.344825029373169,9.601167678833008,0.26011547446250916,21.037490844726562,11.832629203796387,2.5817346572875977,0.13128158450126648,22.36541175842285,3.284123182296753,10,22.1654109954834,0.4139425884741244,21.475513458251953,0.83994679002402,0.6281347274780273,0.9653074084404265,0.9304043650627136,0.9970265229299987,0.6624572277069092,0.9877036415783731,3.3343963623046875,0.9379228824985922,0.0994720384478569,0.9247876260801335,2.550144910812378,0.9988093883572472,0.8771116733551025,0.9991186307243982,1.3206663131713867,0.8609891165666965,0.049881573766469955,0.9448428993063259,2.848379611968994,0.9996503567198092,0.38509273529052734,1.0
mario_1_1_v27_recovery_seed1,40,64,32,48135,0,0,58.85873794555664,0.9741411805152893,0.49109935760498047,0.012106061913073063,1.7745552062988281,1.791759469228055,0.6142557263374329,0.05859375,0.0,6,1.0,0.5891927083333334,1.4413570165634155,12.261031150817871,2.000591993331909,44.81465148925781,2.3608810901641846,10.359452247619629,2.741814374923706,9.814979553222656,0.25138071179389954,22.24706268310547,12.23438549041748,3.2716422080993652,0.12027968466281891,23.903820037841797,3.5313611030578613,10,18.614299774169922,0.3162538040042218,18.221712112426758,0.9141405577992034,0.49156832695007324,0.9910048520729419,0.6260204315185547,0.9987643600207586,0.45241549611091614,0.9963385799644539,2.6231696605682373,0.9637327294711902,0.14212709665298462,0.8461199916000388,1.394282341003418,0.9994861163719176,0.6291397213935852,0.9991902873267845,1.224517822265625,0.9394145296105483,0.07145198434591293,0.8421728479177263,1.678215742111206,0.9995794133569824,0.2472379207611084,1.0
mario_1_1_v27_recovery_seed1,50,64,32,48135,0,0,63.39840316772461,0.7820329070091248,0.48369091749191284,0.00016240648983512074,1.7361234426498413,1.791759469228055,0.6833488345146179,0.1243489608168602,0.0475260429084301,6,1.0,0.4772135416666667,1.9355716705322266,14.105525970458984,2.6501548290252686,49.05861282348633,2.586273670196533,10.663026809692383,3.065713882446289,10.16508674621582,0.2921798527240753,23.409093856811523,12.756538391113281,3.963681221008301,0.13144439458847046,25.276596069335938,3.749450206756592,10,16.859481811523438,0.2659291239074363,16.556554794311523,0.9417564597674754,0.3266262710094452,0.9954236511953798,0.48548948764801025,0.9993502144057632,0.3663124144077301,0.9982586655442011,2.111832618713379,0.9782637072573372,0.10881213843822479,0.9307301881959713,1.2596272230148315,0.9997731033207313,0.5483455657958984,0.9999101494813455,1.104008674621582,0.9714709904668948,0.052447229623794556,0.9169498318680844,1.420523762702942,0.9998895884984551,0.21808910369873047,1.0
mario_1_1_v27_recovery_seed1,60,64,32,48135,0,0,67.40071105957031,0.6966745257377625,0.4264962375164032,1.1251348041696474e-05,1.7000728845596313,1.791759469228055,0.709610641002655,0.1315104216337204,0.076171875,6,1.0,0.4029947916666667,2.5309133529663086,19.40021324157715,3.397854804992676,53.46586608886719,2.7512617111206055,10.985595703125,3.3688266277313232,10.36808967590332,0.32268843054771423,23.89569091796875,12.859725952148438,4.575960159301758,0.15428437292575836,25.791765213012695,3.8079912662506104,10,14.365110397338867,0.21312995325290632,14.199468612670898,0.9652688765241679,0.24980291724205017,0.9975278639685872,0.43359631299972534,0.9996415855816191,0.32764917612075806,0.9992508457188183,1.5232107639312744,0.9891881502909003,0.0600106306374073,0.9858378762646334,0.6162804365158081,0.9998721197482897,0.2291010320186615,0.9998724756978304,1.1047035455703735,0.9766925208670918,0.07948890328407288,0.857079075792621,0.6226027011871338,0.9999062838416211,0.058541059494018555,1.0
mario_1_1_v27_recovery_seed1,70,64,32,48135,0,0,70.83661651611328,0.5680517554283142,0.44170740246772766,2.575877289245909e-09,1.6911267042160034,1.791759469228055,0.7584163546562195,0.2643229067325592,0.2057291716337204,6,1.0,0.4778645833333333,3.1476850509643555,28.939294815063477,4.260108947753906,57.234886169433594,2.9189839363098145,11.206052780151367,3.593644618988037,10.518407821655273,0.3652254343032837,24.255176544189453,13.022272109985352,5.13572883605957,0.22440864145755768,26.17070198059082,3.8715264797210693,10,13.401326179504395,0.1891864241773318,13.263304710388184,0.9735782563927781,0.2369452863931656,0.9982560259788716,0.303657203912735,0.9998229385385395,0.25089606642723083,0.9994876499130131,1.3661365509033203,0.9915467581483096,0.06942850351333618,0.9872258986367451,0.4879913628101349,0.9999060664142043,0.2588106393814087,0.9998790871306155,1.0386245250701904,0.9837155122842799,0.09339886903762817,0.9450370686465304,0.44860050082206726,0.9999573198801738,0.06353521347045898,1.0
mario_1_1_v27_recovery_seed1,80,64,32,48135,0,0,74.05506896972656,0.5375547409057617,0.42902877926826477,1.6314373463277576e-10,1.688697099685669,1.791759469228055,0.7639078497886658,0.2623697817325592,0.1705729216337204,6,1.0,0.4205729166666667,3.207671642303467,33.11214065551758,4.437309265136719,60.741390228271484,3.0738987922668457,11.431719779968262,3.804669141769409,10.684649467468262,0.4176388680934906,24.540653228759766,13.200163841247559,5.620163440704346,0.26306381821632385,26.49612045288086,3.937544107437134,10,12.310654640197754,0.1662364887571748,12.187727928161621,0.9804057668291941,0.20132292807102203,0.9990788133772835,0.30823004245758057,0.999827883042418,0.22723941504955292,0.9997401091876215,1.190473198890686,0.9938176958536358,0.07887976616621017,0.9886093296465744,0.40560999512672424,0.9999302734092417,0.2585584223270416,0.9998977398373637,1.00027596950531,0.9867327771132195,0.06752986460924149,0.9740313526491183,0.4000914394855499,0.999961007046282,0.06601762771606445,1.0
mario_1_1_v27_recovery_seed1,90,64,32,48135,0,0,76.96939849853516,0.4174415171146393,0.40585240721702576,1.3815509847248109e-10,1.6524244546890259,1.791759469228055,0.8261075019836426,0.3528645932674408,0.302734375,6,1.0,0.5546875,4.4236159324646,49.01941680908203,6.068580627441406,63.83127975463867,3.244797468185425,11.675182342529297,4.016340732574463,10.89244270324707,0.4564156234264374,24.84157371520996,13.315808296203613,6.192790985107422,0.2880033254623413,26.81998062133789,3.9845404624938965,10,13.1376314163208,0.170686424379045,13.009074211120605,0.9794074861970401,0.22126705944538116,0.9990098181559154,0.34253013134002686,0.9997825520297431,0.23540279269218445,0.9996528144001827,1.2723811864852905,0.993230090204061,0.06668276339769363,0.9922804603221805,0.4239461421966553,0.9999269134070046,0.22981055080890656,0.9998878405919656,1.0501245260238647,0.9888683321295207,0.04980388283729553,0.9877350972172451,0.41982078552246094,0.9999497547300769,0.046996355056762695,1.0
mario_1_1_v27_recovery_seed1,100,64,32,48135,0,0,79.88338470458984,0.4849221408367157,0.4313671290874481,1.3815509847248109e-10,1.6512036323547363,1.791759469228055,0.7818676829338074,0.3151041567325592,0.251953125,6,1.0,0.51953125,4.445596694946289,59.75366973876953,6.279194355010986,66.92699432373047,3.3358733654022217,11.973291397094727,4.267898082733154,11.134359359741211,0.49627333879470825,25.103134155273438,13.386682510375977,6.680755138397217,0.34611964225769043,27.111276626586914,4.008334159851074,10,14.159679412841797,0.17725437480152523,14.022640228271484,0.9781085637210287,0.17093844711780548,0.9990335709215243,0.4285411834716797,0.9996610743386775,0.2646275758743286,0.9998030487387608,1.4094440937042236,0.992051249646069,0.06407231837511063,0.9944446348606415,0.4420838952064514,0.99989811183914,0.19270390272140503,0.9999100331986913,1.0688209533691406,0.9890716549577255,0.09619695693254471,0.9705250055178494,0.4514146149158478,0.9999182419363801,0.023793697357177734,1.0
mario_1_1_v27_recovery_seed1,110,64,32,48135,0,0,82.48161315917969,0.4521279036998749,0.377611368894577,1.3815509847248109e-10,1.5600457191467285,1.791759469228055,0.8007763028144836,0.3098958432674408,0.2701822817325592,6,1.0,0.4166666666666667,5.152248382568359,60.9105110168457,7.205554008483887,69.69344329833984,3.514052629470825,12.212213516235352,4.47863245010376,11.400607109069824,0.5193083882331848,25.345449447631836,13.341596603393555,7.246836185455322,0.37107133865356445,27.297382354736328,4.007386684417725,10,14.852795600891113,0.18007401931175845,14.69229793548584,0.9776822834746643,0.23140956461429596,0.9990700352688575,0.3761868476867676,0.9997112504826406,0.2247685343027115,0.9998399428903461,1.6101486682891846,0.9900671814417015,0.05132696032524109,0.9959181794927895,0.425695538520813,0.9999037827297003,0.20839540660381317,0.9998841492113731,1.235335111618042,0.9875490957432391,0.039811186492443085,0.9962536830854893,0.3859444856643677,0.9999228057535445,0.0009474754333496094,1.0
mario_1_1_v27_recovery_seed1,120,64,32,48135,0,0,85.23272705078125,0.4239612817764282,0.3821180462837219,1.3815509847248109e-10,1.6110159158706665,1.791759469228055,0.812153160572052,0.32421875,0.28125,6,1.0,0.4075520833333333,5.600744247436523,69.44416809082031,7.986315727233887,72.6836929321289,3.6005377769470215,12.50241756439209,4.7403435707092285,11.654322624206543,0.5524479150772095,25.524316787719727,13.2221040725708,7.823026180267334,0.40768349170684814,27.392213821411133,3.9763431549072266,10,16.392499923706055,0.19232635738546158,16.220516204833984,0.974914454477463,0.1922568678855896,0.998835011697369,0.44538426399230957,0.9996263309274868,0.2790386378765106,0.9997792605344699,1.7504092454910278,0.9887120674533498,0.10133080184459686,0.9840188380795056,0.43433883786201477,0.999878859056097,0.3571183383464813,0.9996790017586137,1.3059992790222168,0.987885086024529,0.10718211531639099,0.966460885446966,0.4328167140483856,0.9998808251016945,0.031043529510498047,1.0
mario_1_1_v27_recovery_seed1,130,64,32,48135,0,0,88.10662841796875,0.3346606492996216,0.34321972727775574,1.3815509847248109e-10,1.6659801006317139,1.791759469228055,0.8602674007415771,0.3483072817325592,0.28515625,6,1.0,0.4231770833333333,6.860711097717285,66.3966293334961,9.695316314697266,75.78790283203125,3.6912789344787598,12.819589614868164,5.007488250732422,11.946009635925293,0.5412526726722717,25.684234619140625,13.142632484436035,8.244756698608398,0.4121251404285431,27.506967544555664,3.9677042961120605,10,16.7960205078125,0.19063288210432833,16.605295181274414,0.9758478017859151,0.18250276148319244,0.9990567725346513,0.47724515199661255,0.9996032879026421,0.28902673721313477,0.9997435946265597,2.0948309898376465,0.9845454278429338,0.08945894986391068,0.9868274880641771,0.3835716247558594,0.9999071772470485,0.3519885540008545,0.9996617612090334,1.0813308954238892,0.9923144128357609,0.061416272073984146,0.9888338369073073,0.4307210445404053,0.9998855403616843,0.008638858795166016,1.0
mario_1_1_v27_recovery_seed1,140,64,32,48135,0,0,90.90084075927734,0.3008645474910736,0.32550832629203796,1.3815509847248109e-10,1.3992679119110107,1.791759469228055,0.8801363110542297,0.3938802182674408,0.3470052182674408,6,1.0,0.4602864583333333,7.503995895385742,75.29094696044922,10.346423149108887,78.72199249267578,3.8121700286865234,12.974376678466797,5.167473316192627,12.1406831741333,0.6319428086280823,25.958877563476562,13.158127784729004,8.687501907348633,0.4460125267505646,27.746387481689453,3.9887068271636963,10,15.444297790527344,0.16990269464533087,15.291412353515625,0.9811263465601897,0.17882730066776276,0.9993830027839424,0.25394973158836365,0.9998781690831481,0.18225236237049103,0.9998527992720898,1.7999322414398193,0.9889618620529447,0.1396654099225998,0.9835082965619101,0.3963416814804077,0.9999387573957997,0.18696774542331696,0.9998997644110718,0.9959944486618042,0.9944434550235786,0.05891132354736328,0.9936832616160863,0.34948915243148804,0.9999575355589712,0.021002531051635742,1.0
mario_1_1_v27_recovery_seed1,150,64,32,48135,0,0,92.98795318603516,0.2909858226776123,0.3249271512031555,1.3815509847248109e-10,1.4956071376800537,1.791759469228055,0.8834400773048401,0.3782552182674408,0.3046875,6,1.0,0.4798177083333333,8.027600288391113,63.092403411865234,11.542306900024414,80.86441040039062,3.942518949508667,13.186805725097656,5.291851043701172,12.302807807922363,0.6960999965667725,26.18504524230957,13.188896179199219,9.01795482635498,0.4063577651977539,27.9547119140625,3.98353910446167,10,16.087980270385742,0.17301144631283077,15.889934539794922,0.980529752843676,0.19127565622329712,0.9993481445120405,0.3564774692058563,0.9997605371032374,0.17521320283412933,0.9997216277390739,2.130110263824463,0.9848992992057924,0.11606096476316452,0.9893679998699226,0.4131164848804474,0.9999120031951819,0.2585223615169525,0.9998102556053949,1.096232295036316,0.9930274109353733,0.06982377916574478,0.9908880761045064,0.379064679145813,0.9999353956520566,0.005167722702026367,1.0
mario_1_1_v27_recovery_seed1,160,64,32,48135,0,0,94.91976928710938,0.2509430944919586,0.30412188172340393,1.3815509847248109e-10,1.4152485132217407,1.791759469228055,0.8889827728271484,0.4140625,0.2545572817325592,6,1.0,0.3333333333333333,8.581890106201172,88.43915557861328,12.373040199279785,82.91580200195312,4.069764137268066,13.342843055725098,5.473344326019287,12.711864471435547,0.6887831687927246,26.374614715576172,12.85107135772705,9.430523872375488,0.42681077122688293,27.98214340209961,3.9023849964141846,10,18.138690948486328,0.1910949751007208,17.902793884277344,0.9764136474752747,0.2544475197792053,0.9984869711070681,0.31545785069465637,0.9997864023363058,0.233646959066391,0.9996262234169844,2.397991180419922,0.9821504569783522,0.09204937517642975,0.9912197072191488,0.7285558581352234,0.9996417185279245,0.5530678629875183,0.9994343609814048,1.1545206308364868,0.9931641932118837,0.05580439046025276,0.9922282586142592,0.5875148773193359,0.9997798862540175,0.08115410804748535,1.0
mario_1_1_v27_recovery_seed1,170,64,32,48135,0,0,97.40904998779297,0.2221689671278,0.2882462441921234,1.3815509847248109e-10,1.450901746749878,1.791759469228055,0.9157810211181641,0.4791666567325592,0.310546875,6,1.0,0.345703125,10.237231254577637,103.66655731201172,14.955765724182129,85.58114624023438,4.150196075439453,13.478097915649414,5.649837017059326,12.91150188446045,0.7486512660980225,26.563539505004883,12.736400604248047,9.984503746032715,0.404363751411438,27.99202537536621,3.882678270339966,10,18.91097068786621,0.19413977130704058,18.723913192749023,0.9757989379513796,0.24051304161548615,0.9984791187109503,0.3736441731452942,0.9996626432175421,0.2253200262784958,0.9996827202568437,2.238603353500366,0.9848549348642084,0.17238149046897888,0.9746623402323255,0.38818854093551636,0.9999178477110874,0.3369552493095398,0.9996932885951089,1.1763278245925903,0.9942817888929024,0.06502696126699448,0.9892093871717954,0.31363412737846375,0.9999373500374965,0.01970672607421875,1.0
mario_1_1_v27_recovery_seed1,180,64,32,48135,0,0,99.6887435913086,0.27572110295295715,0.3918721079826355,1.3815509847248109e-10,1.3740496635437012,1.791759469228055,0.8915109634399414,0.513671875,0.3209635317325592,6,1.0,0.357421875,10.267462730407715,100.4835205078125,15.2142972946167,87.8701171875,4.287497520446777,13.604629516601562,5.800075531005859,13.341819763183594,0.7945720553398132,26.845767974853516,12.697275161743164,10.485909461975098,0.38533416390419006,28.174720764160156,3.8872363567352295,10,17.70111656188965,0.1775638444643105,17.50350570678711,0.9799788481432259,0.22888489067554474,0.9990576854907683,0.3169633150100708,0.999769742442734,0.19963127374649048,0.999736331218279,2.171687602996826,0.9868483092537147,0.1048404723405838,0.9925336052891914,0.46249157190322876,0.9999059376132717,0.2751460075378418,0.9997706241100008,1.2789736986160278,0.9933886636634394,0.060124125331640244,0.9895620737910553,0.32870444655418396,0.9999527919608269,0.004558086395263672,1.0
mario_1_1_v27_recovery_seed1,190,64,32,48135,0,0,101.79306030273438,0.21967005729675293,0.2966463267803192,1.3815509847248109e-10,1.353776216506958,1.791759469228055,0.9130125045776367,0.5397135615348816,0.4075520932674408,6,1.0,0.3092447916666667,11.215707778930664,137.75888061523438,16.12981414794922,90.01074981689453,4.360305309295654,13.841293334960938,5.935115814208984,13.479520797729492,0.8416090607643127,27.101959228515625,12.555492401123047,10.954179763793945,0.30696919560432434,28.364686965942383,3.8553221225738525,10,18.986631393432617,0.18652186442735916,18.735300064086914,0.978100221907989,0.18400965631008148,0.9992362360783467,0.4328154921531677,0.9996514002333722,0.19835439324378967,0.9996934866579706,2.6088249683380127,0.9811303705506207,0.1598006784915924,0.9825607679091389,0.6341524720191956,0.9997687188222361,0.3652814030647278,0.9996444222387808,1.2306817770004272,0.9943616047929249,0.10040746629238129,0.9833430754772601,0.5722706317901611,0.9998177729285723,0.03191423416137695,1.0
mario_1_1_v27_recovery_seed1,200,64,32,48135,0,0,104.19269561767578,0.13810770213603973,0.25016075372695923,1.3815509847248109e-10,1.2778141498565674,1.791759469228055,0.9455227255821228,0.67578125,0.53125,6,1.0,0.2421875,12.984550476074219,138.240966796875,19.888399124145508,92.40019226074219,4.484186172485352,14.082228660583496,6.03861665725708,13.768844604492188,0.7759891152381897,27.457504272460938,12.471680641174316,11.479312896728516,0.3074227273464203,28.586225509643555,3.841829299926758,10,22.108356475830078,0.21218720126940938,21.791271209716797,0.971797141565215,0.2927381098270416,0.9982009735540576,0.6140953898429871,0.9991816209635298,0.18923620879650116,0.9996499280697445,3.3037586212158203,0.9708206966309262,0.1904521882534027,0.9755266451915262,0.5449047684669495,0.9998854184429063,0.3175501823425293,0.9997003553931205,1.3546874523162842,0.9937993573533053,0.10872747004032135,0.9373660294927363,0.4746813178062439,0.9998913042823704,0.013492822647094727,1.0
mario_1_1_v27_recovery_seed1,210,64,32,48135,0,0,106.08277130126953,0.11560937017202377,0.20643165707588196,1.3815509847248109e-10,1.2090184688568115,1.791759469228055,0.9577332139015198,0.6861979365348816,0.6126301884651184,6,1.0,0.2936197916666667,13.504034996032715,164.73866271972656,20.46963119506836,94.30807495117188,4.587790489196777,14.315389633178711,6.18101692199707,13.942976951599121,0.8435158729553223,27.62164878845215,12.447757720947266,11.952590942382812,0.30489951372146606,28.715791702270508,3.845299005508423,10,18.086265563964844,0.17049201620686166,17.913148880004883,0.9817987269620772,0.2146945297718048,0.9991406387476708,0.4055387079715729,0.999726906079004,0.2162313014268875,0.999645356365751,2.1123552322387695,0.9884577493251011,0.15416468679904938,0.9853283832710478,0.37021952867507935,0.9999272491930012,0.20902208983898163,0.9998611179503722,1.0778433084487915,0.9965826415450211,0.015110332518815994,0.9988159581121336,0.3826029896736145,0.9999210363950839,0.003469705581665039,1.0
mario_1_1_v27_recovery_seed1,220,64,32,48135,0,0,107.8951644897461,0.10989749431610107,0.1991634964942932,1.3815509847248109e-10,1.160780429840088,1.791759469228055,0.9573215842247009,0.673828125,0.576171875,6,1.0,0.2884114583333333,14.10329532623291,178.51365661621094,21.46160125732422,96.15198516845703,4.74908971786499,14.442525863647461,6.302813529968262,14.196929931640625,0.862517237663269,27.784194946289062,12.31132984161377,12.46650218963623,0.305591344833374,28.801122665405273,3.8010339736938477,10,17.67917251586914,0.1638550958189539,17.473648071289062,0.9833528224212749,0.243806391954422,0.9992330451190251,0.30620089173316956,0.9998123928888492,0.1848282814025879,0.999751971911431,2.311244010925293,0.9866699916015844,0.11665570735931396,0.9908957020494399,0.5140484571456909,0.9998450749624835,0.29301580786705017,0.9997805499990541,1.0295217037200928,0.9973296326194229,0.034617938101291656,0.9935715662230553,0.5185672044754028,0.9998417751762521,0.044265031814575195,1.0
mario_1_1_v27_recovery_seed1,230,64,32,48135,0,0,110.26744079589844,0.109285868704319,0.21149370074272156,1.3815509847248109e-10,1.3983838558197021,1.791759469228055,0.9572861194610596,0.7213541865348816,0.638671875,6,1.0,0.3235677083333333,15.10909652709961,197.5822296142578,23.02374839782715,98.47927856445312,4.776198863983154,14.633431434631348,6.477497577667236,14.49414348602295,0.9105173945426941,28.073322296142578,12.368463516235352,13.00075626373291,0.30684369802474976,29.087827682495117,3.824274778366089,10,17.058101654052734,0.15469753837514688,16.888975143432617,0.9852262228819972,0.13164928555488586,0.9996342144224964,0.30835509300231934,0.999861233668784,0.22495366632938385,0.9997539806684681,1.9829730987548828,0.9906600394972495,0.11706152558326721,0.992742282651,0.44506776332855225,0.9999265225616817,0.2109607607126236,0.9998645197319695,1.0520002841949463,0.9974662197944412,0.05136357247829437,0.9859407289316727,0.5293420553207397,0.9998818291908709,0.02324080467224121,1.0
mario_1_1_v27_recovery_seed1,240,64,32,48135,0,0,112.65922546386719,0.1521974503993988,0.26681360602378845,1.3815509847248109e-10,1.2858619689941406,1.791759469228055,0.9309777617454529,0.69140625,0.5911458134651184,6,1.0,0.306640625,15.52519416809082,218.97032165527344,24.15951919555664,100.98108673095703,4.867217540740967,14.788860321044922,6.631722927093506,14.763115882873535,0.9366535544395447,28.18535804748535,12.265837669372559,13.451587677001953,0.3178267776966095,29.14457893371582,3.7947981357574463,10,17.414487838745117,0.154576669305528,17.216907501220703,0.9854124640805938,0.171992689371109,0.9995418451137831,0.3124641478061676,0.9998302869356477,0.1918853521347046,0.9998481472903793,2.188347339630127,0.9889790633580134,0.14718739688396454,0.987699281604275,0.42675817012786865,0.9998928567213586,0.316517174243927,0.9997044990373588,1.1805369853973389,0.9965963670325484,0.03680989146232605,0.9936715654385804,0.4355151653289795,0.9998899894503627,0.029476642608642578,1.0
mario_1_1_v27_recovery_seed2,10,64,32,48135,0,0,38.41480255126953,1.591856837272644,0.10207444429397583,1.2423152923583984,1.7656714916229248,1.791759469228055,0.33871856331825256,0.0,0.0,4,0.6666666666666666,0.7096354166666666,0.607528030872345,1.9145042896270752,0.7175451517105103,26.197834014892578,0.9412744045257568,8.759135246276855,1.1016541719436646,8.503875732421875,0.2551777958869934,15.511940956115723,10.099503517150879,1.0462646484375,0.1492142528295517,16.96179962158203,2.593740463256836,,,,,,,,,,,,,,,,,,,,,,,,,,,
mario_1_1_v27_recovery_seed2,20,64,32,48135,0,0,47.25152587890625,1.3028223514556885,0.21098653972148895,0.5819569826126099,1.7803678512573242,1.791759469228055,0.5170509219169617,0.0,0.0,4,0.6666666666666666,0.884765625,0.8801494240760803,3.692875623703003,1.0523089170455933,32.90488052368164,1.462998390197754,9.47622013092041,1.8811955451965332,9.263398170471191,0.25322768092155457,19.161895751953125,11.76111125946045,1.6759788990020752,0.16868756711483002,21.21906852722168,3.167757749557495,10,22.27096176147461,0.47132788512585755,20.878751754760742,0.7732484503959611,0.8173742890357971,0.8562522978002839,1.226719856262207,0.9940325939750174,0.8589208126068115,0.9686211696232186,4.204659938812256,0.8914482658831057,0.16910944879055023,0.7787445640969587,3.867727756500244,0.9972459679004951,1.8150886297225952,0.9977537932318208,1.2669861316680908,0.6553458289164246,0.06505303084850311,0.9234685356125795,4.3888840675354,0.9984191490198792,0.5740172863006592,1.0
mario_1_1_v27_recovery_seed2,30,64,32,48135,0,0,53.41817092895508,1.218162178993225,0.22479645907878876,0.36504697799682617,1.7619247436523438,1.791759469228055,0.534550666809082,0.0,0.0,4,0.6666666666666666,0.6881510416666666,1.0875089168548584,6.367061614990234,1.333342432975769,38.98954772949219,1.833794116973877,9.998319625854492,2.461751699447632,9.746994018554688,0.23292326927185059,20.69502830505371,12.254966735839844,2.2268526554107666,0.18246766924858093,23.10415267944336,3.406707763671875,10,19.025732040405273,0.35616592087567084,18.541149139404297,0.8804510643634281,0.47720402479171753,0.9831830530034871,0.8192975521087646,0.997896217475358,0.6192967295646667,0.9949813565442376,2.9641222953796387,0.952640781279997,0.0885343998670578,0.9370486728184493,1.6275039911270142,0.9996238363977686,0.6272773742675781,0.9994809353580842,1.1125925779342651,0.8748175922722942,0.05883634090423584,0.9468515424086353,1.9460746049880981,0.9997617723489844,0.23895001411437988,1.0
mario_1_1_v27_recovery_seed2,40,64,32,48135,0,0,58.85700225830078,1.0247031450271606,0.29050496220588684,0.12845183908939362,1.7465085983276367,1.791759469228055,0.5928788781166077,0.0,0.0,5,0.8333333333333334,0.6393229166666666,1.6196327209472656,10.099028587341309,2.0184402465820312,44.56781005859375,2.091278314590454,10.383810997009277,2.853536367416382,10.133278846740723,0.25905805826187134,21.802989959716797,12.738181114196777,2.937690258026123,0.17034168541431427,24.402008056640625,3.6081016063690186,10,17.733539581298828,0.30129872234187416,17.4213924407959,0.9216242371653545,0.37328270077705383,0.9904768690123733,0.6549124121665955,0.9986499835170269,0.43170034885406494,0.997660512498796,2.288074254989624,0.9742526775566936,0.10883128643035889,0.9075150161413101,1.1710749864578247,0.9998405179608699,0.5261285305023193,0.9998612979423809,1.1896419525146484,0.9304505320881256,0.043038904666900635,0.9725674705747447,1.3660509586334229,0.9998389104456833,0.20139384269714355,1.0
mario_1_1_v27_recovery_seed2,50,64,32,48135,0,0,62.92454147338867,0.7690737247467041,0.3440287113189697,0.010638955980539322,1.7545833587646484,1.791759469228055,0.7019608020782471,0.009765625,0.0,6,1.0,0.5618489583333334,2.345078229904175,18.73105812072754,2.966294765472412,48.624671936035156,2.3861420154571533,10.60646915435791,3.0974245071411133,10.424223899841309,0.31535568833351135,22.65343475341797,13.25267505645752,3.661571502685547,0.1542048156261444,25.337148666381836,3.7916152477264404,10,14.932887077331543,0.23731419773073417,14.703262329101562,0.9539192706250333,0.39262712001800537,0.9932655331773017,0.3781428039073944,0.999575842928187,0.2797616124153137,0.9989373063624155,1.6888620853424072,0.9868997087179001,0.09451130777597427,0.9647290577497897,0.905540406703949,0.9999020669617303,0.5434852838516235,0.9999092507966316,1.200342059135437,0.9573833809406694,0.030509687960147858,0.9872382166235613,0.9888892769813538,0.9999163857725506,0.18351364135742188,1.0
mario_1_1_v27_recovery_seed2,60,64,32,48135,0,0,66.3843765258789,0.6759037375450134,0.3675878047943115,0.0008685440989211202,1.666675090789795,1.791759469228055,0.7351221442222595,0.0813802108168602,0.0052083334885537624,6,1.0,0.51953125,2.680828094482422,25.04840660095215,3.452207565307617,52.38421630859375,2.6180546283721924,10.792844772338867,3.3050737380981445,10.675827026367188,0.33753636479377747,23.07013702392578,13.534967422485352,4.36170768737793,0.16307333111763,25.784687042236328,3.8861818313598633,10,12.384986877441406,0.18656478414937458,12.226691246032715,0.9734299838716619,0.2876874804496765,0.9976804085546356,0.2849888205528259,0.9997968586807557,0.23690462112426758,0.9993647584298065,1.2185695171356201,0.9936130583080939,0.05575217679142952,0.9877103656176378,0.46351417899131775,0.9999605258747636,0.34202077984809875,0.9998959634941601,1.2614063024520874,0.965532017500017,0.034216225147247314,0.9782854418730882,0.504721462726593,0.9999583327027184,0.09456658363342285,1.0
mario_1_1_v27_recovery_seed2,70,64,32,48135,0,0,69.6270980834961,0.6245734095573425,0.33451297879219055,0.00016987138951662928,1.6131503582000732,1.791759469228055,0.7602789998054504,0.0774739608168602,0.02213541604578495,6,1.0,0.51171875,3.2323904037475586,31.10063362121582,4.088660717010498,56.04775619506836,2.7731399536132812,11.020299911499023,3.546288251876831,10.914520263671875,0.3749668002128601,23.27557945251465,13.662881851196289,5.1419806480407715,0.12421244382858276,25.985431671142578,3.9341979026794434,10,12.50460433959961,0.17959393230210768,12.36152458190918,0.9762632059444223,0.22065429389476776,0.9983032758191518,0.3189471364021301,0.9997897336930397,0.27433350682258606,0.9992716896888721,1.2779302597045898,0.9932368911607697,0.06909839063882828,0.9866725989562294,0.2850680649280548,0.9999635133153666,0.26609963178634644,0.9998527974345828,1.2052934169769287,0.9811861665916154,0.05369114130735397,0.9661190232462162,0.2903319001197815,0.9999671151815815,0.04801607131958008,1.0
mario_1_1_v27_recovery_seed2,80,64,32,48135,0,0,72.65393829345703,0.4215540885925293,0.3463940918445587,0.00011948574683628976,1.6131726503372192,1.791759469228055,0.8591737151145935,0.1614583283662796,0.0579427070915699,6,1.0,0.439453125,3.2357661724090576,25.940690994262695,4.180899143218994,59.362239837646484,2.9202780723571777,11.237634658813477,3.7746832370758057,11.162725448608398,0.40702325105667114,23.499563217163086,13.83616828918457,5.890379428863525,0.1517341285943985,26.202241897583008,3.99272084236145,10,12.53934383392334,0.17259000858667273,12.407843589782715,0.9785148612569008,0.1921507567167282,0.9990570820416347,0.3008418679237366,0.9998252858879789,0.2470085620880127,0.9996695011861695,1.1518291234970093,0.9948082131039125,0.05097769945859909,0.9948528480637255,0.30391180515289307,0.9999613903491495,0.22069315612316132,0.999950601547237,1.2362741231918335,0.9840156793410274,0.06957103312015533,0.8916903006547678,0.2918497323989868,0.9999719420460721,0.058522939682006836,1.0
mario_1_1_v27_recovery_seed2,90,64,32,48135,0,0,75.45305633544922,0.4054454565048218,0.3655332326889038,2.8829131224483717e-06,1.5514812469482422,1.791759469228055,0.8617232441902161,0.20703125,0.0944010391831398,6,1.0,0.421875,3.6299009323120117,36.904537200927734,4.7458953857421875,62.616188049316406,3.0745291709899902,11.402267456054688,3.9530229568481445,11.375933647155762,0.4331147372722626,23.49343490600586,13.86720085144043,6.676616668701172,0.15792196989059448,26.130552291870117,4.0048675537109375,10,11.335200309753418,0.1502285110805768,11.20704174041748,0.984529573233049,0.1919025331735611,0.9992741076404685,0.23597516119480133,0.9998885372466604,0.1943998634815216,0.9997993766166832,1.0479185581207275,0.995855113727679,0.05744140222668648,0.9925724011687784,0.20395512878894806,0.9999624117006627,0.19811004400253296,0.9999001934259358,1.2376643419265747,0.9883843598186846,0.0426354706287384,0.9628686759609697,0.20651981234550476,0.9999725435919508,0.012146711349487305,1.0
mario_1_1_v27_recovery_seed2,100,64,32,48135,0,0,78.08907318115234,0.34059301018714905,0.32512256503105164,9.002703791338718e-07,1.6002953052520752,1.791759469228055,0.8846589922904968,0.1764322966337204,0.0670572891831398,6,1.0,0.4772135416666667,4.141624927520752,38.453155517578125,5.491126537322998,65.48908233642578,3.227334499359131,11.581374168395996,4.13707160949707,11.573053359985352,0.4745483994483948,23.639694213867188,13.958574295043945,7.289876937866211,0.1632503867149353,26.27039909362793,4.0354905128479,10,10.998197555541992,0.1408416966356892,10.891806602478027,0.9865424509530987,0.19285596907138824,0.9993025154137174,0.26674434542655945,0.9998520964063355,0.20526768267154694,0.9997473809138933,1.0066169500350952,0.9962994148766326,0.0665157288312912,0.9934131782978896,0.25946733355522156,0.9999586781718651,0.17008787393569946,0.9999468687441198,0.9945654273033142,0.9937020132772182,0.024356652051210403,0.9890451351183811,0.271685928106308,0.9999605226691903,0.03062295913696289,1.0
mario_1_1_v27_recovery_seed2,110,64,32,48135,0,0,80.68224334716797,0.3393343985080719,0.3534441590309143,6.068686531079948e-08,1.654105305671692,1.791759469228055,0.876777172088623,0.2395833283662796,0.08203125,6,1.0,0.482421875,4.8986382484436035,46.53278350830078,6.5227580070495605,68.29662322998047,3.3602070808410645,11.757054328918457,4.321990489959717,11.793434143066406,0.5293784737586975,23.768033981323242,14.064393997192383,7.875149726867676,0.17929761111736298,26.38724708557129,4.07004451751709,10,10.716194152832031,0.1328197346561284,10.590576171875,0.9883440656196933,0.18790848553180695,0.9991861085302949,0.2665477693080902,0.99985252535757,0.19950458407402039,0.9998430844791135,1.0987255573272705,0.9957556103586584,0.07849551737308502,0.9937201342918832,0.20005320012569427,0.999978926015432,0.17209096252918243,0.9999531321227223,1.0926711559295654,0.9925849491185391,0.04154748469591141,0.9749119105759426,0.2247372716665268,0.9999735856107086,0.03455400466918945,1.0
mario_1_1_v27_recovery_seed2,120,64,32,48135,0,0,83.19295501708984,0.34183475375175476,0.3226258456707001,6.704812260949211e-10,1.748776912689209,1.791759469228055,0.8762189745903015,0.201171875,0.095703125,6,1.0,0.4635416666666667,5.3070173263549805,54.16040802001953,7.084814071655273,70.98452758789062,3.4820477962493896,11.923788070678711,4.491512298583984,11.961037635803223,0.5733908414840698,23.913660049438477,14.119711875915527,8.514505386352539,0.19322340190410614,26.530391693115234,4.094844818115234,10,11.539667129516602,0.1387096675090586,11.404109954833984,0.9873327967749288,0.15752626955509186,0.9995740400822903,0.22976146638393402,0.9999107473472915,0.18969959020614624,0.9998133159199664,1.1230239868164062,0.9956292416562281,0.06102693825960159,0.9970560045430902,0.35543105006217957,0.9999074347406868,0.15678313374519348,0.9999458295641339,1.1732851266860962,0.9927831775341512,0.057353001087903976,0.9553257587707965,0.4475278854370117,0.9998715763389736,0.02480030059814453,1.0
mario_1_1_v27_recovery_seed2,130,64,32,48135,0,0,85.61912536621094,0.39506295323371887,0.3344466984272003,1.909278735112707e-09,1.707986831665039,1.791759469228055,0.8392760157585144,0.2356770783662796,0.138671875,6,1.0,0.396484375,5.831780433654785,43.136474609375,7.6937079429626465,73.57772827148438,3.614177703857422,12.071418762207031,4.615869998931885,12.141715049743652,0.6056520938873291,24.054485321044922,14.16929817199707,9.054488182067871,0.19562770426273346,26.658994674682617,4.119366645812988,10,11.908843040466309,0.13909092144459187,11.798101425170898,0.9873185135379848,0.17438219487667084,0.9994854523199962,0.20943871140480042,0.9999232486432289,0.152849942445755,0.9998096537123552,1.1429030895233154,0.995615189915977,0.05740693584084511,0.99675360785567,0.32969096302986145,0.9999227551866762,0.14324910938739777,0.9999549252445477,0.9664875864982605,0.9958328257427638,0.013396530412137508,0.9977026299865377,0.3926626145839691,0.9999025713735883,0.024521827697753906,1.0
mario_1_1_v27_recovery_seed2,140,64,32,48135,0,0,87.94393157958984,0.40096786618232727,0.3409985303878784,1.62302393746927e-10,1.5174915790557861,1.791759469228055,0.8344998955726624,0.251953125,0.1627604216337204,6,1.0,0.359375,5.965704917907715,48.33810806274414,7.93693208694458,76.03932189941406,3.7186172008514404,12.220359802246094,4.754427433013916,12.32701301574707,0.6397064924240112,24.194265365600586,14.221909523010254,9.598456382751465,0.19401341676712036,26.777645111083984,4.145965099334717,10,10.981939315795898,0.12487432752374927,10.873424530029297,0.9899758704545026,0.1515699177980423,0.9995511826355293,0.1935533881187439,0.999948177840824,0.1595418006181717,0.999857464802932,1.0450265407562256,0.9964663522021555,0.05275026708841324,0.9979055122895099,0.29584166407585144,0.9999416895556136,0.1326541155576706,0.9999631998084573,0.9899709820747375,0.9960639436007195,0.035942766815423965,0.9830155278021685,0.32208991050720215,0.9999370723204907,0.026598453521728516,1.0
mario_1_1_v27_recovery_seed2,150,64,32,48135,0,0,90.37996673583984,0.4145384132862091,0.349101185798645,1.3815509847248109e-10,1.5936720371246338,1.791759469228055,0.8269020915031433,0.2747395932674408,0.1731770783662796,6,1.0,0.3717447916666667,6.337214469909668,53.40094757080078,8.75975513458252,78.55290985107422,3.8371500968933105,12.402922630310059,4.937465190887451,12.520997047424316,0.6774759292602539,24.38945770263672,14.303559303283691,10.210556030273438,0.22150549292564392,26.95574188232422,4.178197860717773,10,11.185785293579102,0.12376398993675906,11.063292503356934,0.9902839295478622,0.15098492801189423,0.9996934905438558,0.270523339509964,0.9998685213545079,0.20009785890579224,0.999860736070804,1.1088588237762451,0.9961387022290695,0.05442441627383232,0.9982284433386217,0.32390427589416504,0.9999434213219696,0.14525167644023895,0.9999645953708447,1.0565741062164307,0.9962161913474044,0.05002022534608841,0.9796834680649069,0.3331487476825714,0.9999451216439221,0.03223276138305664,1.0
mario_1_1_v27_recovery_seed2,160,64,32,48135,0,0,92.74073791503906,0.3745434284210205,0.34738072752952576,1.3815509847248109e-10,1.6742746829986572,1.791759469228055,0.8479816317558289,0.322265625,0.2434895783662796,6,1.0,0.3684895833333333,6.504496097564697,59.09244918823242,9.050844192504883,81.05828857421875,3.9362072944641113,12.524428367614746,5.070313453674316,12.712172508239746,0.6937468647956848,24.515676498413086,14.35637378692627,10.67467212677002,0.2344525158405304,27.04639434814453,4.197536468505859,10,10.943927764892578,0.11800561447891914,10.842385292053223,0.9912626658677114,0.14748309552669525,0.9996047987621279,0.21073228120803833,0.9999044235398633,0.1489235758781433,0.9999095638754081,1.0764141082763672,0.9964752249574933,0.050469815731048584,0.9975717917455377,0.2910630404949188,0.9999425298385487,0.15761698782444,0.9999462758580872,0.8797154426574707,0.9974380702481138,0.0179184228181839,0.9985225812791909,0.2804082930088043,0.9999516946512584,0.019338607788085938,1.0
mario_1_1_v27_recovery_seed2,170,64,32,48135,0,0,94.90396881103516,0.3473576307296753,0.32524463534355164,1.3815509847248109e-10,1.5411622524261475,1.791759469228055,0.860809862613678,0.3033854067325592,0.2063802033662796,6,1.0,0.3776041666666667,7.116413593292236,55.94145584106445,9.447689056396484,83.32545471191406,4.043603420257568,12.67253589630127,5.2165656089782715,12.925674438476562,0.7087465524673462,24.622756958007812,14.40805435180664,11.174485206604004,0.23140643537044525,27.11663246154785,4.218021869659424,10,11.742989540100098,0.12373549480824934,11.625350952148438,0.9903766743007842,0.15063077211380005,0.9996496025463493,0.22792883217334747,0.9999054955718956,0.16388583183288574,0.9998966627773987,1.199134111404419,0.9957632686545307,0.04960719868540764,0.9977262040287296,0.26197564601898193,0.9999526799335416,0.1625732034444809,0.9999426820041853,1.0269914865493774,0.9966260495505279,0.02586398646235466,0.993920548346091,0.23738056421279907,0.9999650470175868,0.020485401153564453,1.0
mario_1_1_v27_recovery_seed2,180,64,32,48135,0,0,97.36882019042969,0.2940181493759155,0.3269945979118347,1.3815509847248109e-10,1.4498820304870605,1.791759469228055,0.8811249136924744,0.439453125,0.361328125,6,1.0,0.4524739583333333,7.52899694442749,73.64678192138672,10.25257396697998,85.86231231689453,4.153252124786377,12.881815910339355,5.402945518493652,13.30953311920166,0.6658341288566589,24.922273635864258,14.144770622253418,11.474952697753906,0.2489713579416275,27.354198455810547,4.147478103637695,10,20.238265991210938,0.20785160949500897,19.863113403320312,0.9728772302841662,0.25650134682655334,0.9983991953614259,0.49598637223243713,0.9993807509542043,0.2651987373828888,0.9993685441318355,3.412647008895874,0.9665797918943567,0.18849320709705353,0.9643063133987719,0.6555296778678894,0.9997228998048064,0.534736156463623,0.9994685593083095,1.3638781309127808,0.9930985603079873,0.07905180007219315,0.948443913255844,0.6271059513092041,0.999772975866734,0.07054376602172852,1.0
mario_1_1_v27_recovery_seed2,190,64,32,48135,0,0,100.4343032836914,0.21971909701824188,0.278942346572876,1.3815509847248109e-10,1.440051555633545,1.791759469228055,0.9097350239753723,0.5078125,0.3463541567325592,6,1.0,0.3743489583333333,9.911922454833984,102.75247192382812,13.580269813537598,89.11883544921875,4.265646934509277,13.042379379272461,5.657034397125244,13.621740341186523,0.6262633800506592,25.212095260620117,13.748327255249023,11.963383674621582,0.30808791518211365,27.468399047851562,4.029951572418213,10,22.959041595458984,0.22859760903212328,22.642934799194336,0.9671929231675548,0.25617140531539917,0.9985044862720324,0.47277599573135376,0.9994115709366721,0.3123108446598053,0.9994603948072844,3.133366823196411,0.9731917689283238,0.14182186126708984,0.9777599419087493,0.7208309769630432,0.9996535132849534,0.6093705892562866,0.9994494132213799,1.6659529209136963,0.9907602025357202,0.10229240357875824,0.9545729166464306,0.7068275809288025,0.9996761313166882,0.11752653121948242,1.0
mario_1_1_v27_recovery_seed2,200,64,32,48135,0,0,102.83678436279297,0.130237877368927,0.24269992113113403,1.3815509847248109e-10,1.3358442783355713,1.791759469228055,0.949511706829071,0.69140625,0.5703125,6,1.0,0.404296875,11.637544631958008,100.109130859375,16.08516502380371,91.64598846435547,4.3398661613464355,13.230668067932129,5.8641180992126465,13.890913963317871,0.6344800591468811,25.406143188476562,13.351831436157227,12.25694465637207,0.3095136284828186,27.668418884277344,3.894439697265625,10,22.810239791870117,0.2218101230333979,22.50218391418457,0.969394866992507,0.277628093957901,0.9980669282560647,0.5001664161682129,0.9993780093682365,0.31046804785728455,0.9991934444304026,3.0767552852630615,0.9751766423918031,0.14882493019104004,0.972214313636605,0.8475207090377808,0.9994686812565878,0.701196014881134,0.9990890379570843,1.411366581916809,0.9935015574139052,0.05258853733539581,0.9855095711229032,0.9073597192764282,0.9994846593190131,0.1355118751525879,1.0
mario_1_1_v27_recovery_seed2,210,64,32,48135,0,0,105.13709259033203,0.14640027284622192,0.24833816289901733,1.3815509847248109e-10,1.3789315223693848,1.791759469228055,0.9414319396018982,0.6432291865348816,0.525390625,6,1.0,0.3834635416666667,11.911787986755371,94.47933959960938,16.2551326751709,94.08124542236328,4.432737350463867,13.387321472167969,5.999185085296631,14.182232856750488,0.6122072339057922,25.38556480407715,13.485507011413574,12.843644142150879,0.31281089782714844,27.555164337158203,3.940014600753784,10,22.151071548461914,0.21068750336072004,21.915348052978516,0.9724931224594667,0.22308088839054108,0.9989308925069574,0.42533984780311584,0.9995587505317478,0.21185186505317688,0.9996213488136464,2.873863935470581,0.9792534443468006,0.14797405898571014,0.9724532437478411,0.3427882790565491,0.9999092444682421,0.27641138434410095,0.9998374598861507,1.2073019742965698,0.9964637729370603,0.036576349288225174,0.9931472894894273,0.4196127653121948,0.9998928853625206,0.04557490348815918,1.0
mario_1_1_v27_recovery_seed2,220,64,32,48135,0,0,107.17839050292969,0.17613637447357178,0.28030478954315186,1.3815509847248109e-10,1.2048969268798828,1.791759469228055,0.9305304884910583,0.623046875,0.5266926884651184,6,1.0,0.349609375,11.417496681213379,112.52019500732422,16.700551986694336,96.16458892822266,4.53515625,13.593707084655762,6.180891990661621,14.507417678833008,0.6773912310600281,25.484464645385742,13.419096946716309,13.280213356018066,0.38635489344596863,27.634990692138672,3.9186553955078125,10,17.64217758178711,0.16460573347856783,17.440006256103516,0.9834313409184106,0.21334382891654968,0.9991289244888254,0.45808303356170654,0.9995406012798937,0.2361503690481186,0.9996932219330474,2.180532693862915,0.9887021332817358,0.13494767248630524,0.9831664061712302,0.39426302909851074,0.9998874467140856,0.23377472162246704,0.9998612939562194,1.2757915258407593,0.9957874387146093,0.09179488569498062,0.9875157673490467,0.4024801552295685,0.9998977252525169,0.02135920524597168,1.0
mario_1_1_v27_recovery_seed2,230,64,32,48135,0,0,109.14106750488281,0.16174882650375366,0.26836180686950684,1.3815509847248109e-10,1.3657420873641968,1.791759469228055,0.9331676959991455,0.6321614384651184,0.5169270634651184,6,1.0,0.3229166666666667,13.753495216369629,141.92935180664062,20.78519058227539,98.13532257080078,4.668874740600586,13.730790138244629,6.356524467468262,14.714888572692871,0.6745266914367676,25.597183227539062,13.561285972595215,13.907417297363281,0.3743882179260254,27.65941047668457,3.973360776901245,10,19.4697265625,0.1783904721440346,19.231868743896484,0.9806101928115241,0.24909178912639618,0.9989570603984357,0.4173913300037384,0.9995836483425068,0.23923678696155548,0.999664154313083,2.5833210945129395,0.9844699541825408,0.15690621733665466,0.9730681127394069,0.34287211298942566,0.9999196278592108,0.28652235865592957,0.9998300388512572,1.3680131435394287,0.9959986189770368,0.06855922192335129,0.9842472661955808,0.36748114228248596,0.9999120047130978,0.05470538139343262,1.0
mario_1_1_v27_recovery_seed2,240,64,32,48135,0,0,111.08221435546875,0.12612983584403992,0.25569644570350647,1.3815509847248109e-10,1.2630075216293335,1.791759469228055,0.950279176235199,0.7272135615348816,0.6328125,6,1.0,0.3658854166666667,13.3226318359375,131.63253784179688,19.171175003051758,100.07988739013672,4.699727535247803,13.904645919799805,6.467022895812988,14.910091400146484,0.6959930062294006,25.76953887939453,13.555152893066406,14.46351146697998,0.41909027099609375,27.750396728515625,3.9952738285064697,10,18.793485641479492,0.1691853709482184,18.598173141479492,0.9825831242353028,0.18273966014385223,0.999260789012112,0.3838503956794739,0.9996933405017755,0.18102997541427612,0.9997499109144631,2.2968361377716064,0.9880643622266949,0.12615960836410522,0.9835392879678734,0.3980439007282257,0.9999023811504386,0.26534536480903625,0.9998086688373,1.197874903678894,0.9972019117361923,0.06928111612796783,0.9910721696832893,0.35931986570358276,0.9999211972107789,0.02191305160522461,1.0
mario_1_1_v27_recovery_seed3,10,64,32,48135,0,0,39.63634490966797,1.6209486722946167,0.08856651186943054,1.262017846107483,1.7726294994354248,1.791759469228055,0.3227889835834503,0.0,0.0,3,0.5,0.9153645833333334,0.5511113405227661,2.0604653358459473,0.7384087443351746,28.169649124145508,0.9834173321723938,8.952543258666992,1.1181704998016357,8.397537231445312,0.14772066473960876,16.05182456970215,10.636911392211914,0.9616454243659973,0.08687470853328705,15.736757278442383,2.285172462463379,,,,,,,,,,,,,,,,,,,,,,,,,,,
mario_1_1_v27_recovery_seed3,20,64,32,48135,0,0,47.65523910522461,1.39126718044281,0.23803278803825378,0.5427548885345459,1.7842544317245483,1.791759469228055,0.43809637427330017,0.0,0.0,4,0.6666666666666666,0.7513020833333334,0.9000542759895325,4.488420486450195,1.1253994703292847,34.52459716796875,1.5499393939971924,9.574119567871094,1.7461975812911987,8.86485767364502,0.21471664309501648,19.52054786682129,12.046360969543457,1.4976112842559814,0.08640991151332855,19.174985885620117,2.689039468765259,10,21.987794876098633,0.4613930239138814,20.91582489013672,0.7958521895370897,0.8215987682342529,0.8838512121126565,1.1279330253601074,0.9948323642681167,0.6915122866630554,0.9785483347485474,3.675008773803711,0.9107551210677365,0.13131289184093475,0.7989378171371108,3.704615354537964,0.9972997424212365,1.4834225177764893,0.9991649921655497,1.04555082321167,0.7202008438022255,0.043181855231523514,0.8758161424549031,3.5861072540283203,0.9982787902643385,0.4038670063018799,1.0
mario_1_1_v27_recovery_seed3,30,64,32,48135,0,0,54.273902893066406,1.1899199485778809,0.27584967017173767,0.3235941529273987,1.7227637767791748,1.791759469228055,0.5263609290122986,0.0,0.0,4,0.6666666666666666,0.71484375,1.2254254817962646,6.744450092315674,1.4731684923171997,40.480712890625,2.0166382789611816,10.018876075744629,2.2871038913726807,9.3203706741333,0.2314525693655014,21.617616653442383,12.867356300354004,1.9456785917282104,0.12265275418758392,21.556583404541016,2.998887538909912,10,21.07903289794922,0.38838247802964077,20.53632354736328,0.8618099362231284,0.6686418056488037,0.9633240218648393,0.7942582964897156,0.9977427243424193,0.5893245339393616,0.993148981489994,2.9140095710754395,0.9498692526017204,0.08622816950082779,0.9280113184343363,2.2122581005096436,0.9994116878779643,0.912501335144043,0.999488305043434,0.9408953189849854,0.8825410498756429,0.06490252166986465,0.8632439832828938,2.4389748573303223,0.9996654007217658,0.3098480701446533,1.0
mario_1_1_v27_recovery_seed3,40,64,32,48135,0,0,59.17161560058594,0.8979229927062988,0.2764265835285187,0.03793516382575035,1.6701427698135376,1.791759469228055,0.5926411151885986,0.0013020833721384406,0.0,4,0.6666666666666666,0.6223958333333334,2.17339825630188,8.134177207946777,2.605494976043701,45.005767822265625,2.391314744949341,10.401556015014648,2.6884477138519287,9.547035217285156,0.2361033409833908,22.986371994018555,13.547712326049805,2.635286331176758,0.1664714813232422,23.111677169799805,3.2223637104034424,10,16.685314178466797,0.28198172399236593,16.299240112304688,0.9327103089283466,0.47897112369537354,0.9907691236753512,0.6037195324897766,0.9989538966307258,0.4391076862812042,0.997419131294173,2.2984185218811035,0.9706042259833352,0.06595642864704132,0.9603944176879334,1.462618350982666,0.9997325392995269,0.7280488610267639,0.9998073429893506,1.1625103950500488,0.9145895370399647,0.08843458443880081,0.8555064664707765,1.6068910360336304,0.9998355926682171,0.22347617149353027,1.0
mario_1_1_v27_recovery_seed3,50,64,32,48135,0,0,63.101375579833984,0.9556681513786316,0.35393109917640686,0.0032224010210484266,1.6933108568191528,1.791759469228055,0.5905430912971497,0.010416666977107525,0.001953125,4,0.6666666666666666,0.3756510416666667,1.8906491994857788,16.59052276611328,2.399465322494507,49.179283142089844,2.648287534713745,10.681636810302734,2.9849777221679688,9.801502227783203,0.25770241022109985,23.649967193603516,13.820533752441406,3.296757221221924,0.20647479593753815,23.76591682434082,3.3115501403808594,10,14.47543716430664,0.2293997085054469,14.297530174255371,0.9577575806978401,0.34462693333625793,0.9958366937024693,0.4093943238258362,0.9995987732886424,0.33071368932724,0.9986640168836322,1.556465744972229,0.9874013257127948,0.062428440898656845,0.9718068445607041,0.7351477742195129,0.9999078230705942,0.353473037481308,0.9998651262976093,1.0614513158798218,0.9603394013319322,0.04666372388601303,0.9916030722983755,0.7032570838928223,0.9999394393506209,0.08918642997741699,1.0
mario_1_1_v27_recovery_seed3,60,64,32,48135,0,0,66.37960052490234,0.7564844489097595,0.34883376955986023,0.000508905912283808,1.5600244998931885,1.791759469228055,0.6661881804466248,0.01888020895421505,0.0071614584885537624,4,0.6666666666666666,0.4290364583333333,2.779426097869873,21.81187629699707,3.473206043243408,52.75347900390625,2.862147331237793,10.911516189575195,3.231487512588501,10.005070686340332,0.27643099427223206,24.06116485595703,14.013314247131348,3.9692113399505615,0.2612456679344177,24.143680572509766,3.375586986541748,10,12.368776321411133,0.18633399754749924,12.227249145507812,0.9736493599582857,0.26824459433555603,0.9982704421309301,0.3408779203891754,0.9997282156177046,0.27308404445648193,0.999284194399355,1.2605783939361572,0.9921091770912276,0.0651979148387909,0.9726265128891498,0.5091864466667175,0.9999207357609142,0.274241179227829,0.9999018314346462,1.0391160249710083,0.9760204105058395,0.06564091145992279,0.9878673293193132,0.4497922956943512,0.9999480910979957,0.06403684616088867,1.0
mario_1_1_v27_recovery_seed3,70,64,32,48135,0,0,69.45989227294922,0.6314229965209961,0.393183171749115,1.1002694009221159e-06,1.6335217952728271,1.791759469228055,0.7523106932640076,0.0625,0.03059895895421505,5,0.8333333333333334,0.439453125,2.9048168659210205,25.87411880493164,3.832531690597534,56.053688049316406,3.0581934452056885,11.124053001403809,3.462249517440796,10.208559036254883,0.2936187982559204,24.443904876708984,14.20528507232666,4.613282680511475,0.26341691613197327,24.511730194091797,3.4355525970458984,10,12.234106063842773,0.17613194699133272,12.099684715270996,0.9770869064132603,0.23801696300506592,0.9989592714725982,0.31159353256225586,0.9997861662647175,0.2548896372318268,0.9994762905104505,1.2204869985580444,0.9929108433508148,0.042247939854860306,0.9908245284232988,0.4836282730102539,0.9999258008578044,0.24775467813014984,0.9999383709746914,1.0291106700897217,0.9824084425809353,0.022828537970781326,0.9962477797080637,0.4498641788959503,0.9999433793377074,0.05996561050415039,1.0
mario_1_1_v27_recovery_seed3,80,64,32,48135,0,0,72.5389175415039,0.6082148551940918,0.3921344578266144,8.398852457958128e-08,1.7405855655670166,1.791759469228055,0.7690528035163879,0.076171875,0.0455729179084301,5,0.8333333333333334,0.45703125,3.345806360244751,32.678348541259766,4.60399055480957,59.43757247924805,3.2091004848480225,11.343061447143555,3.6677968502044678,10.470687866210938,0.30379465222358704,24.722299575805664,14.281707763671875,5.23896598815918,0.27376410365104675,24.74317741394043,3.4669177532196045,10,12.244987487792969,0.16880576527471436,12.114870071411133,0.9796929247624119,0.19414234161376953,0.9992400962531789,0.3279915153980255,0.9997638276892625,0.22413216531276703,0.9996856339207758,1.2800236940383911,0.992657509591646,0.03610861301422119,0.9932719115798044,0.39014333486557007,0.9999382891053405,0.16868974268436432,0.9999441171196866,1.0256155729293823,0.9863376093049655,0.03369487076997757,0.9928705371118267,0.3157821297645569,0.9999618591980469,0.031365156173706055,1.0
mario_1_1_v27_recovery_seed3,90,64,32,48135,0,0,75.40681457519531,0.4665639400482178,0.39093318581581116,3.834581097095224e-09,1.7129719257354736,1.791759469228055,0.8272585272789001,0.171875,0.09375,6,1.0,0.3333333333333333,4.052730560302734,37.157772064208984,5.498300075531006,62.622554779052734,3.3592171669006348,11.534844398498535,3.888892412185669,10.676177978515625,0.3336438536643982,24.923669815063477,14.293477058410645,5.816263675689697,0.26205316185951233,24.89006996154785,3.4850316047668457,10,12.805533409118652,0.1698193125019097,12.694937705993652,0.9797146831056703,0.21383638679981232,0.9989243362228251,0.2643741965293884,0.9998735824676143,0.2411445528268814,0.9996752590957039,1.2659245729446411,0.993021222298237,0.06550576537847519,0.9832278316320455,0.34989187121391296,0.9999337317747522,0.1515549272298813,0.9999440881810113,0.9008909463882446,0.9921511361513821,0.039328012615442276,0.9901761160176469,0.28401049971580505,0.9999520328602657,0.01811385154724121,1.0
mario_1_1_v27_recovery_seed3,100,64,32,48135,0,0,78.36825561523438,0.3084198832511902,0.32908254861831665,1.3815509847248109e-10,1.4841524362564087,1.791759469228055,0.884469211101532,0.3704427182674408,0.2044270783662796,5,0.8333333333333334,0.3600260416666667,4.298398971557617,47.23003005981445,6.0896148681640625,65.91897583007812,3.5107076168060303,11.730576515197754,4.132699012756348,10.883119583129883,0.3569045662879944,25.12179183959961,14.237587928771973,6.314606666564941,0.2674981355667114,24.994266510009766,3.495648145675659,10,14.97165584564209,0.19104235162702382,14.834388732910156,0.974663048099081,0.22585278749465942,0.998810376467207,0.34131860733032227,0.9997109735657529,0.2657720148563385,0.9996517986014504,1.6419283151626587,0.9885829079682863,0.061301447451114655,0.9864929893699459,0.3330705463886261,0.9999427789858312,0.20683728158473969,0.9999026009081584,0.9684406518936157,0.9906129828065848,0.036880750209093094,0.990509425898494,0.24593809247016907,0.9999600692068341,0.010616540908813477,1.0
mario_1_1_v27_recovery_seed3,110,64,32,48135,0,0,81.4817123413086,0.305679053068161,0.32101327180862427,1.3815509847248109e-10,1.4875214099884033,1.791759469228055,0.8766093254089355,0.365234375,0.1790364533662796,6,1.0,0.3997395833333333,5.480784893035889,65.16529846191406,7.655048370361328,69.24172973632812,3.6672065258026123,11.986039161682129,4.420279026031494,11.083168029785156,0.36116620898246765,25.477264404296875,14.138630867004395,6.939297199249268,0.25530144572257996,25.21424102783203,3.5022995471954346,10,17.378192901611328,0.21327721770031025,17.197065353393555,0.9688139724357965,0.25972780585289,0.998331318624216,0.40936875343322754,0.9996360111510382,0.32510989904403687,0.9993706099706114,1.9996960163116455,0.9835898951993923,0.11698073893785477,0.9469894541999972,0.5060723423957825,0.9998986298919182,0.33157533407211304,0.9997512961442867,1.1678379774093628,0.9888906203343469,0.040643371641635895,0.9889949756090004,0.4217442274093628,0.9998973403897288,0.006651401519775391,1.0
mario_1_1_v27_recovery_seed3,120,64,32,48135,0,0,84.75738525390625,0.2677017152309418,0.3199898302555084,1.3815509847248109e-10,1.3354018926620483,1.791759469228055,0.89382404088974,0.3860677182674408,0.2643229067325592,5,0.8333333333333334,0.3815104166666667,6.087186336517334,58.913448333740234,8.578390121459961,72.86091613769531,3.845552921295166,12.118846893310547,4.537694454193115,11.323698043823242,0.4171982407569885,25.826562881469727,13.776812553405762,7.342453956604004,0.24689802527427673,25.337648391723633,3.4167888164520264,10,21.465255737304688,0.253255284751902,21.183698654174805,0.9568256184166922,0.28535380959510803,0.9982407411352187,0.48747989535331726,0.9992427171799204,0.18167980015277863,0.9995208301021776,2.958320140838623,0.9653638934368852,0.1308247447013855,0.9536244849222539,0.6495615243911743,0.9997720887256643,0.5292342901229858,0.9996171696925301,1.3462715148925781,0.9838089301321846,0.09499251842498779,0.9289824369462529,0.597000002861023,0.9997330719208761,0.0855107307434082,1.0
mario_1_1_v27_recovery_seed3,130,64,32,48135,0,0,87.41575622558594,0.1939699649810791,0.3095056712627411,1.3815509847248109e-10,1.5182619094848633,1.791759469228055,0.9295967221260071,0.5983073115348816,0.408203125,6,1.0,0.4498697916666667,6.666770935058594,65.40703582763672,9.715681076049805,75.92799377441406,3.9927072525024414,12.499914169311523,4.797520637512207,11.613895416259766,0.5092250108718872,25.959552764892578,12.86889362335205,7.595011234283447,0.31827375292778015,25.276931762695312,3.1456267833709717,10,23.232812881469727,0.26577374474133597,22.85055160522461,0.9536602714707997,0.39361751079559326,0.995659816629939,0.5943407416343689,0.9993133347925515,0.3587276041507721,0.9985950073697278,3.20395565032959,0.9612921123694219,0.1530790627002716,0.9647812683745794,1.207991600036621,0.9989249483002913,1.2398018836975098,0.9979899354765415,1.4629302024841309,0.981383127177686,0.17109942436218262,0.84614304467106,1.2047600746154785,0.9988697511089019,0.2711620330810547,1.0
mario_1_1_v27_recovery_seed3,140,64,32,48135,0,0,90.48687744140625,0.22895246744155884,0.3292170763015747,1.3815509847248109e-10,1.3573510646820068,1.791759469228055,0.9098129868507385,0.556640625,0.3782552182674408,6,1.0,0.4029947916666667,7.710295677185059,92.45010375976562,11.607239723205566,79.17455291748047,4.0479044914245605,12.680405616760254,4.960151195526123,11.786928176879883,0.5024343132972717,26.34677505493164,12.742860794067383,8.118306159973145,0.28180405497550964,25.41321563720703,3.1545591354370117,10,21.913597106933594,0.2421743099834945,21.64106559753418,0.961925033007261,0.30110323429107666,0.9972894618269414,0.5541549324989319,0.9991340734446269,0.2803132236003876,0.9989047129085414,2.8074569702148438,0.971321083393785,0.15764185786247253,0.9515250077082362,0.7236717343330383,0.9997267497453338,0.520977795124054,0.9992209003778815,1.5449130535125732,0.9828659606411729,0.11772022396326065,0.9301600750949071,0.5396599173545837,0.9997878295898194,0.008932352066040039,1.0
mario_1_1_v27_recovery_seed3,150,64,32,48135,0,0,92.99014282226562,0.14967548847198486,0.28196069598197937,1.3815509847248109e-10,1.5226645469665527,1.791759469228055,0.9423031806945801,0.69140625,0.5032551884651184,6,1.0,0.46484375,8.434575080871582,98.23950958251953,12.86638069152832,81.61399841308594,4.170886039733887,12.845256805419922,5.126744270324707,11.983879089355469,0.49612900614738464,26.775115966796875,12.9839506149292,8.857949256896973,0.29340067505836487,25.67109489440918,3.277038097381592,10,21.12897300720215,0.22721734117116565,20.839340209960938,0.9668579414263679,0.35651183128356934,0.9966838147134286,0.6033393144607544,0.998966060420405,0.27397820353507996,0.999069855913548,2.939629077911377,0.9695487765422783,0.18981483578681946,0.9278099722405826,0.6770536303520203,0.9998051548313944,0.4778931736946106,0.9994854795770253,1.3842732906341553,0.990480277627183,0.08829662948846817,0.9536668437964724,0.5347013473510742,0.9998318781641544,0.12247896194458008,1.0
mario_1_1_v27_recovery_seed3,160,64,32,48135,0,0,95.62062072753906,0.17073102295398712,0.2862013280391693,1.3815509847248109e-10,1.4680415391921997,1.791759469228055,0.9293020367622375,0.65234375,0.4596354067325592,6,1.0,0.392578125,9.126297950744629,100.46115112304688,13.675792694091797,84.25953674316406,4.343493461608887,13.028572082519531,5.332162380218506,12.113389015197754,0.477945476770401,27.12797737121582,13.054527282714844,9.57031536102295,0.3189125061035156,25.895278930664062,3.32021164894104,10,18.526277542114258,0.19374772304504218,18.346534729003906,0.9760359567156125,0.3051918148994446,0.9982515478071176,0.39016249775886536,0.9996456901110523,0.2497238963842392,0.9996311121428156,2.0677502155303955,0.9853311468399997,0.09725064039230347,0.9807546382275807,0.49752116203308105,0.9999153823892518,0.21440555155277252,0.9998790094874026,1.2736953496932983,0.9934245098396559,0.07084023952484131,0.9766617208012525,0.33482125401496887,0.9999534496431185,0.04317355155944824,1.0
mario_1_1_v27_recovery_seed3,170,64,32,48135,0,0,97.91305541992188,0.16404372453689575,0.26509708166122437,1.3815509847248109e-10,1.2419764995574951,1.791759469228055,0.9373273253440857,0.654296875,0.4518229067325592,6,1.0,0.3971354166666667,9.24246597290039,117.6656494140625,14.00452709197998,86.55931091308594,4.466030597686768,13.222224235534668,5.536348342895508,12.318589210510254,0.5009233951568604,27.435747146606445,13.05669116973877,10.23910140991211,0.27988821268081665,26.035987854003906,3.322896718978882,10,16.93838119506836,0.17299410300724813,16.77787971496582,0.9810645123713093,0.23956826329231262,0.9989076943195975,0.33081912994384766,0.9997912250941591,0.24555088579654694,0.999684894438991,1.7602750062942505,0.9897586456580156,0.09408461302518845,0.982615959886489,0.47171029448509216,0.9999141396708917,0.21283341944217682,0.9998671505704155,1.3191341161727905,0.9934031888830314,0.0749162882566452,0.9770918045644107,0.2517869770526886,0.9999676813193409,0.002685070037841797,1.0
mario_1_1_v27_recovery_seed3,180,64,32,48135,0,0,100.02668762207031,0.14376521110534668,0.2421036809682846,1.3815509847248109e-10,1.2727683782577515,1.791759469228055,0.9434922337532043,0.6614583134651184,0.447265625,6,1.0,0.3489583333333333,10.290887832641602,140.36688232421875,15.94127082824707,88.70120239257812,4.584821701049805,13.390584945678711,5.6990814208984375,12.538440704345703,0.5329481959342957,27.69623565673828,12.986700057983398,10.89299201965332,0.2915128767490387,26.109182357788086,3.3114335536956787,10,17.19355010986328,0.17188962784437564,17.03472328186035,0.9814013534405512,0.19779708981513977,0.9993892111228967,0.3324805200099945,0.9997678259911822,0.20394949615001678,0.9997604336061053,1.9511899948120117,0.9878321611171713,0.08021754771471024,0.9898689424976836,0.421589732170105,0.9999275482222004,0.23340950906276703,0.9998537683184427,1.058974027633667,0.9968896732843593,0.014446800574660301,0.9995491719859106,0.2786790728569031,0.9999467564008369,0.011463165283203125,1.0
mario_1_1_v27_recovery_seed3,190,64,32,48135,0,0,101.84396362304688,0.1660732924938202,0.2844778299331665,1.3815509847248109e-10,1.3451557159423828,1.791759469228055,0.9333553314208984,0.6067708134651184,0.4915364682674408,6,1.0,0.3404947916666667,10.870423316955566,151.28663635253906,16.317352294921875,90.50202941894531,4.744624137878418,13.646000862121582,5.847936630249023,12.777078628540039,0.5523350238800049,27.92802619934082,12.931938171386719,11.435219764709473,0.3089433014392853,26.195831298828125,3.286846160888672,10,17.754472732543945,0.1743301429062427,17.592924118041992,0.9809246059329694,0.23759368062019348,0.9992894326517796,0.39789217710494995,0.999745308201293,0.212304025888443,0.9996561630821706,1.9865403175354004,0.9878612320915623,0.06837441772222519,0.9926975862388053,0.40946972370147705,0.9999263791714129,0.30210569500923157,0.9997372420188172,1.0744484663009644,0.9965462964284352,0.04715630039572716,0.989341132727807,0.2887241542339325,0.9999445825913483,0.024587392807006836,1.0
mario_1_1_v27_recovery_seed3,200,64,32,48135,0,0,103.80094146728516,0.1453658789396286,0.2566361427307129,1.3815509847248109e-10,1.35505211353302,1.791759469228055,0.9419393539428711,0.6536458134651184,0.5625,6,1.0,0.3352864583333333,12.283096313476562,151.69012451171875,17.83991813659668,92.48384857177734,4.835514068603516,13.777497291564941,5.992141246795654,13.004437446594238,0.5512456297874451,28.10666275024414,12.911534309387207,12.03409481048584,0.3105602264404297,26.277633666992188,3.2752811908721924,10,17.163991928100586,0.1653548771858697,17.022390365600586,0.9829255074318723,0.17984457314014435,0.9994750835530808,0.3085782527923584,0.9997927974174751,0.17920374870300293,0.9998383402848825,1.8036712408065796,0.9903660245791817,0.07471539080142975,0.9908345351598616,0.352797269821167,0.9999410614108997,0.22074003517627716,0.9998552449312422,1.091747760772705,0.996972470370593,0.028846140950918198,0.9956773734085431,0.23744569718837738,0.9999638238957888,0.011564970016479492,1.0
mario_1_1_v27_recovery_seed3,210,64,32,48135,0,0,105.87755584716797,0.13470500707626343,0.22842153906822205,1.3815509847248109e-10,1.1536833047866821,1.791759469228055,0.9470863938331604,0.6432291865348816,0.5260416865348816,6,1.0,0.3528645833333333,12.841486930847168,154.1332244873047,18.782310485839844,94.53359985351562,4.900958061218262,13.918010711669922,6.155930519104004,13.243666648864746,0.5738958120346069,28.357797622680664,12.992353439331055,12.673871040344238,0.35398489236831665,26.409517288208008,3.305803060531616,10,15.339181900024414,0.1448766150416827,15.195975303649902,0.9870342431226298,0.15521849691867828,0.9995818886223725,0.288740873336792,0.9998340081097303,0.19733776152133942,0.9998356732742074,1.7022079229354858,0.9917543425056294,0.08125259727239609,0.9903764395162483,0.33504435420036316,0.9999692160499551,0.18577292561531067,0.9999166798863063,1.062675952911377,0.9976398277737576,0.053724296391010284,0.9954490132932187,0.20597974956035614,0.9999819703536326,0.030521869659423828,1.0
mario_1_1_v27_recovery_seed3,220,64,32,48135,0,0,107.78365325927734,0.11475002765655518,0.22040893137454987,1.3815509847248109e-10,1.2415529489517212,1.791759469228055,0.9523026347160339,0.7154948115348816,0.5618489384651184,6,1.0,0.3561197916666667,14.525943756103516,155.4914093017578,21.199661254882812,96.43264770507812,5.022251605987549,14.020219802856445,6.289910793304443,13.455183982849121,0.5738136768341064,28.572303771972656,13.053099632263184,13.163734436035156,0.3800669014453888,26.536333084106445,3.3131468296051025,10,15.517237663269043,0.14396652176876754,15.36473274230957,0.9872502279614419,0.1845322549343109,0.9996071986865604,0.27587005496025085,0.9998317208405137,0.15866494178771973,0.9999068006189384,1.8502662181854248,0.9905198132836843,0.09110023826360703,0.98739912134037,0.3410792350769043,0.9999566858155537,0.16979536414146423,0.9999258611577428,0.961657702922821,0.9979476354363973,0.04819581285119057,0.993895569323029,0.26501405239105225,0.9999614182074708,0.007343769073486328,1.0
mario_1_1_v27_recovery_seed3,230,64,32,48135,0,0,109.51176452636719,0.10712779313325882,0.21871991455554962,1.3815509847248109e-10,1.146416187286377,1.791759469228055,0.9561219215393066,0.7552083134651184,0.6575520634651184,6,1.0,0.3951822916666667,14.072946548461914,166.911376953125,20.131935119628906,98.02774047851562,5.1261186599731445,14.158827781677246,6.425648212432861,13.762819290161133,0.5981830954551697,28.901334762573242,13.172143936157227,13.680501937866211,0.38433659076690674,26.799755096435547,3.3557002544403076,10,15.90067195892334,0.14519601640693983,15.749704360961914,0.9870143930525247,0.20077255368232727,0.999426639447043,0.3552961051464081,0.999730505521985,0.16502144932746887,0.9998910808012451,1.8671653270721436,0.9908425640359264,0.0821259394288063,0.9910402622533376,0.42082127928733826,0.9999583873570886,0.2166929394006729,0.9999045977918338,0.8672072887420654,0.9986533808376763,0.029824942350387573,0.9970174954490206,0.3354453444480896,0.9999697041581,0.04255342483520508,1.0
mario_1_1_v27_recovery_seed3,240,64,32,48135,0,0,111.38970947265625,0.08736690133810043,0.20303967595100403,1.3815509847248109e-10,1.090014934539795,1.791759469228055,0.9648754000663757,0.7877604365348816,0.703125,6,1.0,0.35546875,14.974472045898438,169.5870819091797,21.7469539642334,99.84458923339844,5.231996536254883,14.31757640838623,6.602291584014893,13.957478523254395,0.6193394660949707,29.17421531677246,13.283449172973633,14.179483413696289,0.38953906297683716,26.965492248535156,3.4114885330200195,10,15.210269927978516,0.13655004578059615,15.067361831665039,0.9885714456759033,0.21836867928504944,0.9993201206316507,0.3234725296497345,0.9998040715777785,0.2041383534669876,0.9998766319959415,1.773315191268921,0.9919136325114549,0.0852748304605484,0.9907901832744599,0.34243765473365784,0.9999745920228073,0.2292279750108719,0.9998851480164749,0.8642572164535522,0.9987165725596668,0.044705383479595184,0.9934156413006522,0.2431594431400299,0.9999780409151803,0.055788278579711914,1.0
mario_1_1_v28_capacity_seed0,10,96,32,72039,0,0,43.437660217285156,1.5273385047912598,0.10952313989400864,1.126392126083374,1.7822260856628418,1.791759469228055,0.3558769226074219,0.0,0.0,5,0.8333333333333334,0.8307291666666666,0.7220162153244019,2.2336552143096924,0.8472659587860107,32.47450637817383,1.0665361881256104,10.753549575805664,0.9950641393661499,8.769164085388184,0.13825128972530365,15.622333526611328,10.406219482421875,1.2886806726455688,0.11072764545679092,16.643150329589844,2.5570876598358154,,,,,,,,,,,,,,,,,,,,,,,,,,,
mario_1_1_v28_capacity_seed0,20,96,32,72039,0,0,52.88930892944336,1.3826613426208496,0.20751109719276428,0.4059603810310364,1.773977518081665,1.791759469228055,0.40179720520973206,0.0,0.0,6,1.0,0.6328125,1.0077764987945557,4.155795574188232,1.216878056526184,40.57603454589844,1.7004295587539673,11.261344909667969,1.7642676830291748,9.485808372497559,0.17323055863380432,18.814250946044922,11.816591262817383,2.1051037311553955,0.11921890825033188,20.496959686279297,3.139115810394287,10,24.958641052246094,0.4719033308894621,23.885427474975586,0.808423631725411,0.9288626313209534,0.8729122003243867,1.2963590621948242,0.9941259687596569,0.8350368142127991,0.9699206203698045,4.115691661834717,0.9012693949349857,0.10742871463298798,0.7846000235811857,3.45418119430542,0.9970349652324573,1.5043013095855713,0.9988867935005666,1.3904993534088135,0.7664885064466813,0.07397519797086716,0.7954587047160484,3.9695539474487305,0.998672783052989,0.5820281505584717,1.0
mario_1_1_v28_capacity_seed0,30,96,32,72039,0,0,60.82554244995117,1.2284988164901733,0.3000083565711975,0.10304393619298935,1.7790372371673584,1.791759469228055,0.5262748003005981,0.0,0.0,5,0.8333333333333334,0.5345052083333334,1.1372778415679932,7.517969131469727,1.4536646604537964,47.602813720703125,2.1880905628204346,11.666608810424805,2.338256359100342,10.080211639404297,0.1822291910648346,21.228286743164062,12.7467679977417,3.2365732192993164,0.15434607863426208,23.434181213378906,3.5959737300872803,10,24.441516876220703,0.40182982167946657,23.775920867919922,0.8664493012188113,0.637729287147522,0.9773046692299574,0.9381489753723145,0.9972756828475333,0.6332887411117554,0.9913230248692639,3.211588144302368,0.9479132157682043,0.07532940059900284,0.9114039849514036,2.6386072635650635,0.9985796211044357,1.0933952331542969,0.9989034825572278,1.6568773984909058,0.8924887040854255,0.1526884138584137,0.4000360463555525,2.9918036460876465,0.9996630756019466,0.45685791969299316,1.0
mario_1_1_v28_capacity_seed0,40,96,32,72039,0,0,67.06389617919922,1.0746490955352783,0.36937329173088074,0.008637014776468277,1.737135648727417,1.791759469228055,0.5745306611061096,0.0013020833721384406,0.0,5,0.8333333333333334,0.5865885416666666,1.4670324325561523,12.17353630065918,1.8851114511489868,54.25376510620117,2.5923984050750732,12.033212661743164,2.7958672046661377,10.424748420715332,0.23293372988700867,22.100427627563477,13.027101516723633,4.268253326416016,0.17583119869232178,24.403627395629883,3.756389617919922,10,22.13906478881836,0.3301189768286247,21.873210906982422,0.9159402219226617,0.49143335223197937,0.9931209854832215,0.7354932427406311,0.9985521262798916,0.4915660619735718,0.997535017233727,2.492623805999756,0.9710018356227856,0.11458562314510345,0.8756233672304921,1.0495401620864868,0.9996367064988556,0.5141506791114807,0.9994407523727592,1.4082199335098267,0.9667480764302787,0.0969528779387474,0.8353237618343696,1.0327093601226807,0.9998892169688867,0.1604158878326416,1.0
mario_1_1_v28_capacity_seed0,50,96,32,72039,0,0,72.34576416015625,0.8243985176086426,0.42742663621902466,0.00024998231674544513,1.678809642791748,1.791759469228055,0.64622563123703,0.068359375,0.014322916977107525,5,0.8333333333333334,0.4518229166666667,2.0486366748809814,15.192572593688965,2.6700313091278076,59.60482406616211,2.923063039779663,12.350984573364258,3.1340367794036865,10.776284217834473,0.29971715807914734,22.994089126586914,13.396726608276367,5.059096336364746,0.22920003533363342,25.39411163330078,3.915926933288574,10,18.827730178833008,0.2602464760362875,18.591341018676758,0.9509880573063272,0.4362908601760864,0.9946548134209339,0.5493086576461792,0.9993247497739498,0.36033129692077637,0.999116564219534,2.057150363922119,0.9817149287571475,0.09556213766336441,0.9665392002055856,0.983041524887085,0.9998349749363681,0.49358251690864563,0.9996934611843258,1.2842977046966553,0.9762895590270125,0.07072661817073822,0.9732754993303807,1.0453933477401733,0.9999096845627478,0.15953731536865234,1.0
mario_1_1_v28_capacity_seed0,60,96,32,72039,0,0,77.19865417480469,0.7549798488616943,0.43784621357917786,1.2691687516053207e-05,1.667182445526123,1.791759469228055,0.6795923113822937,0.0924479141831398,0.021484375,6,1.0,0.4720052083333333,2.4951024055480957,23.82863426208496,3.3708078861236572,64.17869567871094,3.143519401550293,12.594666481018066,3.4248573780059814,11.177814483642578,0.3587597906589508,24.062881469726562,13.975162506103516,5.854415416717529,0.26123371720314026,26.640302658081055,4.128310680389404,10,17.044416427612305,0.22078644517581614,16.761051177978516,0.9660153118253657,0.3125712275505066,0.997328401620084,0.4902456998825073,0.9994184149123556,0.32143595814704895,0.999126790111369,1.9689974784851074,0.984576317755951,0.08307559788227081,0.9841177475710503,1.1837143898010254,0.9997661420711186,0.6852651834487915,0.9996394382800489,1.235277771949768,0.9849183968794187,0.05072809010744095,0.9870798051306601,1.3452870845794678,0.9998101749133517,0.21238374710083008,1.0
mario_1_1_v28_capacity_seed0,70,96,32,72039,0,0,80.95555114746094,0.7466928958892822,0.4682198464870453,2.4090261376841227e-06,1.6658307313919067,1.791759469228055,0.6810345649719238,0.1028645858168602,0.02799479104578495,6,1.0,0.4016927083333333,2.7882156372070312,22.336008071899414,3.7917988300323486,68.12873840332031,3.3698880672454834,12.883271217346191,3.6986141204833984,11.506305694580078,0.3979688584804535,24.43547248840332,14.166614532470703,6.545673847198486,0.30457615852355957,27.023828506469727,4.206830978393555,10,14.77001667022705,0.18244600229233685,14.622450828552246,0.9773338099543893,0.28523871302604675,0.99857848777567,0.4703521728515625,0.9995750384806934,0.29376694560050964,0.9995518179530148,1.5535959005355835,0.9910362351784378,0.0628708004951477,0.9915412885458337,0.46336331963539124,0.9999355380697523,0.2947004437446594,0.9998732164170328,1.025748610496521,0.9925065040622081,0.07544118165969849,0.9760397613696049,0.4066196382045746,0.999987367762088,0.07852029800415039,1.0
mario_1_1_v28_capacity_seed0,80,96,32,72039,0,0,84.61317443847656,0.6795534491539001,0.44871899485588074,5.4397684579043926e-08,1.6924923658370972,1.791759469228055,0.7172009944915771,0.12890625,0.056640625,6,1.0,0.42578125,3.2778851985931396,34.616943359375,4.485624313354492,72.13499450683594,3.583436965942383,13.13035774230957,3.935220718383789,11.7913236618042,0.44689419865608215,24.651243209838867,14.130138397216797,7.268922805786133,0.38118693232536316,27.16458511352539,4.210144996643066,10,14.49022388458252,0.1712525736180548,14.367405891418457,0.9806318578550829,0.252929151058197,0.9992394001915123,0.35811513662338257,0.9998013746462042,0.2594776153564453,0.9996102708185362,1.3655635118484497,0.9934273692303349,0.06370013952255249,0.9953218642833743,0.415140300989151,0.9998956343123578,0.18814589083194733,0.9999149309130009,1.0714577436447144,0.9934327554550454,0.08843296766281128,0.9915970485034755,0.22873535752296448,0.9999780500239953,0.0033140182495117188,1.0
mario_1_1_v28_capacity_seed0,90,96,32,72039,0,0,87.93115997314453,0.6212236285209656,0.4301289916038513,7.3193824334794044e-09,1.6755305528640747,1.791759469228055,0.7278499603271484,0.1608072966337204,0.1009114608168602,6,1.0,0.3567708333333333,3.9718241691589355,30.241641998291016,5.510080814361572,75.73729705810547,3.774024486541748,13.356141090393066,4.124267578125,12.061174392700195,0.5061477422714233,24.80050277709961,14.161208152770996,7.9549174308776855,0.43584945797920227,27.265459060668945,4.23128604888916,10,13.703263282775879,0.15584081100443867,13.580955505371094,0.9843088543978304,0.24723413586616516,0.9990829932049543,0.35883015394210815,0.9997782149093178,0.20731177926063538,0.99977694583615,1.26033616065979,0.994671657611031,0.0693906769156456,0.997117523421975,0.2864099442958832,0.999951180917629,0.1423349529504776,0.9999517300285662,1.1718902587890625,0.9921939584768069,0.0801505371928215,0.989658974974158,0.16839340329170227,0.9999878037625393,0.02114105224609375,1.0
mario_1_1_v28_capacity_seed0,100,96,32,72039,0,0,91.14411926269531,0.5515046715736389,0.3715524971485138,1.4103482826044456e-09,1.6015478372573853,1.791759469228055,0.7636569142341614,0.1673177033662796,0.115234375,6,1.0,0.3196614583333333,4.708812713623047,31.3918514251709,6.389510631561279,79.18443298339844,3.951990842819214,13.610490798950195,4.300607681274414,12.333892822265625,0.5584933757781982,24.96407127380371,14.187321662902832,8.65070915222168,0.4279293417930603,27.343969345092773,4.2526116371154785,10,14.771175384521484,0.16206394339000682,14.660661697387695,0.9830723832091329,0.23741619288921356,0.9991721558418706,0.37688419222831726,0.9997872978364144,0.2006252557039261,0.9997420214015776,1.352075219154358,0.9941056798823619,0.07060752063989639,0.9960285380170227,0.30695757269859314,0.9999454833336242,0.15549975633621216,0.9999415196372881,1.0181432962417603,0.9959857238646321,0.04452671483159065,0.9948532595756376,0.15345217287540436,0.9999883749716743,0.02132558822631836,1.0
mario_1_1_v28_capacity_seed0,110,96,32,72039,0,0,94.20092010498047,0.4481125771999359,0.3561786413192749,2.1590841614571588e-10,1.517348051071167,1.791759469228055,0.8197134137153625,0.1842447966337204,0.1080729141831398,6,1.0,0.3717447916666667,4.900904178619385,51.8553581237793,6.661316394805908,82.44950103759766,4.154780387878418,13.881963729858398,4.514950752258301,12.565882682800293,0.582858681678772,25.127351760864258,14.152301788330078,9.282395362854004,0.4439254701137543,27.407548904418945,4.253782749176025,10,15.044049263000488,0.1597017231491468,14.916871070861816,0.9837769762973259,0.2629009783267975,0.9991475993619424,0.37375348806381226,0.9998253164937249,0.23939566314220428,0.9997073707502576,1.481616735458374,0.9930916842166511,0.05733375623822212,0.995862939027148,0.3014991581439972,0.9999488196009642,0.1453174650669098,0.9999502984071476,1.09732186794281,0.9949867885860224,0.03884999826550484,0.9967009674641564,0.16797858476638794,0.9999838744881372,0.001171112060546875,1.0
mario_1_1_v28_capacity_seed0,120,96,32,72039,0,0,97.45610809326172,0.4511999189853668,0.34976840019226074,1.5489341753660568e-10,1.525958776473999,1.791759469228055,0.8084984421730042,0.2109375,0.1315104216337204,6,1.0,0.3639322916666667,5.406865119934082,39.53410720825195,7.28190803527832,85.9181137084961,4.308205604553223,14.12170124053955,4.7224836349487305,12.847541809082031,0.6242820024490356,25.322586059570312,14.058838844299316,9.905550956726074,0.4497148096561432,27.474763870239258,4.238598823547363,10,15.76581859588623,0.161773529687836,15.633341789245605,0.9836007967830357,0.20575697720050812,0.9994749893202364,0.3285524547100067,0.999871336605623,0.23664921522140503,0.9996967461668805,1.5808974504470825,0.9925052300632371,0.05691017210483551,0.9979074302647388,0.4149380326271057,0.9998946759356959,0.17817822098731995,0.99994209841184,1.096407175064087,0.9955746525243847,0.05749231204390526,0.991805549708739,0.203464075922966,0.9999754405562982,0.01518392562866211,1.0
mario_1_1_v28_capacity_seed0,130,96,32,72039,0,0,100.29963684082031,0.3870467245578766,0.35056835412979126,1.3815509847248109e-10,1.5607244968414307,1.791759469228055,0.8305113911628723,0.2936197817325592,0.16796875,6,1.0,0.51953125,6.125823974609375,50.76044464111328,8.139217376708984,88.93373107910156,4.482630252838135,14.308677673339844,4.918325901031494,13.094969749450684,0.6599650979042053,25.463443756103516,13.990306854248047,10.632599830627441,0.4670545160770416,27.470251083374023,4.226943016052246,10,15.182872772216797,0.15137515199893142,15.054996490478516,0.9857640896053028,0.22423776984214783,0.9994859309016071,0.28764885663986206,0.9998818189342228,0.21382775902748108,0.9998414286954279,1.4864025115966797,0.993615709249798,0.049038298428058624,0.9986268651663766,0.3820120096206665,0.9999023134947376,0.16886699199676514,0.9999394884915644,1.1286122798919678,0.9964625178580043,0.023119350895285606,0.9994433028380771,0.1650446355342865,0.999982047024181,0.011655807495117188,1.0
mario_1_1_v28_capacity_seed0,140,96,32,72039,0,0,103.23514556884766,0.32690438628196716,0.3358217775821686,1.3815509847248109e-10,1.3941688537597656,1.791759469228055,0.8664878010749817,0.328125,0.1875,6,1.0,0.4557291666666667,7.143012046813965,72.72486114501953,9.586816787719727,91.98670196533203,4.598796844482422,14.578888893127441,5.120478630065918,13.422255516052246,0.6943159103393555,25.652645111083984,13.901756286621094,11.364474296569824,0.49611034989356995,27.51070213317871,4.223833084106445,10,15.571333885192871,0.15083365068544732,15.427068710327148,0.9860239716616502,0.18291574716567993,0.9995157310162441,0.37604108452796936,0.9998359314270902,0.22756189107894897,0.9997831679070326,1.628993034362793,0.9927559740880856,0.07668601721525192,0.99487059082154,0.396145224571228,0.9999072145239452,0.1971108764410019,0.9999202108003978,1.1585893630981445,0.9966619400424626,0.06325143575668335,0.9931887375775201,0.20896081626415253,0.9999722980794493,0.0031099319458007812,1.0
mario_1_1_v28_capacity_seed0,150,96,32,72039,0,0,106.20488739013672,0.23485684394836426,0.3127324879169464,1.3815509847248109e-10,1.393930435180664,1.791759469228055,0.9073967933654785,0.5032551884651184,0.349609375,6,1.0,0.427734375,7.119986534118652,81.53455352783203,9.794238090515137,95.05309295654297,4.692432403564453,14.8392915725708,5.325587749481201,13.731882095336914,0.7400954365730286,25.88985824584961,13.765920639038086,12.105769157409668,0.5414286255836487,27.57533073425293,4.203112602233887,10,17.4466552734375,0.16427356313037036,17.290035247802734,0.9834445137285925,0.1925588697195053,0.999344080942586,0.38602113723754883,0.9998123159527279,0.24525314569473267,0.9996686041688728,1.8719091415405273,0.9907543807391362,0.07500936090946198,0.9965644918694637,0.5156586766242981,0.9998422067165533,0.25433221459388733,0.9998792025454376,1.135876178741455,0.9973080560562306,0.0759609192609787,0.9930823255297903,0.24008230865001678,0.9999647603348766,0.020720481872558594,1.0
mario_1_1_v28_capacity_seed0,160,96,32,72039,0,0,109.10009765625,0.2364562302827835,0.3226931393146515,1.3815509847248109e-10,1.4649616479873657,1.791759469228055,0.8965287804603577,0.5423176884651184,0.4029947817325592,6,1.0,0.4576822916666667,7.728004455566406,91.28862762451172,10.735343933105469,98.03097534179688,4.766123294830322,15.091899871826172,5.562961101531982,14.039843559265137,0.7793937921524048,26.11961555480957,13.638378143310547,12.86498737335205,0.5526275038719177,27.605064392089844,4.185934066772461,10,16.93645668029785,0.15523777745516634,16.779600143432617,0.9853703443056712,0.17100797593593597,0.9994674876658238,0.37578222155570984,0.9998271444058254,0.2658374309539795,0.9997583143967878,1.8257263898849487,0.9916012876384666,0.06276407837867737,0.9979240572827924,0.4978560209274292,0.9998557684149797,0.2197345644235611,0.9999148247588496,1.1625903844833374,0.9975113196207871,0.05011051520705223,0.9960134529031852,0.24483519792556763,0.999961112297342,0.01717853546142578,1.0
mario_1_1_v28_capacity_seed0,170,96,32,72039,0,0,112.08171081542969,0.17997322976589203,0.25174519419670105,1.3815509847248109e-10,1.2724134922027588,1.791759469228055,0.9296134114265442,0.564453125,0.4518229067325592,6,1.0,0.4212239583333333,8.14511775970459,94.72863006591797,11.101167678833008,101.10501098632812,4.802026748657227,15.380805969238281,5.8166704177856445,14.365982055664062,0.8447434306144714,26.347131729125977,13.451338768005371,13.482914924621582,0.5846731066703796,27.65941047668457,4.152576923370361,10,18.820842742919922,0.1679207303849341,18.64375877380371,0.9829440403606279,0.18720643222332,0.9992624634919428,0.4508104622364044,0.9997420556221159,0.2863690257072449,0.999727436659675,2.168469190597534,0.9886069056383554,0.09637248516082764,0.9961899033434445,0.5428808927536011,0.9998235047504272,0.31193363666534424,0.9998303233753671,1.0285227298736572,0.9980514110445963,0.06549205631017685,0.994951784566431,0.38384899497032166,0.99990543441177,0.03335714340209961,1.0
mario_1_1_v28_capacity_seed0,180,96,32,72039,0,0,114.57101440429688,0.14395366609096527,0.25049564242362976,1.3815509847248109e-10,1.3749792575836182,1.791759469228055,0.943602979183197,0.6341145634651184,0.5572916865348816,6,1.0,0.419921875,10.060970306396484,103.17436981201172,14.216197967529297,103.54017639160156,4.942367076873779,15.691271781921387,6.037114143371582,14.764657020568848,0.8146147131919861,26.707927703857422,13.19291877746582,14.04138469696045,0.6026718020439148,27.899803161621094,4.111327171325684,10,23.431671142578125,0.2045165722273586,23.100862503051758,0.9747962461168358,0.27701207995414734,0.9987982119605636,0.605996310710907,0.9994388858846892,0.26409807801246643,0.999698764521739,3.5451226234436035,0.970748653922713,0.13556286692619324,0.9873066286845454,0.698547899723053,0.9997457726131618,0.43555647134780884,0.999653659613263,1.0989596843719482,0.9976341151027102,0.06621339917182922,0.9942385638833906,0.6344035267829895,0.9997767215044874,0.041249752044677734,1.0
mario_1_1_v28_capacity_seed0,190,96,32,72039,0,0,117.36583709716797,0.10724755376577377,0.224864199757576,1.3815509847248109e-10,1.1702641248703003,1.791759469228055,0.9585602879524231,0.751953125,0.6002604365348816,6,1.0,0.4055989583333333,11.562727928161621,143.9208221435547,16.811927795410156,106.45565032958984,5.079879283905029,15.85063648223877,6.193465709686279,15.317957878112793,0.7123365998268127,26.923057556152344,12.784421920776367,14.488544464111328,0.6409510970115662,27.874914169311523,3.968564987182617,10,27.274169921875,0.23238593611609937,26.89002799987793,0.9675871524478437,0.28347325325012207,0.9987762005071145,0.7007556557655334,0.9990639202929786,0.2631053626537323,0.9994012285781592,4.071809768676758,0.9640231252247518,0.17074602842330933,0.9838926294448112,0.8513048887252808,0.9995282259734775,0.7410630583763123,0.9988666992414114,1.2896203994750977,0.9964040003321184,0.08760933578014374,0.9919617402661047,0.7695624828338623,0.9996196803117146,0.1427621841430664,1.0
mario_1_1_v28_capacity_seed0,200,96,32,72039,0,0,120.60383605957031,0.12214913219213486,0.24830470979213715,1.3815509847248109e-10,1.34429931640625,1.791759469228055,0.9501221179962158,0.736328125,0.5970051884651184,6,1.0,0.2942708333333333,11.871037483215332,166.5235595703125,18.044841766357422,109.80315399169922,5.169142246246338,16.053407669067383,6.424435138702393,15.789920806884766,0.6846038103103638,27.120819091796875,12.524117469787598,15.02426815032959,0.6655123233795166,27.918498992919922,3.87976336479187,10,24.116518020629883,0.19996476736210878,23.89175796508789,0.9760640737541925,0.24058470129966736,0.9990495442061457,0.5441162586212158,0.9994991027865309,0.2885601818561554,0.9996239903729264,2.806887149810791,0.9841734501391666,0.10618643462657928,0.9892277507748221,0.6556443572044373,0.9997324292937513,0.5271611213684082,0.9993437657989146,1.220235824584961,0.9972390732505333,0.05980362370610237,0.9965149880804223,0.5052896738052368,0.9998371822298678,0.08880162239074707,1.0
mario_1_1_v28_capacity_seed0,210,96,32,72039,0,0,123.50413513183594,0.1994609385728836,0.28566861152648926,1.3815509847248109e-10,1.3188483715057373,1.791759469228055,0.9081254005432129,0.583984375,0.4752604067325592,6,1.0,0.2936197916666667,13.554692268371582,198.74893188476562,21.205467224121094,112.76078796386719,5.289699554443359,16.350887298583984,6.707276821136475,16.2597713470459,0.6802170872688293,27.253528594970703,12.32409381866455,15.591992378234863,0.6756092309951782,27.936046600341797,3.805678129196167,10,22.2020206451416,0.1797674273937613,21.976430892944336,0.9808509520653862,0.26004740595817566,0.9990292079566023,0.5623918175697327,0.9995659902369312,0.3235146403312683,0.9997137901365513,2.6339454650878906,0.9869186780782261,0.06711640954017639,0.9951839932428839,0.49650901556015015,0.9998452523307733,0.4671546518802643,0.9994226611623076,1.3504494428634644,0.9967954743084935,0.07806406170129776,0.9933366271283123,0.48537880182266235,0.9998491205559625,0.07408523559570312,1.0
mario_1_1_v28_capacity_seed0,220,96,32,72039,0,0,126.2256088256836,0.12046996504068375,0.24862274527549744,1.3815509847248109e-10,1.5354251861572266,1.791759469228055,0.9504148960113525,0.7467448115348816,0.6686198115348816,6,1.0,0.3502604166666667,15.69088077545166,211.58790588378906,26.294635772705078,115.5135269165039,5.427379131317139,16.54473876953125,6.8112406730651855,16.44281005859375,0.6760197877883911,27.485580444335938,12.426183700561523,16.066123962402344,0.6785299181938171,28.022991180419922,3.9235212802886963,10,26.781457901000977,0.21217135056948644,26.447528839111328,0.9734419072835925,0.2624669373035431,0.9991303418865881,0.6623255610466003,0.999258723368444,0.2055862545967102,0.9996557285828609,3.8991425037384033,0.9716301103606411,0.12654320895671844,0.982607412974361,0.5237962007522583,0.999852765167123,0.4527755379676819,0.9993647047242016,1.0713305473327637,0.9981579412067657,0.04889783635735512,0.9974015182232756,0.6019690036773682,0.9997734332119156,0.1178431510925293,1.0
mario_1_1_v28_capacity_seed0,230,96,32,72039,0,0,129.04966735839844,0.1134154200553894,0.24300561845302582,1.3815509847248109e-10,1.4960854053497314,1.791759469228055,0.9555988311767578,0.7421875,0.6419270634651184,6,1.0,0.35546875,16.275657653808594,201.50042724609375,26.65946388244629,118.3363265991211,5.561395168304443,16.820709228515625,7.002963542938232,16.58504295349121,0.7250822186470032,27.78372573852539,12.432090759277344,16.517019271850586,0.7045725584030151,28.217304229736328,3.978541135787964,10,25.20423698425293,0.19530648548093804,24.97587013244629,0.9774752129181805,0.2621593177318573,0.9991590523452633,0.5903093814849854,0.9995106997957923,0.25804275274276733,0.9996872993887623,3.0551600456237793,0.9829234327530431,0.14237366616725922,0.9817784893807364,0.4595317840576172,0.9999199147803747,0.2663322389125824,0.9997703528378018,1.0955106019973755,0.9981218941418071,0.07899842411279678,0.9941823971805107,0.3610140085220337,0.9999414914613812,0.05501985549926758,1.0
mario_1_1_v28_capacity_seed0,240,96,32,72039,0,0,131.8709259033203,0.11486563831567764,0.23035480082035065,1.3815509847248109e-10,1.3641362190246582,1.791759469228055,0.956219494342804,0.7076823115348816,0.5826823115348816,6,1.0,0.3157552083333333,16.23714828491211,204.82955932617188,25.272418975830078,121.21165466308594,5.671789646148682,17.170364379882812,7.235060691833496,16.93235969543457,0.716317892074585,27.960800170898438,12.202532768249512,16.89042091369629,0.7430477738380432,28.266372680664062,3.949303150177002,10,23.522201538085938,0.17837291561394644,23.247743606567383,0.981449472467033,0.258005291223526,0.9991378460664,0.6592022180557251,0.9994594239906914,0.3232770264148712,0.9995003017237972,3.215759754180908,0.9818029440869511,0.08374398201704025,0.9933225138479773,0.4365379214286804,0.999897548679305,0.3845062553882599,0.999686381230671,1.1823995113372803,0.9977442672215806,0.06079099327325821,0.9978843030382105,0.376817911863327,0.9999124571889636,0.029237985610961914,1.0
mario_1_1_v28_capacity_seed1,10,96,32,72039,0,0,43.503257751464844,1.4795299768447876,0.1294858753681183,1.1592410802841187,1.748679757118225,1.791759469228055,0.39302846789360046,0.0,0.0,4,0.6666666666666666,0.7903645833333334,0.7936038970947266,2.290153980255127,0.9551516175270081,32.66911315917969,0.9430364370346069,10.778438568115234,0.9903721809387207,8.773159980773926,0.1508273184299469,15.39234447479248,10.40063190460205,0.9482446312904358,0.11316294223070145,16.66569709777832,2.544116735458374,,,,,,,,,,,,,,,,,,,,,,,,,,,
mario_1_1_v28_capacity_seed1,20,96,32,72039,0,0,53.48500442504883,1.3786386251449585,0.2040574848651886,0.5021805763244629,1.7697887420654297,1.791759469228055,0.452446311712265,0.0,0.0,3,0.5,0.9036458333333334,0.9064381122589111,4.369626522064209,1.126348614692688,41.43173599243164,1.5507025718688965,11.380449295043945,1.7579766511917114,9.72804069519043,0.16855953633785248,18.78616714477539,11.691330909729004,1.6485092639923096,0.11512831598520279,20.32437515258789,2.9944450855255127,10,25.766977310180664,0.48176077738367207,24.718427658081055,0.8026600207933058,0.8405319452285767,0.8846952627734305,1.3384701013565063,0.9941747435135034,0.8439752459526062,0.9646540129144848,4.345643520355225,0.8947054224468118,0.09802577644586563,0.8172032170678233,3.5863726139068604,0.997675956998925,1.4097744226455688,0.9986777506225376,1.2926572561264038,0.6223771712155024,0.02220025658607483,0.9812335231993567,3.756082773208618,0.9989338845335594,0.45032835006713867,1.0
mario_1_1_v28_capacity_seed1,30,96,32,72039,0,0,61.19559860229492,1.2264755964279175,0.28953713178634644,0.1442292034626007,1.7610106468200684,1.791759469228055,0.5168142914772034,0.0,0.0,5,0.8333333333333334,0.6666666666666666,1.1644943952560425,9.372252464294434,1.4260673522949219,48.536163330078125,2.125589370727539,11.885371208190918,2.40201997756958,10.456677436828613,0.17468778789043427,20.939990997314453,12.385476112365723,2.5558745861053467,0.09874328970909119,22.77473258972168,3.3323323726654053,10,23.889942169189453,0.39038660810311193,23.345325469970703,0.8770417516511266,0.7059459090232849,0.9745361402505764,0.9974797368049622,0.9972643555340565,0.7103825211524963,0.9893610089758688,3.141732692718506,0.9540929728302671,0.08321670442819595,0.8830463399623527,2.2363109588623047,0.9995397331041592,0.7525126338005066,0.9997084234740705,1.369336485862732,0.8751869602259095,0.03755515441298485,0.9497755163517145,2.5084431171417236,0.9996888788324471,0.3378872871398926,1.0
mario_1_1_v28_capacity_seed1,40,96,32,72039,0,0,66.74664306640625,1.0320640802383423,0.31674614548683167,0.017722345888614655,1.7388280630111694,1.791759469228055,0.5966846942901611,0.00390625,0.0,6,1.0,0.5397135416666666,1.4694396257400513,12.241236686706543,1.8417125940322876,54.042083740234375,2.5736398696899414,12.254511833190918,2.8618950843811035,10.864829063415527,0.19933980703353882,22.065031051635742,12.845699310302734,3.179062604904175,0.11629776656627655,24.022768020629883,3.5225558280944824,10,20.037229537963867,0.30019831136719227,19.73289680480957,0.9315545940077565,0.5598167181015015,0.9897041378959881,0.7079896926879883,0.9987469200749564,0.5190108418464661,0.9957896198616129,2.4667439460754395,0.9739536898972889,0.09688160568475723,0.8739552443904646,1.1850640773773193,0.999849935714098,0.48865604400634766,0.9999151224385199,1.2237119674682617,0.9317495970353917,0.0619841106235981,0.8461345318624702,1.320958137512207,0.999828757285485,0.19022345542907715,1.0
mario_1_1_v28_capacity_seed1,50,96,32,72039,0,0,71.26570892333984,0.734598696231842,0.3650873899459839,0.00647355429828167,1.6877321004867554,1.791759469228055,0.7484612464904785,0.011067708022892475,0.0013020833721384406,5,0.8333333333333334,0.6354166666666666,1.8944287300109863,16.65312957763672,2.512057304382324,58.629356384277344,2.9420506954193115,12.502161026000977,3.2138140201568604,11.1651611328125,0.24334608018398285,22.827190399169922,13.221384048461914,3.884294271469116,0.13704657554626465,24.83961296081543,3.6599366664886475,10,16.909215927124023,0.23727001642982573,16.690364837646484,0.9593617867554447,0.4652715027332306,0.994667668734092,0.46163129806518555,0.9995046128570393,0.397329181432724,0.9981503219335695,1.917147159576416,0.9852224131723063,0.06658229231834412,0.9742657827281176,0.8223963379859924,0.9999051177866343,0.4077545404434204,0.9999259691704719,1.1705131530761719,0.9646614048491955,0.037907589226961136,0.9684257900359973,0.9236326217651367,0.9998443221410636,0.13738083839416504,1.0
mario_1_1_v28_capacity_seed1,60,96,32,72039,0,0,75.10011291503906,0.6069597601890564,0.3879316449165344,0.0002474073553457856,1.762184500694275,1.791759469228055,0.7944345474243164,0.0397135429084301,0.009765625,6,1.0,0.640625,2.1294643878936768,19.039356231689453,2.8634133338928223,62.65673065185547,3.243872880935669,12.727921485900879,3.495290756225586,11.496373176574707,0.27114513516426086,23.283061981201172,13.40636157989502,4.661739826202393,0.13844482600688934,25.29203224182129,3.7303707599639893,10,14.324627876281738,0.19074043061010074,14.156463623046875,0.9749318673603534,0.37091806530952454,0.9975647606780298,0.3542342185974121,0.999765834371832,0.3199520409107208,0.9989699359336317,1.5222262144088745,0.9914012819113741,0.06074613332748413,0.977893099884733,0.5260187983512878,0.9999351162469952,0.23444612324237823,0.9999414615618968,1.204144835472107,0.9766521189422621,0.022346332669258118,0.9868920499877236,0.5622223615646362,0.9999113974200716,0.0704340934753418,1.0
mario_1_1_v28_capacity_seed1,70,96,32,72039,0,0,78.64338684082031,0.45980438590049744,0.35221320390701294,3.908581129508093e-05,1.6753038167953491,1.791759469228055,0.8460375666618347,0.068359375,0.017578125,5,0.8333333333333334,0.6204427083333334,2.5235071182250977,23.23819923400879,3.3188369274139404,66.48616027832031,3.4574756622314453,12.933050155639648,3.7203803062438965,11.773958206176758,0.30771058797836304,23.5418701171875,13.527250289916992,5.457832336425781,0.17904293537139893,25.5200138092041,3.7809269428253174,10,13.59522533416748,0.17287181898314175,13.45853328704834,0.9800204417240906,0.26165539026260376,0.9989818391705535,0.29823774099349976,0.9998577114287663,0.2577400207519531,0.9993939342380512,1.3709603548049927,0.9933419834265417,0.05375439301133156,0.9906961318329579,0.34902772307395935,0.9999500028394824,0.19757415354251862,0.9999326884494136,1.1378730535507202,0.9870102658601471,0.0567171685397625,0.9683585262213132,0.36099377274513245,0.9999392913657003,0.050556182861328125,1.0
mario_1_1_v28_capacity_seed1,80,96,32,72039,0,0,82.0787353515625,0.42215487360954285,0.374813437461853,1.2785378089574806e-07,1.5736194849014282,1.791759469228055,0.858320415019989,0.0983072891831398,0.03059895895421505,6,1.0,0.5970052083333334,2.814824342727661,32.94924545288086,3.815281391143799,70.1913070678711,3.7070000171661377,13.166669845581055,3.95522403717041,12.058684349060059,0.33662551641464233,23.780773162841797,13.577922821044922,6.052824974060059,0.23042060434818268,25.704614639282227,3.811281442642212,10,15.560602188110352,0.189581407674724,15.40937614440918,0.9760308783516201,0.31059953570365906,0.9986654963810285,0.33130571246147156,0.9998379900878249,0.2618753910064697,0.9995438027755509,1.6550440788269043,0.9906390308810634,0.053173795342445374,0.9903874116026469,0.4307054281234741,0.9998853091235284,0.20949998497962952,0.9998875146775069,1.0796619653701782,0.9877152524241608,0.07568162679672241,0.9625737955075118,0.5147646069526672,0.9998240539223089,0.03035449981689453,1.0
mario_1_1_v28_capacity_seed1,90,96,32,72039,0,0,85.42423248291016,0.356698602437973,0.339133620262146,5.166158167924095e-09,1.4817451238632202,1.791759469228055,0.8751665949821472,0.2486979216337204,0.041015625,5,0.8333333333333334,0.6217447916666666,3.7738773822784424,39.770042419433594,5.011117458343506,73.76054382324219,3.9755513668060303,13.40007495880127,4.21195650100708,12.299178123474121,0.37621599435806274,23.981658935546875,13.650581359863281,6.8655548095703125,0.28009435534477234,25.859262466430664,3.8458986282348633,10,15.284646987915039,0.17892636016335134,15.129358291625977,0.9791269833260887,0.3274407684803009,0.9988092473227802,0.31220099329948425,0.9998782302075223,0.281009316444397,0.9996080938971759,1.5610334873199463,0.9919798505499462,0.051162902265787125,0.9958535947121802,0.38104403018951416,0.9999081747385495,0.19567640125751495,0.9999109235621256,1.2934483289718628,0.9878178639017057,0.06404583901166916,0.9873380721573578,0.3715053200721741,0.999914145229909,0.03461718559265137,1.0
mario_1_1_v28_capacity_seed1,100,96,32,72039,0,0,88.53914642333984,0.31605902314186096,0.3540743887424469,1.3815509847248109e-10,1.5672045946121216,1.791759469228055,0.8876461982727051,0.373046875,0.103515625,6,1.0,0.5279947916666666,5.350376605987549,49.939544677734375,7.539633750915527,77.01288604736328,4.226059436798096,13.632424354553223,4.436049938201904,12.56626033782959,0.4240340292453766,24.229042053222656,13.721537590026855,7.561565399169922,0.27026301622390747,26.058574676513672,3.8852169513702393,10,14.833477973937988,0.16753581407949658,14.655555725097656,0.9820276268344461,0.3043709099292755,0.999110633694495,0.3019101023674011,0.9998982611001066,0.24329616129398346,0.9997598007274986,1.6994709968566895,0.9908872586792538,0.06928427517414093,0.9921213506474873,0.36683177947998047,0.9999368695224332,0.1623477339744568,0.9999430566088182,1.3537698984146118,0.9870145806832858,0.04707524925470352,0.9860010175029603,0.3368220329284668,0.9999452920800594,0.03931832313537598,1.0
mario_1_1_v28_capacity_seed1,110,96,32,72039,0,0,91.775634765625,0.34035053849220276,0.3489958643913269,1.3815509847248109e-10,1.541463851928711,1.791759469228055,0.8757562041282654,0.3079427182674408,0.0748697891831398,6,1.0,0.560546875,6.321794509887695,54.902767181396484,9.265449523925781,80.3871078491211,4.483839511871338,13.834102630615234,4.67598819732666,12.83985710144043,0.45903459191322327,24.46842384338379,13.77585506439209,8.303390502929688,0.2556411921977997,26.25628089904785,3.9208638668060303,10,15.170790672302246,0.16530303180190628,14.998001098632812,0.9827527692384016,0.3103089928627014,0.9992126601668351,0.30393773317337036,0.999862859517416,0.25929930806159973,0.9997669941407394,1.700385332107544,0.9912724094484228,0.06225667893886566,0.9931906555954756,0.3928774297237396,0.999918152591778,0.24276244640350342,0.9998518728040244,1.3027657270431519,0.9908668364041908,0.03627046197652817,0.9920267663062965,0.3858487904071808,0.9999198034104158,0.035646915435791016,1.0
mario_1_1_v28_capacity_seed1,120,96,32,72039,0,0,95.11988067626953,0.33639416098594666,0.3627089262008667,1.3815509847248109e-10,1.556511402130127,1.791759469228055,0.8671585917472839,0.361328125,0.1171875,5,0.8333333333333334,0.4908854166666667,7.847766399383545,67.99884033203125,11.467299461364746,83.81716918945312,4.622708320617676,14.121668815612793,4.964228630065918,13.296635627746582,0.49164503812789917,24.750600814819336,13.755101203918457,9.06208324432373,0.2757214605808258,26.467666625976562,3.9328677654266357,10,17.370525360107422,0.1826171903981479,17.159961700439453,0.9790218243205785,0.22597278654575348,0.9992334710876889,0.43342170119285583,0.9997308475498184,0.3162554204463959,0.9996351722541598,2.214808940887451,0.9862448539864747,0.08357425034046173,0.9868814470632016,0.4665805399417877,0.999886014159037,0.24968186020851135,0.999836692675586,1.2489780187606812,0.993459158931589,0.054389726370573044,0.9818756825132533,0.4201461672782898,0.9999051461548447,0.012003898620605469,1.0
mario_1_1_v28_capacity_seed1,130,96,32,72039,0,0,98.23014831542969,0.31480535864830017,0.3448164165019989,1.3815509847248109e-10,1.5265657901763916,1.791759469228055,0.8755054473876953,0.3717447817325592,0.1328125,5,0.8333333333333334,0.4609375,8.449503898620605,73.33534240722656,12.193689346313477,86.97437286376953,4.817966461181641,14.354799270629883,5.212858200073242,13.615097999572754,0.5227575898170471,25.034940719604492,13.76209545135498,9.81945514678955,0.2796862721443176,26.72591209411621,3.951693296432495,10,16.215559005737305,0.16507721187254093,16.019222259521484,0.9830838425327477,0.2517126202583313,0.999433585938818,0.35271939635276794,0.9998273246475774,0.27048638463020325,0.9997807985742325,1.9457489252090454,0.9898235127032251,0.053724505007267,0.9962680302008473,0.47392895817756653,0.9998838654198206,0.21407829225063324,0.9998790897879235,1.3233582973480225,0.9933828071648031,0.035529185086488724,0.9919173107401663,0.5059576630592346,0.9998661730283517,0.018825531005859375,1.0
mario_1_1_v28_capacity_seed1,140,96,32,72039,0,0,101.63550567626953,0.22369086742401123,0.30796968936920166,1.3815509847248109e-10,1.3739677667617798,1.791759469228055,0.9074905514717102,0.5423176884651184,0.3977864682674408,6,1.0,0.3404947916666667,9.9370756149292,69.0882339477539,13.99866008758545,90.5475845336914,4.911804676055908,14.605888366699219,5.460668563842773,13.968361854553223,0.49954795837402344,25.278955459594727,13.583503723144531,10.469562530517578,0.2972763180732727,26.825496673583984,3.9272077083587646,10,19.680404663085938,0.1936371008550119,19.447263717651367,0.976799303897275,0.19862188398838043,0.99935247421906,0.41871094703674316,0.9997322529130687,0.2949736714363098,0.9995503282583612,2.584897041320801,0.9827613472332443,0.0827798843383789,0.9879111959982142,0.4966171085834503,0.9998522480858797,0.374532014131546,0.9997101492808748,1.2439284324645996,0.9945299074004879,0.053827498108148575,0.9844368158074265,0.4410603642463684,0.9998713634967062,0.02448558807373047,1.0
mario_1_1_v28_capacity_seed1,150,96,32,72039,0,0,105.65894317626953,0.1651548594236374,0.2741803526878357,1.3815509847248109e-10,1.3114430904388428,1.791759469228055,0.9371464848518372,0.6276041865348816,0.4739583432674408,6,1.0,0.3385416666666667,9.482584953308105,83.4003677368164,13.261951446533203,94.60636901855469,5.005050182342529,14.90969181060791,5.754643440246582,14.477893829345703,0.5154404640197754,26.010713577270508,12.800721168518066,10.876409530639648,0.24245363473892212,27.39774513244629,3.7008728981018066,10,27.695261001586914,0.2621194209313948,27.183469772338867,0.957831939936874,0.2846713960170746,0.9985286685412358,0.7420383095741272,0.9989477097657691,0.39289775490760803,0.9989189898521614,4.380857467651367,0.9531917818575704,0.19858524203300476,0.9239116520471796,1.4176608324050903,0.9988789429147373,1.103907823562622,0.9982577921743426,1.7050682306289673,0.9879612728212679,0.1418144404888153,0.8813345062560473,1.3647159337997437,0.9989556995716666,0.226334810256958,1.0
mario_1_1_v28_capacity_seed1,160,96,32,72039,0,0,109.91584777832031,0.1513986438512802,0.26203927397727966,1.3815509847248109e-10,1.4792373180389404,1.791759469228055,0.9397842288017273,0.6575520634651184,0.4759114682674408,6,1.0,0.3118489583333333,10.918203353881836,95.51803588867188,15.344372749328613,99.03656768798828,5.083584785461426,15.202122688293457,5.994194507598877,14.816781997680664,0.5133454203605652,26.320493698120117,12.698868751525879,11.623217582702637,0.2157747745513916,27.527189254760742,3.694437265396118,10,24.610149383544922,0.22389991871944603,24.360580444335938,0.9693799209910657,0.24453748762607574,0.9989460840150728,0.5417426228523254,0.999541143648293,0.28789466619491577,0.9996303019270968,3.0153181552886963,0.9790755163403909,0.08908639848232269,0.9850112671452702,0.5062849521636963,0.999882853548481,0.38271772861480713,0.9995814396504782,1.4451433420181274,0.9939457965386188,0.04417594522237778,0.9881512197060207,0.43837955594062805,0.9998837052432102,0.0064356327056884766,1.0
mario_1_1_v28_capacity_seed1,170,96,32,72039,0,0,113.61222839355469,0.12548811733722687,0.23824858665466309,1.3815509847248109e-10,1.317263126373291,1.791759469228055,0.9501107335090637,0.7063801884651184,0.5045573115348816,6,1.0,0.3743489583333333,11.392475128173828,108.53582763671875,16.130229949951172,102.89033508300781,5.152015686035156,15.487044334411621,6.27340030670166,15.131237030029297,0.5213611721992493,26.5175724029541,12.569536209106445,12.235098838806152,0.20817503333091736,27.60460090637207,3.6637396812438965,10,22.529359817504883,0.19830048346083662,22.312788009643555,0.9763016074713189,0.23938295245170593,0.9989953736940405,0.4639374911785126,0.999715286207681,0.3289378583431244,0.9995978760878091,2.551105260848999,0.9857063178366459,0.09692458808422089,0.9825695875252618,0.5337234139442444,0.9998236164229988,0.4240494668483734,0.9994890440334109,1.4318885803222656,0.9941076962397025,0.0402846597135067,0.9825787075635742,0.5441890358924866,0.9998091539592602,0.03069758415222168,1.0
mario_1_1_v28_capacity_seed1,180,96,32,72039,0,0,117.07588958740234,0.13650253415107727,0.25925835967063904,1.3815509847248109e-10,1.420418620109558,1.791759469228055,0.9475093483924866,0.6920573115348816,0.5247395634651184,6,1.0,0.3274739583333333,11.852804183959961,104.2169418334961,17.678152084350586,106.4205322265625,5.333143711090088,15.751876831054688,6.4466962814331055,15.354804039001465,0.5625453591346741,26.79593849182129,12.641183853149414,12.941067695617676,0.19826838374137878,27.713775634765625,3.7205066680908203,10,24.065649032592773,0.20555597841199147,23.765350341796875,0.9747805918357081,0.2811633348464966,0.9991584503991789,0.5944955348968506,0.9994192966158328,0.23345255851745605,0.9996975045683224,3.3463075160980225,0.9760097052175462,0.14811906218528748,0.9654895217594356,0.4344451427459717,0.9999216620562954,0.32801464200019836,0.9996776227244769,1.4688221216201782,0.994761029996363,0.03647303208708763,0.985073848235853,0.4456949532032013,0.9998779341089916,0.05676698684692383,1.0
mario_1_1_v28_capacity_seed1,190,96,32,72039,0,0,119.64576721191406,0.15216057002544403,0.25325608253479004,1.3815509847248109e-10,1.2678039073944092,1.791759469228055,0.9414771199226379,0.646484375,0.517578125,6,1.0,0.3444010416666667,11.344743728637695,120.85562896728516,17.367218017578125,109.0063705444336,5.547207832336426,15.954803466796875,6.597128868103027,15.666770935058594,0.6072782874107361,27.030912399291992,12.635539054870605,13.442030906677246,0.2259330004453659,27.800094604492188,3.761033296585083,10,21.840845108032227,0.18254590711385704,21.578163146972656,0.9802201006690165,0.345852255821228,0.9987528501538886,0.5616010427474976,0.9994543539151457,0.23982591927051544,0.9995899147736701,2.99432110786438,0.9815667305387961,0.14196570217609406,0.9734308489339276,0.31611043214797974,0.999969158785655,0.19208286702632904,0.9998846956112207,1.3015694618225098,0.9958520262467583,0.06303636729717255,0.9641898577474002,0.3005124628543854,0.9999462884358528,0.040526628494262695,1.0
mario_1_1_v28_capacity_seed1,200,96,32,72039,0,0,122.43055725097656,0.13522636890411377,0.25425371527671814,1.3815509847248109e-10,1.262656807899475,1.791759469228055,0.9450251460075378,0.701171875,0.5345051884651184,6,1.0,0.3294270833333333,11.206643104553223,114.6137924194336,17.072969436645508,111.88593292236328,5.66776704788208,16.152053833007812,6.789201259613037,15.943896293640137,0.6643555164337158,27.100372314453125,12.716692924499512,14.009828567504883,0.22957998514175415,27.750802993774414,3.8000411987304688,10,20.224897384643555,0.16519484872705037,20.024919509887695,0.9839014203710629,0.2960187792778015,0.9988375833138091,0.41729050874710083,0.9997376962053108,0.24564190208911896,0.9997382727140404,2.4625422954559326,0.9880152931583714,0.09619516879320145,0.9925694502770122,0.27824944257736206,0.9999505085084123,0.24228522181510925,0.9998378990193508,1.2091329097747803,0.9969744222366718,0.05001652613282204,0.9760134274991534,0.22693796455860138,0.9999681958150439,0.03900790214538574,1.0
mario_1_1_v28_capacity_seed1,210,96,32,72039,0,0,125.2571029663086,0.13968834280967712,0.24338021874427795,1.3815509847248109e-10,1.437503457069397,1.791759469228055,0.9466982483863831,0.6334635615348816,0.5397135615348816,6,1.0,0.3209635416666667,11.695270538330078,122.96550750732422,17.477903366088867,114.78471374511719,5.779133319854736,16.31376075744629,6.946968078613281,16.17384910583496,0.7100079655647278,27.244007110595703,12.744717597961426,14.591348648071289,0.24794505536556244,27.778221130371094,3.8286306858062744,10,19.534465789794922,0.1559549544671272,19.32468032836914,0.985789393402277,0.23446108400821686,0.9993502567819205,0.36197730898857117,0.9998010282600095,0.2005888670682907,0.9998373484645363,2.546093225479126,0.9875332854202374,0.10864758491516113,0.9896966359099567,0.29720285534858704,0.9999541196427449,0.21955695748329163,0.9998535983225663,1.1046684980392456,0.9978423558255758,0.03530319780111313,0.992015293506091,0.2693638801574707,0.9999534438119067,0.028589487075805664,1.0
mario_1_1_v28_capacity_seed1,220,96,32,72039,0,0,127.96558380126953,0.1258579045534134,0.2535417079925537,1.3815509847248109e-10,1.186618447303772,1.791759469228055,0.9473264813423157,0.7389323115348816,0.5813801884651184,6,1.0,0.2962239583333333,12.621115684509277,134.14892578125,18.75361442565918,117.53430938720703,5.952212333679199,16.494943618774414,7.124944686889648,16.450014114379883,0.7712535858154297,27.414974212646484,12.744428634643555,15.060237884521484,0.2392605096101761,27.85261344909668,3.8428802490234375,10,18.78661346435547,0.1468098914277691,18.59858512878418,0.987461318114628,0.28169000148773193,0.9992820542165508,0.3710278570652008,0.9998052778215976,0.2307904213666916,0.9997818929533698,2.347874879837036,0.9897837365638266,0.08392316848039627,0.996994059086941,0.29220646619796753,0.9999624911345467,0.22716236114501953,0.9998410465973028,1.0209330320358276,0.9981287342510999,0.029890432953834534,0.993105537874925,0.24367190897464752,0.999965289380854,0.014249563217163086,1.0
mario_1_1_v28_capacity_seed1,230,96,32,72039,0,0,130.4854278564453,0.12757809460163116,0.26240503787994385,1.3815509847248109e-10,1.2948274612426758,1.791759469228055,0.9496128559112549,0.7467448115348816,0.572265625,6,1.0,0.3138020833333333,12.741055488586426,161.97369384765625,18.888118743896484,120.03115844726562,6.043145179748535,16.717605590820312,7.331737518310547,16.667301177978516,0.8151566386222839,27.643741607666016,12.833415031433105,15.59350299835205,0.23100422322750092,27.991270065307617,3.893747329711914,10,19.21933937072754,0.14729107829474924,19.008758544921875,0.9874161432709098,0.21232502162456512,0.9994881933437137,0.40279948711395264,0.999795816077763,0.25392040610313416,0.9997922438229415,2.5377397537231445,0.988341700018577,0.08714325726032257,0.9954934293794577,0.3430269658565521,0.9999569127111931,0.23051585257053375,0.9998618303881717,1.0327014923095703,0.9983348922939697,0.03820601850748062,0.9874115676240682,0.29886114597320557,0.9999552196437331,0.05086708068847656,1.0
mario_1_1_v28_capacity_seed1,240,96,32,72039,0,0,132.96926879882812,0.10909167677164078,0.2252959907054901,1.3815509847248109e-10,1.4667441844940186,1.791759469228055,0.9584327340126038,0.7356770634651184,0.6217448115348816,6,1.0,0.3196614583333333,13.475040435791016,152.0869140625,19.834623336791992,122.5103530883789,6.218843936920166,16.958765029907227,7.504094123840332,16.92955207824707,0.8509262800216675,27.85055923461914,12.791757583618164,16.070526123046875,0.23660452663898468,28.0966854095459,3.885854482650757,10,19.435497283935547,0.14616533173044594,19.2470703125,0.9876147406481652,0.2700236737728119,0.9994406059766953,0.41192638874053955,0.9998033380645581,0.2273726910352707,0.9998001060969998,2.374948263168335,0.9901274531169476,0.0710989460349083,0.997278324782394,0.37405961751937866,0.9999368952027511,0.21586018800735474,0.9998634570173566,1.032449722290039,0.9983271069203605,0.028550269082188606,0.9928301138082691,0.3098054528236389,0.999946062952528,0.007892847061157227,1.0
mario_1_1_v28_capacity_seed2,10,96,32,72039,0,0,43.44547653198242,1.4687929153442383,0.16639742255210876,1.0649305582046509,1.778856635093689,1.791759469228055,0.39084264636039734,0.0,0.0,5,0.8333333333333334,0.765625,0.7767829895019531,2.2275760173797607,0.9126669764518738,32.358489990234375,1.0412768125534058,10.896970748901367,1.1595019102096558,8.717446327209473,0.17465008795261383,15.31669807434082,10.27264404296875,1.1666475534439087,0.11243020743131638,17.15949249267578,2.7001240253448486,,,,,,,,,,,,,,,,,,,,,,,,,,,
mario_1_1_v28_capacity_seed2,20,96,32,72039,0,0,53.215476989746094,1.1816692352294922,0.3321964144706726,0.5139040946960449,1.759202241897583,1.791759469228055,0.5313096642494202,0.0,0.0,4,0.6666666666666666,0.9609375,1.2321093082427979,5.671433448791504,1.5389705896377563,40.86882400512695,1.5218387842178345,11.578620910644531,1.9198510646820068,9.519784927368164,0.21139022707939148,18.6043643951416,11.469375610351562,1.8272759914398193,0.15448768436908722,20.965791702270508,3.2082295417785645,10,25.545087814331055,0.4800311724961753,24.46713638305664,0.8010478385687263,0.7051323652267456,0.9159843115046634,1.3658175468444824,0.9944488324244349,0.8701454997062683,0.9597897270783259,4.434510231018066,0.8853985835442211,0.1499418169260025,0.7137988619089638,3.4565658569335938,0.9980012819297702,1.3587802648544312,0.9982425705869516,1.4030463695526123,0.640651430883636,0.12983645498752594,0.5656457323386547,3.881608009338379,0.9991953306443725,0.5081055164337158,1.0
mario_1_1_v28_capacity_seed2,30,96,32,72039,0,0,60.67583465576172,1.0266152620315552,0.3638058602809906,0.2545274794101715,1.7547566890716553,1.791759469228055,0.597669780254364,0.0,0.0,5,0.8333333333333334,0.943359375,1.6164823770523071,7.960161209106445,2.0996108055114746,48.34844207763672,1.97455894947052,12.058155059814453,2.5637857913970947,10.346609115600586,0.21061944961547852,20.20595359802246,11.746587753295898,2.570284843444824,0.1587907373905182,22.727079391479492,3.4061038494110107,10,24.46518898010254,0.4032114122352555,23.962434768676758,0.8688613216598845,0.5882684588432312,0.9765216086651263,1.026545763015747,0.9970494846570908,0.6913721561431885,0.9935654274544087,3.720066785812378,0.9332201830435213,0.08747871965169907,0.9140675209343613,1.692501187324524,0.9996017246475535,0.4572141766548157,0.9995094799706209,1.372719645500183,0.8581642405939128,0.09351363033056259,0.8221390961872332,1.901798963546753,0.9994599601989642,0.1978743076324463,1.0
mario_1_1_v28_capacity_seed2,40,96,32,72039,0,0,67.01529693603516,0.8463969230651855,0.3007926642894745,0.3130730092525482,1.6824922561645508,1.791759469228055,0.6257991790771484,0.0,0.0,5,0.8333333333333334,0.7923177083333334,2.5220463275909424,11.771233558654785,3.0524749755859375,54.807533264160156,2.286003351211548,12.49593448638916,3.0196285247802734,10.891117095947266,0.24786406755447388,21.193479537963867,12.307875633239746,3.336024045944214,0.18274593353271484,23.9399356842041,3.6172566413879395,10,21.796537399291992,0.32524719572751243,21.45247459411621,0.9210370319321618,0.47995245456695557,0.9852281151960666,0.71651691198349,0.998932234566516,0.519633948802948,0.995981086116266,2.97491717338562,0.9620465054935353,0.1206466481089592,0.8738773730309496,1.0673564672470093,0.9998084431394316,0.6790427565574646,0.999494981637279,1.2886512279510498,0.9373571426426438,0.048177603632211685,0.9698944368723408,1.3016536235809326,0.9997947115450413,0.2111527919769287,1.0
mario_1_1_v28_capacity_seed2,50,96,32,72039,0,0,72.06997680664062,0.6118351817131042,0.2930580973625183,0.17538796365261078,1.7359164953231812,1.791759469228055,0.7644617557525635,0.0,0.0,6,1.0,0.8704427083333334,3.608506202697754,17.562374114990234,4.312129974365234,59.86907958984375,2.6568191051483154,12.811627388000488,3.34393310546875,11.298858642578125,0.28037509322166443,22.025177001953125,12.73852825164795,3.96869158744812,0.2174684703350067,24.944978713989258,3.7714786529541016,10,18.51290512084961,0.25687402634412676,18.256837844848633,0.9531140707266585,0.5329894423484802,0.9879333883277654,0.5037252306938171,0.9995186750276785,0.3625037372112274,0.9987008790859856,2.1836864948272705,0.9813004267003411,0.06503942608833313,0.9771698564098287,0.9300838112831116,0.9998142624837872,0.4867303669452667,0.9998360099079213,1.2125979661941528,0.9595861923908612,0.04937285929918289,0.9844994695361521,1.1726397275924683,0.9996944057966007,0.1542220115661621,1.0
mario_1_1_v28_capacity_seed2,60,96,32,72039,0,0,76.55181884765625,0.5532187819480896,0.3391687870025635,0.06937170028686523,1.6327383518218994,1.791759469228055,0.7890865206718445,0.0,0.0,6,1.0,0.8333333333333334,3.8359158039093018,18.60363006591797,4.729581356048584,64.46802520751953,2.9353158473968506,13.047350883483887,3.591665267944336,11.659543991088867,0.29968810081481934,22.590335845947266,13.125863075256348,4.528138160705566,0.2371048629283905,25.650096893310547,3.894834041595459,10,16.323495864868164,0.21323459207877374,16.136390686035156,0.969009287124731,0.3734132945537567,0.9960328602098362,0.39575982093811035,0.9996976682389075,0.27357131242752075,0.9994392434312395,1.7065423727035522,0.9894406581108732,0.04928203299641609,0.9877672264313814,0.6855390071868896,0.9998486866962055,0.43182891607284546,0.9998909461882863,1.146202564239502,0.972154772738224,0.06258364766836166,0.9657589768353995,0.8935258984565735,0.9997646701275198,0.12335538864135742,1.0
mario_1_1_v28_capacity_seed2,70,96,32,72039,0,0,80.57035064697266,0.5478363633155823,0.3439968228340149,0.05547593533992767,1.6528061628341675,1.791759469228055,0.7868707180023193,0.013020833022892475,0.0,6,1.0,0.7994791666666666,4.112395763397217,23.975549697875977,5.226998329162598,68.7686996459961,3.170034408569336,13.289263725280762,3.843895673751831,11.983820915222168,0.3125480115413666,22.891014099121094,13.262091636657715,5.12005090713501,0.2273317128419876,25.99205780029297,3.9464643001556396,10,15.113101959228516,0.18757646997774824,14.956602096557617,0.9768584779428359,0.3127305209636688,0.9977052499658196,0.3642275929450989,0.9997861530491187,0.2711474597454071,0.9996414219722192,1.559891939163208,0.9916692839504663,0.04636513069272041,0.9894074505552564,0.4403095543384552,0.9998999105804903,0.24250368773937225,0.9998843821294218,1.1678643226623535,0.9781416242480924,0.055515699088573456,0.9722967528924819,0.5866885781288147,0.9998295370227368,0.051630258560180664,1.0
mario_1_1_v28_capacity_seed2,80,96,32,72039,0,0,84.1729736328125,0.526124894618988,0.4010520279407501,0.0018272394081577659,1.6821082830429077,1.791759469228055,0.7956380248069763,0.0690104141831398,0.0032552082557231188,6,1.0,0.7526041666666666,4.769164085388184,31.237361907958984,6.187799453735352,72.56011199951172,3.4760401248931885,13.523994445800781,4.0847487449646,12.342939376831055,0.3362199664115906,23.17778968811035,13.349119186401367,5.663785934448242,0.235030859708786,26.316028594970703,3.9893412590026855,10,14.911972045898438,0.17715866984750814,14.731711387634277,0.9796948756380487,0.3754771053791046,0.9978517338019327,0.3743989169597626,0.9997633801640241,0.26173052191734314,0.9996658174835036,1.7711302042007446,0.9898323618355865,0.05167321860790253,0.9899614683626656,0.38772913813591003,0.9999358085465744,0.2423420250415802,0.9998554598552892,1.1674649715423584,0.9815971850649323,0.04953114688396454,0.9775962318419009,0.5272124409675598,0.9998734694871847,0.0428769588470459,1.0
mario_1_1_v28_capacity_seed2,90,96,32,72039,0,0,87.88232421875,0.5028371810913086,0.38124793767929077,0.00017274626588914543,1.7369465827941895,1.791759469228055,0.8062499165534973,0.0514322929084301,0.005859375,6,1.0,0.765625,4.8747429847717285,34.0977668762207,6.368835926055908,76.4396743774414,3.7236154079437256,13.768755912780762,4.331371784210205,12.746585845947266,0.33917438983917236,23.491558074951172,13.397562026977539,6.215018272399902,0.2731224298477173,26.631803512573242,4.022867202758789,10,17.30191421508789,0.19687592890717456,17.094087600708008,0.9750166671464551,0.3152051568031311,0.9985297863415722,0.43561023473739624,0.9996514895686559,0.2698860168457031,0.9996603061664511,2.26811146736145,0.9841689312013684,0.041142649948596954,0.9926164658736869,0.3825080096721649,0.9999560577526679,0.22605566680431366,0.9998635762026731,1.1052989959716797,0.9869628199460987,0.04957830533385277,0.9921559760860686,0.46662071347236633,0.9999157857481443,0.033525943756103516,1.0
mario_1_1_v28_capacity_seed2,100,96,32,72039,0,0,91.4450912475586,0.4807606637477875,0.36852219700813293,6.0472921177279204e-05,1.6579580307006836,1.791759469228055,0.8110711574554443,0.099609375,0.02018229104578495,6,1.0,0.6477864583333334,5.321780681610107,34.73038101196289,7.053282737731934,80.13695526123047,3.925994873046875,13.995527267456055,4.523960590362549,13.088929176330566,0.38047459721565247,23.80321502685547,13.478456497192383,6.8716254234313965,0.31731748580932617,26.925050735473633,4.0638861656188965,10,15.882646560668945,0.17368506438111275,15.715925216674805,0.9809576737644552,0.2551904618740082,0.999173528487336,0.35110846161842346,0.9998134430735713,0.2183377742767334,0.999729982284346,1.7875031232833862,0.9907755379998722,0.06376892328262329,0.9908531128676497,0.36163944005966187,0.9999699831370722,0.14887318015098572,0.9999567362576356,1.2355785369873047,0.987173993879839,0.05972936004400253,0.990686185844378,0.38470637798309326,0.9999566747855338,0.04101896286010742,1.0
mario_1_1_v28_capacity_seed2,110,96,32,72039,0,0,94.89769744873047,0.47854864597320557,0.38232800364494324,1.9839562810375355e-06,1.6809756755828857,1.791759469228055,0.8022906184196472,0.138671875,0.0338541679084301,6,1.0,0.619140625,6.100330829620361,40.73442077636719,8.033251762390137,83.7103042602539,4.1471123695373535,14.198714256286621,4.686988353729248,13.45276165008545,0.4068557620048523,24.089672088623047,13.539473533630371,7.512735843658447,0.33899134397506714,27.189210891723633,4.099626064300537,10,15.673297882080078,0.1651599385806779,15.495071411132812,0.9830582150580963,0.27797916531562805,0.9991284195329149,0.32921329140663147,0.9998310708991597,0.18170134723186493,0.9998483386333854,1.7956327199935913,0.9912198955157168,0.05736736208200455,0.9916181001829263,0.3414127826690674,0.9999699833183888,0.15648089349269867,0.9999432262095242,1.3549262285232544,0.9862004342387893,0.027063000947237015,0.9987791529526857,0.36042293906211853,0.9999588969680386,0.035739898681640625,1.0
mario_1_1_v28_capacity_seed2,120,96,32,72039,0,0,98.46295166015625,0.5113841891288757,0.42643100023269653,3.203556104836025e-07,1.6699678897857666,1.791759469228055,0.7917523980140686,0.216796875,0.04296875,6,1.0,0.5807291666666666,5.895332336425781,40.15858840942383,7.78255033493042,87.4698486328125,4.3034443855285645,14.410391807556152,4.915282249450684,13.79241943359375,0.4386071562767029,24.31094741821289,13.473751068115234,8.062121391296387,0.3689907193183899,27.362794876098633,4.098743438720703,10,16.443803787231445,0.1670049852251743,16.28609275817871,0.9828554379893939,0.2206667959690094,0.9993205013028891,0.3216209411621094,0.9998566661928646,0.2465728223323822,0.999811648469977,1.779201865196228,0.9917801477982929,0.0569007471203804,0.9937529471464691,0.3260940909385681,0.9999509128081199,0.1762852668762207,0.9999267287008028,1.2354201078414917,0.9898921707260728,0.061625249683856964,0.9884170654596238,0.33593302965164185,0.9999443772176303,0.0008826255798339844,1.0
mario_1_1_v28_capacity_seed2,130,96,32,72039,0,0,102.04669952392578,0.3956315517425537,0.3727438747882843,1.6277709846690414e-08,1.4552148580551147,1.791759469228055,0.8393624424934387,0.287109375,0.0807291641831398,6,1.0,0.4381510416666667,7.575492858886719,59.02202606201172,9.820460319519043,91.11389923095703,4.475528240203857,14.676519393920898,5.19511604309082,14.297231674194336,0.41439542174339294,24.828231811523438,12.998444557189941,8.702254295349121,0.3688691258430481,27.699480056762695,4.032445430755615,10,23.652196884155273,0.231778166217025,23.27067756652832,0.9668600949492414,0.4029335677623749,0.9965539318382017,0.6238781213760376,0.9992471409935734,0.3425034284591675,0.999236327392064,3.704155445098877,0.9658560822231652,0.13456812500953674,0.951797221920703,0.8351842164993286,0.9996437580762411,0.6663458347320557,0.9993773213771835,1.3305604457855225,0.9903032156307335,0.07187820971012115,0.9810209807404945,0.7568680047988892,0.9996968918530424,0.06629800796508789,1.0
mario_1_1_v28_capacity_seed2,140,96,32,72039,0,0,105.8927001953125,0.27723339200019836,0.3054981231689453,5.831807925460453e-09,1.4596595764160156,1.791759469228055,0.8899275660514832,0.353515625,0.2356770783662796,6,1.0,0.5110677083333334,8.778156280517578,70.83740997314453,11.427714347839355,94.93827819824219,4.668511867523193,14.988268852233887,5.528459072113037,14.71438217163086,0.41402313113212585,25.44674301147461,12.678487777709961,9.494659423828125,0.41572439670562744,28.135141372680664,4.012246131896973,10,25.062456130981445,0.23667784544879206,24.743927001953125,0.9654548572495589,0.3588937520980835,0.9978090288532487,0.6764009594917297,0.9991809283949123,0.3906959593296051,0.9992769989299425,3.3441972732543945,0.9738334973389315,0.0956534743309021,0.9733360431203545,0.8728511929512024,0.9996997499461907,0.6004520654678345,0.9992167863091395,1.4931801557540894,0.990307591560189,0.06806483864784241,0.9920526696960442,0.7589823007583618,0.9997522031326568,0.020199298858642578,1.0
mario_1_1_v28_capacity_seed2,150,96,32,72039,0,0,110.04660034179688,0.18628168106079102,0.27023327350616455,1.3815509847248109e-10,1.263914942741394,1.791759469228055,0.9264428615570068,0.5703125,0.4173177182674408,6,1.0,0.4908854166666667,10.71664810180664,81.84014129638672,14.167800903320312,99.24089050292969,4.783539295196533,15.284856796264648,5.709782600402832,15.021417617797852,0.5044058561325073,25.873891830444336,12.41639232635498,10.557699203491211,0.45143330097198486,28.206594467163086,3.948375940322876,10,25.88932228088379,0.23525781078627966,25.606616973876953,0.9661867719968769,0.2800017297267914,0.9985409626674171,0.5387983322143555,0.9995584750478125,0.26262763142585754,0.999428272141977,3.22841477394104,0.9766357759632405,0.1835198849439621,0.9389221023657545,0.7631186246871948,0.9996963103374626,0.5672999620437622,0.9991960644962928,1.593304991722107,0.9929741390595612,0.03973554074764252,0.9991905954720987,0.46503642201423645,0.9998669464636408,0.06387019157409668,1.0
mario_1_1_v28_capacity_seed2,160,96,32,72039,0,0,113.63716125488281,0.12413712590932846,0.22497789561748505,1.3815509847248109e-10,1.135128378868103,1.791759469228055,0.9525806307792664,0.6608073115348816,0.5436198115348816,6,1.0,0.4244791666666667,11.396759033203125,80.55033874511719,15.121546745300293,102.96293640136719,4.943155288696289,15.47904109954834,5.884968280792236,15.414056777954102,0.544150710105896,26.133264541625977,12.261058807373047,11.448237419128418,0.45882031321525574,28.208208084106445,3.9021425247192383,10,23.546672821044922,0.20720926641445084,23.2183895111084,0.9743012981765242,0.3664819598197937,0.9976987540006019,0.5088314414024353,0.9995325525128689,0.2583906650543213,0.9994631342741028,3.4467811584472656,0.9746779251983786,0.10911128669977188,0.9811902109703176,0.6688441038131714,0.999719001653404,0.4630400836467743,0.9993752679266683,1.4547615051269531,0.9945257900280301,0.09661571681499481,0.9775981971853035,0.4590372145175934,0.9998675979506679,0.046233415603637695,1.0
mario_1_1_v28_capacity_seed2,170,96,32,72039,0,0,116.31096649169922,0.09690643101930618,0.21440427005290985,1.3815509847248109e-10,1.4064419269561768,1.791759469228055,0.9603565335273743,0.7630208134651184,0.6588541865348816,6,1.0,0.4401041666666667,13.69730281829834,84.61460876464844,17.708459854125977,105.62030029296875,5.110857009887695,15.704251289367676,6.085090637207031,15.855542182922363,0.5799684524536133,26.359363555908203,12.279842376708984,12.312846183776855,0.4992503225803375,28.2497615814209,3.9459736347198486,10,22.34392738342285,0.19210507880198446,22.08706283569336,0.977897042881558,0.30803218483924866,0.9986786441811195,0.4960533678531647,0.9995982658391697,0.27691808342933655,0.9994883635463021,2.9925103187561035,0.9820779724792877,0.13317540287971497,0.9739333984358585,0.4315284490585327,0.9999020043911956,0.2601481080055237,0.9997764344929755,1.2772668600082397,0.9968646825388234,0.06256420910358429,0.995023929943928,0.3623001277446747,0.9999185815138063,0.04383111000061035,1.0
mario_1_1_v28_capacity_seed2,180,96,32,72039,0,0,118.93876647949219,0.11725523322820663,0.23201367259025574,1.3815509847248109e-10,1.2993957996368408,1.791759469228055,0.9524178504943848,0.734375,0.650390625,6,1.0,0.4641927083333333,13.82392406463623,95.22370147705078,17.87071990966797,108.2858657836914,5.266699314117432,15.92995548248291,6.182882785797119,16.206287384033203,0.6784152984619141,26.497329711914062,12.270652770996094,12.989079475402832,0.5211226344108582,28.294002532958984,3.9441633224487305,10,22.871553421020508,0.1922968776119273,22.63959503173828,0.9779047887074764,0.2729441821575165,0.9990673478055747,0.468500018119812,0.9996631292493107,0.2000814527273178,0.999595041909715,2.869020700454712,0.9842225958806886,0.13910754024982452,0.9877253289557153,0.47635048627853394,0.9998510938571846,0.38222891092300415,0.9995154467181262,1.1910878419876099,0.9969942771624885,0.0728422999382019,0.9907223216636017,0.4183719754219055,0.9998917202821809,0.001810312271118164,1.0
mario_1_1_v28_capacity_seed2,190,96,32,72039,0,0,121.5948486328125,0.10233074426651001,0.22025232017040253,1.3815509847248109e-10,1.2787138223648071,1.791759469228055,0.9589943885803223,0.7610676884651184,0.66015625,6,1.0,0.4505208333333333,15.911195755004883,101.55033111572266,20.58369255065918,110.91561126708984,5.465467929840088,16.117238998413086,6.329339504241943,16.642406463623047,0.6933013200759888,26.695171356201172,12.282626152038574,13.695442199707031,0.5423551201820374,28.440324783325195,3.960258960723877,10,21.686466217041016,0.1783502052996421,21.44709014892578,0.9811414842383193,0.30772286653518677,0.9990413884051399,0.49111106991767883,0.9995987201836378,0.22650298476219177,0.9996186624937894,2.8460476398468018,0.9853365784444512,0.09748189151287079,0.9901336949221274,0.5145031809806824,0.9998404553881253,0.2989857792854309,0.9997039680730985,1.1167383193969727,0.9978970305817918,0.029107391834259033,0.9992986846356365,0.47593289613723755,0.9998725733084619,0.016095638275146484,1.0
mario_1_1_v28_capacity_seed2,200,96,32,72039,0,0,124.16626739501953,0.10859192162752151,0.22645844519138336,1.3815509847248109e-10,1.3426986932754517,1.791759469228055,0.9562968611717224,0.7415364384651184,0.6432291865348816,6,1.0,0.4361979166666667,15.07735824584961,98.05522918701172,19.43604278564453,113.4843978881836,5.677257061004639,16.22063446044922,6.48465633392334,16.947864532470703,0.7545905709266663,26.898956298828125,12.304695129394531,14.360825538635254,0.5553062558174133,28.566003799438477,3.9814796447753906,10,21.112701416015625,0.17003572595806712,20.907535552978516,0.9829008345226934,0.3191642463207245,0.9990812673322735,0.3931477963924408,0.9997249783723973,0.24069692194461823,0.9995882643632769,2.5931100845336914,0.9882454850897302,0.11361894756555557,0.991252280781507,0.40101441740989685,0.999917041340612,0.28140684962272644,0.9997397199475482,1.0804752111434937,0.9981577224216959,0.04301513731479645,0.997206624581486,0.39990097284317017,0.9999113501485073,0.021220684051513672,1.0
mario_1_1_v28_capacity_seed2,210,96,32,72039,0,0,126.76817321777344,0.09968635439872742,0.21430912613868713,1.3815509847248109e-10,1.2869646549224854,1.791759469228055,0.9592859745025635,0.7532551884651184,0.5709635615348816,6,1.0,0.4303385416666667,15.848883628845215,104.63917541503906,20.59711265563965,116.07596588134766,5.924170017242432,16.36678695678711,6.650430679321289,17.195999145507812,0.8137962818145752,27.06599235534668,12.484294891357422,14.993288040161133,0.569579541683197,28.687280654907227,4.05860710144043,10,20.221357345581055,0.1595144651240106,20.03406524658203,0.9850219724146244,0.34202486276626587,0.9991671486119692,0.4408634901046753,0.9996742243401089,0.22542093694210052,0.9997294155703604,2.4463744163513184,0.9898378566072414,0.13404087722301483,0.9882249175281237,0.34270086884498596,0.9999385496081133,0.2561570107936859,0.9998914311245213,0.926237940788269,0.9989366413272417,0.020341897383332253,0.9996678591700268,0.3566383421421051,0.9999314781591101,0.07712745666503906,1.0
mario_1_1_v28_capacity_seed2,220,96,32,72039,0,0,129.18589782714844,0.10628056526184082,0.2206939309835434,1.3815509847248109e-10,1.2431336641311646,1.791759469228055,0.9574170708656311,0.75,0.6490885615348816,6,1.0,0.4173177083333333,16.06464385986328,132.44541931152344,20.746864318847656,118.46905517578125,6.0804057121276855,16.585729598999023,6.82353401184082,17.45269775390625,0.8765597343444824,27.233739852905273,12.62678050994873,15.505547523498535,0.5975044965744019,28.830039978027344,4.127633094787598,10,19.013696670532227,0.14718089969829892,18.847959518432617,0.9872927094692845,0.22664909064769745,0.9996258518277927,0.40998154878616333,0.9997786407055347,0.2087690383195877,0.9998499489069723,2.226017713546753,0.991853954863731,0.09827669709920883,0.9959911854040612,0.29338446259498596,0.9999608339341419,0.20228657126426697,0.999934661792985,0.9044269323348999,0.9988051132096982,0.03545490279793739,0.9992989158766481,0.31067636609077454,0.9999540237553278,0.06902599334716797,1.0
mario_1_1_v28_capacity_seed2,230,96,32,72039,0,0,131.65235900878906,0.09618894010782242,0.2058778554201126,1.3815509847248109e-10,1.235836386680603,1.791759469228055,0.9615586400032043,0.7122395634651184,0.62109375,6,1.0,0.3932291666666667,17.599632263183594,124.06971740722656,22.5085506439209,120.95039367675781,6.141168117523193,16.841650009155273,7.029576301574707,17.706443786621094,0.8836140036582947,27.395654678344727,12.609508514404297,15.883532524108887,0.6268380284309387,28.965312957763672,4.133439064025879,10,19.23029136657715,0.1460687184898323,19.030500411987305,0.9875790341456951,0.21709740161895752,0.9994184089454486,0.49691084027290344,0.9996753019735347,0.25724974274635315,0.9997527465885551,2.5060698986053467,0.9899424637507409,0.087824746966362,0.9950528806777382,0.35529521107673645,0.9999329181622031,0.20084407925605774,0.999874262996194,0.8561245799064636,0.9988020118963639,0.03760329261422157,0.9992610262020201,0.3083123564720154,0.9999540265337797,0.00580596923828125,1.0
mario_1_1_v28_capacity_seed2,240,96,32,72039,0,0,134.34567260742188,0.09638363122940063,0.21743260324001312,1.3815509847248109e-10,1.302474021911621,1.791759469228055,0.9605665802955627,0.77734375,0.6360676884651184,6,1.0,0.396484375,16.74365234375,105.48991394042969,21.5291805267334,123.62114715576172,6.189372539520264,17.05705451965332,7.26237154006958,17.94643783569336,0.9521773457527161,27.633073806762695,12.636146545410156,16.379106521606445,0.636326789855957,29.19560432434082,4.157292366027832,10,19.401214599609375,0.1444126500174116,19.240962982177734,0.9878609158522945,0.18821269273757935,0.9995645361185626,0.47742295265197754,0.9996840616540827,0.28369393944740295,0.9997425803550927,2.20096492767334,0.9924683614326018,0.09733821451663971,0.9971630742427969,0.3743348717689514,0.9999446106929903,0.15982015430927277,0.9999220472125749,0.8268750905990601,0.9991578747334267,0.04386551305651665,0.9977009089594766,0.37813815474510193,0.9999468794951243,0.023853302001953125,1.0
mario_1_1_v28_capacity_seed3,10,96,32,72039,0,0,43.20866012573242,1.6036872863769531,0.08792752027511597,1.3337898254394531,1.765960693359375,1.791759469228055,0.3226049542427063,0.0,0.0,4,0.6666666666666666,0.5553385416666666,0.5825898051261902,1.5293922424316406,0.6642075181007385,32.9105224609375,0.924270510673523,10.889501571655273,1.0116251707077026,8.765968322753906,0.1601378619670868,15.314926147460938,10.00224781036377,1.1446588039398193,0.101457379758358,15.662222862243652,2.3112356662750244,,,,,,,,,,,,,,,,,,,,,,,,,,,
mario_1_1_v28_capacity_seed3,20,96,32,72039,0,0,52.295658111572266,1.3887052536010742,0.2091720849275589,0.9018262028694153,1.7510855197906494,1.791759469228055,0.4046975076198578,0.0,0.0,4,0.6666666666666666,0.6614583333333334,0.9565616250038147,2.742701768875122,1.107951045036316,40.95161819458008,1.6901811361312866,11.630313873291016,1.8262382745742798,9.716922760009766,0.1581537127494812,18.27738380432129,11.025136947631836,1.5980005264282227,0.12267114967107773,18.877731323242188,2.71065616607666,10,25.773740768432617,0.492846666418168,24.859689712524414,0.7947158865863232,0.9790823459625244,0.880941388772178,1.509787678718567,0.9931674298069844,0.8886591196060181,0.9658668485432345,4.348752021789551,0.8942962154446574,0.05925062671303749,0.930769906257304,3.1160402297973633,0.998332481676105,1.1532243490219116,0.9987139995278853,1.0859508514404297,0.7338210501187065,0.046273961663246155,0.9320556709097108,3.3103225231170654,0.9989536997967884,0.39942049980163574,1.0
mario_1_1_v28_capacity_seed3,30,96,32,72039,0,0,60.14630126953125,1.1696950197219849,0.3055582642555237,0.41275447607040405,1.7433222532272339,1.791759469228055,0.4993768632411957,0.0,0.0,5,0.8333333333333334,0.4557291666666667,1.2998120784759521,4.631289482116699,1.557568073272705,48.09099197387695,2.2701938152313232,12.148873329162598,2.479299306869507,10.501933097839355,0.1770850569009781,20.312923431396484,12.088581085205078,2.1803786754608154,0.13442496955394745,21.50225257873535,3.1224112510681152,10,22.87681007385254,0.38035273310216683,22.270118713378906,0.8870258062224743,0.7440148591995239,0.9717044059519662,1.019460916519165,0.9972737354295494,0.7044732570648193,0.9922926381609246,3.2642900943756104,0.9508100484208551,0.0854773074388504,0.8759585769077214,2.1738169193267822,0.9992162378099704,1.1226983070373535,0.9995139975572795,1.193159580230713,0.844375949946038,0.026286514475941658,0.9832375036950597,2.6568307876586914,0.9997899403216995,0.4117550849914551,1.0
mario_1_1_v28_capacity_seed3,40,96,32,72039,0,0,66.43399047851562,0.8694679141044617,0.4317188262939453,0.05366120487451553,1.7836099863052368,1.791759469228055,0.6317103505134583,0.05078125,0.0,5,0.8333333333333334,0.5110677083333334,1.8598467111587524,12.995593070983887,2.317086935043335,53.9147834777832,2.7051520347595215,12.497040748596191,2.9470620155334473,10.95073127746582,0.20744629204273224,21.911853790283203,12.98049545288086,2.904003143310547,0.12157242745161057,23.360074996948242,3.4301271438598633,10,19.970064163208008,0.30060009972856006,19.55946159362793,0.9327668139461395,0.5536168813705444,0.9904495440703759,0.6822384595870972,0.9988663317722279,0.5047128200531006,0.9975411065855703,2.455043315887451,0.974671323404926,0.09090438485145569,0.9000724864894026,1.7415093183517456,0.9994650607610618,0.9291641712188721,0.9997837339959267,1.2140802145004272,0.9249538531447451,0.024407513439655304,0.9868275147790402,1.924443244934082,0.9997492584228239,0.30771589279174805,1.0
mario_1_1_v28_capacity_seed3,50,96,32,72039,0,0,71.20487213134766,0.7429773211479187,0.4332081079483032,0.0031300392001867294,1.770665168762207,1.791759469228055,0.7132413983345032,0.060546875,0.001953125,6,1.0,0.548828125,2.086289405822754,13.634363174438477,2.6169142723083496,58.508567810058594,3.0400078296661377,12.78697681427002,3.3251845836639404,11.33415699005127,0.2800450325012207,22.89828872680664,13.603053092956543,3.6322202682495117,0.11565934866666794,24.47024154663086,3.6274709701538086,10,16.725614547729492,0.23489424314780993,16.448383331298828,0.9604628590458888,0.41778603196144104,0.9962049861784958,0.5352041125297546,0.999366729140734,0.4071272015571594,0.9988379207452411,2.037590503692627,0.9838669107732435,0.11288522928953171,0.9356864642188618,1.057002067565918,0.9998563360485941,0.6368712186813354,0.9999490147665334,1.2086107730865479,0.9558948272741262,0.06380381435155869,0.8564836724330205,1.1743690967559814,0.9998717638113632,0.1973438262939453,1.0
mario_1_1_v28_capacity_seed3,60,96,32,72039,0,0,75.16996002197266,0.7128288149833679,0.4526061415672302,0.0033005180303007364,1.7659481763839722,1.791759469228055,0.7295289039611816,0.0638020858168602,0.005859375,6,1.0,0.599609375,2.1333682537078857,14.947824478149414,2.7735159397125244,62.7343635559082,3.3037235736846924,13.082632064819336,3.637697219848633,11.657361030578613,0.3175849914550781,23.287288665771484,13.823481559753418,4.221506118774414,0.09767349809408188,24.874034881591797,3.7003209590911865,10,14.602740287780762,0.19426297797035263,14.451924324035645,0.9739827284954417,0.3267572522163391,0.9981467468461129,0.44653627276420593,0.9996653392428457,0.3349118232727051,0.9994005640831528,1.569427251815796,0.9910741765275638,0.054683662950992584,0.9911114704027035,0.45143923163414,0.9999507817066821,0.24804413318634033,0.9999656753106729,1.0056551694869995,0.978345378674593,0.03548546880483627,0.9585846681061944,0.46285247802734375,0.9999578842195078,0.07284998893737793,1.0
mario_1_1_v28_capacity_seed3,70,96,32,72039,0,0,78.86439514160156,0.6120396852493286,0.46237465739250183,4.314350735512562e-05,1.7238080501556396,1.791759469228055,0.768404483795166,0.09765625,0.0364583320915699,6,1.0,0.5885416666666666,2.6940407752990723,24.934450149536133,3.6529102325439453,66.78349304199219,3.519629716873169,13.389179229736328,3.9615283012390137,11.97038459777832,0.35311469435691833,23.47622299194336,13.879191398620605,4.939868927001953,0.16664375364780426,25.03310775756836,3.7337474822998047,10,14.256404876708984,0.18077111795648101,14.117919921875,0.9781711498213008,0.2690046727657318,0.9988927819223274,0.43589261174201965,0.9997257758505043,0.3431287407875061,0.9995534999627089,1.4369491338729858,0.9929523976566238,0.05279647186398506,0.9932002378734154,0.30711013078689575,0.9999464111849682,0.17082901298999786,0.9999320006791979,1.1254212856292725,0.9820049467052057,0.09169324487447739,0.8878532009303682,0.28644615411758423,0.9999544202416473,0.033426523208618164,1.0
mario_1_1_v28_capacity_seed3,80,96,32,72039,0,0,82.58325958251953,0.5017412900924683,0.4322037994861603,1.3258564877105528e-06,1.6915546655654907,1.791759469228055,0.8171053528785706,0.1953125,0.1009114608168602,6,1.0,0.5169270833333334,2.973526954650879,25.32432746887207,4.101205825805664,70.9067611694336,3.6838696002960205,13.645365715026855,4.204080104827881,12.225971221923828,0.3894595205783844,23.598981857299805,13.903387069702148,5.5392632484436035,0.21099978685379028,25.1021671295166,3.7550315856933594,10,14.709383010864258,0.17811579592794138,14.585947036743164,0.979333791292358,0.20606771111488342,0.9994026781730616,0.3589853048324585,0.9998269503600593,0.2592447102069855,0.9997485054051869,1.4687474966049194,0.9928527980852381,0.05208159238100052,0.9949406608747511,0.22049270570278168,0.9999698137519513,0.16013529896736145,0.9999350800105263,1.055027723312378,0.9862259139431551,0.0790078416466713,0.9392126414380496,0.15329746901988983,0.9999851390864948,0.021284103393554688,1.0
mario_1_1_v28_capacity_seed3,90,96,32,72039,0,0,86.11901092529297,0.4191003739833832,0.4170675277709961,2.6363487393155083e-08,1.6633950471878052,1.791759469228055,0.8558120727539062,0.2337239533662796,0.1516927033662796,6,1.0,0.5266927083333334,3.465205430984497,30.646175384521484,4.851622104644775,74.70823669433594,3.833336353302002,13.865427017211914,4.472241401672363,12.411917686462402,0.43756675720214844,23.77810287475586,14.042634010314941,6.143087387084961,0.21980394423007965,25.279541015625,3.8129143714904785,10,14.671707153320312,0.17036548603708201,14.548351287841797,0.9813898354765594,0.20664095878601074,0.9992790129419743,0.3422735035419464,0.9998183773418798,0.28558090329170227,0.9997434436877155,1.425774335861206,0.9934158476572006,0.07360909134149551,0.9908928794089991,0.28013670444488525,0.9999586673572843,0.2236240804195404,0.9999216115967945,1.0589629411697388,0.9888797250042404,0.04365301877260208,0.9802917461902766,0.26426032185554504,0.9999697022626928,0.05788278579711914,1.0
mario_1_1_v28_capacity_seed3,100,96,32,72039,0,0,89.21510314941406,0.40886616706848145,0.413256973028183,1.3874107418487824e-10,1.6241375207901,1.791759469228055,0.8585364818572998,0.2682291567325592,0.193359375,6,1.0,0.4485677083333333,3.7689144611358643,33.361610412597656,5.324356555938721,78.00888061523438,4.014269828796387,14.04777717590332,4.696686744689941,12.676117897033691,0.4731161892414093,23.927915573120117,14.101585388183594,6.7625627517700195,0.2251802384853363,25.408248901367188,3.842622756958008,10,13.751786231994629,0.1541419081135137,13.609517097473145,0.985045432757985,0.22583797574043274,0.9994065273071808,0.30212482810020447,0.9998510771524541,0.24547578394412994,0.9997647223555806,1.4561097621917725,0.9934837226903585,0.05465753749012947,0.9958369296022399,0.26913774013519287,0.9999560173047233,0.12819862365722656,0.9999673284756531,1.193091630935669,0.987486239987835,0.05625724419951439,0.9683207153688884,0.22495965659618378,0.9999734881322332,0.029708385467529297,1.0
mario_1_1_v28_capacity_seed3,110,96,32,72039,0,0,92.15991973876953,0.39466115832328796,0.39743897318840027,9.31766996892236e-10,1.554646611213684,1.791759469228055,0.8473924994468689,0.3372395932674408,0.2799479067325592,6,1.0,0.4440104166666667,3.9608561992645264,34.31623458862305,5.527996063232422,81.09976196289062,4.150790214538574,14.287919998168945,4.93603515625,12.95220947265625,0.5271250605583191,24.0946102142334,14.11229419708252,7.434075355529785,0.24588775634765625,25.544734954833984,3.8652679920196533,10,14.958775520324707,0.16231324379107395,14.814058303833008,0.9834118707152877,0.1918559968471527,0.9994548925284332,0.3612988293170929,0.9998183817026673,0.25667232275009155,0.9998145554093463,1.6188554763793945,0.9922512615073776,0.07238146662712097,0.9953443918019519,0.3175429701805115,0.9999366923108682,0.12966778874397278,0.9999581353805184,1.1116650104522705,0.9921940955484044,0.08694667369127274,0.935605549881518,0.2966914474964142,0.9999464923124781,0.022645235061645508,1.0
mario_1_1_v28_capacity_seed3,120,96,32,72039,0,0,95.36399841308594,0.2951243221759796,0.3457716405391693,1.4640881562666408e-10,1.5303919315338135,1.791759469228055,0.8828231692314148,0.3938802182674408,0.3079427182674408,6,1.0,0.5403645833333334,4.481978893280029,39.895687103271484,6.174720764160156,84.49278259277344,4.235862731933594,14.532697677612305,5.131072998046875,13.163958549499512,0.5603452324867249,24.228574752807617,14.16576862335205,8.042169570922852,0.27969396114349365,25.662534713745117,3.895129680633545,10,14.957480430603027,0.15684619646307266,14.828132629394531,0.984797915745366,0.17096692323684692,0.9993746016679097,0.34322336316108704,0.999860523508623,0.21709245443344116,0.9998206152940599,1.511796236038208,0.9934294143515838,0.05461151897907257,0.9968197081234663,0.2825508117675781,0.9999470966959482,0.21634042263031006,0.9998900880821897,1.0899583101272583,0.993157087358892,0.0644003376364708,0.9781561304959733,0.2245187610387802,0.9999721612143148,0.0298616886138916,1.0
mario_1_1_v28_capacity_seed3,130,96,32,72039,0,0,98.40975952148438,0.24936634302139282,0.31149497628211975,1.3815509847248109e-10,1.606460690498352,1.791759469228055,0.8975947499275208,0.4290364682674408,0.3131510317325592,6,1.0,0.5084635416666666,5.235320568084717,44.65340805053711,7.086920261383057,87.7055435180664,4.302915096282959,14.76170825958252,5.343576908111572,13.494030952453613,0.5889155864715576,24.354177474975586,14.128114700317383,8.624789237976074,0.28996366262435913,25.73649024963379,3.9037563800811768,10,15.766600608825684,0.1602137906391651,15.630088806152344,0.9842139984030757,0.15975822508335114,0.9994231875064423,0.37544921040534973,0.9997935170322843,0.23979918658733368,0.9997748185974934,1.6465355157852173,0.9926758440809663,0.05565660074353218,0.9965433407719616,0.2745558023452759,0.9999495224179423,0.20867711305618286,0.9998947094510733,1.0812108516693115,0.9940200747562151,0.06457290053367615,0.9749437837769309,0.23615719377994537,0.999962018420604,0.008626699447631836,1.0
mario_1_1_v28_capacity_seed3,140,96,32,72039,0,0,101.59451293945312,0.28769418597221375,0.3337705731391907,1.3815509847248109e-10,1.3993632793426514,1.791759469228055,0.8764718174934387,0.4518229067325592,0.3795572817325592,6,1.0,0.5729166666666666,6.0633392333984375,45.32250213623047,8.227095603942871,91.05011749267578,4.319164752960205,15.066995620727539,5.588662624359131,13.78155517578125,0.6095976233482361,24.491304397583008,14.075153350830078,9.225333213806152,0.2966838479042053,25.801345825195312,3.9088737964630127,10,18.204458236694336,0.17918741583557346,18.03007698059082,0.9803476215641814,0.1545773595571518,0.9993643197194715,0.45697879791259766,0.9997399864422483,0.27652838826179504,0.9997253632996462,2.153062343597412,0.9877589168770641,0.0611957386136055,0.9953799958210517,0.2830490469932556,0.9999486313214685,0.27227911353111267,0.9998205980178613,1.0790637731552124,0.9949493462762827,0.03289210423827171,0.9939744959909652,0.22410237789154053,0.9999653478856282,0.0051174163818359375,1.0
mario_1_1_v28_capacity_seed3,150,96,32,72039,0,0,104.44662475585938,0.2685144245624542,0.2991923391819,1.3815509847248109e-10,1.3987423181533813,1.791759469228055,0.8833751082420349,0.37890625,0.2727864682674408,6,1.0,0.4361979166666667,8.157288551330566,46.032962799072266,10.590291023254395,94.13189697265625,4.2734503746032715,15.561899185180664,5.941115379333496,14.264006614685059,0.6037216782569885,24.482566833496094,13.600541114807129,9.62270450592041,0.2942329943180084,25.642000198364258,3.7630043029785156,10,26.06775665283203,0.24957969406636715,25.69769287109375,0.9620309789255708,0.3434355556964874,0.9968614791307789,0.8376576900482178,0.9990260502596071,0.3973173499107361,0.9994934476785106,3.766892671585083,0.964501345951434,0.11584565788507462,0.9818142388982639,0.7995158433914185,0.9994670200865023,0.8465416431427002,0.998716595391652,1.3825992345809937,0.9901226485008219,0.06567008793354034,0.9753331775406596,0.8265126347541809,0.9995028425340214,0.14586949348449707,1.0
mario_1_1_v28_capacity_seed3,160,96,32,72039,0,0,107.62376403808594,0.2311142235994339,0.30568093061447144,1.3815509847248109e-10,1.2960560321807861,1.791759469228055,0.9045491814613342,0.5403645634651184,0.4114583432674408,6,1.0,0.56640625,8.52074146270752,55.27786636352539,11.180363655090332,97.45957946777344,4.332668781280518,15.85544204711914,6.1488118171691895,14.644657135009766,0.6418420672416687,24.558706283569336,13.527471542358398,10.22681713104248,0.30560654401779175,25.625938415527344,3.7627975940704346,10,21.65180206298828,0.20118049444290143,21.451616287231445,0.9755260461951546,0.1803162395954132,0.9992165791426069,0.5105736255645752,0.9996465147067445,0.2415732890367508,0.9997915694216887,2.5498411655426025,0.9847845625304239,0.0955062136054039,0.9901053211240611,0.31520435214042664,0.9999221402557515,0.27323654294013977,0.9998117334670054,1.2148009538650513,0.9943563514846557,0.04039604961872101,0.9916453962470984,0.33896079659461975,0.9999126875406606,0.0002067089080810547,1.0
mario_1_1_v28_capacity_seed3,170,96,32,72039,0,0,110.56600952148438,0.181912362575531,0.2850852906703949,1.3815509847248109e-10,1.3751012086868286,1.791759469228055,0.9366359710693359,0.6243489384651184,0.5247395634651184,6,1.0,0.6640625,10.03421401977539,64.85160064697266,13.651023864746094,100.42475891113281,4.426103115081787,16.16603660583496,6.366318225860596,14.917433738708496,0.7196007370948792,24.830705642700195,13.409477233886719,10.722214698791504,0.2628450095653534,25.881351470947266,3.7336649894714355,10,21.549768447875977,0.19490409883779503,21.27642059326172,0.977325153800279,0.22157669067382812,0.9989475030599195,0.5386356115341187,0.9996222206638511,0.27875345945358276,0.9996117603859944,3.0063118934631348,0.9794849368664936,0.12769243121147156,0.9888941555909986,0.5424519181251526,0.9998193397001159,0.37812256813049316,0.9996442627933118,1.2109575271606445,0.9944325259212226,0.07010193914175034,0.9807927186706499,0.5709527730941772,0.9998033391846904,0.029132604598999023,1.0
mario_1_1_v28_capacity_seed3,180,96,32,72039,0,0,113.80360412597656,0.15585510432720184,0.27303847670555115,1.3815509847248109e-10,1.3342210054397583,1.791759469228055,0.9360961318016052,0.6901041865348816,0.603515625,6,1.0,0.609375,11.782870292663574,75.92986297607422,15.62969970703125,103.83414459228516,4.524755954742432,16.522748947143555,6.631929874420166,15.376758575439453,0.7213432788848877,25.047122955322266,12.749364852905273,11.171598434448242,0.2575492262840271,25.847633361816406,3.5268197059631348,10,25.56314468383789,0.2246250888112506,25.098358154296875,0.9703538535495069,0.3154280185699463,0.9977589385077146,0.7070990204811096,0.9993022623973244,0.34542950987815857,0.9994224779670646,4.235403537750244,0.9613576052946751,0.13131241500377655,0.983393738424654,1.035786509513855,0.9991750596771604,0.9094011783599854,0.9988556955409345,1.3108227252960205,0.9936705930085065,0.08867768198251724,0.942125525812409,1.097107172012329,0.9991012215576904,0.20684528350830078,1.0
mario_1_1_v28_capacity_seed3,190,96,32,72039,0,0,117.00609588623047,0.12241873145103455,0.23267923295497894,1.3815509847248109e-10,1.3350170850753784,1.791759469228055,0.9531391263008118,0.724609375,0.6380208134651184,6,1.0,0.578125,13.202469825744629,87.57694244384766,17.603845596313477,107.09718322753906,4.663628578186035,16.70362663269043,6.800148010253906,15.767468452453613,0.6795885562896729,25.393259048461914,12.428936004638672,11.656987190246582,0.29398468136787415,26.028636932373047,3.432115077972412,10,25.347213745117188,0.2166315656729822,25.05814552307129,0.9722493603143099,0.27700793743133545,0.9986386657785741,0.5432301163673401,0.9995246380465377,0.2557840645313263,0.9995884014123262,3.3035519123077393,0.9778082467833371,0.1385667771100998,0.982194233659176,0.7550802826881409,0.9996459925279377,0.4806901514530182,0.9995947964078239,1.336322546005249,0.9940482049003535,0.06089281663298607,0.984280825941518,0.7753636837005615,0.999577512295871,0.09470462799072266,1.0
mario_1_1_v28_capacity_seed3,200,96,32,72039,0,0,120.23819732666016,0.0862976536154747,0.20831531286239624,1.3815509847248109e-10,1.344876766204834,1.791759469228055,0.9670718312263489,0.7884114384651184,0.708984375,6,1.0,0.5279947916666666,14.879745483398438,85.42384338378906,19.484596252441406,110.34162139892578,4.773253917694092,16.96501350402832,6.9400529861450195,16.05662727355957,0.6689000725746155,25.64336395263672,12.656871795654297,12.10664176940918,0.2913597524166107,26.23027229309082,3.5315589904785156,10,25.67519760131836,0.21353611557868435,25.359527587890625,0.9732365988587122,0.30658936500549316,0.9981586853373174,0.6215236783027649,0.9994390302686732,0.21561013162136078,0.9997149892458151,3.661078691482544,0.9736941583075698,0.16743804514408112,0.9692887994263711,0.4072936773300171,0.9999207029579671,0.423967182636261,0.9995937752162725,1.267380952835083,0.9950255689948758,0.09250808507204056,0.9500856785480052,0.4264579713344574,0.9998966563778973,0.09944391250610352,1.0
mario_1_1_v28_capacity_seed3,210,96,32,72039,0,0,122.8886489868164,0.0855739414691925,0.20567069947719574,1.3815509847248109e-10,1.1801759004592896,1.791759469228055,0.9654896259307861,0.8079426884651184,0.7337239384651184,6,1.0,0.52734375,15.543460845947266,89.98362731933594,20.293638229370117,112.92423248291016,4.887348175048828,17.261436462402344,7.112826824188232,16.275798797607422,0.6821901202201843,25.935237884521484,12.853479385375977,12.562671661376953,0.28140881657600403,26.516929626464844,3.6111724376678467,10,22.703107833862305,0.18474536111384798,22.472896575927734,0.9800017853659401,0.25203585624694824,0.9989175759293218,0.5913103818893433,0.9995531377379974,0.23438666760921478,0.9997459104173483,2.901644706726074,0.9839830105003767,0.1103532686829567,0.9868499133132848,0.4276061952114105,0.999926581620039,0.33549946546554565,0.9997728320230687,1.007359266281128,0.9973476762345089,0.07203225791454315,0.968962367168929,0.4228103756904602,0.9999306763965415,0.07961344718933105,1.0
mario_1_1_v28_capacity_seed3,220,96,32,72039,0,0,125.56744384765625,0.07917606085538864,0.18900127708911896,1.3815509847248109e-10,1.4082064628601074,1.791759469228055,0.969015896320343,0.763671875,0.6875,6,1.0,0.5104166666666666,14.749313354492188,104.9737777709961,19.071626663208008,115.62049102783203,4.985105991363525,17.456501007080078,7.225688457489014,16.700368881225586,0.7097283601760864,26.131467819213867,12.716058731079102,13.054532051086426,0.27688872814178467,26.647079467773438,3.574401617050171,10,21.494129180908203,0.17117597143241836,21.250425338745117,0.9829852678906674,0.2543722987174988,0.998868302013054,0.44247183203697205,0.9997382971530497,0.1753566414117813,0.9998247594487575,2.920125722885132,0.9846457678631776,0.09602434188127518,0.9912610693142537,0.4676918089389801,0.9998670732520043,0.34644830226898193,0.9996905215864228,1.0139515399932861,0.9976031576799579,0.06875964254140854,0.9697924154880111,0.4655124843120575,0.999858684274583,0.03677082061767578,1.0
mario_1_1_v28_capacity_seed3,230,96,32,72039,0,0,128.5531768798828,0.11901543289422989,0.2278391718864441,1.3815509847248109e-10,1.178580641746521,1.791759469228055,0.9533858299255371,0.7141926884651184,0.6328125,6,1.0,0.4225260416666667,14.621195793151855,111.71337890625,19.414430618286133,118.67654418945312,5.066504001617432,17.668642044067383,7.4253740310668945,17.122913360595703,0.7241762280464172,26.23358917236328,12.642436027526855,13.479975700378418,0.2846871018409729,26.69770622253418,3.534982919692993,10,20.55614471435547,0.1599038251194886,20.33289909362793,0.9852771612628646,0.2329062968492508,0.9990573157036342,0.416337251663208,0.999792019608336,0.24478797614574432,0.9998131522474308,2.7167656421661377,0.9874067052680467,0.0720672756433487,0.9951506205700387,0.3414919078350067,0.9999224509143669,0.2708105444908142,0.9997887182773687,1.0479259490966797,0.997394101615383,0.10349863767623901,0.9324392760862213,0.39287856221199036,0.999893358160949,0.039418697357177734,1.0
mario_1_1_v28_capacity_seed3,240,96,32,72039,0,0,131.38067626953125,0.14914119243621826,0.27905768156051636,1.3815509847248109e-10,1.210050344467163,1.791759469228055,0.9420306086540222,0.7024739384651184,0.623046875,6,1.0,0.435546875,14.34808349609375,117.73731231689453,18.658430099487305,121.4820785522461,5.1890482902526855,17.88984489440918,7.558280944824219,17.371566772460938,0.7623458504676819,26.517581939697266,12.761946678161621,13.863935470581055,0.3069644570350647,26.93003273010254,3.5999300479888916,10,20.981033325195312,0.15969649358595261,20.779043197631836,0.9853005635746951,0.2333468645811081,0.9992500566066879,0.4483770728111267,0.9997593074775047,0.18798395991325378,0.9998424450141256,2.631448268890381,0.9884640268261649,0.10066715627908707,0.9921414292260061,0.3606029450893402,0.999964553791902,0.25621119141578674,0.999840737163737,0.9376950263977051,0.9980420043585223,0.049193963408470154,0.9889930445815712,0.3578583300113678,0.9999483853704445,0.06494712829589844,1.0
