run,seed,iter,completed_eps,mean_return,mean_len,in_progress,ip_return,ip_len,clears,loss,policy_loss,value_loss,entropy,at_entrance,tau,tau_max,trail_rate,trail_n,trail_d,ent_rate,ent_n,ent_d,truncated
v27,0,0,140,676.5,324.1,60,490.6,267.7,123,4.4059,0.0937,17.2669,1.7808,False,744,784,1.0,2,2,0.0,0,4,0
v27,0,1,149,660.3,299.6,60,715.1,280.0,121,4.5652,-0.0676,18.5525,1.7513,False,664,784,0.0,0,30,0.0,0,7,13
v27,0,2,236,508.9,191.8,60,798.9,269.6,81,4.4084,-0.0282,17.7656,1.7194,False,584,784,0.03,1,30,0.0,0,10,31
v27,0,3,189,665.7,257.9,60,577.2,211.5,52,4.3886,0.0202,17.4945,1.6905,False,504,784,0.0,0,30,0.0,0,17,55
v27,0,4,265,582.4,185.1,60,687.4,206.6,43,5.4336,0.0195,21.6743,1.658,False,424,784,0.0,0,30,0.0,0,24,99
v27,0,5,502,424.2,97.9,60,791.5,204.8,35,8.3728,-0.1137,33.9571,1.5954,False,424,784,0.1,3,30,0.0,0,43,147
v27,0,6,806,357.8,67.6,60,547.0,115.9,21,9.5692,0.0895,37.9274,1.5755,False,384,784,0.03,1,30,0.0,0,67,189
v27,0,7,731,359.9,69.2,60,812.4,181.2,25,12.2468,0.0762,48.6894,1.5568,False,384,784,0.03,1,30,0.0,0,91,244
v27,0,8,612,420.8,88.7,60,623.0,119.1,11,8.6219,-0.0525,34.7075,1.5832,False,344,784,0.07,2,30,0.01,1,102,293
v27,0,9,626,345.4,90.5,60,431.4,80.1,4,6.7665,-0.0621,27.326,1.5919,False,304,784,0.0,0,30,0.009,1,114,347
v27,0,10,618,371.8,90.8,60,422.1,88.7,6,7.4618,0.0725,29.5704,1.5908,False,304,784,0.0,0,30,0.008,1,130,405
v27,0,11,627,376.1,89.9,60,481.2,84.8,3,10.0786,-0.0629,40.577,1.546,False,304,784,0.0,0,30,0.007,1,142,462
v27,0,12,608,416.9,94.0,60,415.1,71.2,6,6.8555,-0.0414,27.6,1.5551,False,304,784,0.0,0,30,0.006,1,159,520
v27,0,13,583,445.9,98.6,60,373.0,66.1,6,10.2182,0.0687,40.6075,1.5103,False,304,784,0.03,1,30,0.006,1,173,579
v27,0,14,552,466.0,98.7,60,654.4,116.2,7,8.316,-0.0324,33.4052,1.5381,False,304,784,0.0,0,30,0.005,1,184,638
v27,0,15,444,624.0,123.6,60,651.2,109.4,7,9.5727,0.0378,38.1481,1.4922,False,264,784,0.0,0,30,0.005,1,194,692
v27,0,16,459,602.3,113.6,60,837.5,155.1,9,11.0584,0.0248,44.1453,1.4622,False,264,784,0.0,0,30,0.005,1,200,749
v27,0,17,467,592.9,114.1,60,705.2,135.8,7,10.4566,-0.1369,42.3814,1.3893,False,224,784,0.0,0,30,0.005,1,215,801
v27,0,18,474,628.0,113.8,60,747.2,124.7,7,12.5517,0.0704,49.934,1.3682,False,224,784,0.0,0,30,0.004,1,232,856
v27,0,19,430,692.2,125.9,60,675.3,121.6,10,9.1784,-0.0203,36.8038,1.3463,False,224,784,0.0,0,30,0.004,1,244,913
v27,0,20,375,747.2,134.3,60,962.7,184.6,14,10.4715,-0.061,42.1387,1.3266,False,224,784,0.07,2,30,0.004,1,248,969
v27,0,21,374,737.3,135.9,60,919.5,177.1,14,12.4074,-0.139,50.1938,1.3004,False,184,784,0.0,0,30,0.004,1,257,1021
v27,0,22,322,850.0,165.3,60,762.2,136.7,11,11.1753,-0.0398,44.8657,1.2503,False,104,784,0.0,0,4,0.004,1,267,1073
v27,0,23,331,853.9,151.3,60,1026.3,189.1,14,12.0216,0.0202,48.0113,1.2443,False,104,784,0.07,2,30,0.004,1,273,1131
v27,0,24,359,868.5,141.9,60,1073.4,174.8,5,12.2454,-0.0155,49.0507,1.2497,False,64,784,0.0,0,30,0.004,1,282,1183
v27,0,25,363,828.8,139.8,60,1022.9,178.0,8,13.5769,0.0785,54.0016,1.2234,False,64,784,0.07,2,30,0.003,1,288,1240
v27,0,26,351,913.2,146.5,60,1041.1,166.9,8,12.5288,-0.0518,50.3309,1.2549,False,24,784,0.03,1,30,0.003,1,300,1295
v27,0,27,326,1017.4,157.2,60,1033.5,169.8,5,12.5843,-0.0571,50.5753,1.2513,False,24,784,0.07,2,30,0.003,1,309,1351
v27,0,28,312,1017.2,155.5,60,1370.9,215.6,6,14.3069,0.066,56.9743,1.2473,False,24,784,0.03,1,30,0.003,1,325,1408
v27,0,29,257,1083.3,172.3,60,1590.0,286.0,13,8.7943,-0.1085,35.6221,1.2225,False,0,784,0.03,1,30,0.007,3,447,1463
v27,0,30,271,1105.7,172.1,60,1393.6,246.5,11,10.7152,-0.0195,42.9499,1.206,False,0,784,0.03,1,30,0.015,9,583,1513
v27,0,31,255,1112.8,175.8,60,1451.2,276.7,14,10.1351,-0.0311,40.6747,1.1409,False,0,784,0.03,1,30,0.018,13,705,1563
v27,0,32,263,1235.6,194.2,60,1106.4,172.8,6,10.8745,-0.0383,43.6636,1.1629,False,0,784,0.0,0,30,0.026,22,853,1611
v27,0,33,245,1223.8,191.4,60,1357.4,242.6,18,11.3473,0.0128,45.3502,1.1449,False,0,784,0.1,3,30,0.029,29,984,1670
v27,0,34,234,1288.5,199.1,60,1486.7,247.6,13,10.6198,0.0662,42.2264,1.126,False,0,784,0.1,3,30,0.03,33,1098,1721
v27,0,35,228,1351.8,206.5,60,1422.6,239.2,16,9.0928,-0.1083,36.8169,1.0526,False,0,784,0.07,2,30,0.033,41,1227,1772
v27,0,36,211,1368.4,205.7,60,1718.4,300.6,17,10.8668,0.0757,43.1789,1.0581,False,0,784,0.03,1,30,0.037,49,1333,1822
v27,0,37,212,1407.3,213.4,60,1577.6,270.1,14,11.693,0.0938,46.412,1.0478,False,0,784,0.13,4,30,0.036,52,1435,1869
v27,0,38,215,1407.9,219.5,60,1366.5,237.4,21,10.5733,-0.0077,42.3397,0.9816,False,0,784,0.17,5,30,0.038,59,1544,1920
v27,0,39,203,1460.7,223.0,60,1599.8,269.4,18,11.7137,0.067,46.6035,1.0145,False,0,784,0.17,5,30,0.043,72,1664,1968
v27,0,40,174,1677.5,267.0,60,1530.6,249.6,24,7.8214,-0.0074,31.3321,0.9555,False,0,784,0.23,7,30,0.048,84,1753,2019
v27,0,41,166,1592.6,253.5,60,1760.2,322.7,34,7.947,-0.0203,31.8878,0.9935,False,0,784,0.27,8,30,0.053,97,1833,2069
v27,0,42,179,1379.5,215.8,60,2095.9,380.1,34,7.7689,-0.0885,31.4463,0.9002,False,0,784,0.2,6,30,0.056,108,1927,2111
v27,0,43,170,1646.3,262.7,60,1690.0,279.6,33,8.8542,0.058,35.2032,0.9549,False,0,784,0.3,9,30,0.064,129,2028,2147
v27,0,44,166,1593.5,251.6,60,1831.2,327.8,31,10.7335,0.0399,42.7925,0.9429,False,0,784,0.27,8,30,0.067,141,2118,2190
v27,0,45,174,1595.7,260.4,60,1638.9,268.8,35,8.3192,0.0214,33.2082,0.8718,False,0,784,0.37,11,30,0.072,160,2210,2230
v27,0,46,145,1690.9,278.0,60,2010.7,352.2,37,7.5194,0.0101,30.0542,0.8644,False,0,784,0.33,10,30,0.077,177,2290,2274
v27,0,47,158,1602.5,252.5,60,2012.0,359.1,39,10.3965,0.0287,41.4876,0.8492,False,0,784,0.27,8,30,0.08,191,2380,2315
v27,0,48,156,1624.6,247.3,60,2091.0,381.1,39,8.7537,0.0269,34.9236,0.8156,False,0,784,0.13,4,30,0.084,209,2491,2352
v27,0,49,153,1780.1,287.1,60,1691.1,291.8,35,7.4167,-0.0632,29.9361,0.8133,False,0,784,0.33,10,30,0.089,229,2570,2385
v27,0,50,130,1824.4,302.3,60,1980.4,369.0,39,10.5456,0.0512,41.9933,0.7809,False,0,784,0.33,10,30,0.093,245,2645,2428
v27,0,51,140,1724.0,283.4,60,2042.6,362.8,35,8.9969,0.0487,35.8086,0.7952,False,0,784,0.3,9,30,0.096,262,2724,2469
v27,0,52,133,1889.3,298.9,60,2124.6,361.5,39,9.0743,0.0802,35.9922,0.7808,False,0,784,0.4,12,30,0.099,277,2798,2510
v27,0,53,105,2370.5,423.8,60,1692.8,282.3,47,6.5389,-0.0098,26.2101,0.7737,False,0,784,0.53,16,30,0.107,307,2867,2549
v27,0,54,95,2102.7,353.4,60,2395.6,464.5,50,6.7145,0.0371,26.7247,0.7565,False,0,784,0.23,7,30,0.111,326,2929,2595
v27,0,55,143,1828.2,305.0,60,1739.5,297.1,41,7.8994,-0.0894,31.9688,0.6812,False,0,784,0.5,15,30,0.118,357,3016,2624
v27,0,56,120,2006.6,332.2,60,2003.1,359.7,47,8.067,-0.0126,32.3312,0.6444,False,0,784,0.37,11,30,0.122,377,3080,2669
v27,0,57,115,2085.8,354.9,60,1993.8,343.7,47,9.0906,0.0892,36.0188,0.6665,False,0,784,0.5,15,30,0.128,403,3146,2707
v27,0,58,110,2218.4,386.5,60,1935.9,315.4,48,5.978,-0.0014,23.9315,0.7021,False,0,784,0.63,19,30,0.132,423,3199,2746
v27,0,59,123,2129.9,341.2,60,2007.8,324.6,42,5.9472,-0.0139,23.8577,0.6749,False,0,784,0.43,13,30,0.135,440,3262,2788
v27,0,60,103,2266.9,402.1,60,1974.1,333.7,53,6.8363,0.0271,27.2489,0.6136,False,0,784,0.53,16,30,0.14,464,3319,2829
v27,0,61,109,2124.1,374.5,60,1938.3,343.7,54,8.4566,0.0811,33.5149,0.6579,False,0,784,0.5,15,30,0.145,490,3384,2865
v27,0,62,122,2054.4,333.7,60,2092.0,345.5,49,10.5174,0.146,41.4971,0.5912,False,0,784,0.37,11,30,0.149,515,3465,2900
v27,0,63,125,2088.7,349.3,60,1782.0,296.3,47,9.5214,0.1396,37.538,0.5311,False,0,784,0.53,16,30,0.152,539,3542,2937
v27,0,64,99,2245.0,391.6,60,2134.3,377.8,54,5.626,-0.0847,22.8534,0.548,False,0,784,0.53,16,30,0.156,563,3604,2980
v27,0,65,96,2328.2,400.3,60,2177.6,383.5,54,5.6566,-0.0649,22.897,0.5561,False,0,784,0.63,19,30,0.16,586,3664,3017
v27,0,66,96,2466.4,419.0,60,2014.7,353.6,49,7.6363,0.1045,30.1373,0.5031,False,0,784,0.5,15,30,0.165,615,3729,3053
v27,0,67,104,2156.3,351.3,60,2296.2,415.1,48,8.2484,0.1038,32.5883,0.4937,False,0,784,0.37,11,30,0.168,638,3790,3094
v27,0,68,105,2144.8,358.3,60,2112.4,396.9,49,6.1223,-0.0451,24.6815,0.5936,False,0,784,0.37,11,30,0.173,667,3851,3131
v27,0,69,102,2338.6,405.3,60,1925.3,335.0,47,6.2508,0.0712,24.7305,0.5947,False,0,784,0.47,14,30,0.177,695,3922,3168
v27,0,70,113,2222.9,364.0,60,1893.7,338.4,47,6.6275,-0.052,26.7282,0.5286,False,0,784,0.4,12,30,0.18,720,3997,3212
v27,0,71,128,2007.5,319.5,60,2052.0,342.4,44,5.8011,-0.0761,23.5197,0.5415,False,0,784,0.33,10,30,0.182,743,4077,3253
v27,0,72,135,1922.9,284.5,60,2261.4,383.9,41,8.205,0.0051,32.8106,0.5502,False,0,784,0.37,11,30,0.182,758,4154,3294
v27,0,73,127,1949.5,312.5,60,2138.4,362.6,46,7.9,0.046,31.4271,0.5472,False,0,784,0.33,10,30,0.184,781,4237,3330
v27,0,74,126,1981.1,315.7,60,2043.5,361.0,46,8.0569,0.0991,31.8415,0.5095,False,0,784,0.37,11,30,0.187,805,4311,3369
v27,0,75,134,1975.1,312.1,60,2010.4,327.1,43,7.9736,0.0227,31.813,0.4661,False,0,784,0.37,11,30,0.189,831,4396,3407
v27,0,76,136,1725.3,250.2,60,2374.7,456.9,41,6.435,-0.0595,25.987,0.4627,False,0,784,0.17,5,30,0.189,846,4481,3449
v27,0,77,118,1986.2,327.4,60,1918.9,380.1,49,6.8522,0.0714,27.1328,0.49,False,0,784,0.3,9,30,0.192,874,4552,3480
v27,0,78,135,1944.3,306.9,60,1989.5,333.6,43,6.9192,-0.0116,27.7333,0.5111,False,0,784,0.5,15,30,0.194,897,4629,3517
v27,0,79,115,1953.1,324.7,60,1892.4,401.6,40,7.8526,0.0557,31.1969,0.466,False,0,784,0.37,11,30,0.196,922,4710,3557
v27,0,80,154,1719.3,260.5,60,2042.4,355.4,38,9.2623,0.133,36.5263,0.4561,False,0,784,0.27,8,30,0.196,937,4789,3601
v27,0,81,152,1694.2,266.0,60,1956.8,350.1,40,10.4932,0.1355,41.4398,0.4477,False,0,784,0.37,11,30,0.197,960,4875,3641
v27,0,82,154,1790.6,285.0,60,1675.7,292.6,37,9.1705,-0.0102,36.7311,0.4015,False,0,784,0.3,9,30,0.199,985,4962,3682
v27,0,83,101,2073.5,370.7,60,1860.8,400.0,41,7.3316,-0.0155,29.3963,0.4048,False,0,784,0.3,9,30,0.201,1008,5027,3728
v27,0,84,120,1680.6,299.6,60,1922.0,424.8,39,7.3946,-0.0038,29.6018,0.4135,False,0,784,0.37,11,30,0.201,1023,5092,3774
v27,0,85,129,1527.0,295.3,60,1578.2,389.1,23,11.0086,0.0626,43.7923,0.4076,False,0,784,0.23,7,30,0.201,1038,5162,3815
v27,0,86,134,1405.9,284.1,60,1693.3,389.6,25,10.8993,0.0355,43.4632,0.4039,False,0,784,0.13,4,30,0.201,1051,5237,3863
v27,0,87,150,1295.9,235.4,60,2079.6,435.6,21,10.7216,-0.022,42.9825,0.401,False,0,784,0.03,1,30,0.198,1057,5335,3908
v27,0,88,150,1292.9,228.2,60,2041.5,453.4,27,12.2795,0.075,48.8251,0.3557,False,0,784,0.07,2,30,0.197,1068,5411,3949
v27,0,89,137,1364.8,250.7,60,1818.8,451.6,20,11.2189,0.0201,44.8022,0.3685,False,0,784,0.07,2,30,0.197,1082,5485,3987
v27,0,90,134,1472.0,279.0,60,1752.6,400.9,28,11.4062,0.1064,45.2064,0.3478,False,0,784,0.3,9,30,0.197,1093,5559,4034
v27,0,91,133,1306.9,246.0,60,2053.0,478.6,24,11.9399,0.0853,47.4246,0.3024,False,0,784,0.1,3,30,0.196,1106,5636,4077
v27,0,92,151,1346.5,239.4,60,1909.1,421.4,23,9.7938,-0.0148,39.2413,0.3545,False,0,784,0.13,4,30,0.195,1114,5716,4119
v27,0,93,169,1338.2,232.4,60,1622.3,369.4,20,11.0491,0.0091,44.167,0.3528,False,0,784,0.13,4,30,0.194,1126,5800,4162
v27,0,94,161,1330.3,231.4,60,1764.5,403.2,16,11.3555,0.0641,45.1732,0.3728,False,0,784,0.0,0,30,0.193,1135,5880,4209
v27,0,95,136,1301.2,246.2,60,1863.6,465.9,15,8.7827,-0.0039,35.1538,0.3611,False,0,784,0.07,2,30,0.192,1143,5956,4255
v27,0,96,164,1255.7,230.0,60,1584.5,395.3,14,9.907,-0.0134,39.6883,0.3256,False,0,784,0.07,2,30,0.191,1152,6047,4304
v27,0,97,180,1369.1,236.3,60,1480.1,315.0,15,12.3513,1.8547,41.9934,0.3438,False,0,784,0.07,2,30,0.189,1157,6136,4354
v27,0,98,186,1247.1,215.8,60,1766.0,355.0,24,8.7262,-0.0028,34.9225,0.3358,False,0,784,0.17,5,30,0.187,1165,6234,4404
v27,0,99,171,1408.0,251.1,60,1713.7,308.4,29,8.8745,0.0146,35.4463,0.3278,False,0,784,0.33,10,30,0.186,1175,6319,4447
v27,0,100,140,1611.9,280.7,60,1871.6,368.9,39,6.3413,0.029,25.2565,0.3729,False,0,784,0.23,7,30,0.186,1190,6396,4492
v27,0,101,154,1459.3,253.6,60,1894.0,373.0,28,9.5851,0.0489,38.1505,0.2927,False,0,784,0.17,5,30,0.186,1208,6485,4528
v27,0,102,192,1299.6,226.5,60,1699.3,299.1,25,10.7812,0.1147,42.6721,0.3021,False,0,784,0.17,5,30,0.186,1224,6589,4571
v27,0,103,160,1468.4,257.5,60,1784.2,337.4,34,7.8916,-0.0068,31.5999,0.315,False,0,784,0.23,7,30,0.185,1235,6669,4617
v27,0,104,171,1411.4,235.9,60,1795.9,351.6,30,10.5412,0.097,41.7824,0.2736,False,0,784,0.17,5,30,0.185,1253,6764,4657
v27,0,105,148,1409.0,248.5,60,1973.4,410.9,30,6.8498,-0.0412,27.5688,0.2473,False,0,784,0.23,7,30,0.185,1266,6841,4698
v27,0,106,142,1616.4,284.9,60,1755.0,349.8,36,9.5834,-0.0316,38.4651,0.259,False,0,784,0.27,8,30,0.186,1287,6930,4741
v27,0,107,165,1396.6,243.7,60,1791.4,353.9,33,8.404,0.0183,33.5474,0.2311,False,0,784,0.3,9,30,0.186,1305,7024,4781
v27,0,108,147,1461.8,262.1,60,1858.6,381.9,36,8.2302,-0.0184,32.9987,0.2189,False,0,784,0.33,10,30,0.186,1321,7109,4824
v27,0,109,128,1577.3,297.1,60,1800.3,390.1,41,5.8111,-0.0123,23.2993,0.2921,False,0,784,0.27,8,30,0.187,1344,7187,4865
v27,0,110,122,1745.6,319.2,60,1869.4,374.9,42,7.3155,-0.0161,29.3308,0.2327,False,0,784,0.43,13,30,0.188,1364,7264,4907
v27,0,111,129,1717.4,319.6,60,1862.0,336.9,41,9.2669,0.1773,36.3628,0.2157,False,0,784,0.57,17,30,0.188,1378,7341,4946
v27,0,112,163,1514.5,255.5,60,1804.1,329.9,29,7.6701,-0.0095,30.7224,0.201,False,0,784,0.23,7,30,0.187,1391,7442,4986
v27,0,113,155,1424.4,247.6,60,1975.8,384.4,35,8.6006,0.0429,34.235,0.2065,False,0,784,0.13,4,30,0.187,1408,7530,5028
v27,0,114,144,1433.4,249.6,60,2029.6,425.0,34,9.1887,0.0425,36.5885,0.1811,False,0,784,0.17,5,30,0.188,1427,7607,5067
v27,0,115,176,1288.0,227.8,60,1839.5,355.7,26,10.1497,0.0415,40.4372,0.2111,False,0,784,0.17,5,30,0.188,1445,7705,5105
v27,0,116,184,1236.7,221.4,60,1654.7,345.1,19,10.5989,-0.0104,42.4402,0.1629,False,0,784,0.1,3,30,0.186,1451,7797,5150
v27,0,117,187,1235.3,230.0,60,1524.9,307.1,20,10.1729,0.0024,40.6849,0.1433,False,0,784,0.07,2,30,0.186,1467,7904,5196
v27,0,118,156,1355.4,248.9,60,1799.1,376.8,27,10.1358,0.0629,40.2948,0.1548,False,0,784,0.2,6,30,0.185,1475,7984,5245
v27,0,119,193,1167.7,205.1,60,1339.2,364.2,13,10.2073,-0.0173,40.9016,0.1626,False,0,784,0.1,3,30,0.184,1488,8101,5289
v27,0,120,169,1301.3,233.2,60,1610.3,367.3,22,10.7558,0.1001,42.6264,0.1877,False,0,784,0.17,5,30,0.182,1494,8192,5342
v27,0,121,171,1277.2,236.6,60,1694.4,349.7,21,9.6552,0.0644,38.3678,0.2358,False,0,784,0.07,2,30,0.182,1506,8289,5388
v27,0,122,162,1307.1,255.6,60,1659.1,333.8,21,6.8248,0.009,27.2675,0.209,False,0,784,0.2,6,30,0.18,1513,8384,5434
v27,0,123,182,1275.5,244.0,60,1350.4,284.0,19,10.2538,0.0883,40.6663,0.2189,False,0,784,0.3,9,30,0.179,1522,8485,5481
v27,0,124,170,1266.5,232.0,60,1787.1,366.7,20,9.9353,0.0339,39.61,0.2045,False,0,784,0.1,3,30,0.179,1531,8573,5533
v27,0,125,189,1117.4,233.1,60,1331.7,289.9,15,9.8844,0.0141,39.485,0.1854,False,0,784,0.13,4,30,0.177,1537,8678,5580
v27,0,126,204,1036.5,215.6,60,1283.6,290.8,15,12.9246,0.0049,51.6826,0.1923,False,0,784,0.1,3,30,0.176,1544,8777,5631
v27,0,127,195,967.1,196.3,60,1620.2,386.1,13,9.9335,0.8881,36.1854,0.2001,False,0,784,0.07,2,30,0.175,1552,8883,5680
v27,0,128,207,1070.7,213.3,60,1307.0,288.1,14,11.5575,0.0423,46.0652,0.2192,False,0,784,0.1,3,30,0.173,1555,8993,5729
v27,0,129,185,1191.9,222.0,60,1530.8,339.6,15,11.1358,0.0742,44.2496,0.1753,False,0,784,0.03,1,30,0.172,1563,9093,5779
v27,0,130,181,1180.9,229.4,60,1473.8,332.0,17,28.62,17.4078,44.8518,0.1591,False,0,784,0.17,5,30,0.171,1569,9188,5826
v27,0,131,190,1168.2,209.9,60,1752.4,359.2,20,9.8143,0.0746,38.9623,0.1878,False,0,784,0.13,4,30,0.17,1576,9283,5874
v27,0,132,184,1187.2,209.0,60,1652.3,383.1,14,10.5705,0.0625,42.0355,0.1792,False,0,784,0.07,2,30,0.169,1585,9384,5919
v27,0,133,182,1199.1,212.3,60,1659.1,380.0,14,9.6362,-0.0483,38.7417,0.1751,False,0,784,0.1,3,30,0.168,1591,9470,5970
v27,0,134,154,1175.3,210.1,60,2015.8,484.8,19,6.4885,-0.0588,26.1922,0.1426,False,0,784,0.0,0,30,0.167,1599,9555,6020
v27,0,135,199,1173.7,206.7,60,1536.6,338.6,10,9.8271,-0.0168,39.3789,0.1682,False,0,784,0.0,0,30,0.166,1608,9666,6064
v27,0,136,209,1109.7,211.4,60,1272.2,287.6,11,10.7792,0.0621,42.8708,0.1106,False,0,784,0.03,1,30,0.165,1614,9780,6115
v27,0,137,204,1049.2,215.7,60,1112.3,290.8,6,10.0794,0.0992,39.9233,0.1169,False,0,784,0.03,1,30,0.163,1617,9892,6166
v27,0,138,226,1004.5,202.8,60,1197.4,259.9,10,12.6521,0.2514,49.6056,0.1351,False,0,784,0.03,1,30,0.162,1619,10010,6221
v27,0,139,195,1201.0,226.3,60,1443.3,288.6,17,11.6276,0.0603,46.2719,0.1497,False,0,784,0.13,4,30,0.161,1628,10118,6272
v27,0,140,211,1181.6,227.2,60,1161.8,225.1,9,8.2873,0.0249,33.0531,0.1725,False,0,784,0.07,2,30,0.16,1638,10225,6322
v27,0,141,178,1203.3,219.0,60,1525.9,374.3,18,8.2984,0.0131,33.144,0.1312,False,0,784,0.1,3,30,0.159,1644,10313,6378
v27,0,142,205,1062.3,213.6,60,1207.3,294.2,8,9.1761,-0.0294,36.8246,0.1372,False,0,784,0.03,1,30,0.158,1648,10418,6425
v27,0,143,197,1239.3,233.0,60,1198.5,258.9,11,10.1708,0.1186,40.2116,0.1451,False,0,784,0.07,2,30,0.158,1657,10510,6478
v27,0,144,248,1036.0,190.7,60,1253.9,235.6,8,12.8383,0.1738,50.6603,0.1265,False,0,784,0.03,1,30,0.156,1659,10635,6532
v27,0,145,189,1068.3,244.3,60,945.3,254.5,6,8.7631,0.0743,34.7578,0.1318,False,0,784,0.1,3,30,0.155,1661,10735,6585
v27,0,146,110,945.5,250.6,60,936.8,564.6,5,5.4648,0.048,21.6698,0.1276,False,0,784,0.0,0,30,0.154,1664,10792,6642
v27,0,147,133,973.0,262.4,60,777.6,442.3,1,8.0525,0.0941,31.8373,0.1733,False,0,784,0.0,0,30,0.153,1666,10864,6699
v27,0,148,155,1018.6,284.1,60,1037.6,290.2,6,7.2509,0.1042,28.5901,0.1665,False,0,784,0.0,0,30,0.152,1667,10959,6758
v27,0,149,155,1042.9,264.5,60,1114.4,340.6,7,9.763,0.106,38.6311,0.1622,False,0,784,0.03,1,30,0.151,1670,11028,6812
v27,0,150,161,1158.4,268.9,60,1167.0,302.4,8,10.1814,0.0629,40.4768,0.1506,False,0,784,0.0,0,30,0.151,1674,11111,6867
v27,0,151,142,1109.8,259.9,60,1578.3,408.9,10,9.0367,-0.1,36.551,0.2031,False,0,784,0.0,0,30,0.15,1679,11188,6921
v27,0,152,183,1049.8,228.9,60,1097.8,325.7,6,9.8603,0.0975,39.0547,0.1564,False,0,784,0.0,0,30,0.149,1682,11275,6971
v27,0,153,205,1064.5,219.9,60,1206.9,272.6,9,11.356,0.039,45.2709,0.1447,False,0,784,0.03,1,30,0.148,1684,11369,7025
v27,0,154,191,1155.7,236.0,60,1122.7,272.8,5,9.4119,0.1402,37.0901,0.1643,False,0,784,0.03,1,30,0.147,1687,11464,7078
v27,0,155,211,1046.5,224.7,60,1019.9,233.8,7,9.844,-0.0336,39.5133,0.1479,False,0,784,0.0,0,30,0.146,1690,11567,7135
v27,0,156,232,1065.3,208.6,60,958.9,217.2,4,9.8679,0.048,39.2821,0.1297,False,0,784,0.0,0,30,0.145,1694,11684,7190
v27,0,157,206,1135.4,222.3,60,1203.0,260.6,6,8.2059,0.053,32.6151,0.1714,False,0,784,0.03,1,30,0.144,1695,11797,7246
v27,0,158,202,1165.2,228.2,60,1166.2,255.7,7,8.876,0.0073,35.4781,0.1491,False,0,784,0.0,0,30,0.143,1698,11901,7301
v27,0,159,241,1125.5,214.2,60,826.6,163.5,3,9.3478,0.0828,37.0627,0.1183,False,0,784,0.0,0,30,0.141,1700,12038,7354
v27,0,160,218,1181.3,224.0,60,1066.0,210.0,6,7.4584,0.0865,29.4902,0.134,False,0,784,0.03,1,30,0.14,1702,12162,7411
v27,0,161,201,1114.0,238.2,60,1083.1,226.0,8,7.9548,0.0844,31.484,0.1293,False,0,784,0.0,0,30,0.139,1707,12265,7466
v27,0,162,188,1177.5,244.0,60,1174.0,259.4,7,7.255,0.0011,29.0183,0.1152,False,0,784,0.0,0,30,0.139,1712,12361,7519
v27,0,163,183,1053.0,232.5,60,1143.6,314.8,5,6.6377,0.0015,26.5472,0.118,False,0,784,0.0,0,30,0.138,1714,12452,7573
v27,0,164,167,1108.2,261.7,60,1009.9,295.6,7,7.1234,0.1207,28.0125,0.0958,False,0,784,0.03,1,30,0.137,1716,12540,7628
v27,0,165,169,1202.1,256.2,60,1260.3,302.5,8,7.8789,0.0507,31.3146,0.0956,False,0,784,0.0,0,30,0.136,1719,12637,7682
v27,0,166,220,1120.3,222.8,60,1018.8,207.0,2,9.3092,0.0125,37.1891,0.1188,False,0,784,0.0,0,30,0.135,1722,12747,7734
v27,0,167,211,1178.1,226.1,60,1071.3,229.0,5,7.4651,-0.0267,29.9697,0.1176,False,0,784,0.0,0,30,0.134,1723,12847,7792
v27,0,168,172,1203.9,242.7,60,915.3,328.3,6,6.6885,-0.0201,26.8381,0.181,False,0,784,0.0,0,30,0.134,1728,12933,7847
v27,0,169,194,1165.8,228.7,60,1254.3,284.5,8,8.7821,0.0369,34.9837,0.1312,False,0,784,0.0,0,30,0.133,1729,13034,7903
v27,0,170,212,1075.0,214.4,60,1167.5,266.5,8,8.2333,0.0111,32.892,0.1742,False,0,784,0.0,0,30,0.132,1733,13131,7955
v27,0,171,183,1149.5,221.0,60,1271.2,349.9,11,7.6521,0.0175,30.5406,0.0932,False,0,784,0.0,0,30,0.131,1738,13229,8008
v27,0,172,181,1229.4,237.7,60,789.5,306.8,4,7.0302,0.0409,27.9595,0.1176,False,0,784,0.03,1,30,0.131,1743,13324,8058
v27,0,173,170,1223.3,243.5,60,984.4,334.2,6,6.5658,0.0639,26.0095,0.0975,False,0,784,0.1,3,30,0.13,1744,13401,8115
v27,0,174,168,1125.7,215.4,60,1084.8,420.9,9,6.205,0.0312,24.697,0.1002,False,0,784,0.07,2,30,0.129,1744,13490,8173
v27,0,175,157,1225.8,240.5,60,1090.9,394.6,6,6.4141,0.0089,25.6231,0.1225,False,0,784,0.03,1,30,0.129,1747,13573,8226
v27,0,176,183,1167.8,225.6,60,1051.4,336.1,2,8.5915,0.1414,33.803,0.1293,False,0,784,0.03,1,30,0.128,1750,13659,8282
v27,0,177,168,1213.8,235.8,60,1098.3,363.8,6,7.6281,-0.0116,30.5604,0.0879,False,0,784,0.03,1,30,0.127,1751,13751,8341
v27,0,178,184,1120.8,225.3,60,1102.6,333.0,3,8.5311,-0.0039,34.1417,0.0752,False,0,784,0.0,0,30,0.127,1755,13844,8396
v27,0,179,168,1231.8,238.5,60,887.4,356.3,5,6.534,0.008,26.1059,0.1072,False,0,784,0.03,1,30,0.126,1757,13932,8454
v27,0,180,167,1204.5,230.8,60,1089.4,381.7,5,6.6839,0.0116,26.6914,0.1042,False,0,784,0.0,0,30,0.126,1760,14019,8511
v27,0,181,169,1238.2,239.9,60,1057.1,348.2,5,7.6772,0.0729,30.4198,0.136,False,0,784,0.0,0,30,0.125,1763,14097,8567
v27,0,182,175,1183.0,226.5,60,986.6,363.3,3,6.1005,0.0248,24.3048,0.1039,False,0,784,0.0,0,30,0.124,1765,14182,8623
v27,0,183,187,1125.2,217.9,60,1175.1,344.8,10,7.9809,0.1195,31.448,0.1061,False,0,784,0.03,1,30,0.124,1767,14269,8680
v27,0,184,184,1129.5,211.0,60,1242.5,377.1,7,7.8051,-0.0176,31.2936,0.1376,False,0,784,0.03,1,30,0.123,1770,14365,8732
v27,0,185,164,1228.8,242.2,60,1223.5,361.9,6,7.4342,0.1054,29.3172,0.105,False,0,784,0.03,1,30,0.123,1772,14451,8786
v27,0,186,211,1082.0,213.6,60,1148.8,272.8,7,7.5773,-0.0984,30.7042,0.0799,False,0,784,0.03,1,30,0.122,1777,14568,8841
v27,0,187,198,1125.5,220.3,60,1213.8,297.0,6,9.6846,0.0691,38.4634,0.0674,False,0,784,0.0,0,30,0.121,1780,14656,8896
v27,0,188,228,1109.0,215.1,60,878.4,206.5,3,7.9312,-0.0334,31.8597,0.0746,False,0,784,0.03,1,30,0.121,1784,14774,8950
v27,0,189,173,1175.2,233.5,60,1213.5,350.7,3,9.3917,0.0631,37.316,0.0836,False,0,784,0.03,1,30,0.12,1786,14867,9009
v27,0,190,177,1253.7,239.2,60,1286.2,318.3,4,7.0431,0.0438,27.9995,0.1109,False,0,784,0.0,0,30,0.119,1787,14960,9068
v27,0,191,189,1212.5,225.6,60,1233.9,313.5,2,8.0811,-0.0269,32.4338,0.0886,False,0,784,0.0,0,30,0.119,1790,15048,9124
v27,0,192,187,1168.9,221.8,60,1536.5,332.8,8,7.328,-0.0101,29.3538,0.0741,False,0,784,0.0,0,30,0.118,1791,15140,9182
v27,0,193,189,1283.8,240.0,60,1210.5,268.0,6,6.8156,-0.0295,27.3815,0.0741,False,0,784,0.07,2,30,0.118,1795,15230,9234
v27,0,194,195,1233.6,229.9,60,1320.2,276.7,5,7.143,0.031,28.4504,0.1189,False,0,784,0.0,0,30,0.117,1795,15309,9290
v27,0,195,192,1290.0,242.5,60,1147.8,248.1,5,7.9197,0.0586,31.4461,0.0901,False,0,784,0.07,2,30,0.117,1797,15407,9345
v27,0,196,192,1230.4,234.6,60,1215.0,273.4,3,5.6302,-0.0146,22.5809,0.0883,False,0,784,0.0,0,30,0.116,1798,15503,9402
v27,0,197,177,1220.5,242.2,60,1093.8,309.6,2,7.1182,0.0938,28.0996,0.096,False,0,784,0.03,1,30,0.115,1798,15588,9459
v27,0,198,191,1207.7,231.8,60,1381.9,286.1,6,7.2578,0.082,28.7047,0.0685,False,0,784,0.0,0,30,0.115,1799,15688,9518
v27,0,199,195,1205.9,230.9,60,1163.5,273.6,2,7.5896,0.0122,30.3117,0.0926,False,0,784,0.0,0,30,0.114,1803,15789,9572
v27,0,200,194,1271.2,246.8,60,984.0,225.9,2,7.6246,0.0968,30.1131,0.1067,False,0,784,0.03,1,30,0.114,1804,15888,9630
v27,0,201,184,1227.1,251.2,60,1104.5,253.6,3,8.132,0.0449,32.3502,0.1012,False,0,784,0.0,0,30,0.113,1806,15981,9690
v27,0,202,197,1155.4,230.9,60,1000.2,265.7,2,6.441,0.0047,25.7469,0.092,False,0,784,0.0,0,30,0.112,1807,16079,9749
v27,0,203,153,1265.4,246.3,60,728.7,396.0,2,4.7619,0.0237,18.956,0.1479,False,0,784,0.0,0,30,0.112,1809,16165,9807
v27,0,204,198,1215.2,239.0,60,1098.3,235.3,2,5.738,0.0715,22.668,0.1018,False,0,784,0.0,0,30,0.111,1809,16265,9866
v27,0,205,215,1169.6,231.5,60,971.9,194.5,2,7.73,0.1263,30.4157,0.0583,False,0,784,0.03,1,30,0.111,1810,16369,9924
v27,0,206,201,1170.3,227.5,60,1196.6,261.8,3,6.0397,0.0154,24.0993,0.1066,False,0,784,0.0,0,30,0.11,1810,16464,9983
v27,0,207,206,1162.0,223.2,60,1163.4,257.7,1,5.062,-0.0368,20.3975,0.1092,False,0,784,0.0,0,30,0.109,1811,16582,10040
v27,0,208,202,1222.6,242.3,60,930.0,208.4,0,5.3911,-0.006,21.5903,0.0942,False,0,784,0.0,0,30,0.109,1812,16693,10099
v27,0,209,207,1194.8,230.6,60,1027.9,228.4,3,7.6311,0.0679,30.254,0.0618,False,0,784,0.0,0,30,0.108,1812,16794,10159
v27,0,210,192,1207.7,231.7,60,1265.4,282.6,3,6.772,-0.0098,27.1291,0.0885,False,0,784,0.0,0,30,0.107,1813,16888,10216
v27,0,211,205,1214.2,229.7,60,1117.7,239.1,1,6.4933,0.0148,25.9155,0.0779,False,0,784,0.0,0,30,0.107,1814,16977,10273
v27,0,212,203,1262.0,238.0,60,1115.8,218.8,3,6.0415,0.0565,23.9416,0.0922,False,0,784,0.0,0,30,0.106,1815,17086,10332
v27,0,213,211,1191.9,232.5,60,1010.3,206.6,1,5.6761,0.0353,22.5649,0.0809,False,0,784,0.0,0,30,0.106,1816,17198,10390
v27,0,214,191,1264.4,240.3,60,1087.3,259.2,2,6.6077,0.2802,25.3121,0.1171,False,0,784,0.0,0,30,0.105,1818,17301,10449
v27,0,215,216,1184.8,224.2,60,1092.4,216.9,2,6.7137,0.076,26.5525,0.0924,False,0,784,0.0,0,30,0.104,1819,17415,10508
v27,0,216,161,1276.7,238.7,60,1159.2,383.4,4,4.8839,0.4929,17.5653,0.0698,False,0,784,0.03,1,30,0.104,1819,17498,10566
v27,0,217,169,1187.8,217.8,60,1122.6,410.6,4,5.5203,0.0344,21.9449,0.0702,False,0,784,0.0,0,30,0.104,1822,17589,10623
v27,0,218,151,1220.9,221.9,60,1128.7,465.4,3,4.863,0.0377,19.3028,0.0814,False,0,784,0.03,1,30,0.103,1823,17662,10681
v27,0,219,175,1177.9,216.7,60,1032.3,391.9,2,8.0512,0.0588,31.9708,0.0689,False,0,784,0.03,1,30,0.103,1823,17747,10740
v27,0,220,149,1278.3,238.5,60,1069.4,431.6,5,5.316,0.0267,21.159,0.0842,False,0,784,0.0,0,30,0.102,1824,17827,10799
v27,0,221,166,1214.9,225.1,60,1119.9,401.2,5,5.5433,-0.0156,22.2376,0.0988,False,0,784,0.07,2,30,0.102,1828,17919,10854
v27,0,222,152,1223.6,218.9,60,1058.5,469.4,3,6.4213,0.1161,25.2229,0.0871,False,0,784,0.0,0,30,0.102,1830,17996,10911
v27,0,223,168,1157.8,205.2,60,922.9,449.5,3,5.3632,-0.0193,21.5315,0.0829,False,0,784,0.0,0,30,0.101,1833,18086,10968
v27,0,224,172,1172.0,212.4,60,914.2,415.2,2,7.2543,0.0769,28.7111,0.0851,False,0,784,0.0,0,30,0.101,1833,18175,11025
v27,0,225,150,1275.9,231.9,60,1162.9,444.3,5,6.4618,0.1334,25.3152,0.0889,False,0,784,0.0,0,30,0.101,1836,18248,11083
v27,0,226,153,1289.8,244.0,60,1076.6,401.8,3,7.8868,0.5724,29.259,0.0716,False,0,784,0.03,1,30,0.1,1836,18320,11139
v27,0,227,165,1177.9,217.8,60,928.3,425.1,1,6.9735,-0.0053,27.9169,0.0867,False,0,784,0.0,0,30,0.1,1836,18401,11197
v27,0,228,154,1267.0,227.8,60,1199.4,439.3,6,6.2208,0.0575,24.6549,0.0805,False,0,784,0.03,1,30,0.099,1838,18473,11256
v27,0,229,162,1224.7,217.0,60,1173.0,438.2,8,6.1871,0.0203,24.6687,0.0708,False,0,784,0.0,0,30,0.099,1839,18557,11312
v27,0,230,139,1319.2,243.4,60,1391.0,460.0,11,5.3781,0.008,21.4814,0.0606,False,0,784,0.13,4,30,0.099,1846,18626,11364
v27,0,231,166,1281.5,239.5,60,1142.7,361.4,7,6.2738,-0.0775,25.4065,0.0611,False,0,784,0.0,0,30,0.099,1849,18721,11419
v27,0,232,172,1210.1,229.3,60,1101.2,366.8,5,6.1042,0.0438,24.2425,0.0566,False,0,784,0.07,2,30,0.099,1854,18806,11473
v27,0,233,213,1162.1,212.3,60,956.2,270.3,5,7.7441,0.1285,30.4637,0.0512,False,0,784,0.03,1,30,0.098,1855,18913,11531
v27,0,234,188,1233.9,225.7,60,860.1,316.7,6,8.3039,0.093,32.8444,0.035,False,0,784,0.1,3,30,0.098,1857,19005,11587
v27,0,235,164,1297.2,231.2,60,1280.3,392.2,8,7.4675,0.0294,29.7534,0.0496,False,0,784,0.1,3,30,0.097,1858,19087,11644
v27,0,236,206,1105.3,199.8,60,1020.3,338.1,4,6.922,0.019,27.6129,0.0496,False,0,784,0.0,0,30,0.097,1859,19190,11699
v27,0,237,183,1181.9,214.4,60,1014.1,370.1,3,6.3815,-0.0719,25.8145,0.0424,False,0,784,0.0,0,30,0.097,1860,19273,11756
v27,0,238,159,1176.0,221.1,60,1253.0,438.0,2,5.1357,-0.0189,20.62,0.0636,False,0,784,0.0,0,30,0.096,1863,19346,11813
v27,0,239,171,1167.3,208.2,60,1086.3,430.6,4,7.8832,0.0452,31.3532,0.0607,False,0,784,0.0,0,30,0.096,1865,19440,11871
v27,0,240,184,1186.7,210.4,60,1031.1,378.8,4,7.195,0.0295,28.6631,0.05,False,0,784,0.03,1,30,0.096,1866,19534,11927
v27,0,241,155,1172.3,201.8,60,1154.9,502.6,3,6.2599,0.0905,24.6784,0.0308,False,0,784,0.03,1,30,0.095,1867,19609,11984
v27,0,242,182,1113.3,202.2,60,1367.0,410.6,6,7.4311,0.0326,29.5958,0.0833,False,0,784,0.0,0,30,0.095,1867,19719,12042
v27,0,243,175,1129.3,222.0,60,972.5,376.6,2,5.393,-0.1083,22.0062,0.0535,False,0,784,0.07,2,30,0.094,1871,19812,12096
v27,0,244,181,1186.0,218.3,60,1105.4,365.3,2,7.9728,0.0492,31.6958,0.0691,False,0,784,0.0,0,30,0.094,1871,19906,12156
v27,0,245,153,1192.7,218.2,60,947.8,467.7,2,6.7389,0.1677,26.2867,0.0945,False,0,784,0.03,1,30,0.094,1871,19993,12214
v27,0,246,184,1088.6,200.4,60,1097.3,409.5,1,7.0326,0.0814,27.8061,0.0709,False,0,784,0.0,0,30,0.093,1871,20089,12273
v27,0,247,177,1180.0,212.4,60,949.7,397.6,0,6.9482,0.0614,27.5481,0.0547,False,0,784,0.0,0,30,0.093,1872,20189,12332
v27,0,248,154,1180.5,213.8,60,910.5,475.2,0,6.1951,0.0139,24.7262,0.0679,False,0,784,0.0,0,30,0.092,1872,20259,12392
v27,0,249,149,1151.4,218.4,60,906.6,481.7,0,6.206,0.0867,24.4793,0.1005,False,0,784,0.0,0,30,0.092,1872,20332,12452
v27,1,0,131,736.8,343.4,60,472.3,274.3,115,4.3842,0.0788,17.2365,1.7819,False,744,784,0.0,0,0,0.0,0,2,0
v27,1,1,98,911.4,480.6,60,535.6,239.0,136,4.2552,-0.0136,17.1004,1.7623,False,664,784,0.0,0,0,0.0,0,6,14
v27,1,2,230,529.0,203.8,60,674.5,242.9,94,3.8166,-0.0379,15.4381,1.7462,False,624,784,0.13,4,30,0.0,0,12,30
v27,1,3,208,638.0,237.3,60,479.3,201.3,64,4.4935,-0.0975,18.3845,1.7041,False,544,784,0.0,0,30,0.0,0,16,58
v27,1,4,175,712.5,268.3,60,666.0,241.4,56,4.2475,0.0223,16.9213,1.6804,False,464,784,0.0,0,30,0.0,0,22,105
v27,1,5,541,407.0,95.1,60,679.6,166.4,36,8.2062,0.0592,32.5922,1.6314,False,384,784,0.0,0,30,0.0,0,34,145
v27,1,6,835,339.7,62.8,60,687.8,149.8,20,10.0718,-0.0503,40.4943,1.6241,False,384,784,0.0,0,30,0.0,0,50,195
v27,1,7,635,389.7,85.7,60,535.2,117.5,9,5.8134,-0.0116,23.3102,1.6608,False,344,784,0.0,0,30,0.0,0,64,247
v27,1,8,666,335.8,87.7,60,256.5,50.9,0,5.4626,-0.0744,22.1594,1.6695,False,304,784,0.0,0,30,0.0,0,74,300
v27,1,9,624,356.4,91.7,60,363.8,70.6,4,7.4448,0.0723,29.5011,1.6402,False,304,784,0.0,0,30,0.0,0,85,360
v27,1,10,630,350.8,89.4,60,400.7,85.2,4,7.5128,0.0227,29.9733,1.6522,False,304,784,0.0,0,30,0.0,0,101,419
v27,1,11,639,372.8,91.0,60,307.5,54.5,2,5.6899,-0.0308,22.8967,1.634,False,304,784,0.0,0,30,0.0,0,113,476
v27,1,12,609,395.7,93.0,60,400.0,80.1,0,6.8095,0.0211,27.1656,1.6343,False,304,784,0.0,0,30,0.0,0,129,536
v27,1,13,577,426.2,95.6,60,549.7,104.6,6,7.1252,-0.0749,28.8098,1.6019,False,304,784,0.0,0,30,0.0,0,142,596
v27,1,14,556,448.0,98.8,60,601.0,108.1,6,8.7425,0.1177,34.5079,1.5521,False,304,784,0.03,1,30,0.0,0,156,652
v27,1,15,482,520.0,113.7,60,621.5,110.6,14,9.1053,-0.0593,36.6656,1.5163,False,304,784,0.0,0,30,0.0,0,165,708
v27,1,16,474,536.7,108.6,60,787.4,166.0,18,8.7393,0.0667,34.7006,1.4995,False,304,784,0.07,2,30,0.0,0,179,764
v27,1,17,400,653.4,133.6,60,602.7,133.2,12,9.8103,0.0611,39.0071,1.5143,False,264,784,0.03,1,30,0.0,0,185,813
v27,1,18,414,574.0,125.5,60,725.1,158.2,11,11.9088,0.078,47.3324,1.4254,False,224,784,0.1,3,30,0.0,0,194,868
v27,1,19,524,406.0,97.0,60,776.0,177.2,14,12.0307,0.042,47.9647,1.4257,False,184,784,0.03,1,30,0.0,0,205,923
v27,1,20,366,614.6,143.5,60,658.1,148.9,12,10.4601,0.0468,41.6619,1.4093,False,144,784,0.07,2,30,0.0,0,208,973
v27,1,21,375,592.2,116.1,60,1397.6,298.5,23,15.0745,0.0471,60.1168,1.3927,False,104,784,0.07,2,30,0.0,0,221,1026
v27,1,22,419,729.9,122.6,60,994.3,167.8,7,11.6532,-0.0799,46.9395,1.3514,False,64,784,0.0,0,30,0.0,0,227,1069
v27,1,23,353,822.0,146.0,60,918.5,165.2,17,11.2632,-0.039,45.2168,1.3558,False,24,784,0.0,0,2,0.0,0,237,1124
v27,1,24,368,848.4,135.7,60,1080.0,191.8,10,11.5161,-0.0705,46.3544,1.2985,False,24,784,0.03,1,30,0.0,0,247,1177
v27,1,25,305,977.8,155.2,60,1354.6,235.3,7,10.3135,0.0738,40.9694,1.3412,False,0,784,0.03,1,30,0.0,0,403,1231
v27,1,26,299,998.1,158.5,60,1342.8,234.1,13,10.45,-0.0892,42.1671,1.2887,False,0,784,0.07,2,30,0.011,6,556,1285
v27,1,27,283,1002.9,160.7,60,1514.1,265.9,17,12.4382,0.1176,49.2913,1.2748,False,0,784,0.03,1,30,0.017,12,706,1336
v27,1,28,237,1274.6,204.4,60,1328.4,216.4,14,11.1476,0.0185,44.5258,1.2394,False,0,784,0.03,1,30,0.028,23,819,1383
v27,1,29,272,1148.9,181.3,60,1207.5,202.2,10,12.1424,0.0112,48.5368,1.2475,False,0,784,0.07,2,30,0.031,30,964,1435
v27,1,30,245,1195.8,193.3,60,1399.9,234.7,19,13.2489,0.0015,53.0013,1.2686,False,0,784,0.17,5,30,0.036,39,1089,1489
v27,1,31,231,1301.5,207.6,60,1364.6,224.6,18,10.6772,0.0067,42.693,1.1961,False,0,784,0.1,3,30,0.041,50,1216,1541
v27,1,32,215,1333.8,213.7,60,1433.3,258.1,18,10.0275,-0.0011,40.1268,1.2166,False,0,784,0.13,4,30,0.042,55,1321,1591
v27,1,33,213,1369.6,224.5,60,1385.9,226.9,19,11.6852,-0.0174,46.8246,1.2345,False,0,784,0.13,4,30,0.047,68,1432,1639
v27,1,34,186,1405.5,231.9,60,1744.3,305.1,26,9.8581,-0.0665,39.7113,1.1093,False,0,784,0.2,6,30,0.051,77,1521,1691
v27,1,35,188,1415.2,224.0,60,1782.1,322.1,27,10.0036,-0.1157,40.4907,1.0792,False,0,784,0.1,3,30,0.056,92,1629,1737
v27,1,36,149,1708.7,274.3,60,1970.0,342.7,31,9.737,-0.0244,39.0605,1.122,False,0,784,0.27,8,30,0.063,108,1712,1779
v27,1,37,143,1694.7,282.3,60,1863.2,351.2,38,7.8542,0.0033,31.4206,1.1016,False,0,784,0.3,9,30,0.067,121,1798,1821
v27,1,38,128,1973.8,341.0,60,1681.8,296.6,38,8.3067,0.0108,33.2008,1.0861,False,0,784,0.43,13,30,0.074,139,1871,1860
v27,1,39,127,1822.9,312.6,60,1933.6,362.2,46,8.5502,0.0643,33.9613,1.079,False,0,784,0.43,13,30,0.078,151,1935,1905
v27,1,40,136,1725.5,273.1,60,2247.8,405.1,40,9.0873,0.0932,35.9933,1.0019,False,0,784,0.2,6,30,0.086,173,2009,1941
v27,1,41,116,2030.2,351.3,60,1916.4,344.8,40,6.9395,0.0279,27.6648,1.0196,False,0,784,0.37,11,30,0.096,199,2077,1975
v27,1,42,132,1780.8,281.3,60,2203.1,405.1,41,8.5491,0.0359,34.0719,1.025,False,0,784,0.23,7,30,0.1,214,2150,2018
v27,1,43,135,1809.8,300.0,60,1984.7,348.9,43,6.2825,0.0024,25.1404,1.0226,False,0,784,0.4,12,30,0.107,238,2227,2053
v27,1,44,122,1927.7,307.8,60,2224.8,398.2,44,7.5258,0.0019,30.115,0.9887,False,0,784,0.33,10,30,0.112,256,2295,2092
v27,1,45,111,1922.5,335.1,60,2170.3,404.1,47,6.6936,0.0111,26.75,1.0159,False,0,784,0.43,13,30,0.118,280,2363,2126
v27,1,46,102,2202.6,385.8,60,2118.1,368.1,49,7.3674,0.107,29.0606,0.9657,False,0,784,0.53,16,30,0.125,302,2424,2162
v27,1,47,92,2110.5,354.9,60,2584.3,479.9,54,6.6528,-0.0014,26.6355,0.9372,False,0,784,0.43,13,30,0.129,319,2475,2200
v27,1,48,90,2329.7,431.9,60,2064.5,376.1,56,6.0644,-0.0119,24.3242,0.9485,False,0,784,0.47,14,30,0.141,358,2543,2227
v27,1,49,95,2394.7,433.3,60,1990.2,337.9,55,6.1494,0.0987,24.2223,0.9857,False,0,784,0.43,13,30,0.15,390,2599,2263
v27,1,50,81,2780.1,534.0,60,1824.9,303.0,57,4.7187,-0.0339,19.0295,0.9723,False,0,784,0.77,23,30,0.156,414,2648,2302
v27,1,51,106,2180.5,395.7,60,1869.9,324.9,50,5.8803,-0.0141,23.5951,0.8787,False,0,784,0.4,12,30,0.165,448,2717,2344
v27,1,52,103,2074.5,359.6,60,2215.0,406.7,52,10.8239,0.259,42.2773,0.8879,False,0,784,0.37,11,30,0.17,471,2777,2387
v27,1,53,109,2018.2,352.4,60,2166.6,383.9,52,7.6294,0.1092,30.0987,0.893,False,0,784,0.43,13,30,0.174,492,2832,2421
v27,1,54,108,2154.3,389.6,60,1858.9,322.7,48,6.3412,0.0228,25.292,0.9176,False,0,784,0.57,17,30,0.179,518,2896,2454
v27,1,55,113,2024.1,355.0,60,1991.4,355.5,46,6.9912,0.0447,27.8032,0.8508,False,0,784,0.43,13,30,0.183,543,2961,2496
v27,1,56,103,2278.6,404.2,60,1837.4,330.1,52,6.7959,0.0699,26.9203,0.8159,False,0,784,0.53,16,30,0.188,568,3021,2537
v27,1,57,79,2870.6,575.6,60,1599.0,266.1,58,4.0217,-0.0603,16.3452,0.8581,False,0,784,0.77,23,30,0.195,598,3068,2577
v27,1,58,80,2765.6,525.6,60,1901.1,323.2,54,5.3843,-0.0298,21.6713,0.7628,False,0,784,0.43,13,30,0.201,627,3122,2624
v27,1,59,79,2841.1,537.3,60,1942.5,316.6,56,3.7828,-0.0746,15.4439,0.7232,False,0,784,0.77,23,30,0.205,650,3165,2667
v27,1,60,100,2306.2,438.3,60,1692.0,293.5,52,7.1058,0.0661,28.1731,0.7068,False,0,784,0.6,18,30,0.21,679,3226,2709
v27,1,61,118,2059.0,373.3,60,1680.4,289.9,47,6.8792,-0.0422,27.7001,0.7249,False,0,784,0.5,15,30,0.213,702,3290,2752
v27,1,62,81,2452.1,450.2,60,2174.1,416.3,57,4.424,-0.0127,17.7625,0.7849,False,0,784,0.47,14,30,0.216,724,3345,2795
v27,1,63,94,2502.6,463.7,60,1751.8,297.5,54,5.6143,-0.0404,22.6348,0.8053,False,0,784,0.57,17,30,0.222,757,3416,2827
v27,1,64,85,2720.8,521.0,60,1683.8,285.9,56,6.3245,0.116,24.8501,0.8061,False,0,784,0.73,22,30,0.226,785,3471,2869
v27,1,65,92,2499.9,459.1,60,1809.8,320.0,52,5.7106,0.0086,22.8232,0.7684,False,0,784,0.67,20,30,0.229,805,3519,2914
v27,1,66,71,3008.5,602.4,60,1827.8,311.2,59,5.2176,0.0899,20.5248,0.715,False,0,784,0.73,22,30,0.234,834,3562,2956
v27,1,67,76,3054.6,585.6,60,1662.0,282.2,55,3.9062,-0.0357,15.782,0.7284,False,0,784,0.87,26,30,0.238,856,3600,2999
v27,1,68,71,3254.3,647.0,60,1581.9,258.4,58,3.8107,0.0324,15.1276,0.7153,False,0,784,0.87,26,30,0.243,885,3642,3045
v27,1,69,75,3185.9,624.8,60,1472.7,243.0,58,3.5256,-0.0253,14.218,0.7325,False,0,784,0.9,27,30,0.247,910,3682,3093
v27,1,70,75,3085.5,603.0,60,1646.1,270.2,58,3.4679,-0.006,13.9086,0.6518,False,0,784,0.87,26,30,0.251,935,3725,3140
v27,1,71,70,3147.1,616.4,60,1782.1,304.9,59,5.3072,0.0056,21.2202,0.6956,False,0,784,0.73,22,30,0.255,959,3760,3186
v27,1,72,75,3146.1,610.8,60,1646.8,260.5,56,4.786,0.036,19.0139,0.6994,False,0,784,0.9,27,30,0.259,987,3805,3229
v27,1,73,71,3052.0,578.1,60,1839.0,340.0,56,4.3899,0.064,17.3163,0.644,False,0,784,0.57,17,30,0.263,1014,3852,3278
v27,1,74,72,3290.5,656.8,60,1611.9,235.9,58,4.4583,0.0755,17.5452,0.7204,False,0,784,0.87,26,30,0.269,1050,3899,3320
v27,1,75,75,2874.0,534.7,60,2070.8,355.6,56,4.8335,-0.0154,19.4091,0.6655,False,0,784,0.67,20,30,0.272,1071,3936,3372
v27,1,76,72,3022.2,568.9,60,2029.0,341.3,60,5.5906,0.1031,21.9615,0.592,False,0,784,0.6,18,30,0.276,1099,3979,3413
v27,1,77,76,3021.0,560.0,60,1835.7,314.7,58,5.4932,0.1021,21.5759,0.5783,False,0,784,0.67,20,30,0.28,1129,4025,3453
v27,1,78,71,3308.1,662.1,60,1588.0,240.6,59,3.8163,0.0439,15.1022,0.6361,False,0,784,0.97,29,30,0.285,1160,4067,3495
v27,1,79,71,2981.4,534.4,60,2224.1,391.7,55,3.1683,-0.0684,12.9578,0.5536,False,0,784,0.7,21,30,0.287,1180,4108,3546
v27,1,80,77,2955.2,558.9,60,1951.3,306.7,56,4.0142,0.0391,15.9127,0.6343,False,0,784,0.73,22,30,0.291,1208,4154,3586
v27,1,81,97,2347.1,419.2,60,2057.7,346.3,54,6.9998,-0.0608,28.2544,0.6014,False,0,784,0.7,21,30,0.292,1227,4195,3632
v27,1,82,87,2588.6,464.4,60,2054.6,350.6,56,5.31,-0.0128,21.3027,0.567,False,0,784,0.47,14,30,0.296,1258,4251,3671
v27,1,83,78,2946.9,536.0,60,1958.4,327.2,58,4.209,0.0214,16.7612,0.5405,False,0,784,0.6,18,30,0.3,1290,4304,3710
v27,1,84,81,2840.9,516.5,60,2071.3,326.7,57,5.7823,0.0464,22.954,0.5257,False,0,784,0.67,20,30,0.303,1317,4347,3752
v27,1,85,79,2793.4,500.9,60,2171.4,364.5,57,4.4692,-0.116,18.3511,0.5142,False,0,784,0.67,20,30,0.306,1344,4394,3794
v27,1,86,78,2882.1,508.6,60,2193.7,362.9,57,5.5101,0.0506,21.8487,0.5245,False,0,784,0.67,20,30,0.309,1371,4443,3834
v27,1,87,78,2807.5,502.4,60,2160.2,370.9,56,5.3805,0.0461,21.3475,0.4956,False,0,784,0.63,19,30,0.311,1398,4490,3872
v27,1,88,80,2770.5,505.4,60,2111.2,350.2,57,5.3292,-0.0053,21.3479,0.4958,False,0,784,0.63,19,30,0.314,1427,4543,3912
v27,1,89,93,2401.5,416.6,60,2127.0,378.3,55,5.1433,-0.0102,20.6231,0.4625,False,0,784,0.63,19,30,0.316,1453,4599,3952
v27,1,90,97,2474.3,420.4,60,2067.6,344.3,56,7.4005,-0.0107,29.6545,0.4746,False,0,784,0.43,13,30,0.318,1485,4663,3988
v27,1,91,88,2671.6,470.6,60,2023.9,333.8,55,6.2842,0.0677,24.8752,0.4629,False,0,784,0.57,17,30,0.322,1522,4728,4025
v27,1,92,88,2710.9,492.9,60,1869.4,301.0,58,4.8999,-0.0515,19.8151,0.4836,False,0,784,0.77,23,30,0.324,1550,4787,4067
v27,1,93,90,2713.9,469.7,60,2059.7,319.4,53,3.4561,-0.0688,14.1084,0.4419,False,0,784,0.8,24,30,0.325,1573,4840,4110
v27,1,94,87,2636.6,467.2,60,2130.4,346.5,57,3.585,-0.0684,14.6221,0.4382,False,0,784,0.77,23,30,0.326,1595,4887,4154
v27,1,95,91,2518.6,446.7,60,2023.0,346.5,49,4.5765,-0.0527,18.5239,0.3752,False,0,784,0.5,15,30,0.329,1625,4945,4194
v27,1,96,85,2764.3,496.3,60,1888.0,320.9,56,6.2877,0.1065,24.7336,0.4581,False,0,784,0.5,15,30,0.332,1657,4993,4238
v27,1,97,84,2634.6,463.6,60,2131.0,375.0,58,4.7137,-0.0312,18.987,0.3812,False,0,784,0.6,18,30,0.334,1683,5044,4281
v27,1,98,85,2447.2,428.9,60,2325.9,416.4,56,6.8912,0.1035,27.159,0.4282,False,0,784,0.67,20,30,0.335,1704,5093,4318
v27,1,99,115,2100.2,362.7,60,2032.6,328.9,52,5.6245,-0.1203,22.9865,0.371,False,0,784,0.5,15,30,0.336,1735,5165,4353
v27,1,100,95,2537.7,442.5,60,1925.6,323.4,54,4.9798,-0.0626,20.1769,0.3851,False,0,784,0.6,18,30,0.338,1766,5225,4392
v27,1,101,106,2338.2,390.0,60,2117.7,335.0,54,5.5533,0.0002,22.2196,0.3756,False,0,784,0.6,18,30,0.339,1791,5288,4435
v27,1,102,99,2255.6,366.2,60,2250.9,419.8,52,6.9865,-0.0452,28.1342,0.3801,False,0,784,0.5,15,30,0.338,1811,5353,4473
v27,1,103,98,2529.1,424.0,60,2084.3,331.5,54,6.3842,0.0346,25.4056,0.3636,False,0,784,0.6,18,30,0.339,1837,5413,4507
v27,1,104,89,2537.9,442.2,60,2170.2,368.1,52,6.1594,0.0182,24.5714,0.337,False,0,784,0.57,17,30,0.341,1862,5465,4547
v27,1,105,115,2083.1,342.8,60,1929.0,367.0,48,6.3767,-0.0222,25.6023,0.3432,False,0,784,0.43,13,30,0.34,1885,5538,4588
v27,1,106,97,2383.0,412.5,60,2155.3,357.1,55,6.5194,0.0155,26.0227,0.3461,False,0,784,0.63,19,30,0.341,1907,5588,4628
v27,1,107,116,1882.8,316.4,60,2290.2,412.3,50,6.6344,-0.0444,26.7223,0.3779,False,0,784,0.53,16,30,0.341,1927,5649,4666
v27,1,108,123,1950.3,318.6,60,2261.9,370.8,46,5.9435,-0.0453,23.9616,0.3273,False,0,784,0.5,15,30,0.341,1952,5721,4700
v27,1,109,99,2230.7,384.1,60,2128.6,390.3,52,6.9059,0.0111,27.586,0.3356,False,0,784,0.6,18,30,0.342,1977,5783,4739
v27,1,110,118,1863.0,302.5,60,2316.8,429.1,44,7.7106,0.0078,30.8185,0.3675,False,0,784,0.2,6,30,0.341,1999,5862,4777
v27,1,111,123,2002.1,328.1,60,2083.4,351.5,42,8.2354,-0.0024,32.9569,0.2742,False,0,784,0.3,9,30,0.341,2022,5931,4811
v27,1,112,124,2079.0,341.8,60,1906.5,317.6,41,9.4116,0.0584,37.4196,0.3408,False,0,784,0.47,14,30,0.34,2042,6004,4849
v27,1,113,106,2233.3,372.2,60,2179.7,366.5,49,8.2489,0.0738,32.7061,0.285,False,0,784,0.53,16,30,0.34,2059,6055,4892
v27,1,114,117,1974.7,316.9,60,2257.8,406.1,48,6.5186,0.0058,26.0564,0.2783,False,0,784,0.4,12,30,0.34,2079,6116,4929
v27,1,115,111,1949.0,326.2,60,2328.2,420.5,48,6.8855,-0.036,27.6915,0.2819,False,0,784,0.33,10,30,0.34,2105,6194,4963
v27,1,116,109,1995.5,358.7,60,1890.5,372.4,46,8.2482,0.1034,32.5855,0.3207,False,0,784,0.53,16,30,0.341,2129,6249,4997
v27,1,117,111,1891.5,325.0,60,2286.0,422.7,39,8.0253,0.0239,32.0114,0.2989,False,0,784,0.2,6,30,0.341,2154,6321,5036
v27,1,118,141,1786.1,281.0,60,1944.0,363.6,35,8.6606,-0.0462,34.8318,0.2364,False,0,784,0.23,7,30,0.339,2170,6397,5073
v27,1,119,118,1862.7,317.2,60,2126.5,400.1,36,9.8669,0.0932,39.1007,0.2959,False,0,784,0.27,8,30,0.339,2192,6468,5112
v27,1,120,125,1893.0,296.0,60,2334.0,407.3,46,9.4781,0.0584,37.6849,0.2913,False,0,784,0.3,9,30,0.338,2216,6549,5153
v27,1,121,123,2017.0,318.9,60,2180.0,370.3,42,8.1285,0.0528,32.3078,0.2461,False,0,784,0.33,10,30,0.339,2243,6624,5187
v27,1,122,148,1653.7,280.4,60,1802.2,332.3,30,10.4085,0.0305,41.5167,0.2505,False,0,784,0.37,11,30,0.337,2257,6698,5229
v27,1,123,138,1643.6,272.1,60,2008.6,398.3,32,10.5643,0.3151,41.0016,0.2517,False,0,784,0.3,9,30,0.335,2266,6766,5275
v27,1,124,114,1671.6,280.2,60,2195.7,491.6,33,10.2619,-0.0172,41.1229,0.3326,False,0,784,0.17,5,30,0.334,2282,6830,5316
v27,1,125,125,1845.6,312.4,60,1806.6,373.2,42,10.6436,-0.0016,42.5866,0.2948,False,0,784,0.37,11,30,0.333,2301,6902,5354
v27,1,126,147,1752.9,275.3,60,1986.4,349.6,36,9.291,-0.0243,37.2659,0.2504,False,0,784,0.4,12,30,0.333,2322,6981,5394
v27,1,127,139,1735.0,267.1,60,2095.5,405.1,34,11.4677,0.0205,45.7945,0.299,False,0,784,0.1,3,30,0.332,2342,7060,5436
v27,1,128,149,1815.7,282.0,60,1739.4,323.7,36,9.1969,0.0187,36.718,0.2691,False,0,784,0.37,11,30,0.331,2360,7140,5473
v27,1,129,130,1917.1,307.4,60,1973.5,357.9,43,7.7568,-0.0759,31.3365,0.2823,False,0,784,0.53,16,30,0.329,2374,7213,5517
v27,1,130,153,1757.1,269.1,60,1756.0,337.8,33,8.2347,-0.0649,33.2032,0.242,False,0,784,0.3,9,30,0.328,2393,7296,5557
v27,1,131,143,1755.5,258.2,60,2097.4,408.7,32,7.9871,0.0567,31.7271,0.2774,False,0,784,0.2,6,30,0.326,2404,7369,5599
v27,1,132,129,1908.4,299.2,60,2107.9,380.6,45,8.5355,0.1789,33.4321,0.2904,False,0,784,0.4,12,30,0.326,2425,7441,5639
v27,1,133,138,1846.7,287.8,60,1777.5,361.9,32,6.214,0.0079,24.8296,0.2619,False,0,784,0.37,11,30,0.325,2447,7525,5676
v27,1,134,145,1893.0,300.0,60,1688.0,299.1,35,6.8104,-0.0577,27.477,0.2362,False,0,784,0.37,11,30,0.324,2463,7609,5723
v27,1,135,130,1834.3,282.7,60,2272.8,411.5,39,8.7978,0.0431,35.024,0.2713,False,0,784,0.27,8,30,0.323,2477,7677,5770
v27,1,136,117,2072.7,342.6,60,2079.1,355.9,45,7.7504,0.0136,30.9525,0.2576,False,0,784,0.53,16,30,0.322,2494,7754,5807
v27,1,137,139,1783.8,279.3,60,2181.5,377.1,41,6.9914,-0.0431,28.1426,0.2329,False,0,784,0.33,10,30,0.32,2510,7840,5847
v27,1,138,157,1628.0,263.4,60,1919.2,334.8,35,10.1819,0.0329,40.6006,0.2489,False,0,784,0.17,5,30,0.319,2532,7935,5884
v27,1,139,127,1809.1,307.4,60,1997.1,373.3,40,6.5236,-0.0425,26.2691,0.2378,False,0,784,0.23,7,30,0.318,2551,8011,5925
v27,1,140,140,1743.8,265.7,60,2188.9,403.9,37,9.5051,-0.0058,38.0479,0.2347,False,0,784,0.27,8,30,0.317,2566,8094,5964
v27,1,141,129,1793.6,280.9,60,2159.1,420.0,34,7.4292,-0.0621,29.9707,0.2736,False,0,784,0.2,6,30,0.317,2590,8174,6000
v27,1,142,107,1694.4,272.1,60,2172.0,538.8,28,10.0062,0.1839,39.2954,0.3133,False,0,784,0.13,4,30,0.316,2604,8234,6042
v27,1,143,101,1746.1,262.8,60,2220.4,581.6,23,9.341,0.1264,36.8643,0.2964,False,0,784,0.1,3,30,0.316,2620,8290,6084
v27,1,144,112,1743.8,259.9,60,2174.1,538.9,22,8.468,-0.0349,34.0177,0.2963,False,0,784,0.1,3,30,0.315,2632,8351,6128
v27,1,145,108,1729.3,250.4,60,2170.5,573.4,13,7.7037,0.0337,30.6864,0.3292,False,0,784,0.17,5,30,0.314,2638,8410,6175
v27,1,146,114,1622.9,237.7,60,2005.4,572.4,14,6.8327,0.0266,27.2327,0.4173,False,0,784,0.1,3,30,0.312,2649,8486,6229
v27,1,147,110,1614.7,238.5,60,1974.1,586.7,9,5.6186,-0.0478,22.674,0.411,False,0,784,0.13,4,30,0.311,2657,8542,6284
v27,1,148,119,1584.9,217.0,60,2053.9,593.5,6,6.6142,0.0013,26.458,0.322,False,0,784,0.07,2,30,0.309,2657,8611,6343
v27,1,149,126,1567.8,224.8,60,1909.1,552.0,8,7.267,0.0134,29.021,0.336,False,0,784,0.07,2,30,0.307,2660,8671,6399
v27,1,150,143,1537.0,215.3,60,1616.4,510.9,2,8.01,0.0668,31.7792,0.3089,False,0,784,0.0,0,30,0.305,2664,8742,6454
v27,1,151,164,1508.2,212.6,60,1610.6,442.9,4,7.7225,0.004,30.879,0.2561,False,0,784,0.03,1,30,0.302,2665,8827,6514
v27,1,152,179,1421.7,196.9,60,1671.1,436.5,4,8.6464,-0.0275,34.6994,0.1769,False,0,784,0.0,0,30,0.299,2667,8928,6572
v27,1,153,179,1520.6,209.5,60,1653.0,399.0,4,8.2979,-0.041,33.3605,0.2423,False,0,784,0.0,0,30,0.296,2668,9013,6628
v27,1,154,162,1511.7,219.5,60,1496.9,431.4,8,8.14,0.0507,32.3608,0.1801,False,0,784,0.03,1,30,0.294,2672,9102,6684
v27,1,155,165,1476.1,230.5,60,1383.8,390.1,5,9.2448,0.0432,36.8106,0.2033,False,0,784,0.1,3,30,0.291,2674,9185,6740
v27,1,156,144,1620.2,239.4,60,1693.8,449.5,14,7.3689,0.01,29.4396,0.1981,False,0,784,0.13,4,30,0.289,2676,9255,6799
v27,1,157,140,1655.3,251.5,60,1531.6,437.1,7,7.4402,-0.0037,29.7791,0.1773,False,0,784,0.07,2,30,0.287,2681,9327,6850
v27,1,158,133,1677.2,253.2,60,1785.1,462.7,13,8.517,0.0384,33.918,0.1934,False,0,784,0.1,3,30,0.286,2685,9391,6907
v27,1,159,150,1597.6,245.1,60,1519.8,411.2,9,7.5447,0.0056,30.1596,0.1743,False,0,784,0.1,3,30,0.284,2690,9464,6961
v27,1,160,161,1494.0,222.6,60,1676.3,426.8,9,9.6194,0.0792,38.164,0.1723,False,0,784,0.07,2,30,0.282,2692,9543,7017
v27,1,161,159,1566.5,227.9,60,1864.8,420.0,10,8.2583,-0.0427,33.2073,0.1715,False,0,784,0.1,3,30,0.28,2700,9636,7070
v27,1,162,164,1546.4,222.1,60,1862.6,416.8,14,7.7965,0.0351,31.049,0.1896,False,0,784,0.07,2,30,0.278,2705,9734,7124
v27,1,163,172,1469.1,213.2,60,1677.5,412.7,9,7.8322,0.015,31.2731,0.2141,False,0,784,0.03,1,30,0.276,2710,9822,7174
v27,1,164,172,1477.9,227.4,60,1673.7,372.1,10,8.529,0.1175,33.6491,0.1523,False,0,784,0.03,1,30,0.274,2714,9921,7226
v27,1,165,159,1549.6,237.6,60,1631.6,394.4,14,7.051,-0.0499,28.4065,0.1467,False,0,784,0.07,2,30,0.272,2720,9988,7277
v27,1,166,184,1332.3,209.0,60,1819.7,383.2,17,9.1371,0.0041,36.5358,0.2014,False,0,784,0.07,2,30,0.27,2724,10071,7328
v27,1,167,163,1619.8,246.6,60,1847.9,354.1,20,7.4293,-0.0106,29.7627,0.1566,False,0,784,0.1,3,30,0.269,2737,10166,7374
v27,1,168,199,1441.4,220.2,60,1339.5,293.8,13,9.0956,0.0241,36.2892,0.1682,False,0,784,0.13,4,30,0.267,2747,10270,7422
v27,1,169,165,1536.8,237.6,60,1501.6,370.5,14,7.2911,0.0138,29.1134,0.2132,False,0,784,0.07,2,30,0.266,2751,10361,7475
v27,1,170,196,1439.8,217.5,60,1571.0,313.5,16,7.8578,0.0015,31.4288,0.1901,False,0,784,0.0,0,30,0.264,2761,10472,7524
v27,1,171,197,1336.9,210.8,60,1405.8,331.9,9,8.4655,-0.0,33.8667,0.2382,False,0,784,0.0,0,30,0.262,2768,10582,7571
v27,1,172,185,1488.3,239.2,60,1314.6,286.6,13,7.8814,0.0024,31.5199,0.1975,False,0,784,0.13,4,30,0.26,2775,10683,7624
v27,1,173,194,1464.8,232.0,60,1349.1,273.9,13,9.0938,0.0138,36.3249,0.2536,False,0,784,0.17,5,30,0.258,2779,10776,7678
v27,1,174,191,1399.0,226.1,60,1721.6,304.4,16,8.8366,0.0895,34.9918,0.189,False,0,784,0.13,4,30,0.256,2784,10875,7732
v27,1,175,160,1520.6,245.0,60,1852.4,370.7,24,9.6716,0.0892,38.3338,0.1993,False,0,784,0.1,3,30,0.255,2792,10964,7783
v27,1,176,161,1569.6,247.2,60,1857.9,360.7,20,8.9852,-0.0084,35.9779,0.1896,False,0,784,0.13,4,30,0.254,2801,11049,7825
v27,1,177,191,1500.6,232.7,60,1609.9,283.4,16,10.1217,0.0969,40.1028,0.201,False,0,784,0.07,2,30,0.252,2811,11150,7871
v27,1,178,169,1600.7,256.7,60,1647.6,301.0,22,7.9223,-0.0761,31.9973,0.1808,False,0,784,0.2,6,30,0.251,2821,11229,7920
v27,1,179,168,1517.2,246.6,60,1515.1,333.4,23,10.8556,0.1909,42.6634,0.2228,False,0,784,0.1,3,30,0.25,2830,11320,7969
v27,1,180,165,1561.0,247.8,60,1758.2,342.6,30,9.2427,0.1016,36.5685,0.2045,False,0,784,0.23,7,30,0.249,2843,11402,8013
v27,1,181,183,1584.9,248.2,60,1541.3,267.0,16,8.0398,-0.0366,32.3085,0.1556,False,0,784,0.17,5,30,0.249,2855,11488,8054
v27,1,182,143,1643.4,263.1,60,1895.2,396.8,28,8.8036,0.0533,35.0042,0.15,False,0,784,0.27,8,30,0.248,2863,11560,8107
v27,1,183,158,1532.9,250.6,60,1593.3,364.1,19,7.9136,0.0096,31.6186,0.1367,False,0,784,0.23,7,30,0.247,2873,11646,8151
v27,1,184,139,1447.5,232.8,60,1521.9,484.7,10,8.0926,0.0546,32.1541,0.1225,False,0,784,0.03,1,30,0.246,2878,11721,8201
v27,1,185,145,1417.2,230.6,60,1564.9,466.7,15,10.0586,0.0172,40.1672,0.0941,False,0,784,0.07,2,30,0.245,2886,11797,8253
v27,1,186,151,1392.5,224.5,60,1694.0,458.9,14,8.8079,0.06,34.9947,0.1547,False,0,784,0.07,2,30,0.243,2891,11883,8303
v27,1,187,136,1484.3,247.1,60,1413.5,464.0,14,9.7628,0.0518,38.8471,0.1493,False,0,784,0.1,3,30,0.242,2899,11963,8352
v27,1,188,147,1332.0,220.5,60,1287.2,483.8,5,10.475,-0.0076,41.9324,0.1029,False,0,784,0.03,1,30,0.241,2903,12041,8404
v27,1,189,100,1304.1,253.4,60,1105.8,601.6,7,8.6343,-0.1047,34.9578,0.0948,False,0,784,0.03,1,30,0.24,2904,12086,8461
v27,1,190,95,1198.7,246.4,60,1161.4,633.9,8,6.9542,0.1042,27.4025,0.1129,False,0,784,0.0,0,30,0.24,2909,12136,8516
v27,1,191,129,1233.4,249.7,60,1119.1,487.2,11,9.6883,0.1171,38.2866,0.0988,False,0,784,0.13,4,30,0.239,2911,12197,8572
v27,1,192,156,1222.3,221.3,60,1072.8,448.5,4,9.3023,0.0054,37.1902,0.1377,False,0,784,0.0,0,30,0.237,2916,12285,8626
v27,1,193,188,1374.5,221.1,60,1270.8,331.4,7,9.623,-0.0969,38.8825,0.1624,False,0,784,0.07,2,30,0.236,2917,12372,8684
v27,1,194,187,1478.2,224.6,60,1336.8,324.1,8,11.9748,0.1025,47.4922,0.136,False,0,784,0.07,2,30,0.234,2918,12458,8740
v27,1,195,179,1298.2,205.8,60,1230.5,410.0,3,10.8091,0.1585,42.6057,0.166,False,0,784,0.0,0,30,0.233,2921,12552,8794
v27,1,196,227,1208.7,200.9,60,1040.5,264.1,1,10.3777,0.0713,41.2277,0.1218,False,0,784,0.0,0,30,0.231,2922,12660,8851
v27,1,197,200,1338.5,216.1,60,963.8,303.6,1,9.3641,0.0289,37.3435,0.1264,False,0,784,0.0,0,30,0.229,2924,12759,8910
v27,1,198,225,1266.9,204.9,60,1194.5,255.6,1,10.6493,0.0497,42.4005,0.1191,False,0,784,0.0,0,30,0.227,2924,12885,8970
v27,1,199,204,1385.5,218.7,60,1156.6,280.4,2,8.1358,-0.0104,32.5876,0.1356,False,0,784,0.0,0,30,0.225,2924,12987,9029
v27,1,200,208,1377.3,216.3,60,1156.9,274.1,3,7.981,0.2078,31.0949,0.11,False,0,784,0.0,0,30,0.223,2925,13090,9087
v27,1,201,197,1354.3,224.3,60,1025.2,287.5,3,5.6445,0.063,22.3282,0.0997,False,0,784,0.03,1,30,0.222,2927,13191,9144
v27,1,202,212,1298.7,202.7,60,977.2,307.7,2,7.2534,0.0997,28.6165,0.0845,False,0,784,0.0,0,30,0.22,2927,13298,9203
v27,1,203,196,1300.9,207.6,60,1293.3,345.9,5,8.1266,0.0038,32.4932,0.1037,False,0,784,0.0,0,30,0.219,2929,13391,9261
v27,1,204,177,1266.8,210.9,60,1051.3,401.9,3,7.3314,0.0451,29.1474,0.1019,False,0,784,0.0,0,30,0.217,2931,13483,9317
v27,1,205,199,1326.6,207.8,60,1187.0,334.9,2,5.2033,0.0138,20.7598,0.0975,False,0,784,0.0,0,30,0.216,2932,13574,9376
v27,1,206,197,1305.6,209.3,60,1106.9,336.9,3,7.464,0.1745,29.16,0.1143,False,0,784,0.0,0,30,0.214,2933,13674,9434
v27,1,207,147,1372.9,213.0,60,1446.8,502.2,6,5.974,-0.0116,23.9459,0.1725,False,0,784,0.0,0,30,0.213,2935,13749,9491
v27,1,208,179,1319.7,208.4,60,1293.6,402.1,6,7.3897,0.0275,29.4518,0.1611,False,0,784,0.03,1,30,0.212,2937,13825,9546
v27,1,209,169,1301.5,197.7,60,1143.7,467.0,3,7.4273,0.033,29.5793,0.1203,False,0,784,0.0,0,30,0.211,2939,13916,9601
v27,1,210,146,1277.0,220.2,60,1191.6,488.2,3,7.4504,0.0728,29.5122,0.0999,False,0,784,0.0,0,30,0.21,2940,13996,9658
v27,1,211,175,1278.9,216.8,60,1061.1,391.6,0,9.5529,-0.0544,38.4307,0.0845,False,0,784,0.0,0,30,0.209,2940,14096,9716
v27,1,212,142,1212.7,198.6,60,1289.2,553.9,0,7.5555,-0.1115,30.6697,0.0933,False,0,784,0.0,0,30,0.208,2940,14166,9776
v27,1,213,165,1226.6,206.8,60,1017.8,455.3,3,8.309,0.0212,33.1531,0.089,False,0,784,0.0,0,30,0.206,2941,14243,9836
v27,1,214,150,1252.0,213.4,60,1089.9,490.6,0,7.8911,-0.0115,31.612,0.0811,False,0,784,0.0,0,30,0.205,2942,14325,9894
v27,1,215,132,1294.2,223.3,60,1212.6,532.7,0,7.0993,-0.0299,28.5191,0.1161,False,0,784,0.0,0,30,0.204,2942,14397,9954
v27,1,216,163,1286.2,200.8,60,1201.9,478.6,2,8.99,0.1414,35.3963,0.103,False,0,784,0.0,0,30,0.203,2942,14479,10014
v27,1,217,155,1250.9,219.9,60,1024.7,455.9,5,8.9593,0.0305,35.7164,0.0629,False,0,784,0.0,0,30,0.202,2943,14559,10072
v27,1,218,176,1291.4,201.8,60,985.3,432.1,0,8.6479,0.1484,33.9994,0.0637,False,0,784,0.0,0,30,0.201,2944,14642,10128
v27,1,219,162,1289.1,204.7,60,1243.6,471.3,0,8.7359,0.0416,34.7793,0.1057,False,0,784,0.0,0,30,0.2,2944,14722,10188
v27,1,220,182,1326.6,215.9,60,1083.3,369.2,3,9.9075,0.1249,39.1322,0.0861,False,0,784,0.03,1,30,0.199,2944,14815,10248
v27,1,221,152,1295.4,208.9,60,1145.9,494.7,2,7.5893,0.0399,30.1992,0.0904,False,0,784,0.03,1,30,0.198,2945,14890,10306
v27,1,222,177,1305.4,202.5,60,1082.4,426.5,1,7.5493,0.0043,30.1813,0.0748,False,0,784,0.0,0,30,0.197,2945,14978,10365
v27,1,223,173,1306.1,208.0,60,1187.3,424.1,4,10.1433,0.0386,40.42,0.0686,False,0,784,0.07,2,30,0.195,2945,15065,10424
v27,1,224,168,1357.3,213.5,60,1049.0,426.1,2,9.6127,0.0925,38.0823,0.0708,False,0,784,0.03,1,30,0.194,2947,15155,10482
v27,1,225,179,1307.0,216.0,60,995.4,379.6,4,9.7346,0.0062,38.9154,0.0894,False,0,784,0.0,0,30,0.193,2950,15255,10541
v27,1,226,176,1358.1,209.9,60,1121.4,408.3,4,9.7178,0.0756,38.5698,0.0564,False,0,784,0.0,0,30,0.192,2951,15338,10599
v27,1,227,160,1249.8,205.3,60,1000.2,476.5,0,9.0763,-0.0129,36.3595,0.1191,False,0,784,0.0,0,30,0.191,2954,15430,10655
v27,1,228,163,1278.0,201.0,60,1206.8,477.9,3,8.7334,0.0572,34.7064,0.0877,False,0,784,0.03,1,30,0.19,2954,15511,10715
v27,1,229,210,1280.4,199.7,60,1031.6,325.0,4,9.2472,0.0219,36.9035,0.0986,False,0,784,0.0,0,30,0.189,2957,15617,10773
v27,1,230,192,1333.4,212.6,60,1069.5,343.7,4,11.8198,0.0558,47.0575,0.0904,False,0,784,0.03,1,30,0.189,2960,15701,10830
v27,1,231,151,1220.9,199.4,60,965.6,522.2,1,9.5321,0.0519,37.9222,0.0719,False,0,784,0.0,0,30,0.188,2962,15777,10889
v27,1,232,163,1268.4,213.5,60,1031.5,444.1,5,8.6579,-0.0343,34.7698,0.05,False,0,784,0.03,1,30,0.187,2963,15857,10949
v27,1,233,191,1285.0,214.2,60,1214.1,342.3,7,11.0433,0.4052,42.5537,0.0722,False,0,784,0.0,0,30,0.186,2966,15960,11006
v27,1,234,179,1277.6,218.4,60,959.0,372.6,6,10.8147,0.0658,42.9979,0.111,False,0,784,0.1,3,30,0.185,2968,16054,11062
v27,1,235,212,1145.6,183.3,60,1017.5,376.2,1,11.186,0.0646,44.4871,0.086,False,0,784,0.03,1,30,0.183,2969,16189,11120
v27,1,236,191,1260.0,215.7,60,941.9,337.3,1,12.1615,0.0613,48.4022,0.071,False,0,784,0.0,0,30,0.182,2969,16278,11180
v27,1,237,189,1359.9,219.0,60,1070.8,334.2,1,10.1986,-0.0266,40.9024,0.0855,False,0,784,0.0,0,30,0.181,2971,16384,11239
v27,1,238,184,1224.4,218.8,60,986.6,353.1,0,9.0375,0.0343,36.0145,0.1036,False,0,784,0.0,0,30,0.18,2971,16483,11299
v27,1,239,210,1167.6,198.3,60,884.0,330.0,2,11.4818,0.0074,45.8988,0.0653,False,0,784,0.0,0,30,0.179,2971,16602,11359
v27,1,240,206,1257.1,210.7,60,1110.4,300.6,0,11.9015,0.0483,47.4147,0.0962,False,0,784,0.0,0,30,0.178,2971,16708,11417
v27,1,241,198,1167.0,206.9,60,1143.2,341.4,2,11.1546,0.0843,44.2829,0.0896,False,0,784,0.0,0,30,0.177,2971,16820,11477
v27,1,242,193,1192.1,216.0,60,1122.1,329.1,4,9.4336,0.0687,37.4614,0.0964,False,0,784,0.0,0,30,0.176,2973,16914,11535
v27,1,243,185,1233.4,203.5,60,1322.1,396.5,4,10.7118,0.0803,42.5283,0.1108,False,0,784,0.0,0,30,0.175,2974,16999,11591
v27,1,244,223,1146.1,202.0,60,1021.0,273.1,5,11.8682,0.0742,47.178,0.0964,False,0,784,0.0,0,30,0.174,2977,17117,11647
v27,1,245,197,1202.6,199.0,60,1085.7,370.8,3,10.8554,0.0532,43.2106,0.0849,False,0,784,0.0,0,30,0.173,2978,17220,11704
v27,1,246,178,1201.3,209.8,60,946.5,401.7,1,7.954,-0.0264,31.9223,0.0462,False,0,784,0.03,1,30,0.172,2980,17310,11762
v27,1,247,192,1229.9,211.7,60,869.4,346.7,2,8.2345,0.0659,32.6753,0.0487,False,0,784,0.03,1,30,0.171,2980,17402,11822
v27,1,248,183,1256.2,205.0,60,1387.8,398.7,8,8.0085,0.0104,31.9939,0.0942,False,0,784,0.03,1,30,0.17,2981,17500,11881
v27,1,249,230,1232.5,191.9,60,1084.3,288.4,1,12.6784,0.2255,49.8137,0.1015,False,0,784,0.0,0,30,0.169,2982,17621,11935
v27,2,0,123,696.5,335.2,60,510.3,336.9,114,4.6825,-0.0118,18.7936,1.7767,False,744,784,0.0,0,0,0.0,0,0,0
v27,2,1,91,926.5,480.9,60,661.2,294.6,134,3.8552,-0.0384,15.5992,1.7521,False,704,784,0.93,26,28,0.0,0,5,9
v27,2,2,250,500.8,189.6,60,683.6,233.8,94,4.2199,-0.0913,17.265,1.7127,False,624,784,0.07,2,30,0.0,0,13,19
v27,2,3,232,567.3,204.3,60,581.5,234.1,63,4.072,0.0302,16.1861,1.6831,False,544,784,0.0,0,30,0.0,0,22,46
v27,2,4,173,786.0,285.8,60,631.3,200.0,59,4.9616,0.0316,19.74,1.6515,False,464,784,0.0,0,30,0.0,0,24,83
v27,2,5,528,414.5,96.4,60,731.5,176.1,42,7.3434,-0.0169,29.4503,1.6278,False,384,784,0.0,0,30,0.0,0,33,127
v27,2,6,761,352.4,66.6,60,786.6,178.9,25,11.0487,-0.007,44.2292,1.5875,False,384,784,0.03,1,30,0.0,0,48,173
v27,2,7,646,383.6,83.7,60,625.3,123.2,10,5.4038,0.0536,21.412,1.6485,False,344,784,0.0,0,30,0.0,0,60,219
v27,2,8,619,354.6,92.2,60,404.3,73.3,7,5.5686,-0.0633,22.5376,1.6276,False,304,784,0.0,0,30,0.0,0,73,271
v27,2,9,596,365.3,93.9,60,412.9,91.5,6,5.0478,0.0082,20.1704,1.6297,False,304,784,0.0,0,30,0.0,0,81,328
v27,2,10,588,391.7,93.9,60,483.7,103.5,8,6.6863,-0.0588,26.99,1.5964,False,304,784,0.07,2,30,0.011,1,93,385
v27,2,11,478,561.5,118.4,60,416.9,81.1,3,9.1123,-0.0526,36.6696,1.5676,False,264,784,0.03,1,30,0.01,1,102,440
v27,2,12,512,534.8,109.8,60,449.1,87.0,4,8.1386,-0.0988,32.9621,1.5426,False,264,784,0.03,1,30,0.01,1,105,499
v27,2,13,477,598.1,117.6,60,512.2,89.3,4,9.4404,-0.0293,37.8883,1.5179,False,264,784,0.03,1,30,0.009,1,112,556
v27,2,14,434,625.1,117.9,60,914.6,171.0,13,10.4948,-0.0156,42.0497,1.463,False,264,784,0.0,0,30,0.008,1,122,614
v27,2,15,486,585.6,111.9,60,691.6,117.8,8,9.5916,-0.1387,38.9268,1.3853,False,224,784,0.0,0,30,0.008,1,132,665
v27,2,16,432,650.9,121.1,60,886.8,152.1,13,12.3314,0.1019,48.925,1.3693,False,224,784,0.03,1,30,0.007,1,138,723
v27,2,17,370,722.0,137.3,60,891.1,177.4,14,13.3224,0.0778,52.9826,1.3027,False,184,784,0.07,2,30,0.007,1,142,777
v27,2,18,313,827.8,163.8,60,868.1,169.3,14,10.8419,0.0456,43.1916,1.3164,False,144,784,0.13,4,30,0.007,1,149,829
v27,2,19,392,774.6,134.4,60,827.4,146.1,8,12.4934,0.0142,49.9234,1.2881,False,104,784,0.07,2,30,0.006,1,154,883
v27,2,20,319,890.1,150.9,60,1278.4,222.0,12,10.493,-0.0099,42.0182,1.326,False,64,784,0.03,1,30,0.006,1,163,938
v27,2,21,331,991.7,160.1,60,902.9,140.8,6,12.6354,0.0436,50.3759,1.2973,False,24,784,0.07,2,30,0.006,1,181,990
v27,2,22,328,998.5,163.4,60,848.4,130.9,8,13.153,0.0551,52.4021,1.3373,False,24,784,0.07,2,30,0.005,1,194,1048
v27,2,23,313,1016.1,165.3,60,1042.4,161.5,8,12.0696,0.0508,48.0851,1.3045,False,24,784,0.03,1,30,0.005,1,204,1106
v27,2,24,272,1098.0,180.5,60,1251.2,205.9,11,9.5882,-0.0295,38.4814,1.3286,False,0,784,0.1,3,30,0.003,1,346,1161
v27,2,25,249,1198.9,196.8,60,1323.8,207.1,7,13.4427,-0.0184,53.8566,1.3218,False,0,784,0.07,2,30,0.011,5,469,1214
v27,2,26,244,1238.8,197.9,60,1318.5,219.2,12,10.5631,-0.0326,42.3948,1.2922,False,0,784,0.07,2,30,0.015,9,601,1270
v27,2,27,222,1273.2,206.8,60,1464.7,258.9,19,10.4172,-0.0134,41.7354,1.2635,False,0,784,0.07,2,30,0.024,17,720,1322
v27,2,28,227,1250.3,197.6,60,1563.6,276.4,14,12.0775,0.017,48.2555,1.2552,False,0,784,0.03,1,30,0.03,25,840,1369
v27,2,29,190,1374.7,225.2,60,1637.5,310.8,21,9.7584,-0.0429,39.2199,1.2665,False,0,784,0.07,2,30,0.038,36,944,1418
v27,2,30,204,1338.2,226.4,60,1459.9,254.3,24,10.8758,0.0792,43.2012,1.2107,False,0,784,0.23,7,30,0.044,46,1045,1463
v27,2,31,194,1416.4,226.6,60,1580.0,291.5,17,10.696,0.1045,42.382,1.2163,False,0,784,0.1,3,30,0.047,54,1152,1511
v27,2,32,172,1503.5,241.2,60,1846.2,332.6,22,8.0604,-0.011,32.3019,1.1818,False,0,784,0.1,3,30,0.052,65,1248,1559
v27,2,33,146,1673.3,276.6,60,1916.1,351.1,30,7.0766,-0.0245,28.422,1.1582,False,0,784,0.23,7,30,0.058,77,1331,1604
v27,2,34,138,1634.9,273.4,60,1961.2,395.1,32,6.6891,-0.0613,27.0219,1.2141,False,0,784,0.27,8,30,0.061,86,1404,1645
v27,2,35,163,1563.2,245.7,60,1931.1,356.5,29,9.0648,-0.0209,36.3608,1.095,False,0,784,0.17,5,30,0.066,99,1494,1684
v27,2,36,158,1578.1,258.7,60,1749.9,342.6,31,8.5778,-0.0406,34.4925,1.063,False,0,784,0.2,6,30,0.075,118,1581,1723
v27,2,37,147,1659.8,284.2,60,1714.9,327.6,34,9.1444,0.0383,36.4437,1.0591,False,0,784,0.13,4,30,0.081,135,1674,1764
v27,2,38,140,1679.1,276.5,60,1975.8,378.8,35,7.2874,-0.01,29.2085,1.0034,False,0,784,0.23,7,30,0.086,150,1748,1805
v27,2,39,120,1743.6,289.4,60,2258.4,445.3,37,8.0113,0.0733,31.7725,1.0611,False,0,784,0.3,9,30,0.09,163,1811,1844
v27,2,40,121,1773.9,281.6,60,2177.2,456.0,40,7.5933,-0.0495,30.592,1.0807,False,0,784,0.2,6,30,0.093,175,1879,1881
v27,2,41,103,2003.2,354.3,60,2045.4,415.7,45,6.8757,0.0371,27.3744,1.0344,False,0,784,0.33,10,30,0.104,202,1948,1912
v27,2,42,111,1938.5,338.4,60,2045.9,398.1,46,5.5012,0.0169,21.9571,1.0164,False,0,784,0.33,10,30,0.113,228,2014,1947
v27,2,43,107,2127.7,386.4,60,1920.8,334.9,44,6.8534,-0.0083,27.4657,0.9731,False,0,784,0.37,11,30,0.124,259,2086,1983
v27,2,44,101,2109.8,402.8,60,1803.3,345.9,47,5.5167,-0.0022,22.0962,1.0328,False,0,784,0.47,14,30,0.132,284,2147,2026
v27,2,45,93,2198.4,412.1,60,1970.4,385.2,52,5.4222,-0.0401,21.8686,0.9974,False,0,784,0.47,14,30,0.138,303,2198,2070
v27,2,46,110,2161.0,380.0,60,1866.6,327.4,44,5.3147,-0.0371,21.4258,0.946,False,0,784,0.57,17,30,0.142,322,2260,2106
v27,2,47,99,2181.4,398.3,60,2036.5,366.9,51,5.7152,-0.0006,22.8818,0.9506,False,0,784,0.57,17,30,0.147,340,2311,2148
v27,2,48,100,2273.7,421.4,60,1774.0,321.7,54,5.2881,-0.0764,21.4753,0.8921,False,0,784,0.6,18,30,0.154,366,2373,2185
v27,2,49,83,2633.9,506.2,60,1782.7,323.8,53,5.235,0.0309,20.8344,0.925,False,0,784,0.67,20,30,0.16,387,2423,2224
v27,2,50,97,2506.6,490.5,60,1422.0,231.0,53,4.3323,-0.0258,17.45,0.8837,False,0,784,0.57,17,30,0.168,416,2483,2264
v27,2,51,100,2326.2,422.3,60,1764.5,320.1,51,6.1398,0.0655,24.3136,0.8357,False,0,784,0.43,13,30,0.172,437,2537,2312
v27,2,52,78,2581.6,472.8,60,2128.0,409.3,54,4.6577,0.0457,18.4641,0.8122,False,0,784,0.37,11,30,0.178,462,2589,2352
v27,2,53,91,2413.0,463.8,60,1794.4,320.6,55,5.0816,-0.0067,20.3702,0.8533,False,0,784,0.47,14,30,0.188,496,2640,2386
v27,2,54,87,2390.1,449.8,60,1928.2,371.8,56,5.1588,0.001,20.6476,0.8352,False,0,784,0.6,18,30,0.193,519,2687,2427
v27,2,55,103,2403.6,441.7,60,1755.6,265.7,50,6.5675,0.0132,26.2321,0.7636,False,0,784,0.5,15,30,0.202,557,2760,2463
v27,2,56,79,2637.1,507.5,60,2029.6,355.8,58,4.8181,0.0273,19.1801,0.8588,False,0,784,0.37,11,30,0.209,588,2813,2509
v27,2,57,91,2373.9,446.6,60,1934.2,346.6,54,6.311,0.074,24.9642,0.8222,False,0,784,0.63,19,30,0.213,610,2861,2547
v27,2,58,89,2589.0,502.7,60,1671.7,278.4,56,3.754,-0.1058,15.4552,0.8179,False,0,784,0.7,21,30,0.218,637,2916,2586
v27,2,59,93,2378.2,443.4,60,1891.1,336.8,50,6.8378,0.0917,27.0001,0.7889,False,0,784,0.53,16,30,0.223,661,2968,2630
v27,2,60,82,2563.6,496.1,60,1930.6,346.0,59,5.5571,0.0484,22.0512,0.835,False,0,784,0.67,20,30,0.227,685,3018,2673
v27,2,61,83,2805.5,540.9,60,1652.0,275.8,55,3.7949,-0.0389,15.3516,0.8138,False,0,784,0.53,16,30,0.234,720,3074,2711
v27,2,62,71,3029.6,603.7,60,1723.8,309.6,58,3.3532,-0.0179,13.4999,0.7927,False,0,784,0.57,17,30,0.241,752,3115,2756
v27,2,63,97,2387.6,427.4,60,1830.4,333.1,51,7.5783,0.027,30.2196,0.7313,False,0,784,0.53,16,30,0.245,777,3174,2799
v27,2,64,75,2681.8,491.1,60,2192.1,410.1,55,5.0712,0.0671,20.031,0.7297,False,0,784,0.57,17,30,0.249,802,3224,2839
v27,2,65,82,2627.6,511.5,60,1858.8,324.9,58,4.8682,-0.0292,19.6042,0.7257,False,0,784,0.67,20,30,0.254,834,3282,2874
v27,2,66,84,2689.4,489.0,60,2009.0,339.4,55,4.7189,0.0426,18.7186,0.6786,False,0,784,0.67,20,30,0.257,859,3337,2914
v27,2,67,75,3019.3,579.3,60,1766.0,299.9,55,4.3958,-0.0112,17.6415,0.6923,False,0,784,0.7,21,30,0.263,893,3391,2953
v27,2,68,74,2974.2,564.4,60,1916.7,327.9,57,4.068,-0.0269,16.3935,0.71,False,0,784,0.53,16,30,0.267,917,3433,2998
v27,2,69,81,2978.5,566.3,60,1579.0,259.4,54,3.8763,-0.0377,15.67,0.7124,False,0,784,0.93,28,30,0.272,946,3481,3038
v27,2,70,85,2756.0,498.5,60,1848.4,317.8,52,4.9302,0.0348,19.5938,0.6308,False,0,784,0.6,18,30,0.274,966,3530,3086
v27,2,71,80,2837.7,544.3,60,1798.0,298.2,58,5.4958,0.1344,21.4596,0.708,False,0,784,0.7,21,30,0.278,993,3575,3129
v27,2,72,74,2862.7,543.1,60,1949.2,354.2,58,4.5248,0.0555,17.8898,0.6502,False,0,784,0.57,17,30,0.282,1020,3618,3171
v27,2,73,69,3115.3,597.2,60,1930.2,337.3,57,3.4016,-0.0292,13.7361,0.6355,False,0,784,0.57,17,30,0.288,1054,3663,3210
v27,2,74,70,2992.1,570.5,60,1955.4,358.5,57,4.2283,-0.0692,17.2024,0.6208,False,0,784,0.67,20,30,0.291,1078,3704,3251
v27,2,75,69,2757.5,529.0,60,2187.4,415.7,58,4.0355,0.0036,16.1403,0.6335,False,0,784,0.57,17,30,0.294,1105,3754,3289
v27,2,76,74,2846.5,525.5,60,2085.2,375.9,55,4.9539,0.0955,19.446,0.6189,False,0,784,0.6,18,30,0.298,1134,3804,3324
v27,2,77,72,2729.7,497.8,60,2352.1,426.6,56,3.1132,-0.0858,12.8071,0.5604,False,0,784,0.4,12,30,0.302,1163,3852,3362
v27,2,78,73,2715.0,484.6,60,2321.8,434.4,53,3.2458,-0.0443,13.1709,0.5219,False,0,784,0.57,17,30,0.304,1186,3897,3397
v27,2,79,65,3087.2,605.1,60,2010.4,368.4,57,3.7054,-0.0463,15.0188,0.5955,False,0,784,0.63,19,30,0.309,1217,3938,3432
v27,2,80,66,2809.8,522.9,60,2393.2,448.8,58,4.5221,0.0158,18.0364,0.5761,False,0,784,0.53,16,30,0.312,1241,3982,3473
v27,2,81,74,2852.7,523.4,60,2096.0,378.4,55,4.0399,0.0223,16.082,0.5679,False,0,784,0.5,15,30,0.315,1268,4027,3504
v27,2,82,67,2935.9,556.5,60,2127.7,402.6,55,2.762,-0.035,11.1984,0.5379,False,0,784,0.4,12,30,0.32,1301,4071,3542
v27,2,83,76,3036.6,556.3,60,1869.3,319.4,54,4.8259,0.0865,18.9687,0.5524,False,0,784,0.6,18,30,0.322,1324,4111,3581
v27,2,84,69,3059.7,576.1,60,2011.7,361.4,58,3.4117,-0.034,13.7936,0.5295,False,0,784,0.7,21,30,0.325,1348,4148,3623
v27,2,85,75,2762.7,486.3,60,2220.3,416.2,54,3.6343,0.0078,14.5172,0.5477,False,0,784,0.47,14,30,0.327,1368,4186,3661
v27,2,86,69,2760.7,487.4,60,2364.9,463.5,53,4.1835,0.0569,16.5167,0.5265,False,0,784,0.4,12,30,0.329,1395,4234,3695
v27,2,87,68,2796.7,505.6,60,2355.0,451.0,56,3.3855,-0.0574,13.7823,0.5301,False,0,784,0.43,13,30,0.333,1425,4283,3726
v27,2,88,66,3169.8,608.3,60,1940.9,354.8,55,4.5459,0.0936,17.8196,0.5191,False,0,784,0.63,19,30,0.336,1455,4331,3758
v27,2,89,61,2773.9,501.3,60,2626.5,514.4,57,3.201,-0.0608,13.058,0.5446,False,0,784,0.4,12,30,0.338,1475,4366,3800
v27,2,90,72,2559.7,448.8,60,2564.3,485.5,55,4.1612,0.0189,16.5796,0.5284,False,0,784,0.5,15,30,0.34,1500,4416,3829
v27,2,91,61,2826.4,514.7,60,2487.4,500.7,55,4.5162,0.0932,17.702,0.5002,False,0,784,0.53,16,30,0.341,1521,4455,3858
v27,2,92,53,2891.0,546.3,60,2551.7,541.4,55,3.293,-0.0365,13.3275,0.4773,False,0,784,0.67,20,30,0.345,1550,4499,3890
v27,2,93,58,2697.7,511.4,60,2580.6,529.6,56,2.7805,-0.0331,11.2642,0.4874,False,0,784,0.6,18,30,0.347,1574,4536,3923
v27,2,94,62,2854.4,514.0,60,2574.0,492.9,56,4.0313,0.0174,16.0638,0.4135,False,0,784,0.5,15,30,0.349,1600,4581,3955
v27,2,95,50,2959.5,551.8,60,2803.4,564.2,59,4.6396,0.0839,18.2321,0.4552,False,0,784,0.7,21,30,0.352,1627,4623,3986
v27,2,96,60,2942.1,550.7,60,2390.2,473.3,55,3.1399,0.0028,12.558,0.4708,False,0,784,0.67,20,30,0.354,1652,4669,4013
v27,2,97,52,2828.6,516.7,60,2782.5,576.2,57,3.5223,-0.0444,14.2758,0.4505,False,0,784,0.5,15,30,0.356,1673,4704,4047
v27,2,98,71,2818.3,515.4,60,2259.9,414.1,54,2.6788,-0.0987,11.1175,0.3659,False,0,784,0.63,19,30,0.357,1697,4748,4073
v27,2,99,56,3099.3,593.6,60,2301.9,470.0,55,3.3,0.0345,13.0703,0.4342,False,0,784,0.7,21,30,0.36,1723,4788,4111
v27,2,100,53,3223.1,606.4,60,2510.8,488.3,57,3.2825,-0.0096,13.1773,0.4439,False,0,784,0.67,20,30,0.363,1752,4831,4149
v27,2,101,64,2770.6,500.2,60,2460.2,490.5,53,3.3081,-0.0472,13.4292,0.3937,False,0,784,0.37,11,30,0.365,1778,4871,4181
v27,2,102,65,2851.9,530.6,60,2379.5,449.2,57,3.284,0.0174,13.0748,0.4331,False,0,784,0.5,15,30,0.367,1802,4910,4214
v27,2,103,55,3072.7,585.0,60,2379.0,487.8,55,2.7281,-0.0266,11.027,0.4214,False,0,784,0.6,18,30,0.369,1828,4949,4248
v27,2,104,60,3034.8,579.0,60,2383.1,445.0,57,3.4756,0.0412,13.746,0.4188,False,0,784,0.63,19,30,0.372,1856,4993,4283
v27,2,105,44,2840.7,507.7,60,3072.1,651.7,57,2.8648,-0.063,11.7184,0.3739,False,0,784,0.67,20,30,0.373,1873,5025,4319
v27,2,106,49,2821.0,514.9,60,2859.0,603.5,58,3.7342,0.0173,14.8755,0.3956,False,0,784,0.47,14,30,0.376,1906,5070,4341
v27,2,107,68,2668.4,475.2,60,2610.9,485.5,54,4.5675,0.1004,17.8755,0.362,False,0,784,0.53,16,30,0.378,1934,5117,4364
v27,2,108,60,2900.8,549.5,60,2462.9,474.4,59,3.748,0.027,14.8913,0.3746,False,0,784,0.7,21,30,0.38,1963,5165,4397
v27,2,109,59,2632.6,440.7,60,2879.9,590.6,55,3.5054,0.0097,13.9899,0.3479,False,0,784,0.37,11,30,0.381,1985,5208,4430
v27,2,110,70,2714.4,466.9,60,2528.4,479.2,51,6.9438,0.2258,26.8793,0.3675,False,0,784,0.5,15,30,0.382,2015,5268,4454
v27,2,111,59,2772.5,506.3,60,2591.9,526.1,54,3.9227,0.0408,15.535,0.3768,False,0,784,0.5,15,30,0.384,2042,5311,4488
v27,2,112,74,2587.6,457.4,60,2398.4,459.8,55,5.3014,0.0659,20.9501,0.4029,False,0,784,0.43,13,30,0.387,2071,5355,4520
v27,2,113,54,2525.3,436.1,60,2997.4,631.5,58,2.4369,-0.0603,9.9956,0.3424,False,0,784,0.4,12,30,0.388,2090,5391,4553
v27,2,114,51,2663.6,474.2,60,3004.9,620.9,58,3.315,-0.061,13.5103,0.3351,False,0,784,0.6,18,30,0.39,2120,5438,4574
v27,2,115,56,2480.8,443.2,60,2946.7,610.4,58,5.3654,0.1118,21.0213,0.3422,False,0,784,0.37,11,30,0.392,2152,5484,4598
v27,2,116,70,2882.1,509.3,60,2342.3,429.9,55,3.2351,-0.0386,13.1026,0.3831,False,0,784,0.63,19,30,0.394,2179,5531,4622
v27,2,117,65,2458.9,434.7,60,2633.5,553.0,54,3.2777,-0.0291,13.2333,0.2939,False,0,784,0.4,12,30,0.395,2203,5575,4657
v27,2,118,59,2682.5,480.2,60,2680.9,551.9,56,5.645,0.0539,22.3715,0.3587,False,0,784,0.67,20,30,0.396,2224,5620,4687
v27,2,119,55,2644.1,476.4,60,2784.7,587.3,52,4.7918,0.0711,18.8904,0.3849,False,0,784,0.63,19,30,0.397,2248,5666,4716
v27,2,120,60,2395.5,391.3,60,2952.9,632.7,54,3.9751,-0.0257,16.0096,0.3225,False,0,784,0.3,9,30,0.397,2268,5708,4746
v27,2,121,50,2593.3,470.7,60,2883.0,631.8,57,3.9795,0.0004,15.9234,0.3499,False,0,784,0.6,18,30,0.399,2295,5752,4767
v27,2,122,58,2640.0,474.9,60,2750.5,564.9,57,6.2827,0.1563,24.5129,0.3589,False,0,784,0.4,12,30,0.401,2328,5801,4791
v27,2,123,69,2639.2,470.4,60,2437.4,483.0,57,4.519,0.0014,18.0768,0.3208,False,0,784,0.37,11,30,0.404,2362,5853,4818
v27,2,124,62,2790.7,493.3,60,2625.9,514.2,57,3.1577,-0.0446,12.8161,0.348,False,0,784,0.6,18,30,0.404,2386,5900,4849
v27,2,125,62,2478.6,408.1,60,2964.3,602.3,58,4.459,-0.09,18.2024,0.3216,False,0,784,0.3,9,30,0.405,2407,5944,4879
v27,2,126,54,2661.8,470.9,60,2938.1,600.2,57,3.4028,-0.0417,13.7843,0.3192,False,0,784,0.5,15,30,0.407,2435,5989,4899
v27,2,127,68,2723.1,481.6,60,2498.9,478.1,55,3.4009,-0.0685,13.884,0.3258,False,0,784,0.37,11,30,0.408,2468,6043,4924
v27,2,128,56,2519.3,437.1,60,3012.1,616.0,56,2.985,-0.0535,12.1613,0.3692,False,0,784,0.5,15,30,0.409,2489,6085,4956
v27,2,129,64,2485.4,432.0,60,2770.0,563.2,56,4.4027,0.0011,17.6135,0.349,False,0,784,0.47,14,30,0.41,2516,6133,4980
v27,2,130,48,2640.4,494.0,60,2835.5,628.8,57,3.4837,-0.0161,14.0055,0.3235,False,0,784,0.63,19,30,0.412,2545,6176,5008
v27,2,131,69,2470.9,428.9,60,2753.0,530.8,55,4.6006,-0.0385,18.5631,0.3481,False,0,784,0.47,14,30,0.413,2571,6223,5034
v27,2,132,62,2334.9,421.2,60,2803.7,588.8,58,4.1475,0.0057,16.573,0.2997,False,0,784,0.47,14,30,0.414,2598,6270,5064
v27,2,133,62,2658.8,473.0,60,2621.6,535.3,55,4.0566,0.0239,16.1372,0.3227,False,0,784,0.57,17,30,0.415,2625,6319,5090
v27,2,134,59,2642.9,468.7,60,2813.2,563.1,55,3.8779,-0.0045,15.536,0.32,False,0,784,0.57,17,30,0.416,2645,6361,5122
v27,2,135,65,2309.3,388.6,60,2916.3,603.0,58,4.4036,0.0013,17.6157,0.3159,False,0,784,0.5,15,30,0.416,2666,6412,5150
v27,2,136,54,2803.6,513.1,60,2827.1,562.2,59,2.6559,-0.0616,10.8759,0.2868,False,0,784,0.6,18,30,0.418,2702,6461,5172
v27,2,137,55,2646.8,471.2,60,2891.3,592.0,59,5.1771,-0.0136,20.7693,0.3267,False,0,784,0.5,15,30,0.42,2730,6506,5202
v27,2,138,54,2445.1,404.2,60,3116.5,660.2,55,3.1993,-0.0053,12.824,0.2795,False,0,784,0.5,15,30,0.421,2756,6553,5226
v27,2,139,58,2500.8,422.3,60,3002.8,615.8,57,2.8102,-0.0797,11.5663,0.332,False,0,784,0.4,12,30,0.422,2792,6609,5249
v27,2,140,47,2510.6,442.2,60,3115.0,677.6,55,4.7454,0.149,18.3914,0.3053,False,0,784,0.57,17,30,0.424,2817,6651,5272
v27,2,141,62,2750.1,491.6,60,2583.9,516.0,59,3.3987,-0.0672,13.8692,0.2844,False,0,784,0.73,22,30,0.425,2848,6709,5294
v27,2,142,60,2527.5,431.4,60,2832.3,592.6,55,4.9672,0.0571,19.6466,0.2944,False,0,784,0.47,14,30,0.425,2868,6744,5322
v27,2,143,41,2936.8,541.7,60,3107.1,653.9,60,3.1495,-0.0039,12.6192,0.2801,False,0,784,0.8,24,30,0.426,2891,6780,5349
v27,2,144,50,2543.4,433.0,60,3228.9,663.2,58,3.9139,0.1287,15.1472,0.3191,False,0,784,0.57,17,30,0.428,2922,6830,5371
v27,2,145,84,2037.5,320.0,60,2877.7,576.1,53,4.5839,-0.0584,18.5751,0.3042,False,0,784,0.23,7,30,0.428,2947,6893,5391
v27,2,146,54,2455.7,428.0,60,3077.9,638.8,59,3.7687,-0.0516,15.2871,0.2867,False,0,784,0.53,16,30,0.429,2974,6939,5413
v27,2,147,59,2597.8,430.5,60,3031.0,600.6,56,5.9948,0.1229,23.4935,0.2898,False,0,784,0.5,15,30,0.429,2999,6984,5435
v27,2,148,57,2776.5,515.1,60,2727.9,534.7,59,3.4417,0.0061,13.7489,0.3189,False,0,784,0.67,20,30,0.431,3026,7021,5459
v27,2,149,74,2622.5,442.6,60,2545.6,478.1,57,3.9638,-0.0808,16.1846,0.2922,False,0,784,0.6,18,30,0.431,3050,7071,5491
v27,2,150,58,2467.0,439.8,60,2915.0,598.8,58,3.9954,-0.0501,16.1874,0.2683,False,0,784,0.53,16,30,0.432,3074,7115,5521
v27,2,151,57,2526.7,434.4,60,2906.6,611.4,58,2.6208,-0.0606,10.7318,0.2958,False,0,784,0.5,15,30,0.433,3104,7166,5546
v27,2,152,59,2307.0,386.7,60,3115.2,643.7,56,4.0954,0.0028,16.3765,0.3143,False,0,784,0.33,10,30,0.434,3131,7214,5569
v27,2,153,66,2365.0,396.2,60,2925.6,588.2,55,4.8789,0.0489,19.3258,0.2939,False,0,784,0.4,12,30,0.435,3161,7271,5591
v27,2,154,63,2156.0,356.2,60,3088.1,650.0,56,5.6166,0.0639,22.217,0.3171,False,0,784,0.43,13,30,0.435,3179,7314,5617
v27,2,155,53,2451.7,418.4,60,3214.5,654.4,58,3.8805,0.0017,15.5202,0.2536,False,0,784,0.57,17,30,0.435,3201,7358,5639
v27,2,156,66,2256.0,385.1,60,2971.8,600.4,58,4.8578,0.0005,19.4342,0.26,False,0,784,0.37,11,30,0.436,3230,7408,5659
v27,2,157,52,2332.1,410.1,60,3144.1,668.6,58,5.239,0.1007,20.5591,0.2961,False,0,784,0.43,13,30,0.437,3250,7443,5682
v27,2,158,58,2379.2,431.2,60,2868.1,607.2,58,2.9073,-0.0644,11.8921,0.2677,False,0,784,0.43,13,30,0.438,3281,7491,5703
v27,2,159,58,2293.1,386.9,60,3098.2,650.0,58,3.5418,-0.1245,14.6705,0.256,False,0,784,0.4,12,30,0.438,3301,7531,5729
v27,2,160,51,2527.7,444.2,60,3184.1,646.4,60,4.4552,0.0355,17.6848,0.3044,False,0,784,0.53,16,30,0.439,3327,7574,5748
v27,2,161,62,2278.3,356.9,60,3115.9,655.2,54,4.8567,0.0239,19.3372,0.2963,False,0,784,0.27,8,30,0.44,3352,7624,5768
v27,2,162,59,2637.7,470.6,60,2746.5,561.3,57,3.8152,0.0122,15.2177,0.2821,False,0,784,0.47,14,30,0.441,3382,7668,5788
v27,2,163,60,2269.4,371.2,60,3159.9,652.8,55,4.7473,0.0368,18.8476,0.2651,False,0,784,0.33,10,30,0.441,3401,7711,5817
v27,2,164,63,2349.0,408.3,60,2764.4,595.3,56,4.7148,0.0357,18.722,0.2903,False,0,784,0.33,10,30,0.443,3438,7767,5838
v27,2,165,71,2207.3,359.8,60,2906.2,598.3,58,4.5561,-0.065,18.4892,0.2503,False,0,784,0.4,12,30,0.443,3463,7812,5864
v27,2,166,47,2440.8,394.2,60,3335.3,715.2,56,4.7449,0.0819,18.657,0.252,False,0,784,0.47,14,30,0.444,3482,7849,5886
v27,2,167,63,1934.3,314.9,60,3250.8,693.4,55,4.4515,0.0134,17.7572,0.2499,False,0,784,0.2,6,30,0.444,3507,7900,5903
v27,2,168,75,2097.1,337.6,60,2955.7,602.0,55,5.0928,0.0512,20.1708,0.2319,False,0,784,0.37,11,30,0.444,3534,7960,5920
v27,2,169,60,2350.7,426.3,60,2798.0,597.7,54,4.9313,0.0075,19.7003,0.2502,False,0,784,0.5,15,30,0.445,3566,8014,5942
v27,2,170,62,2263.1,404.1,60,2943.3,606.5,57,4.5373,0.0159,18.0904,0.2461,False,0,784,0.5,15,30,0.446,3592,8059,5971
v27,2,171,69,1919.4,316.4,60,3087.0,660.2,55,6.5025,0.1041,25.5983,0.2404,False,0,784,0.23,7,30,0.446,3621,8114,5996
v27,2,172,74,2103.5,347.7,60,2809.4,595.2,54,4.7095,-0.002,18.8511,0.2557,False,0,784,0.37,11,30,0.446,3646,8169,6018
v27,2,173,64,2217.2,399.3,60,2740.7,598.1,55,4.8056,-0.0451,19.4079,0.2466,False,0,784,0.47,14,30,0.447,3672,8219,6044
v27,2,174,103,1569.2,251.1,60,2793.5,593.0,50,7.1887,-0.0247,28.8582,0.23,False,0,784,0.33,10,30,0.445,3693,8291,6072
v27,2,175,101,1602.1,259.0,60,2591.2,588.1,40,7.4204,0.0086,29.6519,0.2385,False,0,784,0.23,7,30,0.444,3713,8366,6094
v27,2,176,124,1505.3,261.1,60,2142.1,484.4,42,8.779,-0.0084,35.154,0.2225,False,0,784,0.27,8,30,0.442,3733,8440,6125
v27,2,177,142,1162.5,196.8,60,2530.0,558.3,45,9.6476,-0.0623,38.8441,0.2249,False,0,784,0.23,7,30,0.44,3747,8515,6159
v27,2,178,190,1228.4,216.9,60,1580.0,337.1,23,12.3209,-0.0353,49.43,0.2466,False,0,784,0.3,9,30,0.437,3767,8629,6185
v27,2,179,153,1161.7,221.0,60,1538.7,460.4,21,10.5169,0.0932,41.7006,0.2906,False,0,784,0.1,3,30,0.434,3775,8706,6233
v27,2,180,128,1180.8,281.1,60,1375.6,424.4,20,12.558,0.1735,49.5426,0.2205,False,0,784,0.2,6,30,0.431,3787,8785,6279
v27,2,181,141,1073.2,241.3,60,1238.9,456.9,14,9.7643,0.0701,38.783,0.3017,False,0,784,0.07,2,30,0.428,3793,8857,6328
v27,2,182,135,1058.7,224.2,60,1636.1,519.6,14,10.956,0.0983,43.4361,0.2781,False,0,784,0.0,0,30,0.425,3797,8931,6378
v27,2,183,178,1063.8,204.5,60,1222.7,417.2,12,10.7505,0.0314,42.8829,0.3088,False,0,784,0.13,4,30,0.421,3805,9037,6425
v27,2,184,188,1259.1,217.8,60,1284.7,341.6,11,12.7721,0.0428,50.9229,0.2814,False,0,784,0.17,5,30,0.417,3810,9138,6478
v27,2,185,192,1230.6,203.8,60,1695.2,371.9,16,12.9839,0.1282,51.4273,0.2428,False,0,784,0.03,1,30,0.413,3813,9228,6534
v27,2,186,199,1148.1,194.8,60,1498.3,378.0,12,11.4728,-0.0089,45.9314,0.2216,False,0,784,0.0,0,30,0.409,3819,9341,6580
v27,2,187,187,1204.3,192.4,60,1523.4,424.2,8,11.1616,0.0205,44.5697,0.2719,False,0,784,0.07,2,30,0.405,3827,9441,6629
v27,2,188,202,1249.5,211.9,60,1168.9,310.6,11,10.2961,0.0642,40.9324,0.2354,False,0,784,0.17,5,30,0.401,3831,9546,6683
v27,2,189,189,1254.9,220.1,60,1368.4,330.6,11,10.235,0.0865,40.5971,0.1549,False,0,784,0.07,2,30,0.398,3835,9636,6737
v27,2,190,208,1170.4,206.2,60,1341.1,309.3,8,8.6815,-0.0365,34.8756,0.1688,False,0,784,0.0,0,30,0.394,3841,9748,6789
v27,2,191,198,1109.7,199.9,60,1152.8,364.2,7,10.0366,-0.001,40.1533,0.1478,False,0,784,0.07,2,30,0.39,3843,9845,6843
v27,2,192,215,1126.9,217.3,60,906.9,245.2,3,11.2618,0.0788,44.7351,0.1457,False,0,784,0.0,0,30,0.386,3846,9965,6898
v27,2,193,177,1216.4,242.1,60,1020.7,309.7,7,10.9917,0.0926,43.5991,0.1357,False,0,784,0.03,1,30,0.383,3852,10065,6956
v27,2,194,188,977.0,214.6,60,1177.1,351.7,5,10.0821,0.0296,40.2127,0.1449,False,0,784,0.03,1,30,0.38,3854,10152,7014
v27,2,195,187,1001.9,229.1,60,946.2,310.1,3,9.6343,-0.0024,38.5493,0.117,False,0,784,0.07,2,30,0.376,3856,10242,7070
v27,2,196,157,1056.2,248.0,60,861.9,375.1,4,7.8372,0.0557,31.1294,0.1792,False,0,784,0.07,2,30,0.374,3857,10326,7129
v27,2,197,171,1063.2,252.8,60,784.1,303.4,2,9.2407,0.1667,36.2988,0.1348,False,0,784,0.03,1,30,0.37,3858,10414,7187
v27,2,198,165,1047.1,235.9,60,1075.2,375.3,5,7.1272,-0.0316,28.6382,0.1582,False,0,784,0.03,1,30,0.367,3859,10503,7246
v27,2,199,172,1086.9,227.5,60,922.7,371.9,5,8.6422,0.0037,34.5573,0.1702,False,0,784,0.03,1,30,0.364,3861,10595,7303
v27,2,200,194,1080.1,219.2,60,890.0,315.3,4,9.8889,0.1483,38.9656,0.1539,False,0,784,0.07,2,30,0.361,3862,10697,7360
v27,2,201,221,1041.6,195.3,60,905.9,304.7,1,8.2889,0.0253,33.0572,0.1317,False,0,784,0.0,0,30,0.358,3864,10802,7418
v27,2,202,220,1089.3,201.2,60,932.2,286.3,3,9.829,0.1637,38.6641,0.1476,False,0,784,0.03,1,30,0.354,3865,10911,7477
v27,2,203,193,1062.4,202.5,60,1032.5,372.7,4,7.6731,0.0278,30.5831,0.1039,False,0,784,0.07,2,30,0.351,3865,11018,7535
v27,2,204,186,1167.3,219.5,60,786.1,343.6,4,7.1422,-0.0171,28.6401,0.1533,False,0,784,0.07,2,30,0.348,3866,11116,7593
v27,2,205,174,1245.3,233.0,60,998.6,348.4,4,6.6614,-0.0253,26.7496,0.1313,False,0,784,0.07,2,30,0.345,3867,11200,7651
v27,2,206,203,1206.4,220.7,60,865.7,277.2,3,7.7579,0.0606,30.7915,0.1261,False,0,784,0.0,0,30,0.342,3867,11291,7709
v27,2,207,204,1139.1,213.0,60,994.8,299.7,1,6.7195,0.0416,26.7148,0.151,False,0,784,0.0,0,30,0.34,3869,11393,7766
v27,2,208,190,1183.6,215.5,60,885.2,341.5,1,7.3971,0.0841,29.2554,0.1726,False,0,784,0.0,0,30,0.337,3870,11492,7825
v27,2,209,196,1165.0,210.2,60,955.7,337.4,3,6.3194,-0.1082,25.7141,0.1717,False,0,784,0.0,0,30,0.334,3871,11582,7884
v27,2,210,167,1220.9,222.2,60,982.4,405.6,4,6.3247,0.0206,25.2207,0.2285,False,0,784,0.0,0,30,0.332,3873,11668,7942
v27,2,211,152,1167.7,215.4,60,1033.1,478.3,10,5.9293,-0.0202,23.8035,0.2668,False,0,784,0.03,1,30,0.33,3877,11748,7999
v27,2,212,173,1237.6,231.5,60,839.3,356.4,4,7.2851,0.0944,28.7661,0.1529,False,0,784,0.07,2,30,0.328,3880,11837,8051
v27,2,213,151,1256.5,231.9,60,876.0,440.4,6,7.0706,0.3853,26.7458,0.2199,False,0,784,0.03,1,30,0.326,3882,11914,8110
v27,2,214,172,1181.4,214.7,60,907.0,408.6,2,6.7607,0.0514,26.8408,0.1745,False,0,784,0.0,0,30,0.323,3884,12007,8167
v27,2,215,178,1184.1,225.8,60,950.4,354.1,4,7.2528,0.057,28.7864,0.1623,False,0,784,0.03,1,30,0.321,3886,12094,8225
v27,2,216,184,1133.9,223.4,60,875.2,338.9,1,8.0174,0.0318,31.945,0.138,False,0,784,0.0,0,30,0.319,3886,12182,8283
v27,2,217,203,1127.4,219.7,60,925.4,280.8,1,7.7988,0.0648,30.9384,0.1192,False,0,784,0.0,0,30,0.317,3887,12267,8342
v27,2,218,188,1131.1,217.8,60,1018.3,341.6,1,7.908,0.1091,31.1984,0.129,False,0,784,0.0,0,30,0.314,3888,12368,8401
v27,2,219,167,1135.9,223.5,60,1114.5,401.9,0,8.8047,0.0222,35.1333,0.1745,False,0,784,0.0,0,30,0.312,3888,12447,8460
v27,2,220,214,1114.6,210.5,60,896.3,273.4,1,8.1712,0.0122,32.6387,0.1297,False,0,784,0.0,0,30,0.31,3888,12547,8520
v27,2,221,216,1151.1,213.9,60,1049.6,254.1,3,8.5045,0.0331,33.8879,0.1167,False,0,784,0.0,0,30,0.307,3889,12660,8579
v27,2,222,202,1136.6,216.6,60,1066.1,294.8,3,8.4542,-0.0029,33.8305,0.1131,False,0,784,0.0,0,30,0.305,3890,12756,8636
v27,2,223,203,1208.8,230.5,60,1087.3,244.2,4,8.6308,0.052,34.3175,0.1092,False,0,784,0.0,0,30,0.303,3892,12847,8693
v27,2,224,222,1148.4,213.7,60,881.4,233.3,4,7.6374,-0.0345,30.6893,0.0913,False,0,784,0.0,0,30,0.3,3893,12969,8749
v27,2,225,220,1174.5,222.5,60,786.2,208.2,0,9.7669,0.2319,38.1424,0.1265,False,0,784,0.0,0,30,0.298,3895,13088,8806
v27,2,226,201,1178.8,219.3,60,954.4,289.4,1,7.4737,0.0687,29.6226,0.1378,False,0,784,0.0,0,30,0.295,3895,13200,8866
v27,2,227,223,1177.1,229.5,60,776.6,170.8,0,7.957,0.2943,30.6533,0.1191,False,0,784,0.0,0,30,0.293,3896,13305,8925
v27,2,228,208,1166.4,222.2,60,1081.4,253.7,3,8.1289,-0.0036,32.5327,0.1297,False,0,784,0.0,0,30,0.29,3896,13415,8985
v27,2,229,216,1187.5,223.1,60,1085.0,220.8,5,7.402,0.064,29.3541,0.0967,False,0,784,0.07,2,30,0.288,3898,13519,9042
v27,2,230,191,1140.9,215.8,60,748.1,337.1,1,7.2901,0.0843,28.8252,0.099,False,0,784,0.0,0,30,0.286,3899,13621,9099
v27,2,231,183,1160.0,219.0,60,867.7,356.0,1,5.9684,0.0334,23.7425,0.1109,False,0,784,0.03,1,30,0.284,3900,13715,9158
v27,2,232,174,1166.8,222.5,60,1082.5,378.7,3,5.9838,0.0128,23.8872,0.1673,False,0,784,0.0,0,30,0.283,3901,13794,9218
v27,2,233,189,1249.1,235.8,60,1299.1,281.1,5,7.9327,0.0368,31.5861,0.1144,False,0,784,0.07,2,30,0.281,3903,13889,9276
v27,2,234,168,1228.6,232.4,60,793.8,373.2,2,6.2377,0.0256,24.8502,0.0955,False,0,784,0.0,0,30,0.279,3906,13981,9333
v27,2,235,168,1240.1,228.8,60,860.0,383.3,2,5.8636,0.076,23.1524,0.0986,False,0,784,0.0,0,30,0.278,3908,14078,9391
v27,2,236,220,1101.4,205.4,60,897.1,271.0,2,6.8614,-0.0223,27.537,0.1194,False,0,784,0.03,1,30,0.276,3909,14183,9449
v27,2,237,210,1207.0,227.5,60,1026.2,227.8,4,7.6695,-0.0558,30.9035,0.1152,False,0,784,0.0,0,30,0.274,3909,14283,9508
v27,2,238,237,1144.5,214.2,60,860.8,177.8,3,9.0598,0.005,36.2218,0.1227,False,0,784,0.0,0,30,0.272,3911,14397,9564
v27,2,239,196,1257.4,229.9,60,1238.6,272.9,10,8.049,-0.006,32.2222,0.1137,False,0,784,0.07,2,30,0.27,3912,14502,9622
v27,2,240,196,1165.0,214.9,60,1055.4,321.9,4,8.2681,0.1077,32.6436,0.118,False,0,784,0.0,0,30,0.268,3916,14608,9675
v27,2,241,216,1120.8,208.6,60,1105.0,273.2,7,7.9876,-0.0245,32.0512,0.1346,False,0,784,0.0,0,30,0.266,3918,14715,9731
v27,2,242,226,1141.7,212.8,60,922.8,222.3,3,9.4478,0.0781,37.4814,0.1284,False,0,784,0.03,1,30,0.264,3921,14825,9784
v27,2,243,195,1282.1,237.7,60,1152.8,251.3,1,8.1957,0.1238,32.2902,0.1298,False,0,784,0.0,0,30,0.263,3921,14907,9842
v27,2,244,211,1255.9,225.7,60,1232.0,230.3,7,7.5212,0.0433,29.9137,0.1091,False,0,784,0.0,0,30,0.261,3921,15012,9901
v27,2,245,223,1209.4,224.9,60,1012.8,188.1,6,8.4249,0.0506,33.4994,0.1077,False,0,784,0.0,0,30,0.26,3925,15118,9954
v27,2,246,216,1240.9,225.7,60,1074.1,211.5,3,8.1884,0.0423,32.5861,0.0866,False,0,784,0.0,0,30,0.258,3927,15228,10009
v27,2,247,196,1262.6,230.9,60,1271.9,269.9,6,9.6958,0.0492,38.5888,0.1073,False,0,784,0.0,0,30,0.256,3929,15331,10066
v27,2,248,206,1281.5,235.5,60,1112.4,215.6,5,6.8158,0.0295,27.147,0.1041,False,0,784,0.0,0,30,0.255,3934,15424,10120
v27,2,249,217,1255.7,229.5,60,998.8,193.9,2,7.6991,0.1162,30.3332,0.0804,False,0,784,0.03,1,30,0.253,3937,15542,10176
v27,3,0,124,788.8,354.2,60,470.1,292.1,112,5.1733,-0.0414,20.8718,1.7766,False,744,784,0.0,0,0,0.0,0,2,0
v27,3,1,93,903.6,474.5,60,619.2,288.5,134,3.7459,0.0157,14.9455,1.7587,False,704,784,0.92,24,26,0.0,0,4,10
v27,3,2,215,545.2,217.5,60,726.5,244.6,97,4.5014,-0.024,18.124,1.7348,False,624,784,0.03,1,30,0.0,0,5,25
v27,3,3,210,568.5,211.0,60,683.1,285.5,63,3.9396,0.031,15.6574,1.7092,False,544,784,0.0,0,28,0.0,0,9,48
v27,3,4,184,658.3,244.4,60,797.0,274.4,55,4.9334,-0.0068,19.7789,1.6697,False,464,784,0.0,0,25,0.0,0,15,85
v27,3,5,523,407.8,96.4,60,722.6,183.8,39,7.2049,-0.0186,28.9072,1.6641,False,424,784,0.07,2,30,0.0,0,24,120
v27,3,6,757,345.5,68.1,60,748.6,165.4,21,11.0545,-0.122,44.71,1.6423,False,384,784,0.03,1,30,0.0,0,42,164
v27,3,7,641,388.3,87.5,60,486.1,88.8,8,5.637,-0.0115,22.6069,1.6755,False,344,784,0.0,0,30,0.0,0,57,214
v27,3,8,603,412.2,92.4,60,503.7,95.5,11,7.7536,-0.0583,31.2587,1.6586,False,344,784,0.07,2,30,0.0,0,72,272
v27,3,9,625,367.5,90.8,60,374.3,77.8,3,8.7165,-0.0732,35.1689,1.659,False,304,784,0.0,0,30,0.0,0,91,328
v27,3,10,594,365.1,93.8,60,467.7,95.5,7,5.9481,-0.0625,24.0539,1.6524,False,304,784,0.0,0,30,0.0,0,100,386
v27,3,11,627,387.0,93.4,60,265.4,47.8,0,6.6259,-0.0283,26.6301,1.6314,False,304,784,0.0,0,30,0.0,0,117,442
v27,3,12,610,399.7,94.4,60,361.4,63.9,2,8.7956,0.0273,35.0856,1.5786,False,304,784,0.03,1,30,0.0,0,130,502
v27,3,13,571,433.7,96.4,60,545.6,106.3,4,6.6913,0.0259,26.6729,1.5709,False,304,784,0.0,0,30,0.0,0,142,562
v27,3,14,532,475.4,101.2,60,664.0,126.4,10,8.2349,-0.0328,33.0826,1.5376,False,304,784,0.03,1,30,0.0,0,153,618
v27,3,15,414,585.9,127.9,60,712.6,141.4,7,9.3016,-0.0985,37.6107,1.5079,False,264,784,0.03,1,30,0.0,0,161,672
v27,3,16,429,581.0,121.6,60,777.8,154.2,10,11.5088,-0.0071,46.0722,1.4649,False,224,784,0.0,0,30,0.0,0,175,727
v27,3,17,447,581.6,115.9,60,797.3,160.6,11,11.0681,0.0907,43.9179,1.4208,False,224,784,0.0,0,30,0.0,0,182,782
v27,3,18,409,603.4,124.9,60,878.5,172.7,12,11.1775,-0.0719,45.006,1.3967,False,184,784,0.13,4,30,0.0,0,192,836
v27,3,19,325,769.0,162.4,60,769.1,144.2,12,9.9431,-0.0527,39.9902,1.3574,False,144,784,0.1,3,30,0.0,0,204,890
v27,3,20,410,668.1,123.7,60,902.4,178.9,12,12.4572,-0.0619,50.0839,1.335,False,104,784,0.07,2,30,0.0,0,214,947
v27,3,21,308,911.4,160.2,60,1101.2,201.4,10,10.6877,-0.0563,42.9834,1.2479,False,64,784,0.0,0,30,0.0,0,219,1001
v27,3,22,245,1019.6,187.0,60,1420.7,260.2,21,9.2165,-0.0829,37.2058,1.279,False,24,784,0.0,0,0,0.009,2,224,1055
v27,3,23,294,939.3,151.1,60,1542.9,283.4,14,14.5735,0.0608,58.0605,1.3208,False,24,784,0.07,2,30,0.008,2,239,1105
v27,3,24,290,1033.3,172.9,60,1121.4,188.3,11,10.7074,-0.0017,42.8455,1.2715,False,0,784,0.1,3,30,0.015,6,388,1154
v27,3,25,245,1104.6,187.8,60,1402.2,257.2,17,12.2198,0.0161,48.8251,1.2659,False,0,784,0.13,4,30,0.023,12,525,1209
v27,3,26,211,1267.0,217.3,60,1371.8,259.8,25,9.52,-0.0909,38.4539,1.2652,False,0,784,0.2,6,30,0.036,23,637,1259
v27,3,27,229,1256.4,209.6,60,1289.5,223.9,15,8.9864,-0.0172,36.0249,1.222,False,0,784,0.1,3,30,0.046,35,764,1305
v27,3,28,181,1389.6,243.3,60,1451.8,290.0,30,9.6555,0.0068,38.6073,1.2755,False,0,784,0.3,9,30,0.051,43,851,1357
v27,3,29,198,1349.3,228.5,60,1562.5,270.0,26,11.8962,0.1381,47.0454,1.2121,False,0,784,0.17,5,30,0.059,56,951,1401
v27,3,30,201,1372.2,229.6,60,1381.4,254.9,24,9.0232,-0.0097,36.1443,1.2108,False,0,784,0.17,5,30,0.066,70,1062,1447
v27,3,31,173,1458.2,239.8,60,1796.2,332.6,24,8.0578,-0.0502,32.445,1.1617,False,0,784,0.17,5,30,0.07,81,1153,1495
v27,3,32,190,1314.8,214.2,60,1802.0,345.6,25,9.0559,0.0039,36.2219,1.15,False,0,784,0.07,2,30,0.074,93,1262,1539
v27,3,33,168,1391.1,235.9,60,1850.3,363.4,33,7.1207,-0.1068,28.9251,1.1109,False,0,784,0.33,10,30,0.076,103,1347,1581
v27,3,34,138,1718.0,294.3,60,1889.9,347.0,34,8.5566,-0.061,34.4863,1.1256,False,0,784,0.2,6,30,0.085,122,1428,1620
v27,3,35,156,1591.9,271.0,60,1711.8,319.4,37,6.7607,-0.0652,27.3191,1.0381,False,0,784,0.37,11,30,0.089,135,1512,1661
v27,3,36,157,1638.1,271.1,60,1730.6,314.6,29,8.55,-0.0153,34.2779,1.0667,False,0,784,0.17,5,30,0.094,150,1597,1701
v27,3,37,119,1808.0,327.8,60,1905.8,373.9,42,6.9283,-0.0844,28.0681,1.042,False,0,784,0.37,11,30,0.1,166,1667,1744
v27,3,38,112,1835.1,346.7,60,1981.6,376.8,47,6.4812,-0.0452,26.1239,1.0312,False,0,784,0.37,11,30,0.113,196,1742,1783
v27,3,39,128,1683.3,284.4,60,2149.0,417.3,43,8.0713,0.0477,32.1125,1.0089,False,0,784,0.33,10,30,0.118,213,1808,1822
v27,3,40,119,1966.5,351.0,60,1745.5,327.8,41,6.3499,-0.0057,25.44,0.9658,False,0,784,0.43,13,30,0.126,236,1873,1855
v27,3,41,117,1954.4,355.2,60,1900.5,331.4,42,6.3624,-0.0212,25.5519,0.9355,False,0,784,0.43,13,30,0.132,256,1942,1897
v27,3,42,125,1894.1,336.9,60,1759.2,322.0,40,7.079,-0.001,28.3369,0.8912,False,0,784,0.43,13,30,0.139,280,2014,1939
v27,3,43,108,1837.8,327.8,60,2163.4,434.0,49,5.4798,-0.027,22.0446,0.9051,False,0,784,0.43,13,30,0.143,298,2080,1982
v27,3,44,131,1808.7,302.6,60,1978.0,363.4,41,6.4548,-0.0247,25.9355,0.9031,False,0,784,0.3,9,30,0.15,321,2145,2013
v27,3,45,90,2181.2,417.0,60,2009.4,398.4,53,6.1149,0.068,24.2053,0.8946,False,0,784,0.33,10,30,0.159,350,2199,2050
v27,3,46,115,1829.3,319.7,60,2109.3,411.2,41,8.5327,0.144,33.5714,0.8383,False,0,784,0.33,10,30,0.166,376,2268,2085
v27,3,47,94,2019.0,355.6,60,2192.6,466.9,42,5.8269,0.0423,23.1549,0.8313,False,0,784,0.27,8,30,0.171,397,2323,2123
v27,3,48,89,2141.6,399.0,60,2123.9,432.2,51,5.6885,0.0032,22.7589,0.8858,False,0,784,0.47,14,30,0.176,418,2373,2159
v27,3,49,91,2326.8,428.9,60,2004.0,373.5,50,6.0597,0.0918,23.8893,0.885,False,0,784,0.57,17,30,0.184,447,2430,2193
v27,3,50,88,2438.9,474.2,60,1761.6,328.5,53,3.6318,-0.0931,14.9166,0.8532,False,0,784,0.6,18,30,0.191,472,2472,2232
v27,3,51,107,2208.6,396.6,60,1767.9,316.8,49,7.5133,0.1015,29.6637,0.8306,False,0,784,0.3,9,30,0.197,500,2542,2274
v27,3,52,96,2318.8,429.2,60,1757.9,337.2,50,6.8617,0.0621,27.2139,0.7787,False,0,784,0.43,13,30,0.202,528,2608,2314
v27,3,53,89,2338.2,425.1,60,2134.8,393.5,48,5.4972,0.0501,21.8042,0.8074,False,0,784,0.43,13,30,0.207,551,2659,2355
v27,3,54,75,2692.8,527.1,60,1954.0,365.2,54,4.5847,0.0154,18.2937,0.8169,False,0,784,0.53,16,30,0.214,579,2709,2394
v27,3,55,100,2423.9,459.2,60,1486.9,258.7,51,6.1099,-0.0212,24.5404,0.7991,False,0,784,0.63,19,30,0.219,606,2770,2434
v27,3,56,97,2330.7,429.2,60,1881.8,330.2,51,4.2866,-0.0274,17.2701,0.7259,False,0,784,0.47,14,30,0.223,629,2826,2480
v27,3,57,88,2470.7,454.4,60,1994.7,357.6,51,4.8544,0.0447,19.2526,0.7021,False,0,784,0.43,13,30,0.228,656,2882,2521
v27,3,58,90,2309.9,423.0,60,2084.7,389.6,53,4.2993,-0.0232,17.3044,0.727,False,0,784,0.37,11,30,0.235,691,2943,2560
v27,3,59,91,2489.2,465.7,60,1774.2,317.7,53,3.7681,-0.1065,15.5131,0.7414,False,0,784,0.43,13,30,0.241,724,3006,2597
v27,3,60,83,2552.2,459.6,60,2152.6,388.2,55,4.8818,-0.018,19.6144,0.7557,False,0,784,0.63,19,30,0.244,745,3058,2638
v27,3,61,86,2632.2,505.9,60,1684.0,298.8,53,4.2672,-0.0163,17.1472,0.6703,False,0,784,0.53,16,30,0.25,778,3117,2672
v27,3,62,82,2499.0,462.0,60,2077.3,392.6,54,4.1204,0.0118,16.4481,0.6769,False,0,784,0.37,11,30,0.254,806,3168,2716
v27,3,63,70,3022.2,602.7,60,1818.9,320.9,57,3.8214,-0.0293,15.4154,0.6381,False,0,784,0.7,21,30,0.261,841,3219,2752
v27,3,64,84,2609.4,474.1,60,2101.0,360.3,53,3.2582,-0.0667,13.3126,0.6575,False,0,784,0.5,15,30,0.265,867,3274,2795
v27,3,65,99,2303.5,413.4,60,1988.1,341.9,51,4.7956,-0.0519,19.4029,0.6419,False,0,784,0.53,16,30,0.267,892,3336,2833
v27,3,66,88,2469.9,448.8,60,2030.3,365.8,50,6.2833,0.1237,24.6514,0.6496,False,0,784,0.47,14,30,0.271,923,3400,2871
v27,3,67,85,2652.4,501.2,60,1903.1,313.9,55,4.5749,0.0022,18.3041,0.6808,False,0,784,0.73,22,30,0.274,947,3451,2910
v27,3,68,79,2752.2,532.7,60,1826.2,322.6,57,6.165,0.1121,24.2238,0.6172,False,0,784,0.73,22,30,0.279,974,3497,2951
v27,3,69,82,2562.3,487.0,60,2019.2,358.4,54,4.5027,-0.1225,18.5137,0.6547,False,0,784,0.53,16,30,0.282,1000,3545,2994
v27,3,70,79,2782.2,537.5,60,1875.0,316.3,57,4.8288,0.0607,19.0851,0.6452,False,0,784,0.67,20,30,0.287,1030,3595,3033
v27,3,71,86,2581.8,491.0,60,1917.2,320.2,49,4.5695,-0.0229,18.3814,0.5945,False,0,784,0.57,17,30,0.29,1056,3645,3074
v27,3,72,78,2857.9,547.6,60,1890.0,312.1,55,4.4153,0.0425,17.5033,0.5959,False,0,784,0.63,19,30,0.293,1080,3690,3118
v27,3,73,94,2458.0,448.2,60,1820.3,321.8,52,4.7023,-0.041,18.9851,0.5959,False,0,784,0.37,11,30,0.296,1107,3744,3161
v27,3,74,83,2674.0,515.4,60,1744.6,311.0,56,6.7236,0.144,26.3301,0.5893,False,0,784,0.7,21,30,0.299,1133,3793,3203
v27,3,75,75,2609.0,490.8,60,2151.0,410.4,56,4.3278,-0.0012,17.327,0.5564,False,0,784,0.5,15,30,0.302,1161,3849,3245
v27,3,76,84,2720.2,516.3,60,1863.6,301.1,54,4.016,-0.0167,16.1412,0.5241,False,0,784,0.77,23,30,0.305,1188,3900,3281
v27,3,77,89,2583.9,477.8,60,1871.5,315.3,56,4.7955,0.0252,19.0923,0.5552,False,0,784,0.8,24,30,0.307,1213,3957,3325
v27,3,78,94,2228.6,427.5,60,1946.3,354.2,54,4.549,-0.0388,18.3624,0.5608,False,0,784,0.63,19,30,0.309,1237,4007,3366
v27,3,79,96,2151.1,408.2,60,2032.1,370.9,52,6.111,-0.02,24.5345,0.5236,False,0,784,0.8,24,30,0.309,1256,4060,3405
v27,3,80,95,2412.2,447.7,60,1789.8,315.1,50,5.7599,-0.0684,23.3234,0.5151,False,0,784,0.57,17,30,0.311,1283,4121,3444
v27,3,81,84,2695.1,516.8,60,1762.0,300.4,56,4.9913,-0.0519,20.1828,0.4948,False,0,784,0.83,25,30,0.314,1307,4165,3486
v27,3,82,90,2416.6,457.6,60,1948.2,337.6,57,4.9523,-0.008,19.8507,0.4832,False,0,784,0.63,19,30,0.315,1328,4212,3530
v27,3,83,80,2818.0,549.9,60,1707.2,290.8,57,4.3732,-0.0192,17.5797,0.5206,False,0,784,0.7,21,30,0.318,1355,4258,3570
v27,3,84,81,2649.1,509.1,60,1912.8,336.7,58,4.1202,-0.0655,16.7518,0.4702,False,0,784,0.77,23,30,0.32,1378,4307,3615
v27,3,85,83,2657.5,490.2,60,2000.7,345.9,56,3.3104,-0.0706,13.5335,0.4941,False,0,784,0.63,19,30,0.322,1401,4353,3656
v27,3,86,89,2622.2,491.0,60,1837.0,295.6,57,4.9644,0.0126,19.8177,0.5257,False,0,784,0.7,21,30,0.324,1428,4402,3695
v27,3,87,94,2556.7,488.7,60,1621.0,258.4,55,4.8517,-0.0813,19.7425,0.5203,False,0,784,0.5,15,30,0.329,1468,4467,3737
v27,3,88,94,2349.4,451.7,60,1778.6,316.4,58,5.2462,-0.0038,21.0089,0.4508,False,0,784,0.6,18,30,0.331,1496,4525,3784
v27,3,89,84,2756.0,519.0,60,1818.1,297.4,58,5.2792,0.0346,20.9872,0.4466,False,0,784,0.63,19,30,0.333,1528,4590,3824
v27,3,90,78,2910.4,574.9,60,1616.3,276.6,57,5.5858,0.0643,22.0944,0.4264,False,0,784,0.8,24,30,0.335,1555,4635,3866
v27,3,91,90,2344.2,445.3,60,2006.8,356.1,56,6.6966,0.0276,26.6854,0.4726,False,0,784,0.57,17,30,0.336,1575,4682,3912
v27,3,92,110,1959.0,372.9,60,1872.6,340.4,54,8.6081,0.0218,34.3526,0.3821,False,0,784,0.57,17,30,0.338,1603,4746,3951
v27,3,93,89,2568.6,510.1,60,1544.1,267.3,59,5.7531,-0.1016,23.4263,0.3698,False,0,784,0.67,20,30,0.341,1639,4804,3991
v27,3,94,86,2460.6,458.4,60,2110.2,367.0,53,5.0643,-0.0928,20.6367,0.4239,False,0,784,0.63,19,30,0.342,1657,4849,4037
v27,3,95,90,2534.5,490.4,60,1747.0,288.4,58,5.8172,-0.0561,23.5001,0.3512,False,0,784,0.7,21,30,0.344,1688,4908,4075
v27,3,96,92,2543.8,489.3,60,1632.4,273.8,55,5.3573,-0.0055,21.4592,0.3963,False,0,784,0.8,24,30,0.345,1714,4961,4118
v27,3,97,116,1877.9,339.8,60,2015.9,367.1,51,6.7295,-0.0356,27.0671,0.3271,False,0,784,0.43,13,30,0.345,1733,5028,4165
v27,3,98,106,2059.1,366.1,60,2049.4,377.2,49,7.0641,0.0243,28.1658,0.3357,False,0,784,0.43,13,30,0.345,1757,5099,4202
v27,3,99,111,1997.9,365.3,60,1956.4,348.2,53,7.3203,0.1345,28.7494,0.3141,False,0,784,0.67,20,30,0.345,1779,5153,4239
v27,3,100,112,2039.3,363.2,60,1912.2,346.0,48,6.5614,-0.0379,26.4035,0.3033,False,0,784,0.43,13,30,0.346,1808,5229,4279
v27,3,101,103,2128.7,394.0,60,1808.4,347.6,51,6.2451,-0.067,25.2547,0.3389,False,0,784,0.7,21,30,0.345,1827,5289,4320
v27,3,102,105,1908.7,346.5,60,2171.8,417.7,54,6.4469,0.0485,25.5991,0.2869,False,0,784,0.4,12,30,0.345,1849,5355,4362
v27,3,103,111,1921.4,348.9,60,1953.4,378.5,50,8.3411,0.1348,32.8315,0.3197,False,0,784,0.47,14,30,0.346,1874,5420,4395
v27,3,104,136,1463.4,249.9,60,2240.0,457.6,43,11.521,0.1989,45.2948,0.3113,False,0,784,0.27,8,30,0.344,1893,5499,4432
v27,3,105,97,2054.9,382.3,60,1900.4,406.0,49,6.6632,0.0006,26.6567,0.3032,False,0,784,0.7,21,30,0.344,1913,5553,4466
v27,3,106,109,2082.0,394.1,60,1750.4,308.0,49,5.9451,-0.0199,23.8654,0.2718,False,0,784,0.33,10,30,0.347,1951,5626,4507
v27,3,107,127,1857.8,332.6,60,1735.6,320.0,45,8.2563,0.0487,32.8358,0.2815,False,0,784,0.47,14,30,0.346,1970,5693,4553
v27,3,108,139,1532.9,258.6,60,2287.6,424.8,42,9.0343,0.0673,35.8727,0.2545,False,0,784,0.47,14,30,0.344,1982,5760,4594
v27,3,109,130,1763.8,325.8,60,1641.8,318.0,42,7.5813,-0.0515,30.5366,0.2634,False,0,784,0.5,15,30,0.343,2004,5839,4630
v27,3,110,156,1502.5,265.5,60,1782.6,333.8,42,8.9938,-0.0334,36.115,0.3042,False,0,784,0.4,12,30,0.342,2028,5931,4675
v27,3,111,151,1305.0,204.6,60,2442.0,509.1,32,9.427,-0.026,37.8177,0.285,False,0,784,0.13,4,30,0.338,2036,6019,4718
v27,3,112,155,1255.2,202.6,60,2266.0,500.5,32,12.8461,0.1582,50.7565,0.238,False,0,784,0.1,3,30,0.336,2054,6106,4751
v27,3,113,110,1626.4,297.5,60,2159.7,478.7,38,1786.056,1776.9821,36.3023,0.3166,False,0,784,0.3,9,30,0.335,2071,6182,4786
v27,3,114,128,1480.0,269.6,60,1605.5,448.9,31,8.363,0.0143,33.4014,0.3263,False,0,784,0.33,10,30,0.333,2086,6263,4822
v27,3,115,122,1392.3,249.6,60,2326.7,516.4,37,9.8272,0.1401,38.7534,0.2657,False,0,784,0.1,3,30,0.331,2100,6340,4866
v27,3,116,172,1319.8,223.8,60,1758.5,382.6,16,10.7104,0.0274,42.7375,0.2791,False,0,784,0.23,7,30,0.329,2118,6443,4897
v27,3,117,158,1361.5,242.4,60,1871.0,385.6,29,9.3275,0.1486,36.7194,0.2012,False,0,784,0.17,5,30,0.326,2128,6531,4950
v27,3,118,187,1170.8,201.0,60,1609.1,397.5,15,12.008,0.0254,47.9362,0.2994,False,0,784,0.07,2,30,0.322,2138,6635,4993
v27,3,119,137,1184.6,229.4,60,1660.1,500.1,23,11.5339,0.2173,45.2713,0.2478,False,0,784,0.2,6,30,0.32,2146,6714,5042
v27,3,120,176,1027.4,194.6,60,1718.0,453.1,14,12.9919,0.2189,51.0964,0.2273,False,0,784,0.0,0,30,0.317,2155,6807,5086
v27,3,121,188,995.4,228.8,60,1230.7,307.1,2,11.5941,0.0071,46.3526,0.2323,False,0,784,0.0,0,30,0.313,2162,6909,5133
v27,3,122,190,944.9,203.8,60,1376.5,378.8,11,10.7366,0.0533,42.7368,0.1819,False,0,784,0.03,1,30,0.309,2164,6999,5191
v27,3,123,186,958.9,223.6,60,976.1,330.7,4,10.8974,0.0078,43.5625,0.2091,False,0,784,0.03,1,30,0.306,2167,7092,5242
v27,3,124,198,1063.2,223.9,60,1041.5,285.0,7,9.4505,0.1134,37.3525,0.212,False,0,784,0.1,3,30,0.302,2169,7184,5301
v27,3,125,216,948.9,212.2,60,1067.8,260.2,5,10.8061,0.112,42.7799,0.1761,False,0,784,0.03,1,30,0.298,2172,7291,5358
v27,3,126,215,954.3,228.1,60,812.8,206.6,1,11.0227,0.0016,44.0882,0.1968,False,0,784,0.0,0,30,0.293,2172,7412,5415
v27,3,127,206,969.6,223.3,60,977.2,257.3,5,10.3267,-0.0286,41.4246,0.1777,False,0,784,0.0,0,30,0.289,2174,7520,5474
v27,3,128,173,898.3,225.1,60,719.2,375.1,1,7.4876,-0.0213,30.0407,0.2518,False,0,784,0.03,1,30,0.286,2175,7608,5530
v27,3,129,180,852.2,248.2,60,844.6,279.5,0,10.236,0.0821,40.6196,0.1962,False,0,784,0.0,0,30,0.283,2175,7692,5590
v27,3,130,191,901.5,234.9,60,750.8,276.1,0,9.897,0.0743,39.2947,0.1939,False,0,784,0.0,0,30,0.279,2175,7790,5650
v27,3,131,198,970.1,239.9,60,819.0,232.2,0,7.4169,0.0229,29.5797,0.1894,False,0,784,0.0,0,30,0.276,2175,7893,5710
v27,3,132,170,966.6,230.6,60,972.9,370.7,2,9.091,0.1935,35.5945,0.2219,False,0,784,0.0,0,30,0.273,2175,7974,5770
v27,3,133,194,910.8,204.4,60,1061.7,363.2,2,8.4565,0.059,33.5947,0.2324,False,0,784,0.0,0,30,0.269,2176,8081,5828
v27,3,134,196,979.2,222.4,60,976.0,297.4,4,8.8751,0.0946,35.1267,0.2298,False,0,784,0.0,0,30,0.266,2178,8178,5886
v27,3,135,214,1162.8,234.9,60,908.9,186.1,0,8.0513,-0.0366,32.3557,0.2027,False,0,784,0.0,0,30,0.263,2179,8285,5943
v27,3,136,239,1119.3,205.1,60,1041.4,207.0,2,11.0807,0.0549,44.1078,0.2313,False,0,784,0.0,0,30,0.259,2180,8415,6003
v27,3,137,214,1228.8,225.2,60,973.7,220.8,0,9.3831,0.2048,36.7182,0.2377,False,0,784,0.0,0,30,0.256,2180,8514,6062
v27,3,138,226,1216.8,204.7,60,1214.8,253.0,3,10.0169,0.0825,39.7408,0.1768,False,0,784,0.0,0,30,0.253,2181,8619,6122
v27,3,139,213,1236.7,217.2,60,1216.3,253.0,2,8.2357,0.0094,32.9091,0.1966,False,0,784,0.0,0,30,0.25,2184,8731,6180
v27,3,140,258,1239.4,208.1,60,714.4,129.0,3,8.9344,0.0972,35.352,0.1723,False,0,784,0.0,0,30,0.247,2187,8862,6239
v27,3,141,239,1292.5,213.1,60,937.2,175.1,3,10.1378,0.1064,40.1296,0.2019,False,0,784,0.03,1,30,0.244,2187,8977,6298
v27,3,142,235,1277.1,209.5,60,1066.2,203.3,2,10.3192,0.0562,41.0553,0.1706,False,0,784,0.0,0,30,0.241,2189,9097,6356
v27,3,143,233,1246.5,203.6,60,997.2,233.3,1,8.8423,-0.0024,35.3826,0.1935,False,0,784,0.0,0,30,0.238,2190,9214,6414
v27,3,144,219,1313.9,218.5,60,1159.4,226.3,3,8.0804,0.0754,32.0238,0.2004,False,0,784,0.03,1,30,0.235,2192,9332,6473
v27,3,145,203,1333.1,218.2,60,1481.7,285.7,3,6.8271,-0.0176,27.3825,0.1975,False,0,784,0.0,0,30,0.233,2194,9436,6532
v27,3,146,250,1214.5,198.3,60,1062.2,197.6,4,10.0019,0.1226,39.5207,0.195,False,0,784,0.0,0,30,0.229,2196,9574,6590
v27,3,147,247,1273.9,203.9,60,998.7,184.6,1,8.952,0.0168,35.7443,0.1936,False,0,784,0.0,0,30,0.227,2196,9694,6648
v27,3,148,212,1358.0,226.7,60,1181.3,223.0,2,7.5753,0.0285,30.1902,0.1495,False,0,784,0.03,1,30,0.224,2197,9794,6707
v27,3,149,227,1319.1,214.2,60,1225.2,213.7,7,7.7258,-0.0024,30.9163,0.1862,False,0,784,0.03,1,30,0.222,2199,9892,6766
v27,3,150,215,1359.5,224.9,60,1249.1,218.3,3,7.1795,0.0538,28.5055,0.1217,False,0,784,0.03,1,30,0.22,2201,10001,6821
v27,3,151,203,1494.0,247.9,60,993.3,185.3,3,7.7657,0.072,30.7778,0.1409,False,0,784,0.03,1,30,0.218,2202,10108,6879
v27,3,152,201,1409.4,227.3,60,1415.8,262.5,3,7.308,-0.0257,29.3379,0.1688,False,0,784,0.03,1,30,0.216,2204,10218,6938
v27,3,153,189,1443.8,239.2,60,1402.8,270.6,7,8.5817,0.0868,33.9826,0.1474,False,0,784,0.1,3,30,0.214,2205,10324,6997
v27,3,154,188,1412.8,228.7,60,1468.0,307.3,6,5.7422,-0.0976,23.3627,0.1826,False,0,784,0.07,2,30,0.212,2208,10430,7053
v27,3,155,183,1387.6,222.6,60,1479.0,345.0,4,8.6258,0.0954,34.1248,0.16,False,0,784,0.07,2,30,0.21,2211,10532,7109
v27,3,156,185,1447.1,233.0,60,1423.4,305.5,1,7.5955,0.0513,30.1799,0.154,False,0,784,0.0,0,30,0.208,2212,10621,7168
v27,3,157,162,1407.6,227.0,60,1739.9,411.2,3,6.6411,0.0269,26.459,0.1241,False,0,784,0.0,0,30,0.207,2212,10706,7227
v27,3,158,184,1461.2,228.9,60,1386.1,321.9,0,7.8827,0.0686,31.2594,0.1425,False,0,784,0.0,0,30,0.205,2213,10788,7284
v27,3,159,178,1491.1,241.1,60,1328.7,308.7,0,7.4775,0.0069,29.8852,0.1337,False,0,784,0.0,0,30,0.203,2213,10878,7344
v27,3,160,174,1399.1,229.4,60,1393.4,358.8,0,8.6977,0.0347,34.6548,0.1432,False,0,784,0.0,0,30,0.202,2213,10967,7404
v27,3,161,165,1380.5,228.5,60,1675.5,395.6,0,6.8277,-0.0126,27.364,0.137,False,0,784,0.0,0,30,0.2,2213,11044,7464
v27,3,162,165,1370.1,225.9,60,1747.0,402.7,1,7.893,0.0736,31.2801,0.131,False,0,784,0.0,0,30,0.199,2213,11121,7524
v27,3,163,189,1410.8,227.5,60,1443.6,307.3,0,9.8916,0.1511,38.9646,0.1407,False,0,784,0.0,0,30,0.197,2213,11218,7583
v27,3,164,172,1349.7,220.9,60,1618.1,390.8,0,8.7405,0.0638,34.7101,0.1573,False,0,784,0.0,0,30,0.196,2213,11295,7643
v27,3,165,228,1273.1,211.8,60,1138.1,219.2,0,8.2506,0.0356,32.8628,0.1391,False,0,784,0.0,0,30,0.194,2213,11407,7703
v27,3,166,176,1422.5,236.1,60,1540.9,331.6,0,7.5668,0.0693,29.9929,0.1395,False,0,784,0.0,0,30,0.193,2213,11490,7763
v27,3,167,189,1358.3,223.1,60,1408.5,321.4,0,8.5082,0.0712,33.7501,0.1193,False,0,784,0.0,0,30,0.191,2213,11577,7823
v27,3,168,195,1381.2,228.4,60,1325.7,281.7,0,8.0106,0.0705,31.7628,0.1125,False,0,784,0.0,0,30,0.19,2213,11667,7883
v27,3,169,212,1311.8,213.6,60,1312.9,269.4,0,7.3843,-0.0129,29.5917,0.1473,False,0,784,0.0,0,30,0.188,2213,11754,7943
v27,3,170,184,1442.1,239.3,60,1403.5,290.1,0,9.5331,0.1946,37.3569,0.1438,False,0,784,0.0,0,30,0.187,2213,11850,8003
v27,3,171,203,1306.5,218.0,60,1226.5,286.3,0,6.45,-0.0879,26.1538,0.1157,False,0,784,0.0,0,30,0.185,2213,11954,8063
v27,3,172,188,1346.5,228.2,60,1367.1,308.9,0,7.8923,0.0608,31.3286,0.14,False,0,784,0.0,0,30,0.184,2213,12046,8123
v27,3,173,208,1302.7,223.4,60,1208.9,249.5,0,10.2529,0.0762,40.7094,0.1285,False,0,784,0.0,0,30,0.182,2213,12155,8183
v27,3,174,190,1337.3,225.7,60,1324.3,309.4,0,7.9568,0.0337,31.6953,0.158,False,0,784,0.0,0,30,0.181,2213,12252,8243
v27,3,175,203,1361.6,225.4,60,1277.8,261.2,1,7.3943,-0.0256,29.6821,0.1244,False,0,784,0.0,0,30,0.179,2213,12362,8303
v27,3,176,199,1356.4,231.7,60,1248.7,255.5,0,8.851,0.0573,35.1775,0.1291,False,0,784,0.0,0,30,0.178,2213,12466,8362
v27,3,177,196,1337.9,227.2,60,1281.7,281.7,0,6.3618,0.0207,25.3669,0.1316,False,0,784,0.0,0,30,0.176,2213,12548,8422
v27,3,178,184,1400.4,233.1,60,1379.2,309.0,0,5.8478,-0.0255,23.4958,0.1328,False,0,784,0.0,0,30,0.175,2213,12632,8482
v27,3,179,205,1348.8,223.3,60,1288.8,260.9,0,7.7493,0.0529,30.7887,0.1408,False,0,784,0.0,0,30,0.174,2213,12744,8542
v27,3,180,217,1385.8,223.8,60,1174.1,214.5,0,8.8519,0.1027,34.9993,0.1241,False,0,784,0.0,0,30,0.172,2213,12853,8602
v27,3,181,200,1299.2,211.3,60,1302.3,319.5,0,10.8386,0.1347,42.8187,0.144,False,0,784,0.0,0,30,0.171,2213,12951,8662
v27,3,182,210,1356.6,227.4,60,1148.8,228.2,0,7.8628,0.0044,31.4369,0.166,False,0,784,0.0,0,30,0.17,2213,13055,8722
v27,3,183,195,1280.8,216.2,60,1402.4,321.5,0,8.8609,0.7144,32.5882,0.1013,False,0,784,0.0,0,30,0.168,2213,13149,8782
v27,3,184,227,1200.3,206.7,60,1202.0,241.8,0,8.6157,0.0921,34.0965,0.1124,False,0,784,0.0,0,30,0.167,2213,13263,8842
v27,3,185,219,1234.0,218.6,60,1207.0,226.1,0,7.6872,0.0309,30.6271,0.0993,False,0,784,0.0,0,30,0.166,2213,13364,8902
v27,3,186,219,1368.6,235.0,60,950.9,166.4,0,7.486,0.0508,29.7428,0.1106,False,0,784,0.0,0,30,0.164,2213,13468,8962
v27,3,187,211,1350.7,232.0,60,1055.9,208.0,0,7.7369,0.1026,30.5395,0.1066,False,0,784,0.0,0,30,0.163,2213,13567,9022
v27,3,188,216,1268.7,222.2,60,1208.7,224.1,0,8.4826,0.1157,33.47,0.1261,False,0,784,0.0,0,30,0.162,2213,13686,9082
v27,3,189,214,1270.3,219.3,60,1186.3,241.8,0,7.0278,0.0982,27.7207,0.123,False,0,784,0.0,0,30,0.16,2213,13795,9142
v27,3,190,218,1326.7,231.4,60,957.7,183.4,0,6.9334,-0.0071,27.7643,0.1193,False,0,784,0.0,0,30,0.159,2213,13902,9202
v27,3,191,202,1288.8,222.1,60,1242.4,276.2,0,6.0842,0.012,24.291,0.1066,False,0,784,0.0,0,30,0.158,2213,13999,9262
v27,3,192,217,1237.6,215.0,60,1109.1,246.6,0,7.0126,-0.0084,28.0861,0.0973,False,0,784,0.0,0,30,0.157,2213,14121,9322
v27,3,193,205,1334.4,234.9,60,968.4,221.6,0,7.2392,0.0428,28.7877,0.0895,False,0,784,0.0,0,30,0.156,2213,14228,9382
v27,3,194,216,1265.3,220.1,60,1129.9,231.8,0,7.587,-0.0159,30.4133,0.0942,False,0,784,0.0,0,30,0.154,2213,14327,9442
v27,3,195,214,1302.5,219.1,60,1251.2,242.7,0,6.3778,0.0138,25.4583,0.1104,False,0,784,0.0,0,30,0.153,2213,14435,9502
v27,3,196,227,1309.0,220.5,60,1042.0,189.7,0,7.9413,0.2685,30.693,0.0957,False,0,784,0.0,0,30,0.152,2213,14545,9562
v27,3,197,217,1317.5,227.3,60,1051.5,201.9,0,7.2121,0.0002,28.8494,0.0783,False,0,784,0.0,0,30,0.151,2213,14661,9622
v27,3,198,232,1234.7,205.7,60,1171.2,228.8,1,7.3776,-0.0215,29.5986,0.1214,False,0,784,0.0,0,30,0.15,2213,14772,9682
v27,3,199,234,1313.0,224.4,60,900.9,148.7,1,5.9596,-0.0102,23.8814,0.1124,False,0,784,0.0,0,30,0.149,2214,14893,9741
v27,3,200,228,1290.0,216.7,60,1046.7,200.6,0,8.9633,0.1195,35.3773,0.1012,False,0,784,0.0,0,30,0.148,2215,15000,9800
v27,3,201,227,1284.8,215.8,60,1114.8,207.4,1,6.9499,0.0318,27.6741,0.0982,False,0,784,0.0,0,30,0.147,2215,15109,9860
v27,3,202,221,1311.5,221.9,60,1135.6,206.7,0,7.8748,0.0224,31.4116,0.0908,False,0,784,0.0,0,30,0.146,2215,15218,9919
v27,3,203,209,1239.8,215.0,60,1319.3,275.1,2,5.5101,-0.0459,22.2264,0.1023,False,0,784,0.03,1,30,0.145,2215,15325,9979
v27,3,204,219,1298.6,222.0,60,1130.1,213.6,0,7.6277,0.0137,30.4583,0.1244,False,0,784,0.0,0,30,0.144,2216,15432,10038
v27,3,205,219,1301.3,214.7,60,1262.8,240.4,0,7.5655,0.0145,30.2054,0.0786,False,0,784,0.0,0,30,0.143,2216,15536,10098
v27,3,206,221,1322.6,223.5,60,1090.5,200.8,0,8.8766,0.113,35.056,0.0921,False,0,784,0.0,0,30,0.142,2216,15643,10158
v27,3,207,229,1257.7,208.0,60,1105.4,230.0,2,8.1401,0.0656,32.3,0.0989,False,0,784,0.0,0,30,0.141,2216,15762,10218
v27,3,208,218,1258.2,213.3,60,1312.7,249.0,1,8.8808,0.0097,35.4864,0.1114,False,0,784,0.0,0,30,0.14,2216,15864,10276
v27,3,209,223,1324.0,232.1,60,944.9,161.5,0,7.0471,0.0398,28.0308,0.0687,False,0,784,0.0,0,30,0.139,2217,15974,10335
v27,3,210,228,1292.9,221.5,60,1070.9,182.1,0,7.6423,0.1191,30.0948,0.0948,False,0,784,0.0,0,30,0.138,2217,16091,10395
v27,3,211,224,1281.1,221.7,60,978.8,196.5,0,6.6286,0.4118,24.869,0.0941,False,0,784,0.0,0,30,0.137,2217,16203,10455
v27,3,212,237,1265.0,216.7,60,998.6,168.1,0,7.4726,0.055,29.6722,0.093,False,0,784,0.0,0,30,0.136,2217,16313,10515
v27,3,213,202,1350.6,234.7,60,1156.2,233.9,0,7.3676,-0.057,29.7,0.0838,False,0,784,0.0,0,30,0.135,2217,16415,10575
v27,3,214,219,1261.9,226.2,60,993.1,198.4,0,7.0612,0.0729,27.9555,0.0993,False,0,784,0.0,0,30,0.134,2217,16518,10635
v27,3,215,214,1319.2,223.6,60,1181.2,226.5,1,6.211,0.004,24.8298,0.0966,False,0,784,0.0,0,30,0.133,2217,16621,10695
v27,3,216,191,1342.4,225.4,60,1411.6,306.6,0,7.388,-0.063,29.8051,0.0689,False,0,784,0.0,0,30,0.133,2218,16714,10754
v27,3,217,207,1349.9,229.2,60,1032.7,233.2,2,7.7303,0.0521,30.7144,0.0838,False,0,784,0.0,0,30,0.132,2218,16816,10814
v27,3,218,216,1378.2,225.5,60,1190.5,212.3,0,7.359,0.1298,28.9184,0.0776,False,0,784,0.0,0,30,0.131,2220,16929,10872
v27,3,219,220,1354.0,216.7,60,1295.4,229.5,1,7.0784,0.0324,28.1861,0.0927,False,0,784,0.0,0,30,0.13,2220,17045,10932
v27,3,220,223,1338.8,218.6,60,1151.2,211.4,0,7.7832,-0.0069,31.1619,0.0812,False,0,784,0.0,0,30,0.129,2221,17155,10991
v27,3,221,217,1336.4,217.5,60,1212.8,237.4,1,9.1158,0.101,36.061,0.1025,False,0,784,0.0,0,30,0.129,2221,17238,11051
v27,3,222,197,1368.8,224.5,60,1331.7,286.8,2,6.4757,0.0824,25.5752,0.0883,False,0,784,0.0,0,30,0.128,2222,17349,11110
v27,3,223,214,1348.3,221.5,60,1267.5,234.0,2,9.7658,0.1399,38.5056,0.1033,False,0,784,0.0,0,30,0.127,2223,17465,11168
v27,3,224,224,1360.2,222.6,60,1078.0,193.1,1,7.904,0.1873,30.8685,0.0739,False,0,784,0.0,0,30,0.127,2224,17581,11227
v27,3,225,207,1390.4,225.8,60,1264.7,245.0,2,8.5535,0.0507,34.0126,0.0806,False,0,784,0.0,0,30,0.126,2224,17687,11287
v27,3,226,206,1394.3,222.4,60,1345.2,260.4,2,7.6859,0.0391,30.5888,0.0699,False,0,784,0.0,0,30,0.125,2226,17796,11345
v27,3,227,183,1395.5,226.7,60,1489.7,332.7,2,6.3361,0.0424,25.1765,0.0899,False,0,784,0.0,0,30,0.124,2226,17891,11403
v27,3,228,189,1351.1,221.8,60,1536.4,325.4,3,6.8396,0.0468,27.1726,0.0812,False,0,784,0.03,1,30,0.124,2227,17982,11461
v27,3,229,182,1345.3,217.2,60,1450.6,365.2,2,29.5691,23.0836,25.9439,0.0908,False,0,784,0.0,0,30,0.123,2228,18077,11519
v27,3,230,200,1292.5,211.8,60,1512.9,318.0,1,8.4724,0.1003,33.4905,0.0906,False,0,784,0.0,0,30,0.123,2229,18187,11577
v27,3,231,187,1342.4,224.6,60,1444.0,324.1,0,7.8271,0.0375,31.1604,0.1067,False,0,784,0.0,0,30,0.122,2229,18295,11636
v27,3,232,210,1318.8,225.2,60,1248.9,235.7,0,9.5924,-0.0061,38.3956,0.0784,False,0,784,0.0,0,30,0.121,2229,18405,11696
v27,3,233,179,1406.5,232.4,60,1371.2,330.7,0,8.1399,0.0924,32.1915,0.0784,False,0,784,0.0,0,30,0.12,2229,18503,11756
v27,3,234,194,1362.0,223.2,60,1407.9,302.3,0,9.1183,0.1313,35.9501,0.095,False,0,784,0.0,0,30,0.12,2229,18602,11816
v27,3,235,206,1401.9,235.2,60,1141.1,216.5,0,9.3723,0.0569,37.2635,0.0918,False,0,784,0.0,0,30,0.119,2229,18711,11876
v27,3,236,189,1337.6,218.7,60,1446.6,335.2,2,8.0346,0.0609,31.8962,0.0699,False,0,784,0.0,0,30,0.118,2229,18812,11936
v27,3,237,205,1385.8,222.4,60,1434.2,264.1,2,7.5444,-0.016,30.2435,0.0868,False,0,784,0.0,0,30,0.118,2231,18916,11994
v27,3,238,180,1454.9,236.8,60,1459.5,313.5,3,7.6658,0.1958,29.8814,0.062,False,0,784,0.07,2,30,0.117,2232,18998,12052
v27,3,239,193,1423.2,227.9,60,1352.6,290.9,1,8.474,0.0569,33.67,0.0723,False,0,784,0.0,0,30,0.117,2232,19101,12111
v27,3,240,189,1457.4,229.7,60,1422.4,300.5,4,6.9749,0.0138,27.8457,0.0528,False,0,784,0.0,0,30,0.116,2233,19204,12170
v27,3,241,188,1471.2,238.4,60,1369.9,277.0,2,7.9152,0.0404,31.5007,0.0666,False,0,784,0.0,0,30,0.116,2235,19299,12227
v27,3,242,181,1494.6,238.0,60,1432.7,306.2,4,7.5342,0.0371,29.9907,0.0988,False,0,784,0.03,1,30,0.115,2236,19400,12286
v27,3,243,183,1471.6,228.2,60,1473.8,327.9,2,6.961,-0.0082,27.8779,0.0628,False,0,784,0.0,0,30,0.115,2237,19504,12343
v27,3,244,142,1449.1,225.3,60,1250.1,490.7,3,6.4323,0.0804,25.4102,0.1217,False,0,784,0.0,0,30,0.114,2237,19574,12401
v27,3,245,195,1426.4,225.0,60,1273.6,292.6,3,7.4537,0.0299,29.6966,0.0673,False,0,784,0.0,0,30,0.114,2240,19691,12458
v27,3,246,183,1473.1,234.6,60,1410.0,308.6,6,8.5075,-0.0413,34.1972,0.0894,False,0,784,0.03,1,30,0.113,2242,19786,12515
v27,3,247,169,1361.7,220.0,60,1719.6,404.4,2,6.677,0.0472,26.5202,0.0621,False,0,784,0.0,0,30,0.113,2243,19879,12570
v27,3,248,184,1395.6,221.0,60,1568.5,346.4,4,8.3376,0.1254,32.8505,0.0976,False,0,784,0.0,0,30,0.112,2244,19977,12628
v27,3,249,180,1334.6,217.6,60,1647.5,371.1,4,8.9731,0.0337,35.7591,0.0812,False,0,784,0.0,0,30,0.112,2246,20065,12684
v28,0,0,125,691.5,332.3,60,528.2,331.6,117,4.5478,0.0075,18.1756,1.7792,False,744,784,0.0,0,0,0.0,0,0,0
v28,0,1,111,854.7,399.5,60,731.0,284.9,120,3.8948,0.0565,15.3755,1.7515,False,664,784,0.04,1,27,0.0,0,6,8
v28,0,2,269,487.1,182.9,60,644.8,204.1,72,3.7226,-0.014,14.9678,1.7238,False,584,784,0.0,0,30,0.0,0,10,26
v28,0,3,185,659.2,259.9,60,605.3,222.6,54,3.6879,0.0198,14.6928,1.6901,False,504,784,0.0,0,30,0.0,0,19,60
v28,0,4,302,560.5,172.5,60,653.7,155.6,50,5.7077,-0.0798,23.1641,1.6583,False,424,784,0.0,0,30,0.0,0,24,101
v28,0,5,793,343.6,66.0,60,683.0,152.0,27,9.5612,-0.0871,38.5991,1.6401,False,384,784,0.1,3,30,0.0,0,38,150
v28,0,6,639,400.4,83.5,60,627.9,134.5,9,8.776,0.0599,34.8739,1.6511,False,344,784,0.0,0,30,0.0,0,50,200
v28,0,7,630,338.0,87.5,60,472.1,105.8,7,5.4,-0.0205,21.6933,1.6671,False,304,784,0.0,0,30,0.0,0,59,252
v28,0,8,659,344.9,86.9,60,359.0,69.4,2,5.8736,0.0356,23.3645,1.6521,False,304,784,0.0,0,30,0.0,0,72,307
v28,0,9,626,368.5,92.0,60,296.1,64.2,3,7.0181,0.0263,27.98,1.6521,False,304,784,0.0,0,30,0.0,0,87,366
v28,0,10,615,379.8,90.9,60,466.8,92.2,2,7.0835,0.0006,28.343,1.6344,False,304,784,0.0,0,30,0.0,0,99,425
v28,0,11,569,410.2,97.4,60,504.8,100.2,9,6.4989,-0.1014,26.4134,1.6223,False,304,784,0.0,0,30,0.0,0,106,484
v28,0,12,567,438.0,97.0,60,589.0,107.6,7,9.3499,0.0537,37.1947,1.5988,False,304,784,0.0,0,30,0.0,0,124,540
v28,0,13,568,433.7,98.6,60,497.5,90.7,8,8.8635,-0.0674,35.7349,1.587,False,304,784,0.07,2,30,0.0,0,137,595
v28,0,14,511,490.7,107.1,60,570.8,111.9,12,8.2761,0.0587,32.8798,1.5451,False,304,784,0.1,3,30,0.0,0,147,651
v28,0,15,399,635.0,131.5,60,792.0,149.5,17,7.9229,-0.0884,32.0534,1.5145,False,264,784,0.13,4,30,0.0,0,157,706
v28,0,16,416,612.3,118.3,60,1013.1,203.7,13,9.7207,-0.024,38.9873,1.4898,False,224,784,0.03,1,30,0.0,0,165,759
v28,0,17,363,717.6,141.8,60,846.9,166.2,9,9.9227,0.0453,39.5173,1.3969,False,184,784,0.07,2,30,0.0,0,169,808
v28,0,18,348,700.5,141.6,60,996.5,202.9,16,12.791,0.052,50.9653,1.4064,False,184,784,0.03,1,30,0.0,0,174,864
v28,0,19,329,789.8,156.8,60,879.8,164.3,9,12.174,0.0704,48.4203,1.3588,False,144,784,0.07,2,30,0.0,0,181,912
v28,0,20,397,675.9,125.6,60,1020.3,192.8,16,11.8725,0.0393,47.3399,1.3029,False,104,784,0.17,5,30,0.0,0,189,967
v28,0,21,318,927.0,161.6,60,984.2,167.3,11,11.3855,-0.0763,45.8529,1.306,False,64,784,0.07,2,30,0.0,0,195,1019
v28,0,22,339,880.4,151.5,60,1011.8,167.9,8,13.2004,0.0887,52.4535,1.2928,False,64,784,0.03,1,30,0.0,0,205,1075
v28,0,23,303,935.5,163.0,60,1150.7,200.8,11,12.3002,-0.0017,49.2135,1.319,False,64,784,0.07,2,30,0.0,0,211,1130
v28,0,24,304,977.2,163.3,60,1162.4,196.7,13,11.5013,-0.1552,46.6335,1.3366,False,24,784,0.07,2,30,0.0,0,223,1185
v28,0,25,271,1112.8,177.9,60,1323.9,220.4,13,9.7228,-0.0557,39.1214,1.2796,False,0,784,0.07,2,30,0.006,2,349,1239
v28,0,26,253,1128.4,183.8,60,1433.6,249.1,15,14.0933,0.248,55.3906,1.2448,False,0,784,0.1,3,30,0.014,7,483,1290
v28,0,27,227,1310.2,218.3,60,1276.1,198.0,11,8.6168,-0.0508,34.6803,1.2679,False,0,784,0.17,5,30,0.026,16,615,1340
v28,0,28,221,1273.0,216.0,60,1348.4,228.3,21,11.9645,0.0283,47.753,1.2135,False,0,784,0.2,6,30,0.033,24,723,1396
v28,0,29,213,1313.8,215.9,60,1589.7,257.4,18,10.1705,-0.0083,40.7239,1.2026,False,0,784,0.07,2,30,0.04,33,834,1447
v28,0,30,185,1524.3,252.1,60,1504.6,246.8,19,8.6006,-0.0322,34.5413,1.1847,False,0,784,0.17,5,30,0.045,42,928,1498
v28,0,31,194,1498.4,245.0,60,1423.4,231.9,19,9.8736,-0.0416,39.6696,1.1511,False,0,784,0.23,7,30,0.05,52,1034,1550
v28,0,32,183,1515.5,244.2,60,1614.9,279.3,22,8.7122,0.0317,34.7324,1.1785,False,0,784,0.1,3,30,0.054,62,1141,1603
v28,0,33,148,1645.0,272.1,60,1886.1,352.8,33,7.9205,0.0057,31.6696,1.1414,False,0,784,0.17,5,30,0.062,77,1235,1650
v28,0,34,150,1664.6,293.5,60,1659.9,290.2,31,9.1387,0.0691,36.2891,1.1295,False,0,784,0.3,9,30,0.072,95,1318,1690
v28,0,35,143,1660.2,270.3,60,2127.8,379.7,35,6.8928,-0.0125,27.6339,1.1114,False,0,784,0.2,6,30,0.077,108,1406,1737
v28,0,36,155,1545.1,252.9,60,1992.3,370.6,33,8.0971,-0.0543,32.6189,1.1702,False,0,784,0.33,10,30,0.082,123,1496,1773
v28,0,37,158,1599.6,269.8,60,1728.3,313.5,32,8.1796,-0.0308,32.8544,1.1446,False,0,784,0.4,12,30,0.088,139,1579,1813
v28,0,38,151,1699.6,296.9,60,1589.4,276.8,31,9.7146,0.0653,38.6091,1.0687,False,0,784,0.43,13,30,0.092,153,1655,1857
v28,0,39,147,1702.3,285.9,60,1829.6,323.6,32,9.8248,0.1079,38.8811,1.072,False,0,784,0.33,10,30,0.094,162,1730,1906
v28,0,40,137,1777.1,297.0,60,1941.7,345.8,36,8.6435,0.1086,34.1527,1.0229,False,0,784,0.33,10,30,0.1,180,1806,1949
v28,0,41,125,1881.1,308.8,60,2086.4,380.7,34,7.4179,0.0799,29.3652,1.017,False,0,784,0.23,7,30,0.103,193,1867,1991
v28,0,42,101,2143.0,384.1,60,1927.4,377.4,47,5.4859,-0.1184,22.4318,0.99,False,0,784,0.4,12,30,0.112,216,1934,2032
v28,0,43,112,2008.1,340.4,60,2210.6,388.6,41,6.4335,-0.0272,25.8566,0.924,False,0,784,0.37,11,30,0.117,233,1998,2069
v28,0,44,105,2195.8,385.3,60,1912.8,349.7,42,6.7305,0.0752,26.6353,0.8883,False,0,784,0.3,9,30,0.125,258,2066,2106
v28,0,45,91,2183.2,393.9,60,2271.5,426.6,52,5.6075,-0.0504,22.6472,0.9233,False,0,784,0.57,17,30,0.129,273,2112,2145
v28,0,46,101,2087.3,380.8,60,2043.5,383.0,49,5.8629,-0.0423,23.6364,0.9043,False,0,784,0.5,15,30,0.138,300,2180,2178
v28,0,47,93,2474.2,456.4,60,1935.5,316.6,50,5.2633,-0.0742,21.3656,0.8825,False,0,784,0.57,17,30,0.147,329,2238,2214
v28,0,48,88,2571.4,460.5,60,1961.5,348.6,51,5.631,-0.0356,22.6822,0.8856,False,0,784,0.47,14,30,0.155,355,2295,2255
v28,0,49,87,2590.8,473.5,60,1914.2,337.4,52,5.5761,-0.0098,22.3588,0.8274,False,0,784,0.53,16,30,0.162,381,2352,2293
v28,0,50,91,2578.5,466.5,60,1822.2,316.5,53,6.5073,0.0449,25.8647,0.8065,False,0,784,0.5,15,30,0.169,407,2413,2332
v28,0,51,92,2709.6,506.5,60,1591.8,247.3,53,4.1699,-0.0437,16.8703,0.8408,False,0,784,0.53,16,30,0.178,441,2474,2373
v28,0,52,94,2561.4,462.3,60,1874.0,299.7,53,6.8102,0.1048,26.8377,0.8374,False,0,784,0.7,21,30,0.183,462,2522,2422
v28,0,53,85,2890.0,534.1,60,1660.4,267.4,55,4.0585,0.0074,16.2208,0.8559,False,0,784,0.57,17,30,0.192,494,2575,2465
v28,0,54,87,2641.4,476.4,60,2065.4,333.1,56,6.243,0.0353,24.8465,0.8103,False,0,784,0.7,21,30,0.196,514,2621,2511
v28,0,55,86,2798.6,519.1,60,1743.8,279.9,58,5.8056,0.0695,22.9598,0.7893,False,0,784,0.63,19,30,0.205,549,2677,2551
v28,0,56,88,2668.6,472.1,60,2093.4,331.5,55,4.6377,0.0268,18.459,0.8014,False,0,784,0.53,16,30,0.211,577,2737,2595
v28,0,57,83,2783.7,504.2,60,2015.0,326.5,57,6.6305,0.118,26.066,0.8058,False,0,784,0.77,23,30,0.217,604,2787,2636
v28,0,58,90,2706.5,491.7,60,1786.8,286.5,56,4.0018,-0.0277,16.1335,0.7841,False,0,784,0.67,20,30,0.222,631,2842,2678
v28,0,59,83,2817.8,512.0,60,2001.4,315.8,55,4.231,-0.0599,17.1785,0.7582,False,0,784,0.7,21,30,0.227,656,2890,2722
v28,0,60,84,2797.9,495.3,60,2124.1,330.6,53,3.8495,-0.0551,15.6336,0.7696,False,0,784,0.77,23,30,0.233,683,2936,2766
v28,0,61,75,3154.5,580.9,60,2011.1,297.9,58,4.6909,0.0889,18.4231,0.7784,False,0,784,0.9,27,30,0.238,707,2976,2812
v28,0,62,79,3212.3,576.8,60,1821.8,264.6,59,4.2781,0.0611,16.8828,0.746,False,0,784,0.77,23,30,0.244,739,3029,2858
v28,0,63,77,3246.9,584.6,60,1847.1,273.8,55,4.7787,-0.0004,19.1302,0.6944,False,0,784,0.7,21,30,0.249,767,3079,2905
v28,0,64,76,3098.4,570.0,60,1934.0,302.0,60,4.8975,0.0417,19.4387,0.774,False,0,784,0.9,27,30,0.254,794,3123,2953
v28,0,65,78,3017.4,540.9,60,2108.5,320.9,58,3.4746,-0.0437,14.0896,0.8083,False,0,784,0.77,23,30,0.257,816,3170,2998
v28,0,66,77,3032.2,560.2,60,2000.7,305.1,60,4.7196,0.0177,18.8225,0.7501,False,0,784,0.7,21,30,0.263,849,3225,3040
v28,0,67,81,3077.4,565.7,60,1841.5,260.2,57,4.5663,-0.0027,18.2902,0.728,False,0,784,0.6,18,30,0.27,886,3278,3085
v28,0,68,84,2893.9,511.4,60,2031.6,308.1,58,7.0209,0.1785,27.3835,0.6991,False,0,784,0.4,12,30,0.276,919,3334,3134
v28,0,69,77,3097.0,555.1,60,2094.9,311.7,55,3.9987,-0.0206,16.0922,0.7453,False,0,784,0.67,20,30,0.281,952,3386,3176
v28,0,70,81,2869.0,528.5,60,1874.2,310.6,56,4.7253,0.0296,18.7964,0.6882,False,0,784,0.7,21,30,0.286,983,3442,3222
v28,0,71,78,2966.1,535.4,60,1934.3,328.0,58,5.0008,-0.0004,20.0192,0.7277,False,0,784,0.87,26,30,0.288,1001,3475,3267
v28,0,72,95,2689.0,478.3,60,1692.7,266.6,53,5.4762,0.0169,21.8516,0.73,False,0,784,0.57,17,30,0.292,1031,3535,3309
v28,0,73,78,3230.7,592.2,60,1849.8,254.2,55,4.0721,-0.0155,16.3633,0.6555,False,0,784,0.93,28,30,0.295,1054,3577,3356
v28,0,74,75,3210.4,561.9,60,2029.6,321.6,58,4.2764,0.0939,16.7442,0.7195,False,0,784,0.63,19,30,0.299,1079,3614,3408
v28,0,75,72,2991.6,536.8,60,2278.4,379.9,60,4.845,0.0094,19.3564,0.6937,False,0,784,0.63,19,30,0.302,1107,3662,3451
v28,0,76,79,3038.0,548.3,60,1925.6,302.1,57,5.5407,0.0818,21.85,0.7215,False,0,784,0.57,17,30,0.308,1142,3713,3489
v28,0,77,75,2983.6,543.5,60,2072.5,344.6,59,5.3369,0.0143,21.3042,0.7011,False,0,784,0.77,23,30,0.311,1167,3758,3534
v28,0,78,84,2765.3,486.4,60,2081.1,343.1,57,5.5968,0.0087,22.3661,0.6764,False,0,784,0.53,16,30,0.313,1193,3813,3574
v28,0,79,76,3157.2,572.6,60,2010.7,298.7,57,5.7945,0.129,22.6744,0.6094,False,0,784,0.77,23,30,0.316,1221,3863,3613
v28,0,80,78,3227.3,594.2,60,1815.5,251.5,59,4.4146,0.0713,17.3849,0.5909,False,0,784,0.9,27,30,0.32,1248,3906,3659
v28,0,81,72,3526.3,655.6,60,1730.4,237.3,59,2.7745,-0.014,11.1655,0.5945,False,0,784,0.93,28,30,0.323,1274,3946,3709
v28,0,82,81,2949.8,520.8,60,2111.7,320.9,56,4.6071,0.0883,18.0875,0.6212,False,0,784,0.57,17,30,0.326,1302,4000,3762
v28,0,83,75,3128.9,565.9,60,2063.6,316.6,58,3.9899,-0.123,16.4638,0.602,False,0,784,0.7,21,30,0.329,1330,4047,3805
v28,0,84,70,3472.4,655.3,60,1871.9,259.4,60,3.6346,-0.0205,14.6321,0.587,False,0,784,0.87,26,30,0.333,1360,4085,3849
v28,0,85,67,3662.1,693.1,60,1862.6,250.1,60,3.8838,0.0485,15.3513,0.5176,False,0,784,0.9,27,30,0.338,1392,4124,3900
v28,0,86,67,3499.9,654.3,60,1949.9,293.4,58,3.3261,-0.0076,13.3449,0.5139,False,0,784,0.73,22,30,0.341,1420,4165,3952
v28,0,87,81,2968.5,508.1,60,2076.5,338.0,58,4.2651,0.0475,16.8809,0.5218,False,0,784,0.67,20,30,0.342,1441,4208,4000
v28,0,88,67,3437.9,634.1,60,1905.2,315.9,57,3.6967,-0.0478,14.9887,0.5391,False,0,784,0.77,23,30,0.347,1475,4254,4040
v28,0,89,70,3274.6,595.3,60,2080.9,329.5,58,3.204,-0.1097,13.264,0.4817,False,0,784,0.77,23,30,0.349,1500,4293,4089
v28,0,90,73,3080.7,540.0,60,2314.9,366.9,58,3.9145,-0.0069,15.6954,0.4928,False,0,784,0.57,17,30,0.352,1527,4339,4135
v28,0,91,76,3246.2,584.2,60,1901.5,284.0,59,3.872,-0.014,15.5539,0.5035,False,0,784,0.93,28,30,0.355,1556,4385,4175
v28,0,92,79,3294.0,592.2,60,1832.0,244.3,59,4.2331,-0.0208,17.0254,0.4772,False,0,784,0.8,24,30,0.358,1584,4425,4223
v28,0,93,75,3410.2,614.9,60,1815.8,255.3,59,2.9974,-0.0797,12.3187,0.5164,False,0,784,0.87,26,30,0.361,1614,4470,4274
v28,0,94,82,2718.9,450.6,60,2417.0,408.2,58,7.56,0.1903,29.4889,0.4984,False,0,784,0.53,16,30,0.362,1635,4514,4326
v28,0,95,71,3059.9,543.6,60,2283.9,380.7,59,3.3734,-0.038,13.6552,0.4748,False,0,784,0.63,19,30,0.366,1672,4564,4360
v28,0,96,67,3360.0,616.3,60,2153.5,335.8,60,3.1281,-0.0574,12.7507,0.4425,False,0,784,0.73,22,30,0.37,1707,4610,4401
v28,0,97,81,2804.9,455.3,60,2491.7,409.3,58,3.9464,-0.0244,15.8924,0.4603,False,0,784,0.7,21,30,0.37,1726,4660,4446
v28,0,98,76,2995.3,510.4,60,2211.6,377.6,58,4.9846,0.048,19.7547,0.4336,False,0,784,0.57,17,30,0.373,1754,4706,4480
v28,0,99,75,3216.2,563.1,60,2007.7,320.1,57,4.5288,0.1042,17.7076,0.4813,False,0,784,0.67,20,30,0.375,1784,4753,4518
v28,0,100,70,3054.5,540.8,60,2246.5,393.0,60,4.6857,0.0199,18.6722,0.4544,False,0,784,0.57,17,30,0.378,1813,4801,4564
v28,0,101,70,3013.5,506.6,60,2346.8,433.0,56,4.0221,0.0155,16.0344,0.397,False,0,784,0.47,14,30,0.38,1842,4852,4602
v28,0,102,67,3184.9,579.8,60,2174.5,376.6,58,4.9389,-0.1101,20.2041,0.4121,False,0,784,0.7,21,30,0.382,1869,4896,4638
v28,0,103,63,3268.1,598.6,60,2197.7,395.5,60,3.4442,-0.044,13.9614,0.4407,False,0,784,0.7,21,30,0.384,1898,4938,4680
v28,0,104,68,2958.1,506.5,60,2471.6,450.0,57,3.8622,-0.058,15.6898,0.4539,False,0,784,0.9,27,30,0.385,1912,4969,4721
v28,0,105,83,2913.1,494.7,60,2062.1,339.6,57,6.0936,0.0968,23.9946,0.3826,False,0,784,0.67,20,30,0.386,1942,5030,4758
v28,0,106,76,3081.4,533.9,60,2148.4,347.7,57,3.6464,-0.0933,14.9668,0.3982,False,0,784,0.6,18,30,0.389,1976,5082,4800
v28,0,107,82,2977.2,497.7,60,2137.0,343.9,58,5.3536,0.0641,21.1653,0.3618,False,0,784,0.53,16,30,0.39,2004,5134,4843
v28,0,108,76,3082.1,526.1,60,2207.3,357.6,58,4.7571,0.0405,18.8733,0.3501,False,0,784,0.6,18,30,0.393,2035,5182,4883
v28,0,109,78,3027.1,526.1,60,1970.5,340.0,58,4.346,-0.0775,17.7008,0.3269,False,0,784,0.8,24,30,0.394,2058,5218,4923
v28,0,110,77,3075.5,515.9,60,2213.2,361.9,57,4.5498,-0.0524,18.4161,0.3565,False,0,784,0.63,19,30,0.397,2088,5265,4967
v28,0,111,84,2880.5,473.1,60,2196.3,361.6,56,5.3439,0.0953,21.001,0.3496,False,0,784,0.7,21,30,0.398,2117,5323,5009
v28,0,112,81,3061.0,520.7,60,1954.4,321.0,57,4.5704,0.0355,18.1455,0.3073,False,0,784,0.8,24,30,0.399,2145,5373,5049
v28,0,113,82,2831.4,470.1,60,2185.2,381.6,56,6.6159,0.1427,25.8991,0.319,False,0,784,0.63,19,30,0.4,2169,5427,5093
v28,0,114,83,3099.2,533.9,60,1778.2,285.4,59,4.7047,-0.0571,19.0532,0.2933,False,0,784,0.73,22,30,0.401,2199,5483,5133
v28,0,115,82,2677.8,438.0,60,2425.2,425.5,60,6.238,0.0761,24.6542,0.3268,False,0,784,0.67,20,30,0.401,2215,5522,5180
v28,0,116,96,2567.8,406.7,60,2190.2,373.3,53,6.4344,0.0459,25.56,0.2909,False,0,784,0.47,14,30,0.402,2247,5591,5212
v28,0,117,96,2611.1,409.4,60,2116.2,369.0,53,5.9709,0.0417,23.7228,0.3005,False,0,784,0.5,15,30,0.403,2273,5645,5250
v28,0,118,101,2536.0,402.1,60,2049.0,347.2,51,6.037,-0.0434,24.3276,0.3057,False,0,784,0.53,16,30,0.404,2301,5702,5289
v28,0,119,81,2733.2,428.2,60,2477.3,446.0,56,4.728,0.0243,18.8201,0.2835,False,0,784,0.47,14,30,0.404,2326,5756,5331
v28,0,120,90,2585.2,413.9,60,2232.3,403.2,56,5.3837,-0.0503,21.7417,0.2876,False,0,784,0.53,16,30,0.405,2350,5803,5364
v28,0,121,79,2880.2,482.1,60,2185.0,389.2,57,3.9566,-0.1279,16.3436,0.287,False,0,784,0.53,16,30,0.406,2377,5850,5399
v28,0,122,84,2721.9,446.2,60,2264.3,399.4,58,3.3008,-0.0701,13.4899,0.3252,False,0,784,0.67,20,30,0.408,2406,5901,5437
v28,0,123,86,2644.1,408.5,60,2397.5,438.5,55,7.3112,0.0933,28.877,0.2904,False,0,784,0.37,11,30,0.408,2435,5963,5473
v28,0,124,93,2863.8,478.7,60,1806.9,282.0,59,6.9541,0.0653,27.561,0.2988,False,0,784,0.6,18,30,0.41,2472,6025,5506
v28,0,125,96,2390.9,366.6,60,2364.5,437.4,54,5.6031,0.0832,22.085,0.2775,False,0,784,0.4,12,30,0.41,2494,6084,5550
v28,0,126,78,2682.1,440.1,60,2374.3,451.9,55,6.1601,0.0996,24.2474,0.2782,False,0,784,0.67,20,30,0.411,2519,6129,5581
v28,0,127,92,2735.5,442.1,60,2052.9,346.1,55,5.1333,0.0241,20.4429,0.2938,False,0,784,0.57,17,30,0.412,2551,6192,5617
v28,0,128,107,2438.9,380.2,60,2107.1,345.9,53,5.9899,0.001,23.9613,0.2847,False,0,784,0.47,14,30,0.412,2579,6256,5659
v28,0,129,106,2352.0,344.6,60,2342.9,415.2,50,6.9326,0.0795,27.4172,0.2381,False,0,784,0.3,9,30,0.411,2600,6322,5699
v28,0,130,94,2551.1,413.4,60,2136.2,376.3,55,7.3197,0.0578,29.0533,0.2781,False,0,784,0.53,16,30,0.412,2632,6386,5732
v28,0,131,103,2418.9,370.1,60,2195.3,388.6,49,3.7315,-0.0675,15.201,0.2505,False,0,784,0.6,18,30,0.412,2655,6451,5769
v28,0,132,104,2330.5,344.7,60,2302.7,426.6,53,6.4894,0.0398,25.8035,0.256,False,0,784,0.53,16,30,0.41,2676,6520,5810
v28,0,133,84,2614.3,430.6,60,2404.5,421.1,54,6.6898,0.1134,26.3104,0.2464,False,0,784,0.5,15,30,0.411,2702,6571,5842
v28,0,134,94,2417.0,381.4,60,2226.1,426.4,52,5.6012,-0.0581,22.6421,0.2497,False,0,784,0.4,12,30,0.411,2732,6642,5878
v28,0,135,79,2599.2,426.0,60,2622.4,463.1,55,4.7249,-0.0184,18.9777,0.2211,False,0,784,0.53,16,30,0.412,2757,6697,5913
v28,0,136,105,2204.3,346.4,60,2429.1,417.7,52,6.8771,0.019,27.4372,0.2327,False,0,784,0.47,14,30,0.411,2780,6757,5946
v28,0,137,96,2566.0,418.8,60,2280.4,354.0,49,5.1257,-0.0203,20.5884,0.2098,False,0,784,0.57,17,30,0.412,2811,6823,5979
v28,0,138,94,2509.5,398.6,60,2221.5,399.4,57,6.5842,0.0937,25.9663,0.2059,False,0,784,0.57,17,30,0.412,2833,6876,6023
v28,0,139,123,2218.7,326.7,60,2165.7,354.2,41,5.9453,-0.0103,23.8261,0.1897,False,0,784,0.5,15,30,0.411,2856,6948,6056
v28,0,140,99,2488.4,403.3,60,2198.6,358.6,54,6.86,-0.0342,27.5805,0.1987,False,0,784,0.67,20,30,0.411,2879,7007,6097
v28,0,141,91,2616.2,421.6,60,2163.1,384.6,54,5.6088,0.008,22.407,0.2026,False,0,784,0.53,16,30,0.412,2906,7060,6137
v28,0,142,89,2341.1,339.0,60,2811.8,521.1,54,7.907,0.1645,30.9736,0.1869,False,0,784,0.43,13,30,0.411,2921,7113,6177
v28,0,143,113,2349.1,357.2,60,2029.8,351.4,48,5.8707,-0.0395,23.6448,0.1908,False,0,784,0.33,10,30,0.411,2955,7189,6202
v28,0,144,94,2342.6,355.4,60,2631.1,467.1,50,7.3998,0.0117,29.5565,0.2002,False,0,784,0.3,9,30,0.41,2973,7245,6240
v28,0,145,92,2317.2,342.4,60,2617.5,498.9,49,5.6441,0.0215,22.4937,0.1701,False,0,784,0.47,14,30,0.41,2993,7300,6270
v28,0,146,123,2096.9,311.3,60,2140.5,385.9,41,8.2853,0.0872,32.7963,0.1953,False,0,784,0.33,10,30,0.409,3014,7377,6300
v28,0,147,106,2247.6,334.2,60,2357.2,433.6,48,9.3573,0.1914,36.6668,0.1634,False,0,784,0.33,10,30,0.408,3035,7442,6337
v28,0,148,118,2108.1,326.4,60,2120.7,382.1,43,7.6497,-0.029,30.7184,0.18,False,0,784,0.33,10,30,0.408,3063,7514,6370
v28,0,149,80,2400.1,379.6,60,2483.8,517.9,49,6.1852,0.0884,24.3908,0.1873,False,0,784,0.33,10,30,0.408,3087,7569,6407
v28,0,150,102,2339.6,358.9,60,2246.7,413.9,46,7.7036,0.1178,30.3464,0.1628,False,0,784,0.33,10,30,0.408,3118,7644,6438
v28,0,151,87,2344.7,370.5,60,2429.4,486.8,51,5.1115,0.019,20.3726,0.1333,False,0,784,0.43,13,30,0.408,3138,7698,6476
v28,0,152,116,2186.7,316.4,60,2300.1,412.4,39,8.0075,-0.0153,32.0941,0.1444,False,0,784,0.3,9,30,0.407,3165,7778,6508
v28,0,153,82,2525.2,402.4,60,2348.2,474.1,50,4.9549,0.0052,19.801,0.1089,False,0,784,0.53,16,30,0.407,3181,7822,6547
v28,0,154,106,2184.1,314.7,60,2496.2,468.1,49,9.0668,0.1382,35.7166,0.1323,False,0,784,0.4,12,30,0.406,3202,7885,6583
v28,0,155,105,2094.4,293.3,60,2788.2,510.8,49,8.0525,0.2397,31.2536,0.1166,False,0,784,0.13,4,30,0.405,3225,7955,6613
v28,0,156,80,2483.1,379.5,60,2567.3,518.0,52,5.5071,-0.0361,22.1756,0.1557,False,0,784,0.33,10,30,0.406,3256,8013,6639
v28,0,157,99,2217.7,329.3,60,2459.9,480.6,46,7.2235,0.0897,28.5384,0.1514,False,0,784,0.23,7,30,0.406,3281,8080,6668
v28,0,158,98,2278.6,344.8,60,2365.3,460.9,46,7.8277,0.1424,30.7432,0.1088,False,0,784,0.53,16,30,0.405,3298,8145,6699
v28,0,159,117,2029.2,286.9,60,2504.1,464.6,44,6.6911,0.0979,26.375,0.1207,False,0,784,0.33,10,30,0.403,3313,8218,6734
v28,0,160,100,2188.4,326.1,60,2334.2,480.5,36,5.5122,-0.0743,22.3485,0.1424,False,0,784,0.27,8,30,0.403,3334,8282,6765
v28,0,161,129,2061.3,292.6,60,2146.8,394.9,28,8.0599,0.0345,32.1037,0.1074,False,0,784,0.2,6,30,0.401,3349,8362,6802
v28,0,162,130,2200.5,317.4,60,1900.6,336.4,30,9.4552,0.2104,36.9816,0.1193,False,0,784,0.33,10,30,0.399,3365,8435,6844
v28,0,163,126,2129.1,305.5,60,2101.4,382.6,42,6.4292,0.0247,25.6202,0.1109,False,0,784,0.17,5,30,0.397,3383,8521,6891
v28,0,164,111,2248.1,341.1,60,2235.9,393.1,47,7.0409,0.0025,28.1562,0.1247,False,0,784,0.53,16,30,0.396,3404,8597,6927
v28,0,165,130,2010.8,291.1,60,2233.4,393.3,40,7.7082,-0.0303,30.9557,0.0824,False,0,784,0.27,8,30,0.395,3425,8665,6964
v28,0,166,136,2045.2,299.0,60,1889.1,346.3,37,11.0506,0.0768,43.8969,0.0922,False,0,784,0.5,15,30,0.393,3438,8743,7003
v28,0,167,112,2032.1,293.4,60,2537.5,476.4,39,6.1839,-0.058,24.9697,0.1085,False,0,784,0.27,8,30,0.392,3450,8811,7046
v28,0,168,145,2216.8,322.2,60,1702.9,245.4,40,6.9367,-0.0115,27.7946,0.0895,False,0,784,0.47,14,30,0.39,3474,8899,7080
v28,0,169,144,1761.5,248.7,60,2344.9,427.1,41,8.7921,0.0533,34.9568,0.0864,False,0,784,0.33,10,30,0.389,3486,8972,7127
v28,0,170,175,1726.4,240.9,60,1832.5,321.5,33,9.3575,0.0065,37.4057,0.0737,False,0,784,0.27,8,30,0.387,3506,9070,7161
v28,0,171,143,1882.7,283.6,60,2045.3,348.0,35,6.9414,-0.0161,27.832,0.1008,False,0,784,0.3,9,30,0.386,3527,9145,7203
v28,0,172,156,1576.1,231.9,60,2236.8,421.1,37,10.4573,0.0609,41.5879,0.1244,False,0,784,0.23,7,30,0.383,3539,9230,7249
v28,0,173,161,1579.4,231.1,60,2165.2,403.9,29,11.483,0.0367,45.7868,0.1017,False,0,784,0.27,8,30,0.381,3550,9315,7284
v28,0,174,147,1656.1,241.8,60,2052.8,431.7,28,10.136,0.0626,40.2964,0.1499,False,0,784,0.3,9,30,0.379,3564,9400,7327
v28,0,175,148,1615.4,232.9,60,2128.6,449.4,27,12.0064,0.0596,47.7889,0.0921,False,0,784,0.13,4,30,0.377,3576,9487,7372
v28,0,176,158,1571.0,223.5,60,2200.4,435.5,31,9.5547,0.0728,37.9292,0.0845,False,0,784,0.13,4,30,0.375,3588,9574,7413
v28,0,177,156,1537.1,214.3,60,1993.4,466.7,24,9.3203,0.0345,37.1459,0.1432,False,0,784,0.13,4,30,0.372,3597,9663,7450
v28,0,178,141,1468.2,220.4,60,2135.9,506.0,19,11.8117,0.1287,46.7346,0.1349,False,0,784,0.17,5,30,0.37,3607,9739,7493
v28,0,179,194,1057.7,146.8,60,1877.4,549.2,10,10.0167,-0.0049,40.0885,0.1114,False,0,784,0.07,2,30,0.367,3612,9839,7541
v28,0,180,239,1027.2,140.0,60,1722.6,466.3,4,10.6294,-0.0322,42.6479,0.0764,False,0,784,0.0,0,30,0.363,3619,9973,7593
v28,0,181,169,1237.4,193.2,60,1680.4,479.8,8,12.6757,0.0087,50.6691,0.0714,False,0,784,0.03,1,30,0.36,3621,10063,7651
v28,0,182,204,1263.6,193.0,60,1174.7,367.8,2,13.7262,-0.0005,54.9088,0.086,False,0,784,0.0,0,30,0.357,3624,10160,7706
v28,0,183,237,953.8,149.4,60,1397.1,433.9,6,12.1081,0.0113,48.3889,0.0826,False,0,784,0.0,0,30,0.353,3625,10264,7764
v28,0,184,235,1124.2,169.0,60,1303.8,361.9,8,10.7387,-0.0513,43.1615,0.0883,False,0,784,0.07,2,30,0.349,3626,10389,7819
v28,0,185,166,1229.5,189.9,60,1435.6,498.6,6,9.212,0.0714,36.5643,0.1004,False,0,784,0.07,2,30,0.347,3631,10478,7873
v28,0,186,142,1171.4,207.7,60,1087.0,532.5,2,9.7752,-0.0075,39.132,0.0638,False,0,784,0.0,0,30,0.344,3634,10557,7930
v28,0,187,145,1115.1,243.0,60,998.3,436.8,4,9.3549,0.0678,37.1502,0.0817,False,0,784,0.03,1,30,0.342,3636,10637,7989
v28,0,188,141,977.9,213.3,60,948.8,522.8,1,7.4395,0.0463,29.5742,0.0672,False,0,784,0.0,0,30,0.34,3637,10705,8047
v28,0,189,123,1106.1,280.4,60,804.2,449.1,1,6.3829,0.0541,25.3164,0.0638,False,0,784,0.0,0,30,0.338,3639,10780,8106
v28,0,190,149,1106.8,244.2,60,966.3,417.6,2,6.1219,0.0303,24.3677,0.0638,False,0,784,0.03,1,30,0.335,3639,10861,8166
v28,0,191,139,1166.3,239.5,60,1120.5,469.2,4,6.2736,0.05,24.8957,0.0676,False,0,784,0.03,1,30,0.333,3639,10929,8225
v28,0,192,181,1123.2,236.1,60,992.5,311.8,0,8.7895,-0.0854,35.5013,0.0805,False,0,784,0.0,0,30,0.33,3640,11024,8282
v28,0,193,168,1234.1,232.9,60,1063.2,371.9,2,7.6198,-0.0369,30.629,0.1166,False,0,784,0.03,1,30,0.328,3640,11093,8342
v28,0,194,168,1107.9,197.6,60,1167.0,470.6,1,8.5428,0.1389,33.6176,0.0939,False,0,784,0.0,0,30,0.326,3641,11176,8401
v28,0,195,174,1205.9,232.0,60,1021.2,351.1,5,8.2949,0.0032,33.1684,0.0837,False,0,784,0.07,2,30,0.323,3644,11274,8460
v28,0,196,173,1108.7,216.9,60,964.1,398.6,2,9.6673,0.0576,38.4403,0.0832,False,0,784,0.03,1,30,0.32,3645,11374,8519
v28,0,197,140,993.4,234.6,60,921.1,476.6,1,8.4237,0.0537,33.4811,0.0583,False,0,784,0.0,0,30,0.318,3645,11447,8578
v28,0,198,142,911.6,243.8,60,804.5,447.0,0,5.1478,0.0365,20.4464,0.0555,False,0,784,0.0,0,30,0.317,3645,11513,8637
v28,0,199,148,971.9,246.3,60,851.0,416.4,0,7.0987,0.0375,28.2458,0.0681,False,0,784,0.0,0,30,0.315,3645,11588,8697
v28,0,200,110,928.3,281.3,60,713.0,508.3,0,3.9041,0.0312,15.4923,0.0404,False,0,784,0.0,0,30,0.313,3645,11631,8757
v28,0,201,97,999.2,286.8,60,881.8,560.4,0,4.8184,0.0965,18.8888,0.0555,False,0,784,0.0,0,30,0.312,3645,11677,8817
v28,0,202,112,944.0,285.8,60,776.9,490.5,0,4.4387,-0.0068,17.7834,0.0789,False,0,784,0.0,0,30,0.311,3645,11731,8877
v28,0,203,99,849.1,285.1,60,822.7,553.5,0,3.8364,-0.0378,15.4977,0.0423,False,0,784,0.0,0,30,0.309,3645,11780,8937
v28,0,204,107,988.0,289.3,60,737.6,508.2,0,3.4593,-0.0129,13.8903,0.0622,False,0,784,0.0,0,30,0.308,3645,11826,8997
v28,0,205,102,1028.0,279.0,60,944.4,549.7,1,5.6832,-0.0311,22.8587,0.0799,False,0,784,0.0,0,30,0.307,3645,11872,9057
v28,0,206,119,912.6,248.2,60,1020.0,531.8,0,4.8897,0.0036,19.5462,0.0888,False,0,784,0.0,0,30,0.305,3645,11933,9116
v28,0,207,139,1008.2,265.3,60,874.1,409.3,2,9.4026,1.9744,29.7144,0.0681,False,0,784,0.0,0,30,0.304,3645,11997,9176
v28,0,208,142,1038.9,259.0,60,873.0,410.9,1,5.2727,0.0754,20.7908,0.074,False,0,784,0.0,0,30,0.302,3646,12075,9234
v28,0,209,180,1159.4,244.4,60,949.9,290.8,0,9.5729,0.0776,37.9822,0.0706,False,0,784,0.0,0,30,0.3,3647,12165,9293
v28,0,210,208,1121.6,210.3,60,811.8,295.1,0,7.5076,0.061,29.7885,0.1161,False,0,784,0.0,0,30,0.297,3647,12270,9353
v28,0,211,217,1099.3,213.8,60,1083.1,250.8,3,9.3249,0.1532,36.6894,0.1233,False,0,784,0.03,1,30,0.295,3647,12379,9413
v28,0,212,227,1043.1,208.7,60,836.0,234.4,0,10.2123,0.0588,40.6162,0.0964,False,0,784,0.0,0,30,0.292,3648,12485,9471
v28,0,213,205,1017.2,194.3,60,872.3,360.3,0,9.9726,1.1752,35.1929,0.159,False,0,784,0.0,0,30,0.29,3648,12587,9531
v28,0,214,197,1015.1,197.8,60,1077.4,374.4,0,7.564,0.057,30.0306,0.1394,False,0,784,0.0,0,30,0.287,3648,12694,9591
v28,0,215,207,1088.4,219.6,60,816.4,266.4,1,10.7462,2.2947,33.8089,0.1377,False,0,784,0.03,1,30,0.285,3648,12803,9651
v28,0,216,205,1051.4,209.9,60,781.3,306.8,0,9.0732,0.2897,35.1363,0.1302,False,0,784,0.0,0,30,0.283,3648,12913,9711
v28,0,217,214,1094.8,208.7,60,1001.1,279.5,0,9.0793,0.0668,36.0519,0.1064,False,0,784,0.0,0,30,0.28,3648,13030,9771
v28,0,218,205,1052.2,208.7,60,837.3,310.9,0,8.3167,0.16,32.6292,0.127,False,0,784,0.0,0,30,0.278,3648,13140,9831
v28,0,219,234,1117.2,213.6,60,728.4,190.9,1,8.07,0.1588,31.6475,0.1222,False,0,784,0.0,0,30,0.275,3648,13257,9891
v28,0,220,186,938.4,186.2,60,775.9,446.7,0,8.5935,0.0832,34.0432,0.1088,False,0,784,0.0,0,30,0.273,3649,13353,9950
v28,0,221,239,1035.5,199.1,60,833.8,230.9,0,7.7379,-0.0346,31.0923,0.1225,False,0,784,0.0,0,30,0.271,3649,13477,10010
v28,0,222,196,1102.6,220.6,60,1182.9,303.3,0,8.5711,0.2204,33.4047,0.0996,False,0,784,0.0,0,30,0.269,3649,13580,10070
v28,0,223,233,982.6,187.8,60,956.7,294.6,0,8.6767,0.0582,34.476,0.1065,False,0,784,0.0,0,30,0.266,3649,13695,10130
v28,0,224,231,1028.4,198.9,60,1001.2,258.2,0,9.8057,0.0139,39.1687,0.0884,False,0,784,0.0,0,30,0.264,3649,13824,10190
v28,0,225,223,1045.2,199.1,60,890.1,284.0,0,7.2841,0.0467,28.9516,0.1034,False,0,784,0.0,0,30,0.262,3649,13928,10250
v28,0,226,217,1080.4,193.9,60,1083.1,322.7,0,10.2511,0.1347,40.4673,0.0921,False,0,784,0.0,0,30,0.26,3649,14040,10310
v28,0,227,231,1099.0,209.5,60,1015.5,217.3,0,9.9216,0.0322,39.56,0.1113,False,0,784,0.0,0,30,0.258,3649,14136,10370
v28,0,228,222,1080.5,196.0,60,1080.6,298.7,0,7.596,0.0016,30.3791,0.081,False,0,784,0.0,0,30,0.256,3649,14252,10430
v28,0,229,222,1026.8,190.5,60,1113.7,319.1,1,8.6913,0.0801,34.4466,0.0923,False,0,784,0.0,0,30,0.254,3649,14359,10490
v28,0,230,196,1081.7,204.6,60,1098.8,355.8,0,8.4766,0.0013,33.9032,0.1163,False,0,784,0.0,0,30,0.252,3649,14457,10549
v28,0,231,220,1113.6,200.0,60,876.8,290.8,1,8.8936,0.0486,35.3822,0.1036,False,0,784,0.0,0,30,0.251,3649,14561,10609
v28,0,232,226,986.4,173.0,60,972.2,372.5,0,9.1896,0.0255,36.6582,0.102,False,0,784,0.0,0,30,0.249,3649,14677,10668
v28,0,233,214,953.7,177.5,60,1113.3,390.9,0,9.1564,0.0983,36.2339,0.0804,False,0,784,0.0,0,30,0.247,3649,14786,10728
v28,0,234,222,1058.6,195.4,60,1052.0,301.2,0,7.8957,0.0173,31.5155,0.1068,False,0,784,0.0,0,30,0.245,3649,14905,10788
v28,0,235,257,904.7,168.3,60,886.3,302.9,0,10.3271,0.1291,40.7939,0.0922,False,0,784,0.0,0,30,0.243,3649,15037,10848
v28,0,236,265,939.9,168.6,60,890.5,279.5,0,9.2234,0.0202,36.8145,0.0927,False,0,784,0.0,0,30,0.24,3649,15192,10908
v28,0,237,262,920.6,175.8,60,879.7,256.4,0,9.0731,0.0825,35.9636,0.0711,False,0,784,0.0,0,30,0.238,3649,15325,10968
v28,0,238,215,963.3,215.7,60,719.5,251.2,0,8.859,0.1031,35.0251,0.094,False,0,784,0.0,0,30,0.236,3649,15433,11028
v28,0,239,202,983.1,204.4,60,847.6,335.9,0,8.3721,0.008,33.4579,0.0822,False,0,784,0.0,0,30,0.235,3649,15534,11088
v28,0,240,237,1005.8,203.9,60,823.3,218.7,0,11.0312,0.0535,43.9125,0.1005,False,0,784,0.0,0,30,0.233,3649,15636,11148
v28,0,241,200,1012.8,200.9,60,904.7,354.5,0,6.681,0.0916,26.36,0.1315,False,0,784,0.0,0,30,0.232,3649,15730,11208
v28,0,242,243,1035.4,201.6,60,875.5,207.3,0,8.4419,0.0933,33.3966,0.103,False,0,784,0.0,0,30,0.23,3649,15857,11268
v28,0,243,213,941.9,197.3,60,866.5,323.5,0,6.8437,0.3496,25.9791,0.1273,False,0,784,0.0,0,30,0.229,3649,15965,11328
v28,0,244,199,961.6,215.6,60,962.1,308.9,0,7.9436,-0.0031,31.789,0.1118,False,0,784,0.0,0,30,0.227,3649,16070,11388
v28,0,245,103,902.9,267.8,60,750.7,564.3,1,5.4594,0.0141,21.7833,0.1129,False,0,784,0.0,0,30,0.226,3649,16122,11448
v28,0,246,136,926.1,280.4,60,651.3,388.4,0,7.0918,0.069,28.0932,0.1002,False,0,784,0.0,0,30,0.225,3649,16189,11507
v28,0,247,141,841.8,264.7,60,739.0,401.9,0,5.0811,0.0226,20.2359,0.0971,False,0,784,0.0,0,30,0.224,3649,16260,11567
v28,0,248,158,858.1,258.6,60,759.1,342.9,0,4.8883,0.091,19.1907,0.0661,False,0,784,0.0,0,30,0.223,3649,16342,11627
v28,0,249,151,940.2,254.0,60,971.1,384.6,0,5.5555,0.0421,22.0554,0.0883,False,0,784,0.0,0,30,0.222,3649,16423,11687
v28,1,0,128,706.0,332.6,60,524.2,314.4,119,4.6151,0.0223,18.386,1.7775,False,744,784,0.0,0,0,0.0,0,3,0
v28,1,1,116,803.5,358.7,60,776.8,330.5,119,3.8589,0.0463,15.2726,1.7506,False,664,784,0.13,4,30,0.0,0,6,6
v28,1,2,266,496.9,189.0,60,611.1,186.0,70,3.9489,0.0286,15.7044,1.7209,False,584,784,0.03,1,30,0.0,0,9,20
v28,1,3,197,632.7,254.4,60,503.5,188.8,51,4.3118,0.0313,17.1439,1.6903,False,504,784,0.0,0,25,0.0,0,12,58
v28,1,4,285,548.7,171.3,60,780.3,210.5,45,5.6733,-0.0842,23.0453,1.6543,False,424,784,0.0,0,30,0.0,0,16,103
v28,1,5,542,411.4,94.8,60,711.8,167.7,35,7.0722,0.0454,28.1149,1.6268,False,384,784,0.0,0,30,0.0,0,31,148
v28,1,6,665,380.6,74.2,60,843.9,201.1,30,10.6611,-0.0766,42.9571,1.5986,False,384,784,0.17,5,30,0.0,0,45,197
v28,1,7,654,398.2,83.9,60,598.0,109.8,6,6.6766,0.0452,26.5347,1.6267,False,344,784,0.0,0,30,0.0,0,62,243
v28,1,8,626,403.9,84.3,60,649.1,144.1,12,7.3826,-0.1208,30.0263,1.6295,False,344,784,0.0,0,30,0.0,0,72,299
v28,1,9,602,367.8,92.5,60,462.7,96.0,6,7.4432,-0.0566,30.0089,1.6199,False,304,784,0.0,0,30,0.0,0,84,348
v28,1,10,621,371.5,92.3,60,340.8,68.7,3,6.6391,0.0306,26.4454,1.5996,False,304,784,0.0,0,30,0.0,0,106,404
v28,1,11,581,411.4,94.4,60,548.4,109.8,7,7.2106,-0.0624,29.1017,1.568,False,304,784,0.0,0,30,0.0,0,119,463
v28,1,12,600,413.2,92.4,60,544.7,99.5,5,7.8694,-0.0163,31.5524,1.5359,False,304,784,0.03,1,30,0.0,0,133,519
v28,1,13,561,426.1,94.0,60,752.8,145.2,11,8.2195,0.0066,32.8585,1.514,False,304,784,0.0,0,30,0.0,0,152,576
v28,1,14,424,593.8,121.0,60,848.9,169.2,14,9.6729,0.0731,38.4075,1.4675,False,264,784,0.03,1,30,0.0,0,158,627
v28,1,15,492,552.9,111.7,60,556.8,108.1,5,10.6656,0.0268,42.5654,1.4609,False,224,784,0.0,0,30,0.0,0,173,678
v28,1,16,416,664.7,131.5,60,640.1,112.3,13,10.1554,-0.0425,40.7989,1.3998,False,224,784,0.13,4,30,0.0,0,182,735
v28,1,17,410,658.2,126.9,60,820.5,156.7,14,11.2158,-0.1038,45.2857,1.4025,False,184,784,0.07,2,30,0.0,0,198,792
v28,1,18,329,716.2,151.3,60,969.3,194.2,12,10.4568,-0.0015,41.8398,1.3353,False,144,784,0.07,2,30,0.0,0,206,844
v28,1,19,438,597.8,111.6,60,1013.7,209.3,17,11.7271,-0.005,46.9363,1.3286,False,104,784,0.1,3,30,0.0,0,217,896
v28,1,20,355,790.5,138.3,60,1110.6,205.5,12,11.8783,0.0416,47.3549,1.3202,False,64,784,0.1,3,30,0.0,0,226,946
v28,1,21,289,940.9,161.0,60,1370.0,248.7,20,10.3032,-0.0402,41.3834,1.3385,False,24,784,0.1,3,30,0.0,0,243,998
v28,1,22,305,986.6,165.1,60,1057.7,184.6,9,13.0736,0.0054,52.2833,1.354,False,0,784,0.03,1,30,0.01,4,408,1047
v28,1,23,257,1154.8,198.6,60,1049.9,173.2,16,11.8766,0.0656,47.254,1.3319,False,0,784,0.27,8,30,0.013,7,537,1103
v28,1,24,242,1155.4,188.2,60,1473.1,265.1,16,13.2506,0.1348,52.4735,1.2862,False,0,784,0.07,2,30,0.017,11,663,1159
v28,1,25,235,1261.8,202.3,60,1346.9,231.5,14,12.6897,0.0562,50.5441,1.273,False,0,784,0.13,4,30,0.023,18,785,1206
v28,1,26,204,1322.7,214.6,60,1728.0,294.3,20,9.3768,-0.0754,37.8201,1.2814,False,0,784,0.1,3,30,0.028,25,888,1257
v28,1,27,215,1333.8,215.9,60,1553.3,250.2,15,8.649,-0.0804,34.926,1.1709,False,0,784,0.2,6,30,0.034,34,996,1302
v28,1,28,200,1413.6,229.7,60,1523.4,258.3,25,9.5667,0.0267,38.1708,1.2014,False,0,784,0.27,8,30,0.038,42,1106,1353
v28,1,29,174,1495.6,253.4,60,1647.5,289.1,28,9.0441,0.027,36.0805,1.1649,False,0,784,0.27,8,30,0.045,53,1187,1401
v28,1,30,184,1403.7,230.0,60,1720.6,318.6,25,10.4891,-0.0181,42.0405,1.1502,False,0,784,0.13,4,30,0.05,64,1275,1448
v28,1,31,169,1574.6,270.2,60,1535.5,262.8,29,9.8157,0.0445,39.0989,1.1744,False,0,784,0.33,10,30,0.058,79,1362,1493
v28,1,32,141,1685.1,292.8,60,1884.6,335.8,34,8.1486,-0.0372,32.7587,1.1961,False,0,784,0.4,12,30,0.061,88,1436,1542
v28,1,33,149,1716.4,290.6,60,1745.8,302.3,31,11.0502,0.1045,43.7984,1.1516,False,0,784,0.23,7,30,0.07,107,1525,1585
v28,1,34,154,1687.0,298.1,60,1507.1,258.8,33,8.0377,0.0152,32.1066,1.1054,False,0,784,0.37,11,30,0.075,120,1604,1630
v28,1,35,129,1896.2,329.1,60,1869.0,316.4,37,6.9747,0.006,27.8922,1.0868,False,0,784,0.33,10,30,0.08,134,1679,1676
v28,1,36,134,1715.4,298.5,60,2007.7,357.4,39,8.1886,0.0691,32.4972,1.1221,False,0,784,0.37,11,30,0.085,149,1752,1719
v28,1,37,105,2097.5,366.9,60,2078.5,381.9,45,6.6612,-0.0079,26.6963,1.1137,False,0,784,0.37,11,30,0.091,165,1816,1759
v28,1,38,130,1817.1,323.7,60,1756.4,322.6,41,7.3129,0.0184,29.1979,1.0779,False,0,784,0.33,10,30,0.098,186,1893,1795
v28,1,39,107,1884.6,339.0,60,2237.3,419.5,47,6.3366,0.0106,25.3239,1.0507,False,0,784,0.33,10,30,0.106,209,1965,1837
v28,1,40,105,2113.3,398.9,60,1788.7,326.0,50,6.0495,-0.0032,24.2316,1.0785,False,0,784,0.5,15,30,0.117,237,2028,1871
v28,1,41,97,2184.7,406.7,60,1971.0,366.4,49,6.2634,0.0008,25.071,1.0371,False,0,784,0.53,16,30,0.125,260,2080,1910
v28,1,42,93,2399.6,461.0,60,1710.8,309.4,52,6.0842,0.0284,24.2438,1.0331,False,0,784,0.67,20,30,0.134,287,2137,1949
v28,1,43,88,2037.1,374.5,60,2361.2,474.8,55,4.6503,-0.0634,18.8749,0.996,False,0,784,0.43,13,30,0.139,304,2188,1991
v28,1,44,91,2105.0,405.8,60,2100.7,408.5,57,5.3918,-0.0059,21.6115,1.0392,False,0,784,0.57,17,30,0.149,334,2249,2020
v28,1,45,82,2197.6,409.6,60,2329.7,464.2,55,6.8512,0.1053,27.0044,1.0278,False,0,784,0.33,10,30,0.158,364,2308,2055
v28,1,46,92,2414.3,479.2,60,1676.1,289.3,55,5.8196,0.0281,23.1854,0.965,False,0,784,0.57,17,30,0.169,402,2376,2087
v28,1,47,89,2432.5,466.6,60,1807.7,331.9,54,3.4497,-0.0972,14.2061,0.9238,False,0,784,0.67,20,30,0.175,424,2422,2132
v28,1,48,66,3143.5,649.1,60,1715.5,310.0,59,3.2808,-0.0269,13.2501,0.9579,False,0,784,0.67,20,30,0.185,457,2468,2173
v28,1,49,88,2442.0,466.1,60,1886.3,340.4,52,4.6145,-0.0493,18.6739,0.9286,False,0,784,0.57,17,30,0.192,484,2515,2216
v28,1,50,77,2646.9,522.6,60,1956.2,353.4,57,5.2428,0.0253,20.8882,0.8958,False,0,784,0.57,17,30,0.199,511,2562,2259
v28,1,51,86,2637.0,518.1,60,1634.0,281.4,58,5.1992,-0.0001,20.8135,0.8055,False,0,784,0.8,24,30,0.206,538,2609,2299
v28,1,52,69,3052.3,610.4,60,1781.4,322.0,59,4.4276,0.0574,17.4988,0.8947,False,0,784,0.73,22,30,0.213,565,2650,2342
v28,1,53,74,2736.6,543.0,60,1868.0,354.3,59,3.4963,-0.0531,14.2146,0.836,False,0,784,0.77,23,30,0.219,589,2689,2384
v28,1,54,71,2776.1,539.3,60,2112.7,385.9,56,3.9309,-0.0303,15.8613,0.8198,False,0,784,0.5,15,30,0.225,617,2737,2422
v28,1,55,68,2867.5,560.2,60,2093.8,389.1,59,4.1601,0.0363,16.5125,0.8736,False,0,784,0.67,20,30,0.232,645,2781,2459
v28,1,56,60,3275.8,657.9,60,2016.1,366.1,59,3.574,0.0121,14.2635,0.7946,False,0,784,0.77,23,30,0.24,677,2820,2495
v28,1,57,67,2880.0,577.1,60,2096.2,379.6,57,4.7802,0.0315,19.011,0.8147,False,0,784,0.73,22,30,0.245,701,2860,2536
v28,1,58,64,3046.6,599.2,60,2053.1,384.9,58,2.9748,-0.0218,12.002,0.7752,False,0,784,0.67,20,30,0.251,726,2897,2576
v28,1,59,64,3059.1,615.5,60,2019.4,367.4,59,3.6842,0.0247,14.6526,0.7399,False,0,784,0.67,20,30,0.257,754,2932,2616
v28,1,60,63,2910.9,569.8,60,2251.2,425.7,59,3.7879,0.0285,15.0503,0.6451,False,0,784,0.53,16,30,0.262,779,2972,2657
v28,1,61,61,2983.2,574.8,60,2336.7,439.6,58,2.9326,-0.0623,11.9937,0.7074,False,0,784,0.6,18,30,0.268,808,3015,2692
v28,1,62,64,2869.2,545.1,60,2373.1,442.6,56,3.9769,-0.0197,16.0,0.6949,False,0,784,0.47,14,30,0.274,839,3062,2729
v28,1,63,64,2841.0,545.5,60,2369.2,442.2,58,4.6453,0.0474,18.4055,0.7086,False,0,784,0.53,16,30,0.281,874,3113,2765
v28,1,64,65,2746.5,523.2,60,2411.6,457.2,59,4.3633,-0.0732,17.757,0.5634,False,0,784,0.47,14,30,0.286,905,3159,2801
v28,1,65,59,3081.5,617.3,60,2181.1,417.0,59,4.4509,0.0528,17.6036,0.5686,False,0,784,0.77,23,30,0.292,934,3200,2836
v28,1,66,59,3181.2,619.3,60,2363.9,415.0,60,2.348,-0.0598,9.6431,0.5959,False,0,784,0.83,25,30,0.296,957,3234,2875
v28,1,67,53,3284.4,648.4,60,2377.8,451.3,60,3.2813,0.0083,13.1049,0.6419,False,0,784,0.73,22,30,0.303,996,3282,2912
v28,1,68,57,2861.1,544.2,60,2517.1,507.0,60,4.0579,0.044,16.0678,0.6185,False,0,784,0.57,17,30,0.308,1025,3325,2949
v28,1,69,58,2972.7,570.6,60,2479.7,472.4,57,3.8172,0.0011,15.2757,0.5776,False,0,784,0.6,18,30,0.315,1063,3376,2979
v28,1,70,65,3005.9,567.7,60,2265.5,408.9,58,5.178,0.0766,20.418,0.6116,False,0,784,0.73,22,30,0.319,1088,3414,3015
v28,1,71,60,2941.3,553.8,60,2475.5,470.2,60,2.996,0.0119,11.9475,0.5603,False,0,784,0.67,20,30,0.322,1112,3449,3054
v28,1,72,58,3166.4,610.8,60,2285.2,433.6,58,3.9956,-0.0008,15.9978,0.6093,False,0,784,0.67,20,30,0.328,1146,3494,3088
v28,1,73,55,3017.9,577.8,60,2535.7,494.3,59,3.3906,-0.0529,13.7855,0.5873,False,0,784,0.57,17,30,0.333,1175,3533,3127
v28,1,74,59,3236.1,617.1,60,2205.4,417.1,60,4.357,-0.0952,17.8201,0.5822,False,0,784,0.73,22,30,0.337,1205,3575,3160
v28,1,75,67,2752.6,514.5,60,2434.3,449.5,55,5.4623,0.0025,21.8503,0.5559,False,0,784,0.67,20,30,0.34,1230,3614,3197
v28,1,76,70,2759.1,509.7,60,2334.1,429.4,56,4.3359,-0.0233,17.4475,0.5431,False,0,784,0.5,15,30,0.344,1258,3659,3236
v28,1,77,67,2626.8,478.2,60,2478.5,490.0,59,4.6622,-0.0519,18.8658,0.4793,False,0,784,0.43,13,30,0.346,1284,3706,3273
v28,1,78,62,3069.8,566.9,60,2346.8,438.2,59,4.0726,-0.0137,16.355,0.494,False,0,784,0.5,15,30,0.351,1316,3752,3303
v28,1,79,63,2956.7,535.4,60,2459.6,461.8,58,4.6685,0.0356,18.5416,0.5014,False,0,784,0.57,17,30,0.355,1349,3804,3337
v28,1,80,64,2600.6,475.6,60,2632.4,516.7,59,4.329,0.0218,17.2387,0.4809,False,0,784,0.43,13,30,0.357,1376,3851,3370
v28,1,81,61,2913.4,526.2,60,2535.4,489.0,59,3.9793,0.0206,15.8448,0.5017,False,0,784,0.67,20,30,0.36,1403,3892,3398
v28,1,82,56,3158.5,597.4,60,2421.2,466.4,59,4.2013,-0.0104,16.8568,0.5007,False,0,784,0.6,18,30,0.365,1434,3933,3429
v28,1,83,73,3165.2,588.1,60,1831.2,308.5,56,4.7019,-0.0424,18.9862,0.4588,False,0,784,0.57,17,30,0.369,1473,3992,3464
v28,1,84,76,2995.8,546.6,60,1917.3,331.6,57,4.8414,-0.0172,19.442,0.4004,False,0,784,0.87,26,30,0.37,1494,4036,3508
v28,1,85,71,3179.7,622.4,60,1762.6,287.5,60,5.6461,0.0901,22.2325,0.4297,False,0,784,0.9,27,30,0.373,1519,4074,3551
v28,1,86,58,3402.7,633.2,60,2307.5,411.9,58,4.0153,0.007,16.0408,0.3751,False,0,784,0.73,22,30,0.375,1541,4110,3599
v28,1,87,64,3268.9,626.5,60,1992.4,355.8,57,3.7902,-0.0133,15.2212,0.362,False,0,784,0.73,22,30,0.378,1571,4156,3637
v28,1,88,66,3306.3,622.0,60,2024.0,339.8,60,4.7373,0.0598,18.7176,0.3869,False,0,784,0.77,23,30,0.381,1599,4197,3680
v28,1,89,69,3310.9,625.5,60,1754.1,304.7,59,5.5526,0.1257,21.7143,0.3287,False,0,784,0.9,27,30,0.383,1623,4235,3722
v28,1,90,66,3216.2,595.7,60,2134.9,368.8,56,5.2697,-0.033,21.2185,0.3845,False,0,784,0.7,21,30,0.386,1650,4276,3766
v28,1,91,55,3338.9,647.6,60,2330.4,430.3,60,3.7032,-0.1045,15.2381,0.374,False,0,784,0.77,23,30,0.389,1677,4313,3808
v28,1,92,66,3505.2,665.2,60,1766.1,292.3,60,4.0497,-0.0126,16.2563,0.3687,False,0,784,0.73,22,30,0.393,1715,4361,3846
v28,1,93,61,3626.2,686.3,60,1993.3,326.2,59,3.7854,0.069,14.8729,0.3601,False,0,784,0.7,21,30,0.397,1745,4399,3892
v28,1,94,59,3513.3,654.3,60,2155.5,380.6,54,3.4725,-0.0123,13.9476,0.4176,False,0,784,0.8,24,30,0.4,1781,4448,3937
v28,1,95,64,3594.8,689.6,60,1838.3,288.4,60,4.7843,0.033,19.0127,0.3805,False,0,784,0.87,26,30,0.404,1810,4479,3983
v28,1,96,70,3510.4,677.8,60,1606.7,233.3,58,4.0496,-0.013,16.2572,0.3381,False,0,784,0.63,19,30,0.408,1846,4522,4032
v28,1,97,78,2646.9,500.1,60,1878.1,373.9,55,6.0595,0.0197,24.1665,0.3789,False,0,784,0.63,19,30,0.409,1866,4559,4084
v28,1,98,76,2431.3,443.0,60,2484.2,462.9,56,6.4929,0.0548,25.7587,0.3038,False,0,784,0.47,14,30,0.41,1889,4611,4126
v28,1,99,77,3029.7,551.8,60,1946.8,315.9,57,5.7576,0.0784,22.7227,0.3038,False,0,784,0.47,14,30,0.413,1928,4665,4158
v28,1,100,68,3221.7,593.3,60,2082.1,351.6,60,2.9076,-0.0306,11.7594,0.3428,False,0,784,0.63,19,30,0.415,1955,4708,4200
v28,1,101,69,3047.8,571.2,60,1933.1,367.2,53,6.613,0.1024,26.0491,0.3381,False,0,784,0.57,17,30,0.418,1987,4755,4239
v28,1,102,79,2885.2,531.0,60,1939.6,324.8,58,5.7025,0.0429,22.6444,0.3094,False,0,784,0.67,20,30,0.42,2016,4799,4282
v28,1,103,64,3207.5,606.0,60,1860.2,377.6,53,3.941,-0.0404,15.9309,0.2627,False,0,784,0.63,19,30,0.422,2041,4839,4324
v28,1,104,70,3275.7,637.9,60,1619.9,279.7,58,4.0789,0.0214,16.2359,0.3105,False,0,784,0.77,23,30,0.424,2071,4882,4368
v28,1,105,78,2978.3,569.0,60,1767.3,284.3,58,4.9374,0.0033,19.7431,0.3403,False,0,784,0.77,23,30,0.426,2095,4922,4417
v28,1,106,68,3305.9,637.8,60,1727.0,301.2,58,4.6973,-0.0125,18.8451,0.2943,False,0,784,0.8,24,30,0.427,2122,4964,4463
v28,1,107,69,3049.1,575.5,60,2006.2,362.2,58,5.3903,0.0138,21.5124,0.3044,False,0,784,0.5,15,30,0.43,2151,5006,4509
v28,1,108,65,3594.6,676.8,60,1772.4,290.8,58,3.6178,0.014,14.4213,0.3072,False,0,784,0.7,21,30,0.433,2185,5052,4551
v28,1,109,66,3437.9,661.5,60,1865.6,296.3,59,5.2308,0.0786,20.6148,0.2959,False,0,784,0.87,26,30,0.434,2212,5091,4597
v28,1,110,71,3382.8,634.8,60,1784.8,272.9,58,4.6536,0.0372,18.4714,0.2897,False,0,784,0.73,22,30,0.437,2243,5134,4644
v28,1,111,67,3301.5,610.5,60,1936.9,342.3,57,4.7949,0.0187,19.1118,0.3387,False,0,784,0.7,21,30,0.438,2269,5177,4692
v28,1,112,77,3157.6,587.6,60,1685.7,269.9,58,5.0985,0.0098,20.3599,0.2599,False,0,784,0.83,25,30,0.44,2296,5217,4735
v28,1,113,72,3044.8,572.5,60,1894.7,337.0,58,4.9664,-0.0678,20.1428,0.307,False,0,784,0.77,23,30,0.442,2320,5253,4782
v28,1,114,78,2655.1,498.4,60,1911.5,376.0,57,7.0839,0.0136,28.2873,0.3029,False,0,784,0.47,14,30,0.443,2353,5310,4826
v28,1,115,80,2742.5,505.0,60,2044.4,350.6,58,6.4915,0.0068,25.9451,0.3098,False,0,784,0.67,20,30,0.443,2377,5360,4867
v28,1,116,84,2700.7,524.7,60,1646.7,289.4,55,4.6522,-0.0685,18.8883,0.2753,False,0,784,0.6,18,30,0.445,2407,5410,4907
v28,1,117,78,2707.9,519.3,60,1871.3,348.9,56,6.447,0.0913,25.4283,0.2685,False,0,784,0.67,20,30,0.446,2433,5457,4952
v28,1,118,75,2847.7,542.1,60,1950.0,346.3,59,5.5062,-0.0173,22.0993,0.2631,False,0,784,0.6,18,30,0.448,2467,5508,4995
v28,1,119,86,2674.9,489.7,60,1818.4,322.1,55,7.2709,0.0228,28.9978,0.2732,False,0,784,0.5,15,30,0.449,2496,5562,5037
v28,1,120,78,2608.8,480.7,60,2273.5,399.1,59,6.9421,0.0634,27.519,0.22,False,0,784,0.7,21,30,0.449,2520,5610,5080
v28,1,121,85,2639.0,497.3,60,1856.1,319.5,59,5.6256,-0.0032,22.5204,0.2637,False,0,784,0.83,25,30,0.45,2546,5658,5116
v28,1,122,81,3041.7,568.8,60,1481.3,256.1,57,5.1083,-0.0339,20.5737,0.2665,False,0,784,0.7,21,30,0.452,2581,5712,5157
v28,1,123,76,2652.4,499.0,60,2030.7,391.9,57,5.8431,0.0533,23.165,0.2764,False,0,784,0.7,21,30,0.452,2601,5754,5207
v28,1,124,91,2691.1,501.5,60,1450.2,263.4,53,5.0825,-0.026,20.4388,0.2516,False,0,784,0.77,23,30,0.453,2630,5807,5246
v28,1,125,83,2872.8,542.7,60,1608.5,273.2,58,4.8098,-0.0822,19.573,0.2424,False,0,784,0.87,26,30,0.454,2659,5854,5296
v28,1,126,87,2579.1,473.2,60,1966.3,337.9,56,4.3661,-0.0456,17.6521,0.2508,False,0,784,0.47,14,30,0.455,2687,5909,5344
v28,1,127,73,2766.8,529.4,60,2074.8,379.9,55,7.6375,0.1632,29.9022,0.2624,False,0,784,0.73,22,30,0.455,2712,5955,5385
v28,1,128,89,2477.3,460.5,60,1775.4,340.9,53,5.6066,-0.048,22.6229,0.229,False,0,784,0.63,19,30,0.456,2740,6008,5428
v28,1,129,77,2693.0,517.0,60,1969.2,360.5,59,5.4642,0.0022,21.8514,0.1767,False,0,784,0.4,12,30,0.458,2775,6059,5472
v28,1,130,75,2777.4,522.8,60,1971.1,370.5,59,4.5933,-0.0793,18.6949,0.2328,False,0,784,0.8,24,30,0.458,2800,6107,5510
v28,1,131,89,2406.1,439.9,60,2073.1,371.4,57,5.484,-0.0539,22.1557,0.2229,False,0,784,0.5,15,30,0.459,2828,6162,5548
v28,1,132,94,2184.6,394.5,60,2140.9,405.9,57,6.8837,0.0031,27.526,0.1784,False,0,784,0.47,14,30,0.459,2851,6216,5584
v28,1,133,88,2111.2,408.0,60,1772.3,425.6,46,9.1007,0.1367,35.861,0.2466,False,0,784,0.53,16,30,0.458,2879,6286,5615
v28,1,134,134,1604.7,281.1,60,2087.8,396.2,47,9.5041,0.0545,37.8026,0.2046,False,0,784,0.4,12,30,0.456,2903,6363,5656
v28,1,135,114,2022.8,351.9,60,1908.7,355.5,52,6.5936,-0.0212,26.4635,0.2199,False,0,784,0.57,17,30,0.456,2931,6427,5691
v28,1,136,102,1974.4,333.7,60,2399.5,456.6,51,7.4319,-0.017,29.8,0.2248,False,0,784,0.47,14,30,0.455,2947,6482,5728
v28,1,137,116,1892.1,322.8,60,2151.5,399.9,45,7.5726,-0.0326,30.4254,0.229,False,0,784,0.3,9,30,0.453,2974,6567,5759
v28,1,138,127,1664.2,293.6,60,2078.8,402.6,42,8.4077,0.03,33.5148,0.1837,False,0,784,0.37,11,30,0.451,2997,6643,5797
v28,1,139,135,1601.9,287.1,60,2113.6,377.9,42,10.7618,0.0777,42.7405,0.2082,False,0,784,0.13,4,30,0.45,3023,6723,5835
v28,1,140,140,1647.3,311.3,60,1363.7,297.7,30,12.2736,0.0573,48.8686,0.1715,False,0,784,0.37,11,30,0.448,3046,6800,5873
v28,1,141,118,1405.8,283.0,60,1416.3,467.5,28,10.4122,0.0026,41.6417,0.1639,False,0,784,0.27,8,30,0.446,3058,6864,5922
v28,1,142,125,926.8,213.4,60,1366.6,579.4,10,8.0074,0.0037,32.0192,0.2029,False,0,784,0.03,1,30,0.442,3065,6942,5968
v28,1,143,126,1175.8,282.4,60,1256.1,431.0,16,9.832,0.0989,38.9359,0.1825,False,0,784,0.2,6,30,0.438,3070,7002,6019
v28,1,144,148,1061.4,257.2,60,1351.7,389.5,20,8.4834,0.0148,33.8777,0.1611,False,0,784,0.17,5,30,0.435,3078,7080,6072
v28,1,145,172,963.7,213.8,60,1388.4,411.1,12,10.7949,-0.0957,43.5656,0.1523,False,0,784,0.03,1,30,0.43,3087,7172,6120
v28,1,146,158,1110.0,253.0,60,1425.0,357.7,23,12.0159,0.0354,47.9252,0.1598,False,0,784,0.17,5,30,0.427,3101,7265,6170
v28,1,147,172,1061.8,243.7,60,1301.2,325.5,18,11.2966,-0.058,45.4218,0.1663,False,0,784,0.1,3,30,0.423,3111,7363,6218
v28,1,148,177,1063.3,231.1,60,1335.2,342.2,19,10.0807,0.0108,40.2836,0.1891,False,0,784,0.17,5,30,0.419,3122,7459,6267
v28,1,149,175,1003.1,220.7,60,1415.2,380.2,19,6.7822,0.0297,27.0137,0.1862,False,0,784,0.07,2,30,0.415,3134,7550,6318
v28,1,150,194,1161.8,230.0,60,1378.3,280.2,18,9.8372,0.0448,39.1721,0.1258,False,0,784,0.1,3,30,0.411,3143,7654,6366
v28,1,151,205,1094.8,209.5,60,1510.2,308.1,15,11.6068,0.005,46.4099,0.131,False,0,784,0.1,3,30,0.405,3150,7771,6416
v28,1,152,216,1140.5,204.0,60,1492.2,289.7,23,11.6626,0.1194,46.1759,0.1547,False,0,784,0.23,7,30,0.401,3158,7873,6465
v28,1,153,217,1274.6,230.3,60,1068.0,191.0,21,13.2967,0.0059,53.1653,0.1084,False,0,784,0.23,7,30,0.397,3171,7988,6512
v28,1,154,207,1141.4,220.9,60,1335.4,261.9,20,13.9748,0.0592,55.665,0.1437,False,0,784,0.17,5,30,0.393,3180,8101,6565
v28,1,155,226,1082.0,199.3,60,1391.3,273.1,13,10.9686,0.0762,43.5728,0.1601,False,0,784,0.0,0,30,0.387,3187,8225,6615
v28,1,156,237,1139.3,201.5,60,1234.3,228.1,8,16.125,0.1157,64.0405,0.1825,False,0,784,0.0,0,30,0.382,3193,8348,6664
v28,1,157,232,1124.2,202.6,60,1207.5,240.4,11,14.4035,-0.0045,57.6342,0.111,False,0,784,0.03,1,30,0.378,3199,8459,6719
v28,1,158,193,1167.0,224.4,60,1506.7,302.2,21,11.9145,-0.0033,47.6734,0.1105,False,0,784,0.13,4,30,0.375,3205,8551,6772
v28,1,159,215,1201.8,219.8,60,1169.4,236.4,17,13.3236,0.7004,50.4952,0.1136,False,0,784,0.17,5,30,0.371,3215,8669,6818
v28,1,160,224,1149.2,209.6,60,1178.4,241.6,8,16.6535,0.7992,63.4196,0.1206,False,0,784,0.0,0,30,0.366,3220,8790,6869
v28,1,161,208,1155.3,224.2,60,1214.8,246.8,9,11.2484,-0.0016,45.0027,0.1448,False,0,784,0.03,1,30,0.362,3223,8900,6923
v28,1,162,226,1178.7,224.5,60,975.9,178.4,5,11.4301,0.1023,45.3133,0.1053,False,0,784,0.03,1,30,0.358,3225,9017,6976
v28,1,163,227,1169.1,219.6,60,942.2,193.2,5,13.8445,0.016,55.3172,0.1548,False,0,784,0.0,0,30,0.353,3229,9143,7033
v28,1,164,225,1108.8,206.8,60,1215.1,248.3,7,12.4352,-0.0419,49.9105,0.1013,False,0,784,0.0,0,30,0.349,3231,9260,7090
v28,1,165,210,1077.8,204.4,60,1403.4,308.5,14,10.91,0.0835,43.3085,0.12,False,0,784,0.03,1,30,0.345,3233,9364,7143
v28,1,166,234,1082.4,209.1,60,1001.1,208.5,7,10.1243,-0.0271,40.6074,0.1014,False,0,784,0.07,2,30,0.342,3242,9490,7191
v28,1,167,220,1139.6,218.2,60,1145.3,224.0,7,10.9744,-0.0511,44.1038,0.092,False,0,784,0.07,2,30,0.338,3243,9594,7247
v28,1,168,229,1161.8,211.1,60,1022.2,218.3,6,12.3582,0.131,48.9112,0.1164,False,0,784,0.03,1,30,0.334,3246,9720,7302
v28,1,169,212,1235.8,234.8,60,1020.3,194.4,9,10.1556,0.0507,40.4216,0.1095,False,0,784,0.1,3,30,0.331,3249,9825,7357
v28,1,170,223,1243.6,215.9,60,1225.3,221.6,6,11.1333,0.0347,44.3964,0.1055,False,0,784,0.07,2,30,0.327,3252,9934,7412
v28,1,171,212,1339.0,222.0,60,1154.0,239.6,11,11.5083,-0.0125,46.0853,0.0978,False,0,784,0.03,1,30,0.324,3254,10041,7469
v28,1,172,207,1341.4,218.4,60,1083.9,270.5,10,11.4158,0.0759,45.3631,0.1721,False,0,784,0.03,1,30,0.322,3259,10133,7521
v28,1,173,244,1233.2,201.2,60,1178.6,205.6,7,9.6928,-0.0289,38.8888,0.1102,False,0,784,0.0,0,30,0.319,3265,10251,7574
v28,1,174,239,1205.4,210.1,60,870.0,187.3,3,10.6707,-0.051,42.8893,0.1109,False,0,784,0.0,0,30,0.315,3266,10372,7628
v28,1,175,242,1228.7,211.1,60,1010.5,172.4,2,11.5906,-0.0306,46.4869,0.1038,False,0,784,0.0,0,30,0.311,3267,10490,7686
v28,1,176,240,1190.0,200.0,60,1267.8,224.2,6,11.4401,0.1598,45.1241,0.13,False,0,784,0.0,0,30,0.308,3268,10617,7745
v28,1,177,218,1147.2,217.8,60,1062.2,232.5,0,8.7299,0.0148,34.8621,0.0944,False,0,784,0.0,0,30,0.305,3271,10717,7800
v28,1,178,230,1228.5,212.2,60,1046.9,210.6,0,10.3606,0.0419,41.2771,0.1286,False,0,784,0.0,0,30,0.302,3271,10831,7860
v28,1,179,183,1182.4,201.4,60,1492.4,409.6,0,7.3047,0.0562,28.9959,0.1047,False,0,784,0.0,0,30,0.299,3271,10926,7920
v28,1,180,224,1207.3,207.3,60,1208.6,250.0,0,9.9804,0.0501,39.7235,0.107,False,0,784,0.0,0,30,0.297,3271,11030,7980
v28,1,181,219,1169.9,197.1,60,1224.7,304.5,0,9.844,0.0327,39.247,0.1103,False,0,784,0.0,0,30,0.294,3271,11139,8040
v28,1,182,220,1230.0,206.7,60,1196.9,266.2,0,10.4232,0.0851,41.3539,0.0828,False,0,784,0.0,0,30,0.291,3271,11253,8100
v28,1,183,213,1231.3,200.9,60,1271.5,310.9,0,8.7492,0.0029,34.9881,0.145,False,0,784,0.0,0,30,0.288,3271,11357,8160
v28,1,184,225,1283.7,211.0,60,1045.9,232.7,0,7.1329,-0.004,28.5496,0.1065,False,0,784,0.0,0,30,0.286,3271,11453,8220
v28,1,185,223,1229.5,205.9,60,1256.9,258.7,0,8.8997,-0.0251,35.7008,0.0775,False,0,784,0.0,0,30,0.283,3271,11559,8280
v28,1,186,234,1258.2,205.7,60,1148.7,221.9,0,9.4867,0.0408,37.7859,0.1132,False,0,784,0.0,0,30,0.28,3271,11680,8340
v28,1,187,210,1274.8,207.7,60,1261.0,297.0,0,8.3586,0.0061,33.412,0.0953,False,0,784,0.0,0,30,0.278,3271,11777,8400
v28,1,188,216,1265.3,218.0,60,1027.8,239.1,0,8.3506,0.0059,33.3803,0.0827,False,0,784,0.0,0,30,0.275,3271,11891,8460
v28,1,189,224,1280.8,206.9,60,1150.3,251.5,0,9.3074,0.0154,37.1693,0.0761,False,0,784,0.0,0,30,0.273,3271,11996,8520
v28,1,190,225,1265.0,207.8,60,1094.0,244.7,1,7.5024,-0.0042,30.028,0.0885,False,0,784,0.0,0,30,0.27,3271,12103,8580
v28,1,191,229,1310.9,221.9,60,958.0,177.0,3,8.4343,0.0074,33.7098,0.1134,False,0,784,0.0,0,30,0.268,3273,12217,8639
v28,1,192,249,1274.4,209.0,60,904.3,156.6,3,9.1338,0.0385,36.3827,0.0855,False,0,784,0.03,1,30,0.265,3274,12339,8698
v28,1,193,211,1387.8,227.0,60,1169.4,225.7,3,8.7156,0.0422,34.6957,0.1073,False,0,784,0.03,1,30,0.263,3275,12457,8756
v28,1,194,223,1300.9,204.1,60,1293.3,265.4,2,8.7249,0.1235,34.4078,0.099,False,0,784,0.0,0,30,0.26,3277,12584,8814
v28,1,195,204,1335.9,216.7,60,1327.1,287.2,3,7.2186,-0.0321,29.0047,0.0778,False,0,784,0.0,0,30,0.258,3278,12693,8872
v28,1,196,233,1303.7,208.5,60,1074.4,214.5,2,9.4477,0.0309,37.6694,0.1096,False,0,784,0.0,0,30,0.256,3281,12823,8929
v28,1,197,201,1399.8,228.2,60,1299.9,259.6,2,7.3021,0.012,29.163,0.1286,False,0,784,0.0,0,30,0.254,3281,12929,8987
v28,1,198,214,1322.8,214.2,60,1277.5,259.9,0,10.5061,0.1301,41.5056,0.0911,False,0,784,0.0,0,30,0.252,3282,13039,9045
v28,1,199,207,1327.0,218.2,60,1166.2,271.1,0,8.3716,0.0876,33.1379,0.0932,False,0,784,0.0,0,30,0.25,3282,13149,9105
v28,1,200,196,1379.1,229.1,60,1357.8,275.6,0,7.6697,0.0391,30.5239,0.0841,False,0,784,0.0,0,30,0.248,3282,13258,9165
v28,1,201,205,1338.9,214.6,60,1346.0,290.9,2,7.5236,0.079,29.7806,0.11,False,0,784,0.03,1,30,0.246,3282,13362,9225
v28,1,202,199,1386.2,229.8,60,1209.3,261.8,1,9.6872,0.2235,37.8568,0.0875,False,0,784,0.0,0,30,0.244,3282,13462,9284
v28,1,203,179,1376.9,221.7,60,1468.4,362.7,3,6.8981,-0.0443,27.7719,0.1133,False,0,784,0.0,0,30,0.242,3283,13551,9343
v28,1,204,175,1350.0,219.6,60,1567.5,383.5,2,5.7128,-0.0112,22.8973,0.0736,False,0,784,0.03,1,30,0.241,3284,13632,9400
v28,1,205,179,1422.4,230.4,60,1478.5,336.6,2,6.9835,-0.0348,28.0752,0.1027,False,0,784,0.0,0,30,0.239,3284,13724,9459
v28,1,206,216,1295.6,205.7,60,1340.7,283.4,0,9.9492,0.0556,39.5762,0.0826,False,0,784,0.0,0,30,0.237,3285,13838,9517
v28,1,207,165,1372.7,219.7,60,1725.3,419.9,2,5.8614,0.0251,23.3468,0.0742,False,0,784,0.0,0,30,0.236,3285,13929,9577
v28,1,208,179,1363.2,217.0,60,1668.9,376.6,0,7.3492,0.0196,29.3199,0.0876,False,0,784,0.0,0,30,0.234,3286,14023,9635
v28,1,209,182,1375.0,214.6,60,1483.6,372.9,0,8.4511,0.0973,33.4174,0.0984,False,0,784,0.0,0,30,0.233,3286,14116,9695
v28,1,210,184,1402.6,218.5,60,1736.8,354.1,1,6.9141,0.0416,27.4914,0.0817,False,0,784,0.0,0,30,0.231,3286,14211,9755
v28,1,211,168,1298.2,209.9,60,1601.8,436.2,2,5.8719,-0.0854,23.8308,0.073,False,0,784,0.0,0,30,0.23,3286,14295,9814
v28,1,212,186,1423.1,225.2,60,1380.2,325.9,2,6.545,-0.0282,26.2943,0.0884,False,0,784,0.0,0,30,0.228,3288,14390,9872
v28,1,213,156,1440.9,224.4,60,1724.7,440.5,1,8.1534,-0.0002,32.6156,0.0754,False,0,784,0.0,0,30,0.227,3289,14472,9931
v28,1,214,171,1487.3,228.8,60,1523.7,371.9,2,6.9346,0.0513,27.5348,0.0896,False,0,784,0.0,0,30,0.226,3291,14553,9990
v28,1,215,189,1368.3,219.3,60,1515.9,333.1,3,8.3667,0.1425,32.8983,0.0837,False,0,784,0.0,0,30,0.225,3293,14650,10049
v28,1,216,178,1418.7,226.0,60,1398.7,353.5,0,8.1131,-0.0211,32.5387,0.091,False,0,784,0.0,0,30,0.223,3293,14736,10107
v28,1,217,185,1346.5,209.8,60,1489.7,377.2,1,7.76,0.0604,30.7999,0.0714,False,0,784,0.0,0,30,0.222,3293,14835,10167
v28,1,218,166,1351.1,222.7,60,1579.8,407.8,1,8.0789,0.0263,32.2118,0.0648,False,0,784,0.03,1,30,0.221,3294,14915,10226
v28,1,219,174,1383.7,217.3,60,1572.0,393.7,3,7.9101,0.2614,30.5964,0.08,False,0,784,0.03,1,30,0.22,3294,15000,10286
v28,1,220,166,1349.4,211.3,60,1709.2,439.4,4,7.6719,0.026,30.5849,0.0684,False,0,784,0.0,0,30,0.218,3295,15087,10344
v28,1,221,167,1320.5,210.2,60,1771.4,439.0,5,7.3331,-0.0454,29.5152,0.0729,False,0,784,0.0,0,30,0.217,3299,15181,10400
v28,1,222,161,1430.7,221.0,60,1796.1,430.9,4,6.7845,0.0786,26.8252,0.0787,False,0,784,0.0,0,30,0.216,3300,15268,10456
v28,1,223,165,1534.0,239.8,60,1612.7,364.6,4,7.0098,0.0703,27.7597,0.0772,False,0,784,0.0,0,30,0.215,3304,15352,10512
v28,1,224,188,1435.7,220.2,60,1473.1,334.2,5,10.1825,0.1757,40.0287,0.0695,False,0,784,0.0,0,30,0.214,3306,15454,10570
v28,1,225,165,1484.8,223.8,60,1683.3,408.4,4,8.255,0.0658,32.7575,0.0439,False,0,784,0.03,1,30,0.213,3311,15539,10625
v28,1,226,153,1405.7,211.3,60,1843.2,485.2,5,7.6908,0.0723,30.4757,0.0805,False,0,784,0.0,0,30,0.212,3312,15630,10683
v28,1,227,161,1534.9,236.0,60,1631.2,390.9,7,8.7006,0.022,34.7158,0.0602,False,0,784,0.07,2,30,0.211,3315,15711,10738
v28,1,228,159,1575.1,247.1,60,1521.5,369.2,8,5.9311,-0.037,23.874,0.0793,False,0,784,0.1,3,30,0.21,3320,15792,10793
v28,1,229,178,1450.6,222.3,60,1469.9,364.6,8,8.9725,0.0924,35.5219,0.0725,False,0,784,0.0,0,30,0.209,3324,15876,10849
v28,1,230,174,1433.6,229.6,60,1513.9,358.2,6,5.8492,-0.0733,23.6914,0.0673,False,0,784,0.03,1,30,0.208,3330,15978,10902
v28,1,231,184,1486.5,220.4,60,1486.8,348.2,2,6.9697,0.0721,27.5919,0.0796,False,0,784,0.0,0,30,0.207,3333,16086,10957
v28,1,232,149,1442.4,230.6,60,1715.9,451.2,3,5.8478,-0.0308,23.5156,0.0624,False,0,784,0.0,0,30,0.206,3335,16168,11015
v28,1,233,171,1501.4,232.2,60,1587.6,362.3,3,6.8099,-0.0002,27.2426,0.1037,False,0,784,0.0,0,30,0.205,3337,16260,11073
v28,1,234,139,1443.6,230.1,60,1870.9,490.9,3,8.1964,0.0539,32.5714,0.0618,False,0,784,0.0,0,30,0.204,3337,16328,11130
v28,1,235,153,1473.6,237.7,60,1699.3,417.9,1,7.5488,0.2001,29.3961,0.0657,False,0,784,0.0,0,30,0.203,3338,16408,11187
v28,1,236,148,1479.0,242.0,60,1758.2,427.1,3,8.404,0.0647,33.3589,0.0795,False,0,784,0.0,0,30,0.203,3340,16490,11246
v28,1,237,150,1509.6,246.3,60,1655.2,408.2,2,6.2475,-0.0328,25.1236,0.1169,False,0,784,0.0,0,30,0.202,3340,16561,11304
v28,1,238,160,1463.5,237.9,60,1725.9,389.6,4,7.0897,0.0342,28.2233,0.0715,False,0,784,0.0,0,30,0.201,3341,16646,11362
v28,1,239,154,1480.4,230.0,60,1898.2,433.6,10,8.0242,0.0572,31.8697,0.0812,False,0,784,0.0,0,30,0.2,3343,16726,11418
v28,1,240,168,1517.7,246.2,60,1577.8,334.6,6,8.9164,0.0558,35.444,0.0835,False,0,784,0.03,1,30,0.199,3348,16812,11468
v28,1,241,133,1555.7,248.4,60,1866.0,473.4,9,8.3875,0.0485,33.3567,0.0461,False,0,784,0.03,1,30,0.199,3354,16878,11523
v28,1,242,163,1437.5,228.2,60,1707.9,404.2,6,6.7365,-0.0546,27.1663,0.0843,False,0,784,0.03,1,30,0.198,3355,16954,11576
v28,1,243,161,1373.4,234.9,60,1722.4,393.7,5,9.8213,0.0846,38.9479,0.0616,False,0,784,0.03,1,30,0.197,3359,17040,11631
v28,1,244,154,1459.6,234.6,60,1777.7,421.9,5,9.4403,0.0925,37.3926,0.0791,False,0,784,0.0,0,30,0.196,3360,17129,11688
v28,1,245,178,1392.3,224.0,60,1729.6,359.4,11,9.4707,0.1162,37.4194,0.0752,False,0,784,0.03,1,30,0.195,3363,17228,11743
v28,1,246,188,1449.5,234.9,60,1400.6,287.9,12,9.0324,0.0773,35.8222,0.0896,False,0,784,0.07,2,30,0.194,3370,17327,11793
v28,1,247,154,1499.2,246.0,60,1893.7,392.6,22,8.3148,-0.0374,33.4104,0.0696,False,0,784,0.07,2,30,0.194,3376,17413,11846
v28,1,248,138,1465.5,239.2,60,2091.5,473.7,20,9.0953,0.0631,36.13,0.0707,False,0,784,0.0,0,30,0.194,3386,17489,11889
v28,1,249,175,1437.0,242.9,60,1567.9,315.4,12,8.2269,0.0413,32.7441,0.0927,False,0,784,0.1,3,30,0.193,3399,17594,11931
v28,2,0,128,718.2,335.4,60,510.3,308.4,118,5.1588,0.0149,20.5926,1.7772,False,744,784,0.0,0,0,0.0,0,2,0
v28,2,1,142,732.6,315.8,60,702.5,276.6,115,4.4376,0.0283,17.6573,1.7502,False,664,784,0.0,0,30,0.0,0,10,8
v28,2,2,242,529.8,199.3,60,652.6,220.2,77,3.8629,0.0697,15.1941,1.7268,False,584,784,0.0,0,30,0.0,0,18,26
v28,2,3,181,620.0,246.6,60,720.5,279.9,54,4.2407,0.0455,16.8003,1.677,False,504,784,0.0,0,23,0.0,0,25,58
v28,2,4,272,559.3,173.2,60,798.5,238.7,48,5.8783,0.0924,23.1571,1.6353,False,424,784,0.0,0,30,0.0,0,32,93
v28,2,5,475,429.5,102.9,60,783.1,209.3,41,7.3471,-0.0021,29.4089,1.6338,False,384,784,0.0,0,30,0.0,0,44,135
v28,2,6,653,382.3,75.0,60,873.0,208.2,28,12.1774,0.0091,48.6787,1.6011,False,384,784,0.03,1,30,0.0,0,56,177
v28,2,7,642,412.9,86.1,60,534.9,103.2,8,8.2793,0.1381,32.5707,1.6337,False,344,784,0.07,2,30,0.0,0,73,222
v28,2,8,609,343.1,88.7,60,580.3,123.5,8,5.8557,0.0605,23.1916,1.6471,False,304,784,0.0,0,30,0.0,0,87,277
v28,2,9,489,514.3,116.6,60,399.9,73.5,2,7.5401,-0.0481,30.3616,1.5798,False,264,784,0.0,0,30,0.0,0,101,329
v28,2,10,521,494.1,107.7,60,427.5,88.5,3,6.6212,-0.0094,26.534,1.5753,False,264,784,0.0,0,30,0.0,0,113,388
v28,2,11,507,524.0,109.3,60,570.1,100.2,2,6.0707,0.0211,24.21,1.5737,False,264,784,0.0,0,30,0.0,0,127,445
v28,2,12,472,615.4,116.7,60,604.8,105.7,8,9.8985,-0.0048,39.6208,1.5045,False,264,784,0.0,0,30,0.0,0,133,503
v28,2,13,431,636.9,123.1,60,705.5,139.4,11,7.9952,-0.1447,32.5673,1.4912,False,264,784,0.07,2,30,0.0,0,142,560
v28,2,14,481,600.7,111.1,60,786.4,133.0,4,10.5736,0.1201,41.8223,1.4297,False,224,784,0.0,0,30,0.0,0,149,614
v28,2,15,489,591.7,112.6,60,609.1,106.0,5,9.2249,0.0051,36.889,1.4517,False,224,784,0.0,0,30,0.0,0,159,672
v28,2,16,446,654.2,122.4,60,717.4,114.0,5,9.9509,0.0242,39.7126,1.3713,False,224,784,0.07,2,30,0.0,0,170,730
v28,2,17,440,668.6,122.9,60,708.1,123.0,11,11.5621,0.0786,45.942,1.3539,False,224,784,0.0,0,30,0.0,0,181,789
v28,2,18,446,678.9,118.7,60,849.5,141.3,6,12.4898,0.0399,49.8071,1.3468,False,224,784,0.0,0,30,0.0,0,191,844
v28,2,19,377,768.5,131.9,60,1067.7,194.9,13,9.2428,-0.0206,37.0605,1.2786,False,224,784,0.0,0,30,0.0,0,198,899
v28,2,20,492,577.2,104.4,60,947.0,167.9,10,13.0214,-0.015,52.1512,1.2244,False,184,784,0.03,1,30,0.0,0,204,951
v28,2,21,337,820.2,151.2,60,927.5,174.6,5,10.2208,-0.1122,41.3375,1.2196,False,144,784,0.0,0,30,0.0,0,221,1005
v28,2,22,287,980.1,177.8,60,902.2,173.3,14,11.4193,0.0188,45.6064,1.1376,False,144,784,0.1,3,30,0.0,0,228,1060
v28,2,23,409,677.0,120.6,60,1004.8,202.2,13,10.121,-0.0387,40.647,1.1393,False,104,784,0.07,2,30,0.0,0,239,1114
v28,2,24,303,851.7,152.9,60,1235.1,251.7,13,9.701,-0.0274,38.9207,1.174,False,64,784,0.07,2,30,0.0,0,245,1167
v28,2,25,518,601.6,99.8,60,890.4,162.0,6,14.633,0.0615,58.2949,1.1159,False,24,784,0.0,0,30,0.0,0,266,1218
v28,2,26,408,770.9,126.6,60,949.0,162.8,6,13.721,-0.006,54.9169,1.0878,False,24,784,0.07,2,30,0.004,1,282,1274
v28,2,27,312,974.1,157.6,60,1187.3,204.6,10,12.9542,0.0084,51.7906,1.1243,False,24,784,0.03,1,30,0.003,1,292,1331
v28,2,28,250,1085.0,177.3,60,1560.6,285.1,16,9.5695,-0.0624,38.5342,1.1188,False,24,784,0.07,2,30,0.01,3,310,1385
v28,2,29,199,1336.5,230.9,60,1338.1,258.3,22,11.0023,0.0952,43.6379,1.1643,False,0,784,0.13,4,30,0.016,6,387,1435
v28,2,30,212,1208.7,191.5,60,1854.6,347.4,21,11.6521,0.0289,46.5012,1.0847,False,0,784,0.1,3,30,0.026,13,497,1482
v28,2,31,221,1265.6,207.3,60,1481.3,260.3,14,8.493,-0.048,34.1722,1.0411,False,0,784,0.1,3,30,0.04,24,606,1525
v28,2,32,211,1163.8,195.5,60,1753.2,336.6,31,9.7604,-0.0384,39.2051,1.0533,False,0,784,0.23,7,30,0.046,32,702,1576
v28,2,33,204,1385.7,224.5,60,1464.0,260.8,20,10.1404,0.0615,40.3235,0.9473,False,0,784,0.1,3,30,0.062,51,825,1617
v28,2,34,189,1474.6,240.3,60,1462.7,267.1,21,7.9208,-0.0198,31.7731,1.0275,False,0,784,0.13,4,30,0.064,59,927,1665
v28,2,35,158,1489.2,243.9,60,1981.7,381.8,33,8.6759,-0.0446,34.8922,1.0582,False,0,784,0.2,6,30,0.069,69,998,1712
v28,2,36,167,1456.1,240.3,60,1968.1,355.3,33,7.8772,-0.0138,31.5751,1.031,False,0,784,0.2,6,30,0.079,87,1097,1749
v28,2,37,149,1513.9,257.0,60,1940.3,385.7,32,8.5082,0.0274,33.9332,0.9782,False,0,784,0.07,2,30,0.09,106,1175,1787
v28,2,38,154,1576.7,272.8,60,1806.8,323.8,34,7.0814,-0.0299,28.4555,0.9712,False,0,784,0.3,9,30,0.098,123,1258,1826
v28,2,39,160,1582.6,259.5,60,1879.8,332.1,24,8.9201,-0.033,35.8227,0.9537,False,0,784,0.13,4,30,0.104,139,1342,1869
v28,2,40,131,1727.1,299.9,60,2021.2,369.2,38,5.4546,-0.0847,22.1698,0.9552,False,0,784,0.27,8,30,0.109,154,1418,1914
v28,2,41,136,1842.1,335.3,60,1518.6,264.1,40,7.5775,-0.026,30.4264,0.9727,False,0,784,0.3,9,30,0.121,181,1496,1954
v28,2,42,132,1811.6,325.4,60,1673.3,308.2,38,6.9826,-0.084,28.2799,0.9354,False,0,784,0.37,11,30,0.127,198,1561,2000
v28,2,43,123,1781.9,300.7,60,2104.0,407.6,42,7.1994,0.0549,28.5914,0.9393,False,0,784,0.33,10,30,0.133,217,1635,2043
v28,2,44,118,1924.2,344.0,60,1917.5,347.6,44,6.4776,0.0139,25.8696,0.944,False,0,784,0.37,11,30,0.141,240,1707,2078
v28,2,45,95,2195.6,399.8,60,2119.2,390.9,45,6.633,0.0229,26.455,0.8919,False,0,784,0.37,11,30,0.148,261,1766,2117
v28,2,46,96,2274.5,429.2,60,1960.4,337.4,45,4.9688,-0.008,19.9224,0.8897,False,0,784,0.57,17,30,0.156,283,1818,2154
v28,2,47,91,2593.7,522.4,60,1441.0,231.7,52,4.4934,-0.0161,18.0523,0.8298,False,0,784,0.6,18,30,0.169,316,1873,2198
v28,2,48,97,2213.7,434.3,60,1737.0,321.9,55,4.3505,-0.081,17.7418,0.8696,False,0,784,0.4,12,30,0.177,342,1935,2248
v28,2,49,89,2412.2,479.8,60,1720.5,312.3,56,3.2002,-0.1193,13.2936,0.8522,False,0,784,0.63,19,30,0.185,367,1989,2287
v28,2,50,91,2364.6,437.5,60,1953.6,360.4,50,5.1392,-0.075,20.8713,0.7596,False,0,784,0.33,10,30,0.194,397,2050,2328
v28,2,51,101,2116.4,409.1,60,1755.7,335.4,54,5.9612,0.0278,23.7484,0.7589,False,0,784,0.6,18,30,0.199,420,2112,2367
v28,2,52,91,2291.4,429.9,60,1951.1,372.0,52,7.7142,0.1568,30.2438,0.7341,False,0,784,0.4,12,30,0.206,448,2175,2405
v28,2,53,87,2549.7,495.3,60,1697.8,305.9,55,4.5868,-0.0039,18.3772,0.7277,False,0,784,0.6,18,30,0.216,482,2234,2442
v28,2,54,91,2374.6,448.8,60,1871.7,343.3,52,5.6375,0.0119,22.5165,0.7072,False,0,784,0.57,17,30,0.222,507,2285,2483
v28,2,55,75,2611.4,519.1,60,1997.2,375.2,59,4.6372,0.0536,18.3486,0.7108,False,0,784,0.6,18,30,0.228,532,2334,2523
v28,2,56,88,2570.5,495.3,60,1644.2,297.5,51,3.5163,-0.0904,14.4411,0.7333,False,0,784,0.5,15,30,0.235,563,2395,2558
v28,2,57,80,2687.9,535.5,60,1676.0,310.0,56,4.8474,-0.0086,19.4386,0.7316,False,0,784,0.73,22,30,0.242,591,2447,2602
v28,2,58,97,2335.5,434.9,60,1817.3,320.9,50,6.3571,0.0429,25.2709,0.7001,False,0,784,0.57,17,30,0.246,615,2501,2644
v28,2,59,87,2776.3,565.4,60,1234.9,204.2,55,4.5052,0.0386,17.8813,0.7455,False,0,784,0.87,26,30,0.251,641,2549,2687
v28,2,60,90,2174.8,393.7,60,2188.5,433.4,54,5.7865,0.0178,23.0882,0.6754,False,0,784,0.47,14,30,0.252,654,2596,2738
v28,2,61,81,2725.0,521.2,60,1775.6,320.4,54,4.1543,-0.0555,16.8523,0.6604,False,0,784,0.63,19,30,0.26,690,2650,2769
v28,2,62,89,2393.5,439.4,60,1926.7,372.2,54,3.1408,-0.1223,13.0662,0.6907,False,0,784,0.53,16,30,0.265,717,2705,2811
v28,2,63,86,2584.2,502.3,60,1669.8,304.0,54,6.9426,0.1621,27.1346,0.6379,False,0,784,0.67,20,30,0.271,748,2762,2848
v28,2,64,77,2505.5,485.8,60,2101.8,400.5,56,5.4413,0.0657,21.5155,0.6746,False,0,784,0.53,16,30,0.274,770,2808,2893
v28,2,65,65,3052.5,625.0,60,1813.6,346.9,59,3.6463,0.1764,13.8924,0.6439,False,0,784,0.63,19,30,0.281,803,2853,2929
v28,2,66,67,2403.1,455.7,60,2521.7,515.1,57,5.4037,0.0632,21.3743,0.6215,False,0,784,0.43,13,30,0.285,824,2891,2970
v28,2,67,85,2280.6,413.8,60,2270.4,437.8,52,5.6742,-0.0256,22.8114,0.6222,False,0,784,0.4,12,30,0.288,851,2951,2998
v28,2,68,71,2559.6,498.2,60,2210.2,434.4,58,4.4902,-0.0365,18.1193,0.626,False,0,784,0.63,19,30,0.292,876,2995,3032
v28,2,69,63,2622.1,510.1,60,2400.7,488.4,56,3.6019,-0.0986,14.8154,0.6705,False,0,784,0.43,13,30,0.298,907,3040,3066
v28,2,70,73,2147.1,384.5,60,2591.7,556.2,56,5.3024,0.0398,21.0637,0.6694,False,0,784,0.27,8,30,0.302,934,3095,3099
v28,2,71,74,2164.5,395.1,60,2616.2,536.8,58,4.2033,-0.1024,17.2366,0.6965,False,0,784,0.2,6,30,0.305,962,3150,3123
v28,2,72,94,1914.5,328.6,60,2535.1,509.2,51,6.3958,-0.0639,25.85,0.5653,False,0,784,0.3,9,30,0.307,989,3223,3147
v28,2,73,90,1819.6,321.9,60,2607.1,541.2,56,5.7879,0.0444,22.9858,0.5961,False,0,784,0.4,12,30,0.31,1021,3289,3175
v28,2,74,63,2255.4,410.9,60,2789.9,592.5,59,4.8262,0.0091,19.2797,0.5806,False,0,784,0.37,11,30,0.315,1054,3345,3201
v28,2,75,60,2320.2,436.9,60,2778.9,587.1,57,4.4223,-0.0703,17.9826,0.6122,False,0,784,0.47,14,30,0.319,1082,3392,3223
v28,2,76,66,1910.9,329.7,60,3110.1,661.4,56,5.3466,-0.0657,21.6608,0.6049,False,0,784,0.13,4,30,0.323,1112,3444,3247
v28,2,77,73,1911.9,331.3,60,2898.7,621.0,57,7.0351,0.023,28.0589,0.5292,False,0,784,0.37,11,30,0.324,1135,3500,3265
v28,2,78,76,1694.4,289.6,60,3118.5,657.2,59,7.8904,0.7875,28.421,0.4778,False,0,784,0.17,5,30,0.326,1160,3556,3285
v28,2,79,107,1825.5,309.2,60,2394.1,472.6,51,5.7966,-0.0284,23.3094,0.469,False,0,784,0.3,9,30,0.33,1196,3629,3300
v28,2,80,76,2261.6,421.6,60,2446.7,490.0,58,5.4999,0.0388,21.8533,0.4453,False,0,784,0.43,13,30,0.333,1221,3671,3330
v28,2,81,102,1936.5,341.7,60,2341.3,443.2,56,6.4376,0.015,25.7001,0.4915,False,0,784,0.4,12,30,0.335,1252,3742,3358
v28,2,82,82,2076.4,389.5,60,2474.7,491.6,59,7.0254,0.0655,27.849,0.473,False,0,784,0.5,15,30,0.336,1278,3801,3388
v28,2,83,93,2151.4,394.4,60,2172.7,412.7,55,6.776,0.0246,27.0137,0.4164,False,0,784,0.47,14,30,0.339,1312,3867,3416
v28,2,84,74,1903.7,338.1,60,2965.4,607.1,56,5.556,0.0013,22.2281,0.4683,False,0,784,0.37,11,30,0.339,1327,3910,3451
v28,2,85,77,1864.2,332.2,60,2840.8,597.6,54,8.0128,0.0643,31.8033,0.4667,False,0,784,0.13,4,30,0.342,1357,3967,3472
v28,2,86,70,1766.8,303.9,60,3044.6,669.4,56,5.9402,0.0763,23.4642,0.4349,False,0,784,0.17,5,30,0.343,1379,4020,3495
v28,2,87,92,1572.2,246.2,60,3032.1,646.5,52,6.4977,0.0054,25.9779,0.4399,False,0,784,0.27,8,30,0.344,1405,4090,3513
v28,2,88,73,2373.2,433.5,60,2496.9,496.6,56,6.9089,-0.0178,27.7153,0.4243,False,0,784,0.4,12,30,0.346,1434,4141,3531
v28,2,89,63,2044.9,353.3,60,3024.5,653.0,56,6.1754,0.068,24.4383,0.4441,False,0,784,0.23,7,30,0.348,1458,4191,3562
v28,2,90,74,1569.0,239.0,60,3377.1,729.2,51,5.3381,-0.0047,21.3794,0.4223,False,0,784,0.07,2,30,0.35,1486,4243,3580
v28,2,91,51,2323.8,401.3,60,3214.3,682.9,56,5.4228,0.0789,21.384,0.4349,False,0,784,0.43,13,30,0.353,1513,4291,3595
v28,2,92,58,2148.7,382.3,60,3095.3,654.4,56,4.0803,0.0067,16.3027,0.4088,False,0,784,0.57,17,30,0.355,1546,4352,3612
v28,2,93,53,2090.2,381.2,60,3121.9,687.2,60,4.203,-0.0263,16.9254,0.4309,False,0,784,0.4,12,30,0.359,1579,4398,3633
v28,2,94,64,2301.9,408.8,60,2791.4,588.0,54,7.6911,0.1613,30.1272,0.4119,False,0,784,0.27,8,30,0.361,1608,4450,3650
v28,2,95,72,1900.2,304.7,60,3181.2,658.3,52,5.9722,-0.0293,24.0142,0.4124,False,0,784,0.17,5,30,0.362,1632,4509,3674
v28,2,96,55,1864.1,321.9,60,3143.5,728.9,52,6.2517,0.0833,24.6814,0.3904,False,0,784,0.1,3,30,0.364,1659,4554,3693
v28,2,97,67,2041.4,354.4,60,3091.9,628.3,58,4.5396,-0.0493,18.363,0.3788,False,0,784,0.33,10,30,0.365,1683,4609,3711
v28,2,98,46,2429.6,437.2,60,3069.3,688.8,55,4.7887,0.0958,18.7787,0.3642,False,0,784,0.4,12,30,0.368,1709,4646,3729
v28,2,99,78,2186.2,372.8,60,2660.6,539.4,56,4.4139,-0.0251,17.7633,0.3643,False,0,784,0.33,10,30,0.369,1736,4706,3751
v28,2,100,69,2129.7,383.7,60,2819.3,582.7,53,7.9633,0.154,31.2445,0.3594,False,0,784,0.3,9,30,0.37,1762,4762,3775
v28,2,101,57,1888.7,319.7,60,2854.4,720.2,50,5.6323,-0.0239,22.6331,0.4153,False,0,784,0.2,6,30,0.372,1791,4811,3799
v28,2,102,64,2213.3,394.2,60,2809.7,603.6,55,3.6337,-0.1269,15.049,0.3393,False,0,784,0.3,9,30,0.374,1816,4857,3821
v28,2,103,68,2230.2,408.3,60,2738.3,561.3,56,5.2993,-0.0413,21.3686,0.3141,False,0,784,0.3,9,30,0.375,1843,4909,3846
v28,2,104,81,2095.0,374.5,60,2609.9,518.5,56,5.9066,0.0213,23.5474,0.3153,False,0,784,0.37,11,30,0.378,1874,4961,3870
v28,2,105,73,2243.3,418.1,60,2542.2,515.3,56,5.8245,0.006,23.2804,0.3241,False,0,784,0.4,12,30,0.378,1895,5009,3898
v28,2,106,70,2637.1,500.3,60,2255.4,440.3,57,6.8306,0.0023,27.3195,0.3301,False,0,784,0.57,17,30,0.381,1927,5055,3927
v28,2,107,72,2318.5,425.7,60,2585.2,513.1,57,6.121,0.0758,24.1878,0.3566,False,0,784,0.57,17,30,0.382,1948,5102,3961
v28,2,108,50,2594.7,488.1,60,2962.7,617.2,59,4.5023,-0.1253,18.5158,0.2638,False,0,784,0.53,16,30,0.383,1969,5136,3988
v28,2,109,76,2042.2,359.3,60,2858.2,568.8,57,4.8246,-0.0142,19.3604,0.2673,False,0,784,0.43,13,30,0.385,2001,5199,4011
v28,2,110,64,2013.9,350.5,60,3084.1,650.1,56,5.6124,-0.0118,22.503,0.2984,False,0,784,0.27,8,30,0.386,2023,5245,4036
v28,2,111,58,2311.8,413.0,60,2969.9,624.8,58,5.2125,-0.018,20.9281,0.3109,False,0,784,0.53,16,30,0.388,2059,5306,4054
v28,2,112,71,2163.2,363.4,60,2927.9,594.0,55,3.6804,-0.0711,15.0121,0.2962,False,0,784,0.37,11,30,0.39,2085,5351,4075
v28,2,113,83,2198.4,379.6,60,2510.8,498.9,54,4.9753,-0.0165,19.9718,0.241,False,0,784,0.33,10,30,0.391,2115,5408,4098
v28,2,114,63,2278.8,399.1,60,2800.9,605.0,55,4.4931,-0.0238,18.0729,0.2767,False,0,784,0.43,13,30,0.392,2138,5457,4128
v28,2,115,96,2006.5,339.5,60,2572.5,480.8,53,6.4515,-0.0489,26.0068,0.2716,False,0,784,0.53,16,30,0.392,2162,5517,4153
v28,2,116,79,2217.2,386.2,60,2616.0,515.5,56,4.576,-0.0617,18.5558,0.2529,False,0,784,0.4,12,30,0.393,2190,5574,4184
v28,2,117,82,2029.2,347.2,60,2739.3,549.5,54,5.4057,-0.0477,21.819,0.2727,False,0,784,0.23,7,30,0.393,2214,5634,4213
v28,2,118,73,2243.3,409.5,60,2583.2,525.8,56,4.2808,-0.0603,17.3701,0.2858,False,0,784,0.4,12,30,0.395,2246,5683,4239
v28,2,119,97,1973.6,326.9,60,2505.7,495.4,51,6.7679,-0.0631,27.3298,0.289,False,0,784,0.37,11,30,0.395,2265,5740,4268
v28,2,120,71,2228.7,392.3,60,2750.1,559.7,57,4.8345,-0.0626,19.5944,0.3158,False,0,784,0.37,11,30,0.396,2292,5792,4296
v28,2,121,102,1948.9,319.5,60,2615.2,480.8,51,6.307,-0.0456,25.4168,0.3331,False,0,784,0.27,8,30,0.395,2317,5860,4319
v28,2,122,94,1777.8,290.9,60,2856.0,568.3,50,8.4673,1.7678,26.8037,0.2907,False,0,784,0.37,11,30,0.395,2338,5920,4346
v28,2,123,88,1791.5,316.6,60,2771.6,559.7,54,7.0484,-0.0208,28.2831,0.3205,False,0,784,0.23,7,30,0.396,2368,5983,4370
v28,2,124,94,1505.3,239.6,60,2727.0,648.6,36,8.0525,0.0958,31.8361,0.477,False,0,784,0.07,2,30,0.395,2390,6047,4393
v28,2,125,93,1740.8,285.7,60,2391.3,581.2,44,9.4922,0.332,36.6488,0.4103,False,0,784,0.3,9,30,0.395,2415,6112,4421
v28,2,126,91,1657.1,289.7,60,2803.9,584.7,47,7.8826,-0.0616,31.7831,0.3267,False,0,784,0.13,4,30,0.395,2438,6177,4450
v28,2,127,105,1661.7,292.8,60,2500.8,511.6,40,9.6677,0.0645,38.42,0.3621,False,0,784,0.13,4,30,0.394,2460,6243,4475
v28,2,128,113,1610.1,284.6,60,2376.0,488.1,40,9.9299,0.0237,39.6317,0.3517,False,0,784,0.2,6,30,0.393,2480,6310,4506
v28,2,129,154,1278.6,229.8,60,2076.7,434.1,31,10.6035,-0.0356,42.5644,0.402,False,0,784,0.07,2,30,0.391,2503,6402,4537
v28,2,130,149,1244.3,240.1,60,2028.3,427.7,32,8.1624,0.0646,32.398,0.3381,False,0,784,0.17,5,30,0.388,2520,6497,4574
v28,2,131,154,1205.9,215.9,60,2205.3,469.8,34,10.9536,0.0305,43.6983,0.2958,False,0,784,0.03,1,30,0.385,2534,6589,4610
v28,2,132,140,1209.5,205.1,60,2462.7,545.4,36,10.3771,0.1218,41.0277,0.331,False,0,784,0.13,4,30,0.382,2549,6679,4643
v28,2,133,161,1275.9,216.8,60,2207.8,442.2,36,9.7112,-0.0348,38.9892,0.2809,False,0,784,0.2,6,30,0.379,2569,6781,4675
v28,2,134,179,1215.4,201.1,60,2170.1,424.0,34,12.7941,0.0966,50.7949,0.2502,False,0,784,0.17,5,30,0.376,2585,6882,4709
v28,2,135,193,1219.3,198.9,60,2055.0,384.3,27,11.7205,-0.0092,46.9233,0.2395,False,0,784,0.1,3,30,0.371,2600,7001,4744
v28,2,136,150,1264.8,220.8,60,2306.1,471.9,40,9.6785,0.1686,38.0451,0.2743,False,0,784,0.27,8,30,0.37,2617,7071,4784
v28,2,137,221,1089.2,179.7,60,1795.8,362.2,24,14.9923,0.1209,59.4897,0.2236,False,0,784,0.1,3,30,0.366,2634,7187,4817
v28,2,138,175,1197.1,213.8,60,1714.7,400.5,20,11.8281,0.0656,47.0561,0.3068,False,0,784,0.17,5,30,0.363,2646,7286,4860
v28,2,139,224,1216.3,181.9,60,1730.9,344.8,20,12.6818,0.0602,50.4901,0.1823,False,0,784,0.07,2,30,0.358,2652,7413,4906
v28,2,140,209,1353.7,206.0,60,1619.1,306.4,18,14.6833,-0.0189,58.8126,0.2079,False,0,784,0.2,6,30,0.353,2662,7532,4950
v28,2,141,193,1264.4,198.1,60,1785.3,386.8,16,12.9628,0.0689,51.5791,0.1937,False,0,784,0.03,1,30,0.349,2667,7635,5001
v28,2,142,211,1243.9,188.5,60,1692.0,361.2,14,11.2593,0.1161,44.5758,0.1688,False,0,784,0.07,2,30,0.345,2674,7755,5048
v28,2,143,225,1231.9,180.9,60,1570.4,345.7,8,13.5116,-0.0353,54.1913,0.1874,False,0,784,0.07,2,30,0.341,2682,7870,5097
v28,2,144,211,1281.1,202.7,60,1486.7,311.1,11,11.3289,0.0836,44.984,0.1451,False,0,784,0.1,3,30,0.337,2687,7980,5153
v28,2,145,217,1316.9,195.3,60,1589.0,317.8,13,15.4196,0.1391,61.1249,0.1522,False,0,784,0.03,1,30,0.333,2692,8096,5207
v28,2,146,212,1301.9,202.0,60,1595.6,310.2,12,13.7246,0.5133,52.8491,0.1927,False,0,784,0.1,3,30,0.329,2696,8198,5257
v28,2,147,210,1319.2,201.6,60,1514.3,318.3,7,13.1589,-0.0175,52.709,0.1836,False,0,784,0.03,1,30,0.325,2702,8315,5308
v28,2,148,225,1320.6,195.5,60,1489.7,290.7,6,13.3901,0.0493,53.3665,0.169,False,0,784,0.03,1,30,0.321,2703,8429,5363
v28,2,149,199,1364.3,206.2,60,1627.5,340.0,6,13.1299,-0.0334,52.6562,0.1594,False,0,784,0.0,0,30,0.317,2708,8551,5418
v28,2,150,190,1425.2,215.1,60,1601.3,342.7,10,11.4835,0.0104,45.8953,0.1445,False,0,784,0.0,0,30,0.314,2712,8645,5474
v28,2,151,210,1273.7,207.6,60,1407.2,297.2,9,11.5984,0.8043,43.1796,0.1476,False,0,784,0.1,3,30,0.31,2717,8760,5527
v28,2,152,214,1108.0,180.9,60,1560.2,378.8,8,13.5061,0.0996,53.6282,0.1224,False,0,784,0.03,1,30,0.307,2719,8870,5582
v28,2,153,194,1284.2,218.7,60,1285.2,316.8,7,11.8554,0.1211,46.9398,0.1258,False,0,784,0.03,1,30,0.303,2722,8973,5635
v28,2,154,189,1251.7,215.0,60,1503.8,346.8,11,12.1269,0.0657,48.2474,0.1253,False,0,784,0.07,2,30,0.3,2726,9075,5689
v28,2,155,205,1119.5,205.3,60,1272.3,322.4,1,12.9184,0.0546,51.4575,0.1309,False,0,784,0.0,0,30,0.297,2731,9191,5741
v28,2,156,165,1214.3,238.5,60,1266.6,368.1,6,12.4341,0.0359,49.5945,0.0919,False,0,784,0.03,1,30,0.295,2733,9278,5800
v28,2,157,195,1256.7,227.9,60,1267.2,283.2,9,12.4833,0.1113,49.4904,0.1216,False,0,784,0.07,2,30,0.292,2735,9375,5856
v28,2,158,214,1246.8,224.5,60,1015.4,223.1,4,12.346,0.0223,49.2968,0.1203,False,0,784,0.03,1,30,0.289,2739,9488,5909
v28,2,159,226,1224.1,197.6,60,1317.3,279.9,9,13.398,0.1497,52.9954,0.1155,False,0,784,0.0,0,30,0.285,2740,9609,5966
v28,2,160,220,1205.2,206.9,60,1339.4,265.2,6,11.6973,0.0329,46.6598,0.1297,False,0,784,0.07,2,30,0.282,2744,9735,6017
v28,2,161,199,1290.9,204.1,60,1624.0,347.0,9,10.4394,0.0406,41.5968,0.0987,False,0,784,0.03,1,30,0.279,2746,9828,6073
v28,2,162,196,1263.7,213.1,60,1310.2,327.8,8,9.9997,-0.0405,40.1632,0.1095,False,0,784,0.07,2,30,0.277,2752,9940,6125
v28,2,163,189,1294.2,218.4,60,1405.8,336.0,2,9.9604,0.0534,39.6302,0.1058,False,0,784,0.0,0,30,0.274,2755,10039,6181
v28,2,164,216,1188.3,188.8,60,1294.3,344.3,5,11.1889,0.0521,44.5489,0.0849,False,0,784,0.0,0,30,0.272,2756,10136,6239
v28,2,165,212,1321.3,219.0,60,1073.7,250.2,1,10.0733,0.0812,39.9702,0.0933,False,0,784,0.0,0,30,0.269,2757,10254,6294
v28,2,166,210,1246.3,211.9,60,1360.9,282.5,4,9.9977,0.0283,39.8794,0.1064,False,0,784,0.0,0,30,0.266,2758,10366,6353
v28,2,167,209,1131.2,217.6,60,1187.8,266.1,0,8.3388,-0.0578,33.5882,0.0961,False,0,784,0.0,0,30,0.264,2758,10463,6409
v28,2,168,224,1131.2,207.0,60,879.6,251.2,5,7.9578,0.0219,31.746,0.1217,False,0,784,0.0,0,30,0.261,2759,10572,6469
v28,2,169,210,1131.8,203.4,60,1340.6,312.2,3,11.296,0.0823,44.8562,0.0746,False,0,784,0.07,2,30,0.258,2761,10683,6525
v28,2,170,222,1217.6,202.9,60,1214.6,273.1,4,10.0064,0.1479,39.4351,0.0761,False,0,784,0.03,1,30,0.256,2761,10795,6584
v28,2,171,194,1140.5,198.9,60,1195.8,380.9,1,8.4172,0.0095,33.633,0.1131,False,0,784,0.0,0,30,0.254,2761,10884,6641
v28,2,172,193,1196.1,193.6,60,1362.4,401.4,1,7.8742,0.0434,31.325,0.0987,False,0,784,0.0,0,30,0.252,2762,10969,6700
v28,2,173,220,1226.6,205.5,60,1031.4,270.6,0,8.3091,-0.0119,33.2858,0.0869,False,0,784,0.0,0,30,0.25,2762,11069,6759
v28,2,174,186,1260.2,216.7,60,1170.6,352.2,1,9.1536,0.1394,36.058,0.0666,False,0,784,0.0,0,30,0.248,2762,11159,6819
v28,2,175,204,1170.8,200.3,60,1142.6,342.8,1,7.6618,-0.0238,30.7441,0.0819,False,0,784,0.0,0,30,0.245,2762,11265,6878
v28,2,176,174,1243.0,206.9,60,1156.0,423.9,1,8.2101,0.0578,32.6114,0.1234,False,0,784,0.0,0,30,0.244,2763,11347,6937
v28,2,177,216,1165.9,193.1,60,1168.5,328.9,0,9.3357,-0.0713,37.6292,0.064,False,0,784,0.0,0,30,0.241,2763,11449,6997
v28,2,178,213,1144.8,200.4,60,1084.3,312.6,1,8.3524,-0.0734,33.7046,0.0815,False,0,784,0.03,1,30,0.239,2763,11557,7057
v28,2,179,200,1169.9,206.4,60,1024.2,336.1,0,7.7551,0.0277,30.9127,0.1499,False,0,784,0.0,0,30,0.237,2763,11650,7117
v28,2,180,232,1107.4,198.1,60,849.0,258.2,0,9.7764,0.0685,38.8337,0.1005,False,0,784,0.0,0,30,0.235,2763,11772,7177
v28,2,181,215,1128.8,187.8,60,1153.1,350.9,1,7.2592,0.0407,28.8758,0.1102,False,0,784,0.03,1,30,0.233,2763,11873,7237
v28,2,182,206,1128.8,195.7,60,1103.5,352.0,1,8.8799,0.0645,35.264,0.1105,False,0,784,0.0,0,30,0.23,2763,11990,7297
v28,2,183,229,1091.8,193.8,60,993.9,284.3,0,10.5988,0.1049,41.9773,0.1016,False,0,784,0.0,0,30,0.228,2763,12104,7356
v28,2,184,206,1220.8,207.2,60,1260.7,312.7,0,8.5478,0.0891,33.8364,0.092,False,0,784,0.0,0,30,0.226,2763,12210,7416
v28,2,185,226,1165.3,202.7,60,1131.4,260.5,0,7.7573,0.0964,30.6454,0.0837,False,0,784,0.0,0,30,0.224,2763,12315,7476
v28,2,186,208,1239.5,211.5,60,1134.8,290.9,0,8.3708,0.1091,33.0486,0.0837,False,0,784,0.0,0,30,0.223,2763,12406,7536
v28,2,187,183,1148.6,192.6,60,1184.5,436.7,0,8.8365,0.0862,35.0032,0.0962,False,0,784,0.0,0,30,0.221,2763,12505,7596
v28,2,188,165,1289.0,230.7,60,1351.0,389.6,0,8.7376,0.3121,33.704,0.1178,False,0,784,0.0,0,30,0.22,2763,12584,7656
v28,2,189,217,1157.3,207.7,60,1106.5,272.8,0,9.8104,0.0604,39.0015,0.089,False,0,784,0.0,0,30,0.218,2763,12686,7716
v28,2,190,169,1162.4,257.4,60,1043.6,299.0,0,7.2844,-0.1041,29.5562,0.1044,False,0,784,0.0,0,30,0.216,2763,12769,7776
v28,2,191,197,1122.1,247.4,60,915.2,211.6,0,8.7952,0.1145,34.7245,0.0973,False,0,784,0.0,0,30,0.215,2763,12864,7836
v28,2,192,185,1196.5,239.4,60,1052.9,285.9,0,7.3067,0.0402,29.0675,0.0758,False,0,784,0.0,0,30,0.213,2763,12956,7896
v28,2,193,174,1337.8,250.3,60,1158.6,298.1,1,7.9028,0.0963,31.2279,0.0871,False,0,784,0.0,0,30,0.212,2763,13042,7956
v28,2,194,186,1278.0,234.2,60,1152.6,298.1,0,6.5303,-0.0091,26.1596,0.1152,False,0,784,0.0,0,30,0.21,2763,13140,8015
v28,2,195,178,1335.4,234.8,60,1276.7,327.6,0,7.4892,0.0097,29.9198,0.1055,False,0,784,0.0,0,30,0.209,2763,13228,8075
v28,2,196,175,1345.1,228.9,60,1364.4,356.3,0,7.5192,0.0998,29.6794,0.0995,False,0,784,0.0,0,30,0.207,2763,13320,8135
v28,2,197,179,1404.0,235.2,60,1264.3,322.5,0,7.712,0.1756,30.1474,0.0998,False,0,784,0.0,0,30,0.206,2763,13422,8195
v28,2,198,151,1237.5,254.9,60,1261.1,382.6,0,6.7331,0.0888,26.5792,0.1217,False,0,784,0.0,0,30,0.205,2763,13508,8255
v28,2,199,171,1299.0,254.6,60,1084.9,298.4,0,8.4575,0.077,33.5236,0.0784,False,0,784,0.0,0,30,0.203,2763,13594,8315
v28,2,200,160,1220.7,242.3,60,1229.0,377.7,0,8.0407,0.13,31.6443,0.0756,False,0,784,0.0,0,30,0.202,2763,13680,8375
v28,2,201,160,1369.5,254.0,60,1347.7,346.7,0,8.6787,0.1438,34.1411,0.0859,False,0,784,0.0,0,30,0.201,2763,13766,8435
v28,2,202,152,1365.4,246.5,60,1482.0,399.5,0,7.1584,0.0206,28.5533,0.1233,False,0,784,0.0,0,30,0.2,2763,13843,8495
v28,2,203,132,1327.9,234.5,60,1663.5,508.1,1,5.6851,0.0627,22.4913,0.0799,False,0,784,0.0,0,30,0.199,2763,13919,8555
v28,2,204,178,1285.3,224.4,60,1382.8,358.3,0,6.2305,0.0046,24.9057,0.1104,False,0,784,0.0,0,30,0.197,2763,13997,8614
v28,2,205,144,1422.7,245.8,60,1486.2,434.0,0,6.4034,0.152,25.0077,0.1095,False,0,784,0.0,0,30,0.196,2763,14072,8674
v28,2,206,162,1377.9,242.0,60,1371.3,370.6,0,7.6374,0.106,30.1281,0.1249,False,0,784,0.0,0,30,0.195,2763,14155,8734
v28,2,207,176,1326.8,229.3,60,1411.0,351.4,1,5.5698,0.0049,22.2611,0.0908,False,0,784,0.0,0,30,0.194,2763,14258,8794
v28,2,208,165,1359.6,232.2,60,1409.5,385.6,0,6.0367,-0.0276,24.2594,0.125,False,0,784,0.0,0,30,0.193,2764,14334,8853
v28,2,209,150,1357.3,231.6,60,1547.0,444.9,1,5.3065,0.07,20.9481,0.1079,False,0,784,0.0,0,30,0.192,2764,14413,8913
v28,2,210,137,1339.6,236.5,60,1591.5,484.1,0,6.1715,0.0714,24.4016,0.0714,False,0,784,0.0,0,30,0.191,2764,14494,8972
v28,2,211,144,1355.4,221.7,60,1684.1,491.9,0,4.8477,0.053,19.18,0.0633,False,0,784,0.0,0,30,0.19,2764,14558,9032
v28,2,212,141,1400.4,231.1,60,1594.0,480.9,0,6.6148,0.0772,26.1517,0.0725,False,0,784,0.0,0,30,0.189,2764,14633,9092
v28,2,213,181,1338.7,242.7,60,1170.6,291.7,0,6.0823,-0.0473,24.5202,0.0987,False,0,784,0.0,0,30,0.188,2764,14734,9152
v28,2,214,182,1333.4,216.8,60,1475.1,366.4,1,7.0062,0.0927,27.6557,0.0963,False,0,784,0.0,0,30,0.186,2764,14823,9212
v28,2,215,172,1308.3,228.6,60,1326.0,368.7,0,6.2669,0.0233,24.976,0.0808,False,0,784,0.0,0,30,0.185,2764,14906,9271
v28,2,216,162,1421.2,233.9,60,1504.5,392.5,1,6.448,0.0251,25.6941,0.1358,False,0,784,0.0,0,30,0.184,2764,14983,9331
v28,2,217,184,1386.0,231.0,60,1390.8,315.7,0,8.3796,0.1215,33.0343,0.0992,False,0,784,0.0,0,30,0.183,2765,15082,9390
v28,2,218,164,1378.1,237.4,60,1394.1,375.0,0,6.7845,0.1562,26.5148,0.0952,False,0,784,0.0,0,30,0.182,2765,15167,9450
v28,2,219,202,1362.5,228.4,60,1208.4,255.2,0,7.881,0.1024,31.1165,0.0943,False,0,784,0.0,0,30,0.181,2765,15266,9510
v28,2,220,164,1340.9,223.4,60,1531.8,413.3,0,7.0356,0.085,27.8039,0.0798,False,0,784,0.0,0,30,0.18,2765,15357,9570
v28,2,221,171,1401.9,226.9,60,1395.6,377.3,0,5.5901,-0.0305,22.4839,0.0812,False,0,784,0.0,0,30,0.179,2765,15439,9630
v28,2,222,167,1350.4,233.1,60,1409.5,375.1,1,6.219,0.0419,24.7095,0.0717,False,0,784,0.03,1,30,0.178,2765,15532,9690
v28,2,223,165,1204.4,202.2,60,1192.6,467.8,0,6.683,-0.0181,26.8072,0.1484,False,0,784,0.0,0,30,0.177,2765,15611,9750
v28,2,224,135,1294.7,236.0,60,1028.0,493.0,0,4.7323,-0.0207,19.016,0.1963,False,0,784,0.0,0,30,0.176,2765,15670,9810
v28,2,225,161,1270.2,215.4,60,927.9,446.1,0,7.5864,0.0397,30.1898,0.1635,False,0,784,0.0,0,30,0.175,2765,15760,9870
v28,2,226,146,1310.2,223.3,60,1099.7,480.6,0,7.4295,0.0187,29.6462,0.1599,False,0,784,0.0,0,30,0.175,2765,15834,9930
v28,2,227,106,1364.5,226.0,60,1047.2,624.7,0,4.7248,-0.0159,18.9666,0.1916,False,0,784,0.0,0,30,0.174,2765,15884,9990
v28,2,228,152,1253.6,209.6,60,1232.1,493.0,1,8.1697,0.1658,32.0186,0.1522,False,0,784,0.0,0,30,0.173,2765,15949,10050
v28,2,229,131,1333.3,224.2,60,1096.1,534.4,0,5.7625,-0.0291,23.1696,0.1529,False,0,784,0.0,0,30,0.173,2766,16016,10109
v28,2,230,134,1354.4,222.3,60,1115.0,527.5,0,6.1976,0.0465,24.6069,0.1256,False,0,784,0.0,0,30,0.172,2766,16082,10169
v28,2,231,114,1378.6,226.6,60,946.0,593.5,0,4.1972,-0.0608,17.0353,0.1754,False,0,784,0.0,0,30,0.171,2766,16135,10229
v28,2,232,124,1365.5,227.1,60,1152.6,554.7,1,6.0933,0.0705,24.0942,0.1492,False,0,784,0.0,0,30,0.171,2766,16199,10289
v28,2,233,133,1468.0,248.0,60,1271.6,474.4,1,4.9349,-0.0101,19.7822,0.1067,False,0,784,0.03,1,30,0.17,2766,16264,10348
v28,2,234,137,1492.4,246.7,60,1050.9,460.6,0,5.6854,-0.0042,22.7618,0.1657,False,0,784,0.0,0,30,0.169,2766,16336,10408
v28,2,235,130,1401.6,220.8,60,1142.3,545.6,1,5.7154,-0.0059,22.8891,0.1783,False,0,784,0.0,0,30,0.169,2766,16399,10468
v28,2,236,135,1341.7,222.9,60,1170.8,522.5,0,5.222,-0.0192,20.9674,0.1343,False,0,784,0.0,0,30,0.168,2766,16452,10527
v28,2,237,130,1434.4,226.9,60,894.0,532.4,1,5.0209,0.0098,20.0494,0.2404,False,0,784,0.0,0,30,0.168,2766,16509,10587
v28,2,238,106,1488.2,242.2,60,868.5,596.1,1,4.1321,-0.0062,16.5582,0.2633,False,0,784,0.0,0,30,0.167,2767,16567,10646
v28,2,239,159,1391.9,220.8,60,1088.5,439.0,0,6.2426,0.0102,24.9321,0.1421,False,0,784,0.0,0,30,0.166,2767,16637,10706
v28,2,240,155,1355.2,213.7,60,1285.6,472.0,1,5.5803,-0.0648,22.5836,0.162,False,0,784,0.0,0,30,0.166,2767,16716,10766
v28,2,241,136,1204.8,261.5,60,978.3,431.2,1,6.1009,0.0512,24.2018,0.1706,False,0,784,0.0,0,30,0.165,2767,16784,10825
v28,2,242,171,1127.5,215.8,60,1057.5,409.0,2,7.043,-0.0213,28.2601,0.1358,False,0,784,0.03,1,30,0.164,2767,16875,10884
v28,2,243,158,1268.4,220.7,60,979.2,442.8,1,5.0517,-0.0695,20.4875,0.1456,False,0,784,0.0,0,30,0.163,2769,16950,10943
v28,2,244,141,1348.5,237.7,60,1122.8,465.5,1,6.1589,0.1156,24.1763,0.1496,False,0,784,0.03,1,30,0.163,2769,17022,11003
v28,2,245,136,1349.7,226.9,60,1159.7,509.8,1,6.3523,-0.007,25.4405,0.1652,False,0,784,0.0,0,30,0.162,2769,17093,11063
v28,2,246,138,1289.4,228.4,60,1079.6,498.7,1,7.0046,0.1076,27.5905,0.1125,False,0,784,0.03,1,30,0.161,2770,17164,11122
v28,2,247,138,1235.5,216.2,60,1165.7,526.7,3,5.5522,-0.0119,22.2597,0.1593,False,0,784,0.0,0,30,0.161,2770,17232,11182
v28,2,248,178,1205.0,217.6,60,908.1,378.4,0,7.8797,0.0697,31.2423,0.1193,False,0,784,0.0,0,30,0.16,2771,17312,11239
v28,2,249,160,1298.4,230.4,60,919.0,409.7,1,6.3421,0.0819,25.0435,0.1402,False,0,784,0.0,0,30,0.159,2771,17382,11299
v28,3,0,128,804.7,348.1,60,451.4,281.4,112,5.3053,-0.0621,21.4809,1.7776,False,744,784,0.0,0,0,0.0,0,4,0
v28,3,1,89,1012.9,505.2,60,593.0,274.6,127,4.1146,-0.079,16.7951,1.7605,False,704,784,0.96,24,25,0.0,0,4,12
v28,3,2,222,550.0,206.8,60,749.3,258.8,92,4.5723,0.0175,18.2346,1.7377,False,624,784,0.03,1,30,0.0,0,8,33
v28,3,3,235,573.4,206.7,60,602.4,214.4,63,3.8247,-0.0582,15.549,1.7048,False,544,784,0.0,0,30,0.0,0,15,59
v28,3,4,173,708.9,254.9,60,846.8,289.0,58,4.4728,0.0179,17.8385,1.688,False,464,784,0.0,0,22,0.0,0,26,98
v28,3,5,375,471.9,128.8,60,855.1,219.2,48,7.4947,0.194,29.2125,1.6591,False,424,784,0.07,2,30,0.0,0,35,132
v28,3,6,812,328.7,62.9,60,714.9,172.8,29,10.0944,0.0783,40.0651,1.6267,False,384,784,0.03,1,30,0.0,0,55,173
v28,3,7,648,391.6,86.7,60,440.0,87.4,6,5.9758,0.0294,23.7934,1.6604,False,344,784,0.03,1,30,0.0,0,70,220
v28,3,8,601,412.3,93.7,60,453.7,85.9,9,5.5336,-0.0176,22.2127,1.6505,False,344,784,0.03,1,30,0.0,0,87,277
v28,3,9,633,405.3,86.6,60,541.8,110.4,9,8.2442,0.0553,32.7646,1.6346,False,344,784,0.0,0,30,0.0,0,106,334
v28,3,10,565,448.7,92.3,60,744.2,154.9,11,7.77,0.0608,30.8441,1.6418,False,344,784,0.07,2,30,0.0,0,120,389
v28,3,11,562,382.2,94.9,60,625.1,135.1,13,7.3504,-0.0692,29.686,1.6295,False,304,784,0.0,0,30,0.0,0,132,442
v28,3,12,454,537.2,121.9,60,519.6,101.7,6,7.1766,-0.047,28.9032,1.622,False,264,784,0.0,0,30,0.0,0,141,493
v28,3,13,470,553.1,118.0,60,551.8,99.4,6,8.3938,-0.0429,33.7578,1.5989,False,264,784,0.0,0,30,0.0,0,155,549
v28,3,14,455,549.1,116.1,60,668.6,143.7,8,8.3666,-0.0451,33.6562,1.5895,False,264,784,0.03,1,30,0.0,0,167,604
v28,3,15,429,542.2,118.4,60,884.8,177.8,14,9.5441,0.0438,38.0073,1.5447,False,224,784,0.1,3,30,0.0,0,178,658
v28,3,16,440,539.6,119.7,60,700.9,146.2,9,11.8861,0.0117,47.5063,1.5095,False,184,784,0.03,1,30,0.0,0,189,710
v28,3,17,388,624.0,139.2,60,587.6,123.9,5,8.8978,-0.0455,35.7809,1.4806,False,144,784,0.0,0,30,0.0,0,192,764
v28,3,18,333,738.3,155.6,60,720.7,160.5,12,8.5562,-0.0694,34.5081,1.4438,False,144,784,0.07,2,30,0.0,0,203,820
v28,3,19,382,699.6,135.3,60,888.9,162.3,11,10.8039,0.0501,43.0237,1.4656,False,104,784,0.03,1,30,0.0,0,212,874
v28,3,20,344,864.3,159.1,60,666.4,111.8,4,11.217,0.0875,44.5232,1.4398,False,64,784,0.07,2,30,0.0,0,218,929
v28,3,21,301,918.0,165.5,60,1101.3,193.9,8,10.5583,0.0357,42.1002,1.4376,False,64,784,0.07,2,30,0.004,1,226,988
v28,3,22,293,952.4,161.9,60,1249.4,233.2,12,8.705,-0.133,35.3603,1.403,False,24,784,0.07,2,30,0.004,1,241,1043
v28,3,23,288,1028.6,175.5,60,1084.8,181.5,7,10.2143,0.0462,40.6811,1.3472,False,0,784,0.03,1,30,0.011,4,375,1094
v28,3,24,259,1102.1,186.5,60,1187.2,219.1,8,11.6829,0.0724,46.4524,1.3191,False,0,784,0.03,1,30,0.01,5,509,1151
v28,3,25,267,1131.5,188.9,60,1047.3,183.6,13,12.5308,0.0069,50.1067,1.3169,False,0,784,0.13,4,30,0.016,10,633,1204
v28,3,26,233,1186.6,203.2,60,1278.3,234.9,12,10.1708,0.0075,40.6656,1.3073,False,0,784,0.07,2,30,0.017,13,760,1257
v28,3,27,223,1231.9,204.8,60,1516.3,262.9,12,9.6892,-0.0565,38.9963,1.3088,False,0,784,0.03,1,30,0.023,20,882,1308
v28,3,28,210,1264.9,203.7,60,1688.0,311.0,16,8.6122,-0.0438,34.6391,1.2848,False,0,784,0.1,3,30,0.025,25,995,1359
v28,3,29,219,1273.7,209.8,60,1501.2,258.1,18,9.1779,-0.0247,36.8277,1.2509,False,0,784,0.07,2,30,0.03,34,1120,1406
v28,3,30,225,1302.6,211.5,60,1347.0,230.8,14,12.0062,0.1126,47.5937,1.2373,False,0,784,0.07,2,30,0.034,42,1243,1453
v28,3,31,186,1419.7,237.5,60,1645.0,287.6,19,11.4976,0.057,45.7819,1.212,False,0,784,0.2,6,30,0.034,46,1336,1504
v28,3,32,204,1331.8,219.2,60,1601.1,278.6,18,10.2936,0.0749,40.8944,1.1415,False,0,784,0.1,3,30,0.04,58,1445,1553
v28,3,33,170,1528.2,255.9,60,1660.0,298.9,21,8.4819,0.0222,33.8594,1.1197,False,0,784,0.2,6,30,0.046,70,1525,1601
v28,3,34,143,1695.2,294.5,60,1732.5,322.1,34,8.587,-0.0255,34.4706,1.0622,False,0,784,0.37,11,30,0.05,80,1607,1649
v28,3,35,161,1563.4,266.0,60,1695.4,310.4,28,7.7851,-0.0338,31.296,1.0505,False,0,784,0.27,8,30,0.056,95,1693,1689
v28,3,36,135,1654.7,281.8,60,1987.3,390.0,37,6.6159,-0.0232,26.578,1.0776,False,0,784,0.2,6,30,0.063,111,1764,1734
v28,3,37,113,1859.8,333.5,60,2094.1,396.0,44,6.601,-0.0428,26.595,0.9974,False,0,784,0.43,13,30,0.069,127,1828,1772
v28,3,38,102,1838.5,312.4,60,2449.7,492.9,46,5.7478,-0.0609,23.2542,0.9703,False,0,784,0.23,7,30,0.078,148,1893,1807
v28,3,39,110,2066.8,374.0,60,1830.1,338.4,44,6.3353,-0.0216,25.4467,0.9592,False,0,784,0.4,12,30,0.088,173,1959,1836
v28,3,40,127,1841.2,302.6,60,2075.8,383.6,39,7.7126,0.0332,30.7366,0.9534,False,0,784,0.3,9,30,0.094,191,2034,1876
v28,3,41,92,2123.1,361.0,60,2301.0,470.4,43,4.7973,-0.0646,19.4666,0.9547,False,0,784,0.33,10,30,0.1,208,2090,1914
v28,3,42,96,2187.5,390.1,60,2030.2,399.8,49,6.2311,0.0029,24.93,0.8491,False,0,784,0.27,8,30,0.109,234,2152,1948
v28,3,43,109,2172.2,368.7,60,1950.0,354.2,42,6.6376,0.0208,26.485,0.8963,False,0,784,0.27,8,30,0.116,258,2223,1984
v28,3,44,95,2366.5,427.9,60,1944.4,346.4,49,6.502,0.0865,25.6786,0.8386,False,0,784,0.5,15,30,0.125,285,2286,2024
v28,3,45,92,2302.4,423.1,60,2069.5,375.3,51,7.019,0.0405,27.9322,0.9143,False,0,784,0.5,15,30,0.131,306,2333,2063
v28,3,46,89,2490.1,463.4,60,1895.3,336.7,53,5.9456,0.0148,23.7401,0.8451,False,0,784,0.43,13,30,0.142,340,2397,2101
v28,3,47,78,2671.8,518.6,60,1827.6,349.8,53,4.9176,-0.0158,19.7511,0.8806,False,0,784,0.5,15,30,0.151,369,2450,2140
v28,3,48,83,2732.1,542.2,60,1579.5,274.0,55,4.8443,-0.0515,19.6009,0.9017,False,0,784,0.77,23,30,0.159,397,2501,2180
v28,3,49,70,2859.8,584.3,60,1858.8,342.3,56,5.4988,0.0446,21.8334,0.8336,False,0,784,0.63,19,30,0.165,420,2543,2224
v28,3,50,79,2844.8,573.0,60,1621.2,269.6,56,3.9817,-0.1278,16.4551,0.844,False,0,784,0.67,20,30,0.175,455,2596,2265
v28,3,51,70,2993.4,602.7,60,1712.9,320.9,58,4.6684,0.0912,18.3245,0.7756,False,0,784,0.5,15,30,0.183,484,2640,2311
v28,3,52,75,2840.4,581.7,60,1588.9,296.9,56,5.8164,0.1352,22.7421,0.8711,False,0,784,0.6,18,30,0.193,518,2690,2352
v28,3,53,77,2648.2,512.6,60,2044.7,366.1,55,4.1083,0.0138,16.3936,0.7745,False,0,784,0.6,18,30,0.198,542,2741,2396
v28,3,54,72,2902.7,571.8,60,1953.9,337.9,56,4.6197,0.0542,18.2774,0.763,False,0,784,0.63,19,30,0.205,571,2790,2435
v28,3,55,70,2852.8,564.3,60,1959.0,365.7,57,4.936,0.0955,19.3772,0.7536,False,0,784,0.63,19,30,0.211,598,2833,2476
v28,3,56,77,2738.4,543.5,60,1777.3,326.6,55,3.9723,-0.041,16.0686,0.76,False,0,784,0.47,14,30,0.219,633,2887,2516
v28,3,57,66,3084.9,621.3,60,1875.5,340.5,58,3.2113,-0.0162,12.9255,0.7724,False,0,784,0.67,20,30,0.225,659,2925,2560
v28,3,58,63,3423.8,717.6,60,1606.1,270.5,59,3.0532,-0.0308,12.3514,0.765,False,0,784,0.73,22,30,0.234,696,2970,2602
v28,3,59,72,2985.3,571.4,60,1989.2,338.3,58,4.0036,0.049,15.8329,0.7318,False,0,784,0.6,18,30,0.239,722,3019,2650
v28,3,60,67,3301.0,670.8,60,1600.3,274.9,60,3.8516,0.0596,15.183,0.7425,False,0,784,0.8,24,30,0.246,751,3057,2689
v28,3,61,66,2971.1,596.4,60,1929.5,368.0,58,2.7579,-0.0511,11.2508,0.7281,False,0,784,0.73,22,30,0.251,776,3096,2733
v28,3,62,68,3018.2,613.0,60,1765.4,329.3,58,3.1834,0.003,12.7342,0.6408,False,0,784,0.73,22,30,0.256,804,3135,2772
v28,3,63,63,3197.7,658.5,60,1840.7,332.6,58,3.0161,-0.0712,12.3636,0.7269,False,0,784,0.67,20,30,0.263,835,3174,2815
v28,3,64,72,2674.1,516.5,60,2181.8,404.2,58,4.6809,0.0474,18.5475,0.6795,False,0,784,0.63,19,30,0.266,859,3226,2858
v28,3,65,65,3034.1,589.3,60,2072.6,385.6,56,2.9803,0.0445,11.7575,0.7095,False,0,784,0.53,16,30,0.27,883,3267,2893
v28,3,66,84,2389.6,440.8,60,2157.7,406.9,54,5.1231,0.033,20.3729,0.629,False,0,784,0.3,9,30,0.275,916,3330,2931
v28,3,67,71,2590.0,495.8,60,2179.2,437.3,54,5.1066,0.0757,20.1364,0.6458,False,0,784,0.4,12,30,0.281,949,3382,2965
v28,3,68,56,3001.7,602.1,60,2285.2,462.0,59,4.8228,0.1749,18.6047,0.6502,False,0,784,0.77,23,30,0.284,972,3421,3002
v28,3,69,64,2966.4,583.1,60,2191.1,402.0,60,3.7189,0.0033,14.8754,0.6485,False,0,784,0.57,17,30,0.289,1003,3466,3036
v28,3,70,80,2429.8,432.0,60,2456.2,448.0,53,4.354,-0.0121,17.4764,0.6098,False,0,784,0.4,12,30,0.292,1027,3515,3071
v28,3,71,83,2790.9,520.2,60,1816.8,304.4,55,4.3629,-0.059,17.7005,0.649,False,0,784,0.63,19,30,0.296,1059,3572,3103
v28,3,72,68,2890.5,534.2,60,2222.4,418.6,55,3.8857,-0.023,15.647,0.6135,False,0,784,0.57,17,30,0.3,1085,3617,3144
v28,3,73,81,2690.0,504.0,60,1960.2,343.6,56,2.9688,-0.0631,12.1397,0.6003,False,0,784,0.53,16,30,0.305,1121,3675,3180
v28,3,74,76,2794.8,510.5,60,2148.7,377.3,57,3.6218,-0.0227,14.5888,0.5523,False,0,784,0.7,21,30,0.308,1145,3722,3221
v28,3,75,67,3030.3,589.4,60,2038.6,365.8,56,3.8439,0.0375,15.2384,0.6409,False,0,784,0.6,18,30,0.313,1178,3769,3257
v28,3,76,81,2636.8,486.7,60,1973.7,366.9,49,4.7307,-0.0184,19.0085,0.5997,False,0,784,0.6,18,30,0.314,1198,3810,3299
v28,3,77,69,2668.8,480.8,60,2417.5,471.1,55,2.7842,-0.0554,11.3699,0.5684,False,0,784,0.53,16,30,0.316,1221,3862,3341
v28,3,78,71,2818.1,518.1,60,2236.7,410.9,55,4.47,0.0926,17.5213,0.5839,False,0,784,0.57,17,30,0.319,1250,3916,3372
v28,3,79,71,3075.3,578.5,60,1956.8,339.4,57,3.7842,-0.0417,15.3139,0.5228,False,0,784,0.67,20,30,0.323,1282,3965,3410
v28,3,80,67,3087.2,563.4,60,2292.8,394.8,55,2.4763,-0.0445,10.0942,0.5548,False,0,784,0.6,18,30,0.327,1310,4008,3453
v28,3,81,63,2989.8,571.9,60,2353.6,423.6,59,4.1625,-0.0464,16.8465,0.5409,False,0,784,0.63,19,30,0.33,1335,4049,3493
v28,3,82,71,2621.3,450.4,60,2530.1,491.1,57,3.7995,-0.0316,15.3341,0.4917,False,0,784,0.47,14,30,0.331,1355,4096,3530
v28,3,83,74,2706.7,481.3,60,2393.9,430.4,57,5.2195,-0.0072,20.9167,0.5021,False,0,784,0.6,18,30,0.334,1384,4148,3560
v28,3,84,52,3228.4,615.0,60,2528.8,491.0,59,3.1359,-0.0442,12.7299,0.4697,False,0,784,0.6,18,30,0.338,1413,4185,3594
v28,3,85,53,3188.0,620.9,60,2385.4,475.5,59,3.2265,-0.0023,12.9255,0.502,False,0,784,0.77,23,30,0.342,1445,4229,3627
v28,3,86,56,3466.3,688.3,60,2103.1,381.6,57,3.2878,0.0123,13.111,0.4655,False,0,784,0.83,25,30,0.345,1471,4261,3662
v28,3,87,68,2938.0,527.0,60,2278.9,426.8,57,4.3316,-0.0435,17.5098,0.4876,False,0,784,0.5,15,30,0.348,1496,4302,3705
v28,3,88,58,3071.6,552.9,60,2513.7,489.5,56,2.9657,-0.0,11.8723,0.4741,False,0,784,0.53,16,30,0.35,1521,4341,3739
v28,3,89,67,2790.6,502.5,60,2484.3,462.8,58,3.0734,-0.0493,12.4999,0.4602,False,0,784,0.53,16,30,0.354,1554,4393,3772
v28,3,90,57,3193.2,592.8,60,2436.5,460.8,59,3.683,-0.0122,14.7898,0.449,False,0,784,0.9,27,30,0.355,1570,4424,3805
v28,3,91,63,3065.2,558.9,60,2314.4,437.2,59,4.574,-0.0566,18.5309,0.4401,False,0,784,0.57,17,30,0.358,1598,4462,3841
v28,3,92,67,2730.2,483.9,60,2485.7,483.7,59,6.7749,0.1667,26.4418,0.4443,False,0,784,0.43,13,30,0.361,1628,4511,3876
v28,3,93,56,3215.8,587.8,60,2515.5,475.4,58,4.0461,-0.0022,16.2023,0.4514,False,0,784,0.8,24,30,0.363,1654,4554,3907
v28,3,94,60,3334.8,635.6,60,2127.5,388.4,58,3.2868,-0.0184,13.2288,0.3984,False,0,784,0.7,21,30,0.367,1684,4593,3942
v28,3,95,71,3032.3,546.8,60,2132.6,376.9,57,3.4994,-0.0054,14.0275,0.4246,False,0,784,0.43,13,30,0.371,1722,4644,3984
v28,3,96,64,3024.4,548.9,60,2238.5,438.6,58,3.1561,-0.0466,12.8196,0.4378,False,0,784,0.63,19,30,0.373,1748,4684,4025
v28,3,97,67,2828.5,512.8,60,2432.2,451.4,57,4.5102,0.0053,18.0285,0.4406,False,0,784,0.5,15,30,0.376,1777,4730,4062
v28,3,98,66,3022.2,551.3,60,2125.9,417.5,55,3.5531,-0.0608,14.4652,0.4738,False,0,784,0.8,24,30,0.378,1811,4788,4098
v28,3,99,67,2940.7,531.4,60,2455.1,430.6,58,3.7739,-0.0694,15.3811,0.3992,False,0,784,0.57,17,30,0.381,1840,4834,4139
v28,3,100,63,3068.7,561.7,60,2372.0,434.2,58,3.3195,-0.0662,13.5514,0.4126,False,0,784,0.63,19,30,0.383,1867,4872,4176
v28,3,101,103,2060.3,315.0,60,2638.4,483.2,49,6.1023,-0.0002,24.4171,0.3446,False,0,784,0.33,10,30,0.382,1884,4933,4213
v28,3,102,72,2750.5,470.0,60,2442.7,459.9,56,4.1853,-0.0481,16.9426,0.4469,False,0,784,0.7,21,30,0.383,1907,4983,4241
v28,3,103,75,2744.6,476.7,60,2366.5,428.1,57,7.4884,0.2032,29.1493,0.4325,False,0,784,0.47,14,30,0.385,1936,5035,4274
v28,3,104,72,2710.3,470.9,60,2555.0,458.9,56,3.4969,-0.0797,14.3135,0.361,False,0,784,0.63,19,30,0.386,1962,5087,4308
v28,3,105,69,2755.2,494.8,60,2396.0,455.0,57,3.4625,-0.0413,14.0237,0.4114,False,0,784,0.4,12,30,0.388,1994,5138,4342
v28,3,106,58,3068.7,566.2,60,2445.6,476.6,59,4.6361,0.0796,18.2336,0.3849,False,0,784,0.57,17,30,0.391,2023,5178,4376
v28,3,107,53,3076.2,569.6,60,2618.7,520.8,57,3.3494,-0.0607,13.6494,0.448,False,0,784,0.63,19,30,0.392,2047,5216,4411
v28,3,108,81,2846.3,504.1,60,1944.3,343.5,56,3.0646,-0.0787,12.5806,0.3618,False,0,784,0.7,21,30,0.394,2076,5271,4442
v28,3,109,57,3144.4,576.6,60,2325.5,476.2,58,4.1324,0.0065,16.5106,0.3508,False,0,784,0.7,21,30,0.396,2106,5316,4485
v28,3,110,63,2955.0,527.4,60,2434.8,470.2,55,4.6697,0.0301,18.5651,0.3355,False,0,784,0.63,19,30,0.398,2130,5357,4520
v28,3,111,59,3047.6,562.6,60,2472.7,470.8,58,4.872,0.1794,18.7785,0.397,False,0,784,0.53,16,30,0.4,2163,5403,4556
v28,3,112,67,2900.4,498.3,60,2417.9,467.6,56,4.3738,-0.0591,17.7386,0.347,False,0,784,0.6,18,30,0.402,2188,5444,4590
v28,3,113,71,2790.6,480.7,60,2387.5,455.2,58,4.4976,-0.007,18.0253,0.3387,False,0,784,0.53,16,30,0.403,2216,5492,4626
v28,3,114,72,2893.2,505.2,60,2337.2,417.8,58,3.3707,-0.0942,13.8668,0.3616,False,0,784,0.5,15,30,0.405,2248,5547,4659
v28,3,115,67,2717.3,464.6,60,2671.9,505.2,55,3.4747,-0.0795,14.2232,0.3214,False,0,784,0.33,10,30,0.407,2277,5596,4695
v28,3,116,69,2686.3,461.5,60,2498.4,493.2,55,5.1258,-0.0714,20.7944,0.2805,False,0,784,0.6,18,30,0.408,2304,5643,4727
v28,3,117,69,2508.3,409.3,60,2604.8,553.3,55,4.8334,0.0249,19.2401,0.3105,False,0,784,0.47,14,30,0.408,2327,5697,4760
v28,3,118,69,2435.7,376.2,60,2934.3,591.4,56,4.9156,0.1271,19.1602,0.2964,False,0,784,0.33,10,30,0.409,2352,5751,4787
v28,3,119,66,2760.7,477.0,60,2519.0,499.3,57,3.2231,-0.1226,13.3887,0.291,False,0,784,0.6,18,30,0.411,2385,5800,4809
v28,3,120,60,2462.6,393.9,60,3018.3,630.1,57,4.1877,0.0051,16.7361,0.2851,False,0,784,0.3,9,30,0.412,2406,5841,4840
v28,3,121,81,2340.6,369.2,60,2692.4,525.5,53,3.9122,-0.0912,16.0195,0.3023,False,0,784,0.4,12,30,0.413,2434,5893,4861
v28,3,122,65,2317.0,359.8,60,2966.1,634.2,52,5.0125,0.0577,19.8259,0.326,False,0,784,0.3,9,30,0.414,2458,5941,4890
v28,3,123,88,2133.9,320.1,60,2879.9,554.5,48,6.2733,0.0417,24.9318,0.2745,False,0,784,0.37,11,30,0.414,2486,6005,4914
v28,3,124,110,2078.1,312.7,60,2514.9,450.6,44,7.0642,0.0938,27.887,0.27,False,0,784,0.37,11,30,0.413,2507,6071,4941
v28,3,125,63,2395.8,389.5,60,2952.0,615.0,51,6.6269,-0.0734,26.807,0.2985,False,0,784,0.27,8,30,0.414,2529,6116,4972
v28,3,126,71,2518.2,412.2,60,2573.2,536.2,52,6.3885,0.1552,24.94,0.323,False,0,784,0.2,6,30,0.415,2563,6174,4998
v28,3,127,95,2474.1,386.4,60,2235.0,412.1,50,5.9587,0.0254,23.7382,0.2636,False,0,784,0.4,12,30,0.415,2595,6249,5029
v28,3,128,70,2801.5,471.6,60,2539.3,473.8,56,4.1913,-0.0722,17.0591,0.2393,False,0,784,0.6,18,30,0.416,2616,6294,5065
v28,3,129,69,2510.5,403.9,60,2655.6,559.5,49,4.592,-0.0157,18.4359,0.2399,False,0,784,0.4,12,30,0.416,2639,6342,5098
v28,3,130,72,2661.3,442.2,60,2621.8,493.4,56,4.6781,-0.0206,18.7996,0.2403,False,0,784,0.63,19,30,0.417,2661,6382,5130
v28,3,131,75,2774.4,461.0,60,2513.1,447.8,56,4.6756,0.022,18.6192,0.2339,False,0,784,0.53,16,30,0.418,2687,6429,5161
v28,3,132,85,2462.8,391.6,60,2481.7,469.3,51,6.1565,0.4272,22.9216,0.2194,False,0,784,0.5,15,30,0.418,2707,6483,5194
v28,3,133,86,2688.4,435.0,60,2315.7,400.6,55,4.5329,-0.0295,18.2543,0.2428,False,0,784,0.7,21,30,0.418,2731,6539,5228
v28,3,134,107,1925.6,286.3,60,2736.6,513.5,42,6.518,-0.0102,26.1175,0.2263,False,0,784,0.2,6,30,0.416,2746,6606,5263
v28,3,135,85,2639.1,428.9,60,2275.5,416.4,55,5.9545,0.1561,23.1984,0.2364,False,0,784,0.5,15,30,0.416,2771,6663,5292
v28,3,136,97,2216.5,340.0,60,2596.7,474.4,51,7.5047,0.0968,29.6355,0.2054,False,0,784,0.4,12,30,0.415,2789,6716,5326
v28,3,137,99,2249.3,337.2,60,2348.3,467.7,46,6.319,0.0839,24.9452,0.2292,False,0,784,0.4,12,30,0.414,2806,6780,5355
v28,3,138,105,2181.9,310.4,60,2556.8,480.8,42,7.1047,0.0551,28.2025,0.2142,False,0,784,0.33,10,30,0.413,2828,6843,5387
v28,3,139,131,1930.4,271.4,60,2343.9,431.5,41,6.1277,-0.012,24.5624,0.1847,False,0,784,0.2,6,30,0.411,2846,6925,5420
v28,3,140,111,2115.2,310.9,60,2284.0,448.9,40,6.684,0.0227,26.6493,0.2064,False,0,784,0.4,12,30,0.409,2862,6993,5452
v28,3,141,143,2050.6,286.9,60,1949.0,340.1,34,7.3402,-0.0318,29.4923,0.2094,False,0,784,0.27,8,30,0.407,2877,7073,5490
v28,3,142,133,1806.7,250.7,60,2587.8,468.3,38,6.2825,-0.0405,25.2962,0.2091,False,0,784,0.13,4,30,0.404,2890,7153,5532
v28,3,143,157,1800.9,262.7,60,2043.2,336.5,25,7.0353,0.0251,28.0449,0.2085,False,0,784,0.17,5,30,0.401,2902,7240,5560
v28,3,144,175,1689.1,244.4,60,1704.1,311.2,20,6.1025,0.0343,24.2758,0.1648,False,0,784,0.2,6,30,0.397,2907,7329,5603
v28,3,145,219,1498.6,219.6,60,1368.6,222.4,7,5.058,-0.0004,20.2379,0.2003,False,0,784,0.03,1,30,0.392,2915,7438,5649
v28,3,146,216,1482.4,221.0,60,1371.7,228.6,9,7.8143,0.0397,31.1025,0.2124,False,0,784,0.07,2,30,0.387,2918,7543,5703
v28,3,147,203,1467.6,215.0,60,1343.9,296.6,4,5.4831,0.063,21.685,0.237,False,0,784,0.0,0,30,0.381,2921,7658,5756
v28,3,148,205,1453.8,213.6,60,1223.0,294.1,6,6.8981,0.0042,27.5799,0.234,False,0,784,0.0,0,30,0.377,2923,7757,5812
v28,3,149,187,1497.5,221.1,60,1425.4,334.8,6,6.0083,0.0386,23.884,0.2581,False,0,784,0.03,1,30,0.373,2927,7855,5866
v28,3,150,177,1507.8,225.0,60,1824.8,360.3,12,5.497,0.0445,21.8141,0.2103,False,0,784,0.07,2,30,0.369,2929,7948,5921
v28,3,151,166,1631.3,236.2,60,1717.0,370.4,13,5.359,0.0426,21.2698,0.1996,False,0,784,0.07,2,30,0.365,2935,8042,5972
v28,3,152,180,1789.1,240.8,60,1607.1,301.6,17,7.4943,-0.0048,30.0009,0.2065,False,0,784,0.13,4,30,0.362,2942,8129,6024
v28,3,153,166,1700.9,231.6,60,1865.1,383.3,20,6.8936,-0.0136,27.6317,0.1468,False,0,784,0.03,1,30,0.359,2950,8217,6075
v28,3,154,150,1682.9,223.8,60,2170.8,464.5,18,5.3327,-0.0428,21.5071,0.2445,False,0,784,0.03,1,30,0.357,2957,8288,6121
v28,3,155,182,1616.1,241.9,60,1637.1,290.1,15,6.5214,0.064,25.8338,0.1967,False,0,784,0.1,3,30,0.354,2967,8382,6166
v28,3,156,195,1572.5,231.6,60,1673.2,271.3,15,6.6734,-0.0085,26.7311,0.1834,False,0,784,0.17,5,30,0.35,2969,8489,6218
v28,3,157,167,1644.5,236.7,60,1953.1,365.1,15,7.3192,0.0912,28.9165,0.2119,False,0,784,0.13,4,30,0.347,2973,8577,6268
v28,3,158,213,1501.9,223.0,60,1517.2,232.2,11,7.1548,0.1888,27.8676,0.1896,False,0,784,0.1,3,30,0.343,2980,8686,6317
v28,3,159,211,1435.9,213.3,60,1588.8,273.9,7,7.309,0.0793,28.9232,0.2255,False,0,784,0.0,0,30,0.339,2985,8796,6371
v28,3,160,203,1561.0,213.0,60,1669.0,303.3,10,7.6429,0.0174,30.5049,0.14,False,0,784,0.03,1,30,0.336,2987,8892,6426
v28,3,161,179,1651.5,222.9,60,1941.5,359.1,11,5.6732,-0.0041,22.7126,0.1735,False,0,784,0.0,0,30,0.333,2993,8992,6477
v28,3,162,141,1772.6,240.5,60,1985.3,458.7,8,7.3308,0.0666,29.0611,0.2322,False,0,784,0.17,5,30,0.33,2996,9066,6529
v28,3,163,174,1600.6,214.4,60,1867.5,402.2,5,9.0234,0.1256,35.5945,0.1769,False,0,784,0.0,0,30,0.327,2997,9157,6586
v28,3,164,178,1639.5,217.8,60,1828.2,377.9,4,6.3826,-0.0299,25.654,0.1882,False,0,784,0.0,0,30,0.324,2999,9243,6642
v28,3,165,167,1634.5,216.0,60,2010.2,422.7,12,6.2648,0.126,24.5583,0.1602,False,0,784,0.03,1,30,0.322,3001,9330,6698
v28,3,166,162,1714.6,231.5,60,1893.7,399.1,9,5.5476,-0.0014,22.1984,0.1345,False,0,784,0.1,3,30,0.32,3009,9413,6747
v28,3,167,182,1633.4,229.5,60,1619.1,328.0,5,6.8885,0.0044,27.5392,0.1497,False,0,784,0.0,0,30,0.316,3011,9514,6803
v28,3,168,130,1438.9,298.0,60,1102.9,378.3,3,6.3668,0.008,25.4368,0.0752,False,0,784,0.03,1,30,0.315,3015,9585,6858
v28,3,169,154,1475.8,243.5,60,1456.5,399.0,3,8.0786,-0.0536,32.5318,0.1527,False,0,784,0.0,0,30,0.312,3016,9672,6916
v28,3,170,348,1022.7,149.5,60,892.7,156.7,1,12.5513,0.1001,49.8069,0.107,False,0,784,0.0,0,30,0.306,3018,9848,6974
v28,3,171,162,1424.6,250.2,60,1332.6,348.4,1,8.5216,0.0731,33.796,0.1065,False,0,784,0.0,0,30,0.304,3019,9933,7033
v28,3,172,188,1516.8,223.3,60,1406.9,324.3,0,9.365,0.0125,37.4118,0.0936,False,0,784,0.0,0,30,0.301,3020,10031,7092
v28,3,173,193,1510.4,215.8,60,1522.2,329.7,0,9.6051,0.0207,38.3401,0.1167,False,0,784,0.0,0,30,0.298,3020,10137,7152
v28,3,174,346,995.1,138.1,60,1166.5,227.8,0,13.098,0.0438,52.2185,0.0923,False,0,784,0.0,0,30,0.293,3020,10300,7212
v28,3,175,342,1025.6,135.7,60,1222.2,250.6,0,9.7145,0.1264,38.3547,0.1107,False,0,784,0.0,0,30,0.289,3020,10461,7272
v28,3,176,316,968.1,138.5,60,1400.4,294.6,0,11.233,0.075,44.6337,0.0932,False,0,784,0.0,0,30,0.285,3020,10612,7332
v28,3,177,268,1061.9,167.9,60,1143.5,274.2,2,11.3734,0.0541,45.2794,0.1057,False,0,784,0.03,1,30,0.281,3020,10739,7392
v28,3,178,264,1205.3,188.8,60,1043.8,193.2,0,26.5005,16.2668,40.9366,0.1035,False,0,784,0.0,0,30,0.278,3020,10872,7451
v28,3,179,226,1059.3,192.2,60,989.0,300.1,0,11.6366,0.0632,46.295,0.0796,False,0,784,0.0,0,30,0.275,3020,10984,7511
v28,3,180,226,978.6,200.7,60,940.3,268.0,0,9.5792,0.0131,38.2664,0.0972,False,0,784,0.0,0,30,0.272,3020,11101,7571
v28,3,181,249,967.2,189.8,60,963.3,236.3,0,9.9373,0.063,39.499,0.0828,False,0,784,0.0,0,30,0.269,3020,11225,7631
v28,3,182,240,1011.9,204.6,60,937.6,205.7,0,8.0481,0.1279,31.6831,0.1151,False,0,784,0.0,0,30,0.266,3020,11338,7691
v28,3,183,209,1053.7,233.4,60,863.1,210.9,1,7.6965,0.0593,30.5504,0.0689,False,0,784,0.0,0,30,0.264,3020,11439,7751
v28,3,184,199,1079.2,235.5,60,958.7,242.8,0,9.3909,-0.0042,37.5821,0.0822,False,0,784,0.0,0,30,0.262,3021,11539,7810
v28,3,185,209,1206.9,228.5,60,1051.6,228.1,0,10.2088,-0.0205,40.9196,0.1256,False,0,784,0.0,0,30,0.26,3021,11637,7870
v28,3,186,184,1314.5,225.5,60,1281.6,332.4,0,9.7056,0.0098,38.785,0.0906,False,0,784,0.0,0,30,0.258,3021,11717,7930
v28,3,187,226,1087.3,221.8,60,827.8,188.5,0,11.621,0.1748,45.7862,0.0756,False,0,784,0.0,0,30,0.255,3021,11824,7990
v28,3,188,184,1090.8,224.8,60,1196.3,334.5,0,8.4263,0.0567,33.4799,0.0753,False,0,784,0.0,0,30,0.254,3021,11914,8050
v28,3,189,201,1224.1,235.5,60,1074.9,235.2,1,9.8998,0.0814,39.2751,0.0723,False,0,784,0.0,0,30,0.251,3021,12015,8110
v28,3,190,184,1306.7,238.6,60,1225.8,292.4,1,9.2122,0.1175,36.3806,0.0992,False,0,784,0.0,0,30,0.249,3021,12116,8169
v28,3,191,198,1333.4,226.8,60,1252.4,275.7,0,9.1443,-0.0185,36.6531,0.0963,False,0,784,0.0,0,30,0.247,3022,12216,8228
v28,3,192,214,1271.3,211.0,60,1178.6,271.5,1,7.5038,0.0251,29.9164,0.0742,False,0,784,0.0,0,30,0.245,3022,12324,8288
v28,3,193,207,1335.3,210.2,60,1384.0,298.7,1,8.2184,0.094,32.4993,0.0815,False,0,784,0.0,0,30,0.243,3023,12427,8347
v28,3,194,224,1285.3,199.8,60,1089.3,278.2,0,8.5431,0.0588,33.9389,0.0929,False,0,784,0.0,0,30,0.241,3024,12525,8406
v28,3,195,231,1282.6,203.3,60,1039.0,241.2,0,8.3463,0.0215,33.3014,0.1119,False,0,784,0.0,0,30,0.239,3024,12645,8466
v28,3,196,235,1211.1,192.3,60,1169.0,270.8,1,8.7843,-0.0362,35.2836,0.0813,False,0,784,0.0,0,30,0.237,3024,12752,8526
v28,3,197,212,1183.4,215.2,60,938.2,263.6,0,7.5273,0.0108,30.0682,0.1114,False,0,784,0.0,0,30,0.235,3025,12870,8585
v28,3,198,217,1257.6,223.6,60,1048.7,215.4,0,7.6997,0.0712,30.5157,0.0882,False,0,784,0.0,0,30,0.233,3025,12990,8645
v28,3,199,211,1258.0,233.0,60,746.4,204.6,0,7.1524,0.0329,28.4795,0.0775,False,0,784,0.0,0,30,0.231,3025,13105,8705
v28,3,200,219,1303.2,230.1,60,969.8,184.2,0,6.7063,0.0925,26.4571,0.08,False,0,784,0.0,0,30,0.229,3025,13230,8765
v28,3,201,201,1309.0,224.5,60,1140.2,272.0,1,7.1291,0.1249,28.0183,0.0851,False,0,784,0.0,0,30,0.227,3025,13342,8825
v28,3,202,214,1309.7,220.5,60,1161.6,237.4,0,7.1715,0.1191,28.2111,0.0625,False,0,784,0.0,0,30,0.225,3025,13446,8884
v28,3,203,218,1366.0,223.4,60,1050.7,212.2,0,7.5544,0.0095,30.1815,0.093,False,0,784,0.0,0,30,0.223,3025,13558,8944
v28,3,204,226,1386.7,219.4,60,1075.6,197.5,1,8.4671,0.0769,33.5626,0.0805,False,0,784,0.03,1,30,0.221,3025,13669,9004
v28,3,205,189,1354.7,220.5,60,1217.8,329.5,1,8.1767,0.0071,32.6802,0.0792,False,0,784,0.0,0,30,0.22,3025,13762,9064
v28,3,206,210,1424.9,221.9,60,1099.4,247.4,0,7.7714,0.0405,30.9255,0.0808,False,0,784,0.0,0,30,0.218,3026,13871,9123
v28,3,207,219,1364.5,224.4,60,1046.8,205.0,0,6.188,-0.0362,24.8981,0.0773,False,0,784,0.0,0,30,0.216,3026,13978,9183
v28,3,208,208,1309.9,206.8,60,1143.4,306.9,0,8.9907,0.1533,35.3513,0.0713,False,0,784,0.0,0,30,0.215,3026,14088,9243
v28,3,209,218,1333.1,215.0,60,1137.5,242.8,0,7.5475,-0.0275,30.3019,0.1081,False,0,784,0.0,0,30,0.213,3026,14198,9303
v28,3,210,203,1371.3,217.9,60,1323.6,286.6,1,7.2085,-0.0252,28.9367,0.0884,False,0,784,0.0,0,30,0.212,3026,14297,9363
v28,3,211,202,1338.0,214.7,60,1347.6,301.2,1,9.1347,0.0776,36.2301,0.0648,False,0,784,0.0,0,30,0.21,3026,14396,9422
v28,3,212,195,1239.5,227.4,60,1147.0,285.0,1,7.9545,-0.0024,31.8289,0.0789,False,0,784,0.03,1,30,0.209,3026,14490,9481
v28,3,213,221,1220.4,216.2,60,1023.7,227.5,0,8.8325,0.1011,34.9272,0.0723,False,0,784,0.0,0,30,0.207,3026,14604,9541
v28,3,214,234,1234.8,206.1,60,1093.3,220.3,0,8.4777,-0.0099,33.9513,0.0604,False,0,784,0.0,0,30,0.206,3026,14717,9601
v28,3,215,208,1346.6,213.8,60,1360.2,282.8,2,9.7368,0.1202,38.4676,0.0549,False,0,784,0.0,0,30,0.204,3027,14814,9661
v28,3,216,202,1260.7,213.7,60,1246.3,304.6,0,9.1441,0.1611,35.9333,0.0652,False,0,784,0.0,0,30,0.203,3027,14911,9720
v28,3,217,209,1144.9,204.3,60,1142.0,312.5,0,8.4386,0.0721,33.4669,0.0477,False,0,784,0.0,0,30,0.202,3027,15008,9780
v28,3,218,220,1183.1,230.4,60,769.4,179.1,0,8.2506,0.1128,32.5529,0.082,False,0,784,0.0,0,30,0.2,3027,15124,9840
v28,3,219,193,1258.4,234.3,60,978.1,270.5,0,7.6524,0.0562,30.3864,0.0953,False,0,784,0.0,0,30,0.199,3027,15228,9900
v28,3,220,241,1205.8,201.0,60,1055.4,216.7,1,7.1677,0.4291,26.956,0.0762,False,0,784,0.0,0,30,0.197,3027,15360,9960
v28,3,221,236,1213.5,206.2,60,965.6,213.0,0,8.8776,0.1732,34.8194,0.0847,False,0,784,0.0,0,30,0.196,3027,15473,10019
v28,3,222,213,1215.9,218.6,60,1149.7,247.8,1,7.863,0.0328,31.3222,0.066,False,0,784,0.0,0,30,0.194,3028,15593,10079
v28,3,223,216,1243.3,227.4,60,994.6,205.4,1,9.837,0.1464,38.7637,0.0688,False,0,784,0.0,0,30,0.193,3029,15711,10139
v28,3,224,219,1238.7,215.4,60,1177.0,237.9,4,8.0967,0.1062,31.9633,0.0578,False,0,784,0.0,0,30,0.192,3030,15818,10199
v28,3,225,216,1204.7,216.8,60,1086.4,243.6,1,9.1008,0.0554,36.1827,0.0602,False,0,784,0.0,0,30,0.19,3033,15936,10256
v28,3,226,187,1173.3,256.0,60,905.2,226.2,0,7.0235,-0.0367,28.2432,0.1203,False,0,784,0.0,0,30,0.189,3033,16018,10316
v28,3,227,225,1186.5,222.4,60,922.8,189.8,0,8.3771,0.0657,33.2472,0.0723,False,0,784,0.0,0,30,0.188,3033,16143,10376
v28,3,228,206,1205.3,224.0,60,1218.9,254.9,0,7.9975,-0.0115,32.0379,0.1073,False,0,784,0.0,0,30,0.187,3033,16236,10436
v28,3,229,202,1231.5,224.4,60,1210.5,268.5,1,7.0794,-0.026,28.423,0.0778,False,0,784,0.0,0,30,0.186,3034,16342,10496
v28,3,230,218,1264.2,219.0,60,1165.4,228.2,2,8.4916,0.0855,33.6259,0.0819,False,0,784,0.03,1,30,0.184,3034,16450,10556
v28,3,231,258,1179.0,193.2,60,909.9,193.3,0,9.2716,0.0579,36.8562,0.0788,False,0,784,0.0,0,30,0.183,3034,16583,10615
v28,3,232,249,1165.4,193.9,60,1033.6,219.4,0,10.1935,0.094,40.3993,0.0645,False,0,784,0.0,0,30,0.182,3034,16713,10675
v28,3,233,229,1243.5,208.8,60,1039.3,227.1,1,8.1609,0.04,32.4846,0.0611,False,0,784,0.03,1,30,0.18,3034,16835,10735
v28,3,234,195,1343.9,219.7,60,1342.8,310.0,0,6.3388,-0.0089,25.3922,0.0667,False,0,784,0.0,0,30,0.179,3034,16922,10795
v28,3,235,213,1230.7,213.1,60,1138.8,267.6,1,6.7486,-0.019,27.0725,0.0953,False,0,784,0.0,0,30,0.178,3035,17035,10855
v28,3,236,236,1212.8,197.4,60,1146.7,247.7,2,8.2578,-0.0629,33.2843,0.0872,False,0,784,0.0,0,30,0.177,3036,17146,10915
v28,3,237,214,1139.5,194.6,60,1293.0,329.8,1,6.5041,0.0522,25.8087,0.0577,False,0,784,0.0,0,30,0.176,3036,17249,10974
v28,3,238,212,1233.5,208.8,60,1199.2,286.2,1,7.6506,-0.0132,30.657,0.0884,False,0,784,0.0,0,30,0.175,3037,17358,11033
v28,3,239,227,1197.4,217.2,60,1016.8,202.3,2,9.8103,0.1422,38.674,0.0716,False,0,784,0.03,1,30,0.174,3037,17487,11092
v28,3,240,192,1237.0,233.0,60,1179.0,278.5,0,9.3207,0.0726,36.9942,0.0877,False,0,784,0.0,0,30,0.173,3037,17575,11151
v28,3,241,235,1197.3,207.2,60,973.1,212.4,0,8.2682,0.0623,32.8248,0.0626,False,0,784,0.0,0,30,0.172,3037,17691,11211
v28,3,242,231,1123.7,202.5,60,1080.0,244.5,0,9.3677,0.0579,37.2407,0.0669,False,0,784,0.0,0,30,0.171,3037,17789,11271
v28,3,243,205,1209.0,212.6,60,1181.3,297.8,0,7.7755,0.0465,30.9173,0.0612,False,0,784,0.0,0,30,0.17,3037,17891,11331
v28,3,244,227,1181.1,217.0,60,959.7,203.1,0,7.3328,0.0475,29.1423,0.0451,False,0,784,0.0,0,30,0.169,3037,18000,11391
v28,3,245,216,1256.3,218.0,60,1026.3,239.3,0,6.3437,-0.0469,25.5634,0.0479,False,0,784,0.0,0,30,0.168,3037,18109,11451
v28,3,246,209,1248.9,215.9,60,1084.8,271.9,0,7.1553,0.0424,28.4531,0.0598,False,0,784,0.0,0,30,0.167,3037,18204,11511
v28,3,247,232,1269.5,215.6,60,928.3,190.5,1,6.9863,-0.06,28.1867,0.0645,False,0,784,0.0,0,30,0.166,3037,18315,11571
v28,3,248,207,1218.3,222.2,60,1119.3,257.3,1,7.458,0.0511,29.629,0.0588,False,0,784,0.0,0,30,0.165,3038,18416,11631
v28,3,249,210,1288.6,226.3,60,1004.7,231.8,0,6.4568,0.1151,25.368,0.0522,False,0,784,0.0,0,30,0.164,3038,18522,11691
