run,seed,generation,reward_forward,reward_completion,reward_time_penalty,ppo_entropy,success_rate,vanilla_ppo_clears,vanilla_ppo_in_progress,avg_fitness,best_fitness,episodes,mag_total,share_forward,share_completion,share_time_penalty,net_logged_reward,peak_iter
v27,seed0,0,454.1,39.166666666666664,-2.6768333333333105,1.7808125019073486,0.8785714285714286,123,60,676.5354318891253,1499.2469482421875,140,495.94350000000003,0.9156284939715915,0.07897404979935549,0.005397456229052927,490.5898333333334,60
v27,seed0,1,682.95,35.0,-2.8003333333333074,1.7513010501861572,0.8120805369127517,121,60,660.2704912224071,1583.1812744140625,149,720.7503333333334,0.9475541923671211,0.04856050477026025,0.0038853028626185957,715.1496666666667,60
v27,seed0,2,771.6333333333333,30.0,-2.6954999999999756,1.7193636894226074,0.3432203389830508,81,60,508.85642274759584,1956.8245849609375,236,804.3288333333333,0.9593505807015498,0.037298178004725686,0.0033512412937245725,798.9378333333334,60
v27,seed0,3,565.9833333333333,13.333333333333334,-2.1153333333333206,1.6904658079147339,0.2751322751322751,52,60,665.6945702285363,2108.824462890625,189,581.432,0.9734299683081312,0.022931887707132274,0.0036381439847365136,577.2013333333334,60
v27,seed0,4,679.45,10.0,-2.066333333333314,1.6579792499542236,0.16226415094339622,43,60,582.3935491669853,2529.7509765625,265,691.5163333333334,0.9825509062451646,0.014460974409377651,0.0029881193454577076,687.3836666666667,60
v27,seed0,5,778.5333333333333,15.0,-2.047833333333316,1.5953627824783325,0.0697211155378486,35,60,424.1676566491564,2447.081787109375,502,795.5811666666666,0.9785718490487143,0.018854141636920767,0.0025740093143649277,791.4855,60
v27,seed0,6,544.0166666666667,4.166666666666667,-1.1591666666666594,1.5754636526107788,0.026054590570719603,21,60,357.8360709765413,2888.11279296875,806,549.3425,0.9903050768266913,0.007584824889147785,0.0021100982841609005,547.0241666666666,60
v27,seed0,7,805.0166666666667,9.166666666666666,-1.812499999999986,1.5567786693572998,0.03419972640218878,25,60,359.8742656238102,3744.47119140625,731,815.9958333333333,0.9865450701852032,0.011233717492430005,0.0022212123223668253,812.3708333333333,60
v27,seed0,8,619.2333333333333,5.0,-1.190999999999992,1.5831985473632812,0.017973856209150325,11,60,420.7905279296676,3410.041748046875,612,625.4243333333334,0.9901011206791336,0.007994572218435162,0.0019043071024312432,623.0423333333333,60
v27,seed0,9,430.51666666666665,1.6666666666666667,-0.8009999999999977,1.5918517112731934,0.006389776357827476,4,60,345.361915637129,2876.79248046875,626,432.9843333333333,0.9943007945630057,0.003849253976086895,0.0018499514609073564,431.38233333333335,60
v27,seed0,10,420.46666666666664,2.5,-0.8866666666666614,1.5908303260803223,0.009708737864077669,6,60,371.83442727493235,3349.19189453125,618,423.8533333333333,0.9920098147157822,0.005898266696026928,0.0020919185881908713,422.08,60
v27,seed0,11,480.4,1.6666666666666667,-0.8484999999999973,1.5459840297698975,0.004784688995215311,3,60,376.1409768160831,2407.983642578125,627,482.91516666666666,0.9947917008197782,0.0034512617985698662,0.0017570373816519131,481.21816666666666,60
v27,seed0,12,415.0,0.8333333333333334,-0.7116666666666643,1.555145025253296,0.009868421052631578,6,60,416.9048427280627,3049.55322265625,608,416.54499999999996,0.9962909169477489,0.002000584170577809,0.0017084988816734432,415.12166666666667,60
v27,seed0,13,372.78333333333336,0.8333333333333334,-0.6606666666666652,1.510322093963623,0.010291595197255575,6,60,445.87658975382,3100.33203125,583,374.27733333333333,0.9960083075651568,0.002226512960086638,0.0017651794747566827,372.956,60
v27,seed0,14,650.5333333333333,5.0,-1.1614999999999929,1.5381015539169312,0.012681159420289856,7,60,466.0182988263559,3104.443115234375,552,656.6948333333333,0.9906174075274435,0.007613886612477789,0.0017687058600785797,654.3718333333333,60
v27,seed0,15,649.75,2.5,-1.0936666666666612,1.492192029953003,0.015765765765765764,7,60,623.9592782097894,3009.892578125,444,653.3436666666666,0.9944995767924079,0.0038264700915444706,0.001673953116047646,651.1563333333334,60
v27,seed0,16,832.4166666666666,6.666666666666667,-1.5513333333333224,1.462151050567627,0.0196078431372549,9,60,602.3254984271812,2841.71337890625,459,840.6346666666666,0.9902240529377804,0.007930515991092445,0.001845431071127199,837.5319999999999,60
v27,seed0,17,702.4166666666666,4.166666666666667,-1.35799999999999,1.389251470565796,0.014989293361884369,7,60,592.8774505370243,3535.75048828125,467,707.9413333333332,0.9921961518468575,0.005885610107052187,0.0019182380460904345,705.2253333333333,60
v27,seed0,18,745.9,2.5,-1.246999999999994,1.368236780166626,0.014767932489451477,7,60,628.0487462402899,3122.793701171875,474,749.6469999999999,0.9950016474420628,0.0033349029609936413,0.0016634495969436202,747.153,60
v27,seed0,19,673.1333333333333,3.3333333333333335,-1.2158333333333278,1.3462905883789062,0.023255813953488372,10,60,692.2307448093281,3104.112060546875,430,677.6825,0.9932871711064301,0.004918724230496337,0.0017941046630735305,675.2508333333334,60
v27,seed0,20,957.9166666666666,6.666666666666667,-1.8456666666666526,1.3266098499298096,0.037333333333333336,14,60,747.1547364876767,3333.78173828125,375,966.4289999999999,0.9911919723711382,0.006898247741599919,0.001909779887261923,962.7376666666667,60
v27,seed0,21,914.5833333333334,6.666666666666667,-1.7709999999999857,1.3003720045089722,0.0374331550802139,14,60,737.2876233595578,3484.80224609375,374,923.021,0.9908586406304227,0.007222659795028138,0.0019186995745492093,919.479,60
v27,seed0,22,761.95,1.6666666666666667,-1.3668333333333258,1.2503371238708496,0.034161490683229816,11,60,849.9947474824716,3633.121337890625,322,764.9835,0.9960345549936698,0.0021786962289600583,0.0017867487773701337,762.2498333333333,60
v27,seed0,23,1021.4833333333333,6.666666666666667,-1.8909999999999865,1.2443013191223145,0.04229607250755287,14,60,853.8964760541196,3859.731689453125,331,1030.0410000000002,0.9916919164706387,0.006472234276758562,0.0018358492526025529,1026.259,60
v27,seed0,24,1072.6166666666666,2.5,-1.7483333333333217,1.2496849298477173,0.013927576601671309,5,60,868.5157820188899,3546.092041015625,359,1076.8649999999998,0.9960549062943514,0.002321553769506856,0.001623539936141784,1073.3683333333333,60
v27,seed0,25,1020.4833333333333,4.166666666666667,-1.7796666666666534,1.2234313488006592,0.02203856749311295,8,60,828.7769992397508,3917.33154296875,363,1026.4296666666667,0.994206779552033,0.004059378642277487,0.0017338418056895473,1022.8703333333334,60
v27,seed0,26,1039.45,3.3333333333333335,-1.6688333333333234,1.2548935413360596,0.022792022792022793,8,60,913.2090670376422,4195.76953125,351,1044.4521666666667,0.9952107268994128,0.0031914657652265233,0.001597807335360649,1041.1145,60
v27,seed0,27,1032.6666666666667,2.5,-1.698166666666656,1.2513203620910645,0.015337423312883436,5,60,1017.3562257918843,4037.8115234375,326,1036.8648333333333,0.995951095522094,0.0024111146599146882,0.0016377898179913736,1033.4685000000002,60
v27,seed0,28,1368.9166666666667,4.166666666666667,-2.1558333333333177,1.2473219633102417,0.019230769230769232,6,60,1017.1942756359393,4158.75244140625,312,1375.2391666666667,0.9954026178476835,0.0030297760328960965,0.0015676061194204289,1370.9275000000002,60
v27,seed0,29,1584.5166666666667,8.333333333333334,-2.8601666666666388,1.2225488424301147,0.05058365758754864,13,60,1083.2953415807583,4154.22314453125,257,1595.7101666666665,0.9929852549455254,0.005222335175529475,0.001792409878945209,1589.9898333333333,60
v27,seed0,30,1387.7666666666667,8.333333333333334,-2.4649999999999777,1.2059698104858398,0.04059040590405904,11,60,1105.7128298713712,4072.2109375,271,1398.5649999999998,0.9922789907274004,0.005958488402994022,0.0017625208696056157,1393.635,60
v27,seed0,31,1444.0,10.0,-2.766833333333303,1.140861988067627,0.054901960784313725,14,60,1112.8482207055185,3957.75048828125,255,1456.7668333333334,0.9912361861615694,0.006864516524664608,0.0018992973137659317,1451.2331666666666,60
v27,seed0,32,1107.3166666666666,0.8333333333333334,-1.7284999999999893,1.1628953218460083,0.022813688212927757,6,60,1235.5511024968253,3925.2509765625,263,1109.8784999999998,0.9976917893865561,0.0007508329365181265,0.0015573776769258884,1106.4215,60
v27,seed0,33,1352.35,7.5,-2.4261666666666435,1.1448620557785034,0.07346938775510205,18,60,1223.819729551977,4244.783203125,245,1362.2761666666665,0.992713543032207,0.005505491605532261,0.001780965362260719,1357.4238333333333,60
v27,seed0,34,1481.7,7.5,-2.476166666666646,1.1259524822235107,0.05555555555555555,13,60,1288.5206522493281,4141.54345703125,234,1491.6761666666666,0.9933121096323745,0.005027900939625301,0.001659989428000277,1486.7238333333335,60
v27,seed0,35,1416.6333333333334,8.333333333333334,-2.392166666666646,1.0525726079940796,0.07017543859649122,16,60,1351.8016817193281,4085.961669921875,228,1427.3588333333335,0.9924857717978649,0.0058382889703161535,0.0016759392318189403,1422.5745,60
v27,seed0,36,1710.55,10.833333333333334,-3.0059999999999705,1.0580928325653076,0.08056872037914692,17,60,1368.4106370103302,4243.76708984375,211,1724.389333333333,0.9919743569124375,0.006282417273129348,0.0017432258144332278,1718.3773333333334,60
v27,seed0,37,1572.7833333333333,7.5,-2.7011666666666403,1.0477728843688965,0.0660377358490566,14,60,1407.2516069232292,4243.7900390625,212,1582.9845,0.9935557381220936,0.0047378859363436596,0.0017063759415626876,1577.5821666666666,60
v27,seed0,38,1358.8333333333333,10.0,-2.3741666666666443,0.9815990924835205,0.09767441860465116,21,60,1407.9009405091751,4156.8134765625,215,1371.2075,0.9909757154430189,0.007292842257645178,0.0017314422993359097,1366.4591666666665,60
v27,seed0,39,1594.9833333333333,7.5,-2.6938333333333073,1.0144853591918945,0.08866995073891626,18,60,1460.7089291276602,4297.5615234375,203,1605.1771666666666,0.9936494029786743,0.004672381439099713,0.0016782155822259541,1599.7895,60
v27,seed0,40,1524.7833333333333,8.333333333333334,-2.495666666666642,0.955450177192688,0.13793103448275862,24,60,1677.4998779296875,4144.822265625,174,1535.6123333333333,0.9929480899801751,0.005426716855838399,0.0016251931639864675,1530.6209999999999,60
v27,seed0,41,1748.4166666666667,15.0,-3.2266666666666284,0.9935159683227539,0.20481927710843373,34,60,1592.643938455237,4296.5029296875,166,1766.6433333333334,0.9896828826041099,0.0084906781787684,0.0018264392171217139,1760.19,60
v27,seed0,42,2079.6666666666665,20.0,-3.801166666666622,0.9002273678779602,0.18994413407821228,34,60,1379.549716970774,4293.31201171875,179,2103.467833333333,0.9886847964634908,0.009508108316686881,0.001807095219822293,2095.8655,60
v27,seed0,43,1678.6166666666666,14.166666666666666,-2.7964999999999716,0.9548588991165161,0.19411764705882353,33,60,1646.3061867209042,4308.23193359375,170,1695.5798333333332,0.9899956543872553,0.008355057301440344,0.001649288311304307,1689.9868333333334,60
v27,seed0,44,1817.7666666666667,16.666666666666668,-3.2783333333332947,0.9429055452346802,0.18674698795180722,31,60,1593.5421080072242,4155.75537109375,166,1837.7116666666666,0.9891468284379034,0.009069250072780732,0.001783921489315949,1831.1550000000002,60
v27,seed0,45,1628.2666666666667,13.333333333333334,-2.687499999999973,0.8717554807662964,0.20114942528735633,35,60,1595.7442383163277,4150.0126953125,174,1644.2875,0.9902566714559752,0.008108882013232682,0.0016344465307921961,1638.9125,60
v27,seed0,46,1998.4333333333334,15.833333333333334,-3.522166666666625,0.8643757104873657,0.25517241379310346,37,60,1690.9215961324758,4302.7431640625,145,2017.7888333333333,0.9904075690774713,0.007846873305952977,0.0017455576165758136,2010.7445,60
v27,seed0,47,1996.4666666666667,19.166666666666668,-3.5906666666666234,0.849174976348877,0.2468354430379747,39,60,1602.5302595307555,4319.4775390625,158,2019.2240000000002,0.9887296638048412,0.009492095313183018,0.0017782408819757606,2012.0426666666667,60
v27,seed0,48,2072.266666666667,22.5,-3.8104999999999527,0.8156019449234009,0.25,39,60,1624.6278296250564,4315.72119140625,156,2098.577166666667,0.987462695955188,0.010721549989862177,0.0018157540549497476,2090.956166666667,60
v27,seed0,49,1679.85,14.166666666666666,-2.917833333333301,0.8132929801940918,0.22875816993464052,35,60,1780.0873866860384,4364.3701171875,153,1696.9344999999998,0.9899321393960698,0.008348387440214497,0.0017194731637156892,1691.0988333333335,60
v27,seed0,50,1968.2666666666667,15.833333333333334,-3.6903333333332884,0.7808772325515747,0.3,39,60,1824.4442487276517,4310.53955078125,130,1987.7903333333331,0.9901782062528057,0.007965293455664591,0.001856500291529718,1980.4096666666667,60
v27,seed0,51,2030.4,15.833333333333334,-3.628166666666623,0.7951607704162598,0.25,35,60,1724.0359117780413,4433.83740234375,140,2049.8615,0.9905059439381637,0.007724099083442142,0.00176995697839421,2042.6051666666667,60
v27,seed0,52,2110.733333333333,17.5,-3.6148333333332934,0.7807612419128418,0.2932330827067669,39,60,1889.3474778483685,4333.33544921875,133,2131.848166666666,0.9900955266592236,0.00820883976336964,0.001695633577406878,2124.6185,60
v27,seed0,53,1683.9166666666667,11.666666666666666,-2.823333333333304,0.7737111449241638,0.44761904761904764,47,60,2370.4834222702752,4527.6884765625,105,1698.4066666666668,0.9914684743740212,0.0068691832737349905,0.0016623423522438504,1692.7600000000002,60
v27,seed0,54,2374.383333333333,25.833333333333332,-4.644999999999938,0.7565306425094604,0.5263157894736842,50,60,2102.748443282278,4520.2041015625,95,2404.8616666666667,0.987326367351691,0.010742128618624633,0.0019315040296842875,2395.5716666666667,60
v27,seed0,55,1729.9833333333333,12.5,-2.9704999999999675,0.6812006831169128,0.2867132867132867,41,60,1828.2343913258374,4314.068359375,143,1745.4538333333333,0.9911366890922256,0.007161461255110061,0.0017018496526643363,1739.5128333333334,60
v27,seed0,56,1988.3333333333333,18.333333333333332,-3.5968333333332887,0.6443829536437988,0.39166666666666666,47,60,2006.6262702941895,4366.28369140625,120,2010.2634999999998,0.9890908994434479,0.00911986579537127,0.0017892347611809542,2003.0698333333332,60
v27,seed0,57,1979.7333333333333,17.5,-3.436999999999958,0.6664793491363525,0.40869565217391307,47,60,2085.8310737941574,4529.31005859375,115,2000.6703333333332,0.9895350075166474,0.008747068274283403,0.0017179242090692394,1993.7963333333335,60
v27,seed0,58,1924.0333333333333,15.0,-3.1539999999999666,0.7020666003227234,0.43636363636363634,48,60,2218.405033042214,4403.8134765625,110,1942.1873333333333,0.9906528069211312,0.007723250863888516,0.0016239422149802749,1935.8793333333333,60
v27,seed0,59,1995.2166666666667,15.833333333333334,-3.2463333333332978,0.6748650670051575,0.34146341463414637,42,60,2129.862714441811,4529.6376953125,123,2014.2963333333332,0.9905278749948908,0.007860478655159809,0.001611646349949485,2007.8036666666667,60
v27,seed0,60,1957.4666666666667,20.0,-3.337166666666628,0.6135563254356384,0.5145631067961165,53,60,2266.9477256108257,4527.3955078125,103,1980.8038333333334,0.9882183352667515,0.010096910993121226,0.0016847537401271998,1974.1295,60
v27,seed0,61,1920.8833333333334,20.833333333333332,-3.4368333333332917,0.6579350233078003,0.4954128440366973,54,60,2124.133943890213,4451.2861328125,109,1945.1535,0.9875227499183656,0.01071038009768038,0.0017668699839541156,1938.2798333333335,60
v27,seed0,62,2076.25,19.166666666666668,-3.454666666666628,0.5912057161331177,0.4016393442622951,49,60,2054.3574692773036,4524.9287109375,122,2098.871333333333,0.9892221438379423,0.00913189215664165,0.0016459640054162263,2091.962,60
v27,seed0,63,1770.8333333333333,14.166666666666666,-2.9628333333333,0.5311443209648132,0.376,47,60,2088.7207701416014,4363.48388671875,125,1787.9628333333333,0.9904195435829809,0.007923356348663847,0.0016571000683552426,1782.0371666666667,60
v27,seed0,64,2118.95,19.166666666666668,-3.7781666666666203,0.5479595065116882,0.5454545454545454,54,60,2244.9500861890388,4546.86083984375,99,2141.894833333333,0.9892876004105089,0.008948463000323158,0.0017639365891680278,2134.3385,60
v27,seed0,65,2161.4666666666667,20.0,-3.8353333333332875,0.5560672283172607,0.5625,54,60,2328.161312421163,4403.81005859375,96,2185.302,0.9890928881530637,0.009152053125837984,0.0017550587210981765,2177.6313333333333,60
v27,seed0,66,2002.3666666666666,15.833333333333334,-3.535999999999959,0.5030864477157593,0.5104166666666666,49,60,2466.4010845820108,4404.80078125,96,2021.7359999999999,0.9904194546996574,0.00783155334491414,0.001748991955428384,2014.6639999999998,60
v27,seed0,67,2281.1666666666665,19.166666666666668,-4.1506666666666145,0.4937284588813782,0.46153846153846156,48,60,2156.2921365591196,4876.79541015625,104,2304.4839999999995,0.9898817551637014,0.00831711856826373,0.001801126268035107,2296.1826666666666,60
v27,seed0,68,2097.1833333333334,19.166666666666668,-3.96899999999995,0.5936195850372314,0.4666666666666667,49,60,2144.785844058082,4556.140625,105,2120.319,0.9890885915436939,0.009039520311173303,0.001871888145132855,2112.381,60
v27,seed0,69,1915.3333333333333,13.333333333333334,-3.349666666666629,0.5946657061576843,0.46078431372549017,47,60,2338.601598851821,4527.888671875,102,1932.0163333333333,0.9913649798336763,0.006901252905211809,0.0017337672611118173,1925.3169999999998,60
v27,seed0,70,1881.25,15.833333333333334,-3.3838333333332953,0.5285608768463135,0.415929203539823,47,60,2222.932640008167,4369.2890625,113,1900.4671666666666,0.989888188018332,0.008331284860397923,0.0017805271212700748,1893.6995,60
v27,seed0,71,2039.6333333333334,15.833333333333334,-3.4244999999999646,0.5415063500404358,0.34375,44,60,2007.4514454603195,4317.34814453125,128,2058.891166666667,0.9906465025227575,0.007690223548322572,0.001663273928919813,2052.0421666666666,60
v27,seed0,72,2245.2166666666667,20.0,-3.8386666666666236,0.5502294898033142,0.3037037037037037,41,60,1922.8643491391783,4505.7666015625,135,2269.0553333333332,0.9894940126331575,0.008814240757460593,0.0016917466093819178,2261.378,60
v27,seed0,73,2124.5,17.5,-3.6263333333332923,0.5471750497817993,0.36220472440944884,46,60,1949.4715853713628,4318.14794921875,127,2145.626333333333,0.9901537686198545,0.008156126594891717,0.0016901047852538285,2138.373666666667,60
v27,seed0,74,2028.7833333333333,18.333333333333332,-3.61033333333329,0.5094613432884216,0.36507936507936506,46,60,1981.0870222061399,4540.86767578125,126,2050.727,0.9892995670966118,0.008939919030340622,0.0017605138730476023,2043.5063333333333,60
v27,seed0,75,1998.65,15.0,-3.270833333333299,0.46612676978111267,0.3208955223880597,43,60,1975.1466304722117,5045.29736328125,134,2016.9208333333333,0.9909412243498237,0.007437079211091164,0.0016216964390851395,2010.3791666666668,60
v27,seed0,76,2355.116666666667,24.166666666666668,-4.568833333333273,0.46270912885665894,0.3014705882352941,41,60,1725.3055593827191,4422.3125,136,2383.8521666666666,0.9879457709660828,0.010137653250729406,0.0019165757831878722,2374.7145,60
v27,seed0,77,1903.5166666666667,19.166666666666668,-3.80066666666662,0.48996466398239136,0.4152542372881356,49,60,1986.1815958831269,4301.30029296875,118,1926.484,0.9880781084434995,0.009949040151211569,0.00197285140528892,1918.8826666666669,60
v27,seed0,78,1976.1666666666667,16.666666666666668,-3.3358333333332975,0.5110782384872437,0.31851851851851853,43,60,1944.2781381112559,4422.7353515625,135,1996.1691666666668,0.9899795566758495,0.008349325771070672,0.0016711175530797768,1989.4975000000002,60
v27,seed0,79,1883.1333333333334,13.333333333333334,-4.015666666666616,0.46604734659194946,0.34782608695652173,40,60,1953.1416608727498,4303.88037109375,115,1900.4823333333334,0.9908712647859395,0.007015762840556091,0.0021129723735044538,1892.451,60
v27,seed0,80,2029.2666666666667,16.666666666666668,-3.5543333333332927,0.4560531675815582,0.24675324675324675,38,60,1719.2703036023424,4350.0927734375,154,2049.487666666667,0.9901336317710621,0.008132113668082575,0.0017342545608552702,2042.3790000000001,60
v27,seed0,81,1944.4333333333334,15.833333333333334,-3.501166666666626,0.44766321778297424,0.2631578947368421,40,60,1694.15414488943,4318.51904296875,152,1963.7678333333333,0.9901543860369781,0.008062731787625609,0.001782882175396307,1956.7655,60
v27,seed0,82,1666.9333333333334,11.666666666666666,-2.926166666666636,0.4014599919319153,0.24025974025974026,37,60,1790.5576162957525,4320.7578125,154,1681.5261666666668,0.9913216733568523,0.006938141610840231,0.001740185032307438,1675.6738333333335,60
v27,seed0,83,1853.1833333333334,11.666666666666666,-3.9998333333332834,0.4048466384410858,0.40594059405940597,41,60,2073.538135490795,4356.2705078125,101,1868.8498333333334,0.9916170364677954,0.006242698829288852,0.002140264702915733,1860.8501666666668,60
v27,seed0,84,1910.4666666666667,15.833333333333334,-4.247999999999944,0.41349440813064575,0.325,39,60,1680.6103591918945,4309.70849609375,120,1930.548,0.9895981175638559,0.008201470946763994,0.0022004114893801885,1922.052,60
v27,seed0,85,1572.1,10.0,-3.8908333333332847,0.4076139032840729,0.17829457364341086,23,60,1527.0368788371713,4146.833984375,129,1585.9908333333333,0.9912415424847453,0.0063052066820478685,0.0024532508332067607,1578.2091666666665,60
v27,seed0,86,1684.6666666666667,12.5,-3.896166666666622,0.40393078327178955,0.1865671641791045,25,60,1405.925942036643,4317.12841796875,134,1701.0628333333334,0.99036122220451,0.007348347018731524,0.002290430776758465,1693.2705,60
v27,seed0,87,2068.133333333333,15.833333333333334,-4.355499999999947,0.4010229706764221,0.14,21,60,1295.8510489908854,4188.26513671875,150,2088.322166666667,0.9903325101578754,0.0075818442125748,0.0020856456295496296,2079.6111666666666,60
v27,seed0,88,2027.6666666666667,18.333333333333332,-4.533999999999941,0.3557019531726837,0.18,27,60,1292.8691920979818,4129.51513671875,150,2050.534,0.9888481081838519,0.008940760471825062,0.0022111313443229624,2041.4660000000001,60
v27,seed0,89,1812.4666666666667,10.833333333333334,-4.515833333333274,0.36849701404571533,0.145985401459854,20,60,1364.7612086386575,4177.05712890625,137,1827.8158333333333,0.9916024544777715,0.005926928269122665,0.0024706172531057916,1818.7841666666666,60
v27,seed0,90,1742.45,14.166666666666666,-4.008499999999947,0.34783512353897095,0.208955223880597,28,60,1471.9986935515901,4317.45849609375,134,1760.6251666666667,0.9896768676202231,0.008046384281492435,0.0022767480982843766,1752.6081666666669,60
v27,seed0,91,2042.8,15.0,-4.786166666666606,0.3024389147758484,0.18045112781954886,24,60,1306.9437321254186,4121.28466796875,133,2062.586166666667,0.9904071078404239,0.007272423447036595,0.002320468712539414,2053.0138333333334,60
v27,seed0,92,1899.1166666666666,14.166666666666666,-4.214166666666611,0.3545234799385071,0.152317880794702,23,60,1346.5112371381545,4343.6943359375,151,1917.4975,0.9904141552553088,0.007388101766321295,0.0021977429783697822,1909.0691666666667,60
v27,seed0,93,1615.15,10.833333333333334,-3.693666666666621,0.3528202772140503,0.11834319526627218,20,60,1338.2066934800007,4188.564453125,169,1629.677,0.9910859636602837,0.006647534040999127,0.0022665022987172433,1622.2896666666668,60
v27,seed0,94,1756.85,11.666666666666666,-4.031833333333282,0.37284207344055176,0.09937888198757763,16,60,1330.2746685336094,4116.75244140625,161,1772.5484999999999,0.9911435427577864,0.006581860336496669,0.0022745969057169843,1764.4848333333334,60
v27,seed0,95,1859.0833333333333,9.166666666666666,-4.658999999999938,0.3611292839050293,0.11029411764705882,15,60,1301.168404523064,4318.45751953125,136,1872.9089999999999,0.9926180787925806,0.004894347064735482,0.002487574142683888,1863.5910000000001,60
v27,seed0,96,1580.15,8.333333333333334,-3.9533333333332856,0.32557904720306396,0.08536585365853659,14,60,1255.6616851992724,4144.2041015625,164,1592.4366666666667,0.9922843608641684,0.005233070493646006,0.002482568642185635,1584.53,60
v27,seed0,97,1474.8833333333334,8.333333333333334,-3.1498333333333006,0.3438482880592346,0.08333333333333333,15,60,1369.051511806912,4167.427734375,180,1486.3665,0.9922743370045903,0.005606513153608705,0.0021191498418009964,1480.0668333333333,60
v27,seed0,98,1755.3833333333334,14.166666666666666,-3.549833333333291,0.33576688170433044,0.12903225806451613,24,60,1247.0822315010973,4192.80615234375,186,1773.0998333333334,0.9900081768285467,0.007989773841461642,0.0020020493299916413,1766.000166666667,60
v27,seed0,99,1704.3,12.5,-3.083666666666632,0.3278350234031677,0.1695906432748538,29,60,1407.996517248321,4375.35498046875,171,1719.8836666666666,0.9909391158433003,0.007267933431931733,0.0017929507247679923,1713.7163333333333,60
v27,seed0,100,1855.2833333333333,20.0,-3.6894999999999545,0.3729146420955658,0.2785714285714286,39,60,1611.8980647495814,4607.08203125,140,1878.9728333333333,0.987392313726019,0.010644113446025519,0.0019635728279555334,1871.5938333333334,60
v27,seed0,101,1883.5833333333333,14.166666666666666,-3.729833333333289,0.292664498090744,0.18181818181818182,28,60,1459.2670846914316,4739.771484375,154,1901.4798333333333,0.990588120007233,0.007450337583561014,0.0019615424092059995,1894.0201666666667,60
v27,seed0,102,1690.6,11.666666666666666,-2.99049999999997,0.30214011669158936,0.13020833333333334,25,60,1299.6131064891815,4283.24072265625,192,1705.2571666666665,0.9914047177439415,0.006841587823068329,0.0017536944329901974,1699.2761666666668,60
v27,seed0,103,1770.8833333333334,16.666666666666668,-3.3736666666666255,0.3149715065956116,0.2125,34,60,1468.4423221588136,4534.41015625,160,1790.9236666666668,0.9888100572311754,0.00930618483460397,0.0018837579342205122,1784.1763333333336,60
v27,seed0,104,1783.6,15.833333333333334,-3.5156666666666236,0.2736002206802368,0.17543859649122806,30,60,1411.4461671706529,4549.4072265625,171,1802.9489999999998,0.9892681379229252,0.008781908602702204,0.0019499534743726106,1795.9176666666665,60
v27,seed0,105,1963.3166666666666,14.166666666666666,-4.109166666666616,0.24730443954467773,0.20270270270270271,30,60,1409.0398448222393,4348.78662109375,148,1981.5925,0.9907771989784311,0.007149132158436543,0.0020736688631323628,1973.3741666666667,60
v27,seed0,106,1741.8666666666666,16.666666666666668,-3.498166666666623,0.25903114676475525,0.2535211267605634,36,60,1616.4101520592058,4302.7763671875,142,1762.0314999999998,0.9885559177952645,0.009458779066473369,0.0019853031382620705,1755.0351666666668,60
v27,seed0,107,1780.8166666666666,14.166666666666666,-3.538999999999955,0.2311078906059265,0.2,33,60,1396.6163945978337,4334.39208984375,165,1798.5223333333333,0.9901554368614086,0.007876836669806899,0.0019677264687844418,1791.4443333333334,60
v27,seed0,108,1846.5666666666666,15.833333333333334,-3.8191666666666206,0.21889269351959229,0.24489795918367346,36,60,1461.8334809387622,4442.80615234375,147,1866.2191666666665,0.9894693504648213,0.00848417678702439,0.002046472748154332,1858.5808333333332,60
v27,seed0,109,1789.1666666666667,15.0,-3.9014999999999493,0.29210972785949707,0.3203125,41,60,1577.3317843675613,4391.95849609375,128,1808.0681666666667,0.9895460246751391,0.008296147388985795,0.0021578279358751775,1800.2651666666668,60
v27,seed0,110,1855.6333333333334,17.5,-3.7488333333332875,0.23266255855560303,0.3442622950819672,42,60,1745.592348692847,4605.78173828125,122,1876.8821666666668,0.9886786535080829,0.009323973721312464,0.0019973727706045588,1869.3845000000001,60
v27,seed0,111,1848.75,16.666666666666668,-3.3686666666666265,0.2157425433397293,0.3178294573643411,41,60,1717.3910696340163,4318.767578125,129,1868.7853333333333,0.9892789541013807,0.008918448988968949,0.0018025969096503824,1862.0480000000002,60
v27,seed0,112,1792.4333333333334,15.0,-3.2991666666666295,0.20099863409996033,0.17791411042944785,29,60,1514.5046618877013,4351.37255859375,163,1810.7325,0.9898940530052525,0.008283940339061678,0.0018220066556858228,1804.1341666666667,60
v27,seed0,113,1962.1833333333334,17.5,-3.843833333333284,0.2065347135066986,0.22580645161290322,35,60,1424.3741461969191,4521.15869140625,155,1983.5271666666667,0.9892394550011625,0.00882266716286467,0.0019378778359728124,1975.8395,60
v27,seed0,114,2015.5166666666667,18.333333333333332,-4.24983333333328,0.1810893714427948,0.2361111111111111,34,60,1433.356688817342,4699.78125,144,2038.0998333333332,0.9889194992819701,0.008995306821329246,0.0020851938967006507,2029.6001666666666,60
v27,seed0,115,1830.5166666666667,12.5,-3.5569999999999604,0.21105465292930603,0.14772727272727273,26,60,1288.0098866549406,4376.64306640625,176,1846.5736666666667,0.9913044357288029,0.0067692939770793515,0.0019262702941176787,1839.4596666666666,60
v27,seed0,116,1646.5,11.666666666666666,-3.451166666666625,0.16293711960315704,0.10326086956521739,19,60,1236.7249299754267,4365.40380859375,184,1661.6178333333335,0.9909017386368525,0.007021269531792659,0.0020769918313546976,1654.7155,60
v27,seed0,117,1518.7666666666667,9.166666666666666,-3.0708333333333004,0.1433064341545105,0.10695187165775401,20,60,1235.2648691595557,4435.7705078125,187,1531.0041666666666,0.9920068800161115,0.005987355793174959,0.0020057641907135896,1524.8625000000002,60
v27,seed0,118,1789.55,13.333333333333334,-3.7676666666666208,0.15475815534591675,0.17307692307692307,27,60,1355.4064730130708,4390.67529296875,156,1806.6509999999998,0.9905344197634187,0.007380137798242901,0.002085442438338462,1799.1156666666666,60
v27,seed0,119,1337.0,5.833333333333333,-3.6418333333332873,0.16260957717895508,0.06735751295336788,13,60,1167.729639399237,4337.767578125,193,1346.4751666666666,0.9929629844640037,0.004332299234136141,0.002704716301860218,1339.1915,60
v27,seed0,120,1602.2833333333333,11.666666666666666,-3.6726666666666232,0.18774057924747467,0.1301775147928994,22,60,1301.282113791923,4351.58349609375,169,1617.6226666666666,0.9905173600435866,0.007212229963806969,0.002270409992606407,1610.2773333333334,60
v27,seed0,121,1686.2666666666667,11.666666666666666,-3.4969999999999586,0.23584383726119995,0.12280701754385964,21,60,1277.1644876045093,4358.23046875,171,1701.4303333333335,0.9910876946475033,0.0068569758268092465,0.0020553295256872843,1694.4363333333333,60
v27,seed0,122,1651.5833333333333,10.833333333333334,-3.338166666666629,0.20896229147911072,0.12962962962962962,21,60,1307.1147465647002,4263.41455078125,162,1665.7548333333332,0.9914924455169424,0.0065035580966346694,0.0020039963864229896,1659.0784999999998,60
v27,seed0,123,1346.5333333333333,6.666666666666667,-2.839833333333304,0.21891552209854126,0.1043956043956044,19,60,1275.525640466711,4491.77783203125,182,1356.0398333333333,0.992989512722033,0.004916276426983033,0.0020942108509840757,1350.3601666666668,60
v27,seed0,124,1779.9666666666667,10.833333333333334,-3.6673333333332896,0.20452305674552917,0.11764705882352941,20,60,1266.4550073062671,4160.78369140625,170,1794.4673333333333,0.9919192362004547,0.006037074697375378,0.002043689102169942,1787.1326666666666,60
v27,seed0,125,1327.1,7.5,-2.8988333333333016,0.1854275017976761,0.07936507936507936,15,60,1117.4402349562872,4310.978515625,189,1337.4988333333333,0.9922251645577759,0.0056074815267751635,0.0021673539154488746,1331.7011666666665,60
v27,seed0,126,1277.3333333333333,9.166666666666666,-2.9079999999999684,0.1923215687274933,0.07352941176470588,15,60,1036.5134879467535,4152.40380859375,204,1289.408,0.990635495772737,0.00710920567164673,0.0022552985556161965,1283.592,60
v27,seed0,127,1614.9166666666667,9.166666666666666,-3.860499999999954,0.20014555752277374,0.06666666666666667,13,60,967.1022971911308,4301.7509765625,195,1627.9438333333335,0.9919977787931463,0.00563082489639538,0.0023713963104582663,1620.2228333333335,60
v27,seed0,128,1301.5333333333333,8.333333333333334,-2.8809999999999722,0.21920375525951385,0.06763285024154589,14,60,1070.676947331083,3909.33203125,207,1312.7476666666666,0.9914573580147289,0.006348008490080476,0.002194633495190601,1306.9856666666665,60
v27,seed0,129,1523.35,10.833333333333334,-3.39649999999996,0.1752592921257019,0.08108108108108109,15,60,1191.9086074416703,4291.89306640625,185,1537.5798333333332,0.9907453043901568,0.007045704618697848,0.002208990991145258,1530.786833333333,60
v27,seed0,130,1467.15,10.0,-3.319833333333294,0.15911699831485748,0.09392265193370165,17,60,1180.8534718718977,4669.7705078125,181,1480.4698333333333,0.9910029687647582,0.00675461247155886,0.0022424187636829887,1473.8301666666669,60
v27,seed0,131,1743.4666666666667,12.5,-3.5924999999999563,0.1877593994140625,0.10526315789473684,20,60,1168.1992519177888,4196.7529296875,190,1759.5591666666667,0.9908542433213622,0.007104052103959751,0.0020417045746780075,1752.3741666666667,60
v27,seed0,132,1648.6,7.5,-3.831166666666619,0.17920541763305664,0.07608695652173914,14,60,1187.1858110842497,4205.02392578125,184,1659.9311666666665,0.9931737129260481,0.00451825964269402,0.002308027431257914,1652.2688333333333,60
v27,seed0,133,1654.6166666666666,8.333333333333334,-3.8003333333332874,0.17510831356048584,0.07692307692307693,14,60,1199.0842775617327,4197.9248046875,182,1666.7503333333332,0.9927201654476946,0.0049997490125995685,0.0022800855397058792,1659.1496666666665,60
v27,seed0,134,2007.3166666666666,13.333333333333334,-4.847833333333268,0.1425848752260208,0.12337662337662338,19,60,1175.2677133733575,3718.75048828125,154,2025.4978333333331,0.9910238528190642,0.006582743814339636,0.00239340336659618,2015.8021666666666,60
v27,seed0,135,1532.4666666666667,7.5,-3.3854999999999635,0.16822543740272522,0.05025125628140704,10,60,1173.7106771804579,4120.76953125,199,1543.3521666666666,0.9929468463289811,0.004859551929873859,0.002193601741145036,1536.5811666666668,60
v27,seed0,136,1267.5666666666666,7.5,-2.8759999999999697,0.11061994731426239,0.05263157894736842,11,60,1109.7168976268129,4149.28271484375,209,1277.9426666666666,0.9918806999166369,0.005868807886008449,0.002250492197354683,1272.1906666666666,60
v27,seed0,137,1111.0666666666666,4.166666666666667,-2.90749999999997,0.11693505942821503,0.029411764705882353,6,60,1049.233965481029,4311.470703125,204,1118.1408333333334,0.993673277591001,0.003726423847920171,0.0026002985610786684,1112.3258333333333,60
v27,seed0,138,1192.5333333333333,7.5,-2.5994999999999746,0.13514885306358337,0.04424778761061947,10,60,1004.4921691354397,3622.31298828125,226,1202.6328333333333,0.9916021750611886,0.0062363173465107185,0.0021615075923005936,1197.4338333333333,60
v27,seed0,139,1437.8833333333334,8.333333333333334,-2.8863333333333046,0.14972886443138123,0.08717948717948718,17,60,1201.0176699907352,4149.35302734375,195,1449.103,0.9922575091855674,0.0057506839288396575,0.001991806885592884,1443.3303333333333,60
v27,seed0,140,1160.6833333333334,3.3333333333333335,-2.250499999999981,0.17250555753707886,0.04265402843601896,9,60,1181.5510493997149,4116.03662109375,211,1166.2671666666665,0.9952122176693935,0.0028581215596254895,0.0019296607709811328,1161.7661666666668,60
v27,seed0,141,1518.8166666666666,10.833333333333334,-3.742999999999952,0.13122913241386414,0.10112359550561797,18,60,1203.2859706235736,4287.32177734375,178,1533.3929999999998,0.9904940655570142,0.00706494247289073,0.0024409919700950455,1525.907,60
v27,seed0,142,1204.45,5.833333333333333,-2.9423333333332993,0.13722312450408936,0.03902439024390244,8,60,1062.296726059332,4276.921875,205,1213.2256666666667,0.9927666658332593,0.004808118962204613,0.0024252152045359785,1207.341,60
v27,seed0,143,1196.1166666666666,5.0,-2.5894999999999744,0.14510953426361084,0.05583756345177665,11,60,1239.2519013070819,4178.8662109375,197,1203.7061666666666,0.9936948898243023,0.004153837654455261,0.0021512725212423584,1198.5271666666665,60
v27,seed0,144,1250.3833333333334,5.833333333333333,-2.3561666666666468,0.12653115391731262,0.03225806451612903,8,60,1036.0186613144413,3555.75048828125,248,1258.5728333333334,0.993493026559051,0.004634879427584445,0.0018720940133645928,1253.8605,60
v27,seed0,145,945.3,2.5,-2.545333333333309,0.13178402185440063,0.031746031746031744,6,60,1068.3225388299852,4072.171875,189,950.3453333333333,0.9946910526559468,0.0026306226929438984,0.002678324651109255,945.2546666666666,60
v27,seed0,146,940.0,2.5,-5.645999999999921,0.12755531072616577,0.045454545454545456,5,60,945.4922219016336,3750.750732421875,110,948.146,0.9914084961598741,0.0026367247238294526,0.005954779116296352,936.854,60
v27,seed0,147,781.1833333333333,0.8333333333333334,-4.4228333333332746,0.1732512265443802,0.007518796992481203,1,60,972.9601178850446,3185.864501953125,133,786.4395,0.993316502201801,0.0010596280239399641,0.005623869774258891,777.5938333333334,60
v27,seed0,148,1035.5,5.0,-2.9016666666666366,0.16652153432369232,0.03870967741935484,6,60,1018.5506193099484,3779.75048828125,155,1043.4016666666666,0.9924270135662041,0.004792018414129426,0.0027809680196664147,1037.5983333333334,60
v27,seed0,149,1113.6166666666666,4.166666666666667,-3.405833333333297,0.16221609711647034,0.04516129032258064,7,60,1042.9137017034716,3918.75048828125,155,1121.1891666666666,0.9932460103744016,0.00371629229976803,0.0030376973258303547,1114.3775,60
v27,seed0,150,1165.0333333333333,5.0,-3.0238333333333025,0.15061883628368378,0.049689440993788817,8,60,1158.3583045153885,3756.75048828125,161,1173.0571666666667,0.99315989573114,0.0042623668667469035,0.0025777374021129424,1167.0095,60
v27,seed0,151,1574.0333333333333,8.333333333333334,-4.088833333333285,0.20311474800109863,0.07042253521126761,10,60,1109.835489622304,3781.201904296875,142,1586.4554999999998,0.9921698612619979,0.005252799926208668,0.002577338811793514,1578.2778333333333,60
v27,seed0,152,1096.1,5.0,-3.2571666666666292,0.1563577651977539,0.03278688524590164,6,60,1049.7634440771217,3620.741455078125,183,1104.3571666666664,0.9925231012973914,0.0045275207613237455,0.0029493779412849645,1097.8428333333334,60
v27,seed0,153,1203.75,5.833333333333333,-2.7258333333333065,0.14466990530490875,0.04390243902439024,9,60,1064.5063898598276,3587.75048828125,205,1212.3091666666667,0.992939782275011,0.0048117538774143835,0.0022484638475746134,1206.8574999999998,60
v27,seed0,154,1122.9166666666667,2.5,-2.727833333333307,0.16434958577156067,0.02617801047120419,5,60,1155.711633172959,3644.551513671875,191,1128.1445,0.9953659896109645,0.002216028177241479,0.0024179822117940627,1122.6888333333334,60
v27,seed0,155,1018.0666666666667,4.166666666666667,-2.33799999999998,0.14794155955314636,0.03317535545023697,7,60,1046.5474806509876,3913.69140625,211,1024.5713333333333,0.9936513286532189,0.004066741407951423,0.002281929938829683,1019.8953333333334,60
v27,seed0,156,957.75,3.3333333333333335,-2.172333333333318,0.12968021631240845,0.017241379310344827,4,60,1065.3042187526307,3780.91162109375,232,963.2556666666667,0.9942843142717043,0.003460486606705662,0.002255199121590064,958.9110000000001,60
v27,seed0,157,1201.4666666666667,4.166666666666667,-2.6064999999999743,0.17136865854263306,0.02912621359223301,6,60,1135.4254511860968,3660.19091796875,206,1208.2398333333333,0.9943941869157048,0.0034485427079254,0.002157270376369792,1203.0268333333336,60
v27,seed0,158,1162.9333333333334,5.833333333333333,-2.557166666666645,0.14908717572689056,0.034653465346534656,7,60,1165.166722288226,3619.75048828125,202,1171.3238333333334,0.9928367375774106,0.00498012007211783,0.0021831423504715206,1166.2095,60
v27,seed0,159,825.7666666666667,2.5,-1.6349999999999898,0.118309885263443,0.012448132780082987,3,60,1125.5033741551317,3716.75048828125,241,829.9016666666666,0.9950174819908383,0.003012405084136474,0.0019701129250252417,826.6316666666667,60
v27,seed0,160,1063.9333333333334,4.166666666666667,-2.099666666666651,0.13397768139839172,0.027522935779816515,6,60,1181.2945433450402,3620.75048828125,218,1070.1996666666669,0.9941447063305008,0.0038933544799584123,0.001961939189540628,1066.0003333333334,60
v27,seed0,161,1079.5,5.833333333333333,-2.259833333333314,0.12932538986206055,0.03980099502487562,8,60,1114.0389124172837,3734.4326171875,201,1087.5931666666665,0.9925586451674103,0.005363525178455977,0.002077829654133827,1083.0735,60
v27,seed0,162,1171.6,5.0,-2.593833333333308,0.11523844301700592,0.03723404255319149,7,60,1177.5259365325278,3758.75048828125,188,1179.1938333333333,0.9935601483668998,0.004240184996444605,0.0021996666366555584,1174.0061666666666,60
v27,seed0,163,1142.5666666666666,4.166666666666667,-3.1483333333333006,0.11798742413520813,0.0273224043715847,5,60,1053.0173487428758,4006.750732421875,183,1149.8816666666667,0.9936384758431664,0.003623561264999732,0.0027379628918337688,1143.585,60
v27,seed0,164,1007.9,5.0,-2.9563333333333004,0.09583074599504471,0.041916167664670656,7,60,1108.2493173747719,3443.43115234375,167,1015.8563333333333,0.9921678557565062,0.004921955827743359,0.0029101884157503575,1009.9436666666667,60
v27,seed0,165,1256.6833333333334,6.666666666666667,-3.0248333333333,0.09562019258737564,0.047337278106508875,8,60,1202.1227852183686,3779.75048828125,169,1266.3748333333335,0.9923470525906691,0.0052643707780568915,0.0023885766312738365,1260.3251666666667,60
v27,seed0,166,1019.2,1.6666666666666667,-2.0698333333333196,0.1187768280506134,0.00909090909090909,2,60,1120.3473541259766,3555.75048828125,220,1022.9365,0.9963472805985514,0.001629296311810818,0.0020234230896378413,1018.7968333333333,60
v27,seed0,167,1069.3833333333334,4.166666666666667,-2.289999999999979,0.11760279536247253,0.023696682464454975,5,60,1178.1357274349266,3620.75048828125,211,1075.8400000000001,0.9939984880031727,0.003872942692841562,0.0021285693039857032,1071.2600000000002,60
v27,seed0,168,915.3,3.3333333333333335,-3.2833333333332955,0.18100880086421967,0.03488372093023256,6,60,1203.9144117665846,3619.75048828125,172,921.9166666666666,0.9928229232577058,0.0036156557895688332,0.00356142095272526,915.35,60
v27,seed0,169,1250.5,6.666666666666667,-2.845166666666637,0.1311977207660675,0.041237113402061855,8,60,1165.840068384544,3920.75048828125,194,1260.0118333333335,0.9924509968226488,0.0052909556008138015,0.0022580475765372862,1254.3215,60
v27,seed0,170,1164.3333333333333,5.833333333333333,-2.664833333333306,0.1742001622915268,0.03773584905660377,8,60,1075.0289981050312,3652.75048828125,212,1172.8314999999998,0.9927541452743497,0.004973718162697143,0.002272136562953252,1167.5018333333333,60
v27,seed0,171,1266.3333333333333,8.333333333333334,-3.499166666666626,0.09320582449436188,0.060109289617486336,11,60,1149.4931433839224,3749.65234375,183,1278.1658333333332,0.9907425940426353,0.006519759107940481,0.002737646849424176,1271.1674999999998,60
v27,seed0,172,790.1166666666667,2.5,-3.068333333333298,0.11757367849349976,0.022099447513812154,4,60,1229.3943628132015,4452.20068359375,181,795.685,0.9930018369916069,0.0031419468759622217,0.0038562161324309217,789.5483333333334,60
v27,seed0,173,986.0333333333333,1.6666666666666667,-3.3419999999999623,0.09750679135322571,0.03529411764705882,6,60,1223.2518079869888,4361.12841796875,170,991.0419999999999,0.9949460601400681,0.0016817316185052367,0.0033722082414266628,984.358,60
v27,seed0,174,1083.2166666666667,5.833333333333333,-4.20883333333328,0.10015296190977097,0.05357142857142857,9,60,1125.7253481547039,3782.761474609375,168,1093.2588333333333,0.9908144655588574,0.0053357294315634005,0.0038498050095791105,1084.8411666666666,60
v27,seed0,175,1091.55,3.3333333333333335,-3.945833333333285,0.12251304090023041,0.03821656050955414,6,60,1225.8475036621094,3779.75048828125,157,1098.8291666666664,0.9933755247062216,0.003033531903275836,0.0035909433905027266,1090.9375,60
v27,seed0,176,1053.9666666666667,0.8333333333333334,-3.360666666666629,0.1292538195848465,0.01092896174863388,2,60,1167.8083299313737,3592.041748046875,183,1058.1606666666667,0.9960365187139193,0.0007875300600223911,0.003175951226058263,1051.4393333333333,60
v27,seed0,177,1097.8166666666666,4.166666666666667,-3.6378333333332886,0.08790531009435654,0.03571428571428571,6,60,1213.7712291535877,3748.75048828125,168,1105.6211666666666,0.9929410721906404,0.0037686205657845137,0.0032903072435751025,1098.3455000000001,60
v27,seed0,178,1104.2166666666667,1.6666666666666667,-3.329999999999967,0.07524805516004562,0.016304347826086956,3,60,1120.7830720155137,3670.121826171875,184,1109.2133333333334,0.9954953059826183,0.0015025663833828178,0.0030021276339988402,1102.5533333333335,60
v27,seed0,179,888.4333333333333,2.5,-3.563166666666624,0.10719365626573563,0.02976190476190476,5,60,1231.8159662882488,3588.75048828125,168,894.4964999999999,0.9932216988365337,0.0027948683980317424,0.00398343276543466,887.3701666666667,60
v27,seed0,180,1089.8666666666666,3.3333333333333335,-3.8171666666666217,0.10417862236499786,0.029940119760479042,5,60,1204.5109944600545,3619.750732421875,167,1097.0171666666665,0.9934818704599427,0.003038542544837114,0.0034795869952201804,1089.382833333333,60
v27,seed0,181,1057.2333333333333,3.3333333333333335,-3.481999999999957,0.1359626054763794,0.029585798816568046,5,60,1238.1905756843162,3717.18115234375,169,1064.0486666666666,0.9935949044937169,0.0031326887930564584,0.0032724067132267358,1057.0846666666666,60
v27,seed0,182,987.7833333333333,2.5,-3.633166666666625,0.10385783016681671,0.017142857142857144,3,60,1183.001650303432,3587.75048828125,175,993.9164999999999,0.9938292938424238,0.0025153018387359502,0.0036554043188402902,986.6501666666667,60
v27,seed0,183,1171.8666666666666,6.666666666666667,-3.4476666666666262,0.10605021566152573,0.053475935828877004,10,60,1125.1612440303047,3620.23095703125,187,1181.981,0.9914428968542359,0.005640248588316282,0.0029168545574477307,1175.0856666666666,60
v27,seed0,184,1241.3166666666666,5.0,-3.7704999999999558,0.13761813938617706,0.03804347826086957,7,60,1129.4648949167004,3845.40234375,184,1250.0871666666665,0.9929840892428435,0.003999721086116262,0.003016189671040238,1242.5461666666667,60
v27,seed0,185,1222.9833333333333,4.166666666666667,-3.6193333333332913,0.10499344766139984,0.036585365853658534,6,60,1228.8076411921804,3442.7724609375,164,1230.7693333333334,0.993673875527177,0.0033854163845486347,0.0029407080882742917,1223.5306666666668,60
v27,seed0,186,1147.35,4.166666666666667,-2.7274999999999734,0.07994906604290009,0.03317535545023697,7,60,1082.037509936292,3557.75048828125,211,1154.2441666666666,0.9940271158687539,0.003609865907920985,0.0023630182233250535,1148.7891666666667,60
v27,seed0,187,1211.8,5.0,-2.970166666666635,0.06738381087779999,0.030303030303030304,6,60,1125.4569836240826,3588.75048828125,198,1219.7701666666667,0.9934658455465858,0.004099132883093687,0.0024350215703203937,1213.8298333333332,60
v27,seed0,188,879.65,0.8333333333333334,-2.064999999999984,0.07455922663211823,0.013157894736842105,3,60,1108.9567225272194,3734.652587890625,228,882.5483333333333,0.9967159494569703,0.0009442353487722108,0.00233981519425752,878.4183333333334,60
v27,seed0,189,1216.2,0.8333333333333334,-3.506833333333294,0.08357930928468704,0.017341040462427744,3,60,1175.1601244976066,3524.75048828125,173,1220.5401666666667,0.9964440607648991,0.0006827578117393652,0.0028731814233615644,1213.5265,60
v27,seed0,190,1286.0166666666667,3.3333333333333335,-3.1826666666666363,0.11094370484352112,0.022598870056497175,4,60,1253.6623472224521,4117.75732421875,177,1292.5326666666665,0.9949587347631189,0.0025789161228162386,0.002462349114064921,1286.1673333333333,60
v27,seed0,191,1235.3833333333334,1.6666666666666667,-3.1349999999999683,0.08862011134624481,0.010582010582010581,2,60,1212.472893608941,3340.363037109375,189,1240.1850000000002,0.9961282658098052,0.001343885522455655,0.002527848667739061,1233.9150000000002,60
v27,seed0,192,1533.2,6.666666666666667,-3.3281666666666325,0.07413101941347122,0.0427807486631016,8,60,1168.9463988115442,3651.75048828125,187,1543.1948333333335,0.9935232848649808,0.004320042111770506,0.0021566730232486083,1536.5385,60
v27,seed0,193,1209.8,3.3333333333333335,-2.679666666666642,0.07408301532268524,0.031746031746031744,6,60,1283.7832304132048,3733.100830078125,189,1215.8129999999999,0.9950543381260112,0.002741649689000968,0.002204012184987858,1210.4536666666665,60
v27,seed0,194,1318.85,4.166666666666667,-2.7673333333333066,0.11891116946935654,0.02564102564102564,5,60,1233.6322998046876,3812.75048828125,195,1325.7839999999999,0.9947698871007645,0.003142794502473003,0.002087318396762449,1320.2493333333334,60
v27,seed0,195,1147.7666666666667,2.5,-2.4809999999999772,0.09009532630443573,0.026041666666666668,5,60,1290.0109372933705,3603.722412109375,192,1152.7476666666666,0.9956790196640317,0.002168731347103139,0.002152248988865135,1147.7856666666667,60
v27,seed0,196,1215.2666666666667,2.5,-2.7338333333333087,0.08833850920200348,0.015625,3,60,1230.4025269349415,3619.75048828125,192,1220.5004999999999,0.9957117319219998,0.002048340004776729,0.0022399280732234923,1215.0328333333334,60
v27,seed0,197,1096.1,0.8333333333333334,-3.0964999999999687,0.09601296484470367,0.011299435028248588,2,60,1220.5257751120012,3671.281982421875,177,1100.029833333333,0.9964275211323816,0.0007575552117601661,0.0028149236558583967,1093.8368333333333,60
v27,seed0,198,1379.7833333333333,5.0,-2.861499999999974,0.06850794702768326,0.031413612565445025,6,60,1207.7013232645563,3619.75048828125,191,1387.6448333333333,0.9943346454286033,0.0036032274829210023,0.0020621270884756708,1381.9218333333333,60
v27,seed0,199,1164.55,1.6666666666666667,-2.7361666666666413,0.09263232350349426,0.010256410256410256,2,60,1205.8637205466246,3428.483154296875,195,1168.9528333333333,0.9962335235368065,0.0014257775156881866,0.0023406989475052743,1163.4805000000001,60
v27,seed0,200,986.2333333333333,,-2.259166666666649,0.10667329281568527,0.010309278350515464,2,60,1271.194735025622,3442.882568359375,194,988.4925,0.9977145333255775,0.0,0.0022854666744225667,983.9741666666667,60
v27,seed0,201,1106.2333333333333,0.8333333333333334,-2.535666666666647,0.10122385621070862,0.016304347826086956,3,60,1227.1488071109939,3448.942626953125,184,1109.6023333333333,0.9969637771129417,0.0007510198097997272,0.002285203077258592,1104.531,60
v27,seed0,202,1001.1833333333333,1.6666666666666667,-2.6571666666666416,0.09195899963378906,0.01015228426395939,2,60,1155.3638738641885,3268.8837890625,197,1005.5071666666665,0.9956998483186678,0.0016575383268443472,0.002642613354487918,1000.1928333333333,60
v27,seed0,203,731.8166666666667,0.8333333333333334,-3.9601666666666184,0.1479334831237793,0.013071895424836602,2,60,1265.4374223098257,4115.92724609375,153,736.6101666666667,0.9934924873197288,0.0011313084872346545,0.005376204193036459,728.6898333333335,60
v27,seed0,204,1098.9666666666667,1.6666666666666667,-2.3529999999999816,0.10178755223751068,0.010101010101010102,2,60,1215.17381587173,3523.75048828125,198,1102.9863333333335,0.9963556514299511,0.0015110492453971171,0.0021332993246516332,1098.2803333333334,60
v27,seed0,205,973.05,0.8333333333333334,-1.944999999999991,0.058272771537303925,0.009302325581395349,2,60,1169.571720921716,3620.75048828125,215,975.8283333333333,0.9971528462144127,0.0008539753406080647,0.0019931784449792136,971.9383333333334,60
v27,seed0,206,1196.75,2.5,-2.6176666666666435,0.10662706196308136,0.014925373134328358,3,60,1170.3050411091515,3748.750732421875,201,1201.8676666666665,0.9957419050294778,0.00208009589519423,0.002177999075328019,1196.6323333333335,60
v27,seed0,207,1165.1166666666666,0.8333333333333334,-2.5773333333333124,0.1091836541891098,0.0048543689320388345,1,60,1161.9509275862315,3268.703369140625,206,1168.5273333333332,0.9970812264554074,0.0007131483445544849,0.002205625200038093,1163.3726666666664,60
v27,seed0,208,932.05,,-2.0838333333333185,0.09422788769006729,0.0,0,60,1222.6052099548945,2868.985595703125,202,934.1338333333333,0.9977692347081601,0.0,0.002230765291839858,929.9661666666666,60
v27,seed0,209,1027.7,2.5,-2.283666666666647,0.06176866590976715,0.014492753623188406,3,60,1194.754863941727,3409.753662109375,207,1032.4836666666667,0.9953668355044195,0.0024213458098287914,0.0022118186857515874,1027.9163333333333,60
v27,seed0,210,1265.75,2.5,-2.8261666666666394,0.088521309196949,0.015625,3,60,1207.7439177831013,3269.544189453125,192,1271.0761666666667,0.995809718719977,0.0019668372876159926,0.0022234439924069377,1265.4238333333333,60
v27,seed0,211,1119.2166666666667,0.8333333333333334,-2.3906666666666494,0.07788670808076859,0.004878048780487805,1,60,1214.1740619194218,3228.665283203125,205,1122.4406666666666,0.997127687818391,0.0007424297409038994,0.002129882440705091,1117.6593333333333,60
v27,seed0,212,1116.2833333333333,1.6666666666666667,-2.1881666666666524,0.0921604186296463,0.014778325123152709,3,60,1262.027180037475,3434.142822265625,203,1120.1381666666666,0.9965586090644473,0.0014879116847043722,0.0019534792508483574,1115.7618333333335,60
v27,seed0,213,1011.5333333333333,0.8333333333333334,-2.065499999999987,0.0808747336268425,0.004739336492890996,1,60,1191.882261881896,3594.71142578125,211,1014.4321666666667,0.9971424079119467,0.0008214776312462489,0.0020361144568069394,1010.3011666666666,60
v27,seed0,214,1089.0666666666666,0.8333333333333334,-2.5916666666666432,0.11706442385911942,0.010471204188481676,2,60,1264.4489473672438,3435.67236328125,191,1092.4916666666666,0.9968649646450393,0.0007627823248079696,0.002372253030152764,1087.3083333333332,60
v27,seed0,215,1092.8666666666666,1.6666666666666667,-2.168999999999986,0.09235184639692307,0.009259259259259259,2,60,1184.779520953143,3268.94384765625,216,1096.7023333333334,0.9965025453579471,0.0015197074137710414,0.0019777472282816204,1092.3643333333332,60
v27,seed0,216,1160.55,2.5,-3.8336666666666224,0.06980647146701813,0.024844720496894408,4,60,1276.7473569123642,3599.30224609375,161,1166.8836666666666,0.9945721524367896,0.0021424586455490707,0.003285388917661277,1159.2163333333333,60
v27,seed0,217,1125.0666666666666,1.6666666666666667,-4.106333333333281,0.0702199637889862,0.023668639053254437,4,60,1187.7852269460464,3599.281982421875,169,1130.8396666666665,0.9948949438455614,0.0014738310971876651,0.0036312250572509233,1122.6270000000002,60
v27,seed0,218,1132.5333333333333,0.8333333333333334,-4.654499999999942,0.08135689795017242,0.019867549668874173,3,60,1220.9378549942119,3601.662353515625,151,1138.0211666666664,0.9951777405429045,0.0007322652317392458,0.004089994225356332,1128.7121666666667,60
v27,seed0,219,1035.3666666666666,0.8333333333333334,-3.9186666666666183,0.06888186186552048,0.011428571428571429,2,60,1177.8653367396764,3442.342041015625,175,1040.1186666666665,0.9954312905322342,0.0008011906333764482,0.0037675188343893637,1032.2813333333331,60
v27,seed0,220,1069.5166666666667,4.166666666666667,-4.316499999999946,0.0841967761516571,0.03355704697986577,5,60,1278.3175582373701,3557.75048828125,149,1077.9998333333333,0.9921306419496972,0.0038651830341965114,0.004004175016106168,1069.3668333333335,60
v27,seed0,221,1121.45,2.5,-4.011666666666619,0.0987573117017746,0.030120481927710843,5,60,1214.8555265679418,3444.992919921875,166,1127.9616666666666,0.9942270496781068,0.0022163873772306094,0.0035565629446626754,1119.9383333333335,60
v27,seed0,222,1060.65,2.5,-4.694499999999938,0.08710464835166931,0.019736842105263157,3,60,1223.6382841812938,3587.75048828125,152,1067.8445,0.9932625958180242,0.00234116484188475,0.004396239340091126,1058.4555000000003,60
v27,seed0,223,924.8833333333333,2.5,-4.494666666666607,0.08286537230014801,0.017857142857142856,3,60,1157.7680024646577,3620.601318359375,168,931.8779999999999,0.9924940103032086,0.00268275460950897,0.004823235087282463,922.8886666666667,60
v27,seed0,224,916.6666666666666,1.6666666666666667,-4.1519999999999495,0.08509780466556549,0.011627906976744186,2,60,1171.9851593195006,3621.132080078125,172,922.4853333333332,0.9936924019749548,0.0018067134581362815,0.004500884566909049,914.1813333333333,60
v27,seed0,225,1163.9666666666667,3.3333333333333335,-4.442666666666611,0.08889232575893402,0.03333333333333333,5,60,1275.8859628295897,3607.682373046875,150,1171.7426666666665,0.9933637306029653,0.00284476568802934,0.0037915037090054567,1162.8573333333334,60
v27,seed0,226,1078.9333333333334,1.6666666666666667,-4.017999999999952,0.0716063529253006,0.0196078431372549,3,60,1289.8195525524663,3748.75048828125,153,1084.6180000000002,0.9947588306051838,0.0015366393206333166,0.0037045300741827547,1076.582,60
v27,seed0,227,931.7666666666667,0.8333333333333334,-4.251499999999946,0.08669637888669968,0.006060606060606061,1,60,1177.8934561989524,3428.153076171875,165,936.8515,0.9945724233420843,0.0008895041885862737,0.004538072469329393,928.3485000000001,60
v27,seed0,228,1200.4666666666667,3.3333333333333335,-4.392666666666613,0.08053045719861984,0.03896103896103896,6,60,1267.0252857951375,3619.75048828125,154,1208.1926666666666,0.993605324537091,0.0027589418685430417,0.0036357335943659756,1199.4073333333333,60
v27,seed0,229,1170.7,6.666666666666667,-4.3818333333332795,0.07075247913599014,0.04938271604938271,8,60,1224.736090766059,3620.750732421875,162,1181.7485000000001,0.9906507179827179,0.00564135826418791,0.0037079237530940625,1172.9848333333334,60
v27,seed0,230,1391.4166666666667,4.166666666666667,-4.600166666666611,0.06064727157354355,0.07913669064748201,11,60,1319.1823667896738,3605.6826171875,139,1400.1835,0.993738796855317,0.0029758004337764776,0.003285402710906542,1390.9831666666669,60
v27,seed0,231,1141.3666666666666,5.0,-3.6143333333332928,0.061127543449401855,0.04216867469879518,7,60,1281.549127234034,3717.1708984375,166,1149.9809999999998,0.9925091516004758,0.004347897921791752,0.003142950477732496,1142.7523333333334,60
v27,seed0,232,1103.2333333333333,1.6666666666666667,-3.6674999999999582,0.05658742040395737,0.029069767441860465,5,60,1210.0659964805425,3602.522216796875,172,1108.5675,0.9951882346662095,0.0015034417540354256,0.003308323579754916,1101.2325,60
v27,seed0,233,955.5333333333333,3.3333333333333335,-2.7028333333333086,0.051221814006567,0.023474178403755867,5,60,1162.091251140469,3605.722412109375,213,961.5695,0.993722589301484,0.0034665547662788114,0.0028108559322371483,956.1638333333334,60
v27,seed0,234,860.75,2.5,-3.167333333333298,0.03502050042152405,0.031914893617021274,6,60,1233.8687226315762,3447.372314453125,188,866.4173333333333,0.9934588874029914,0.0028854455050914647,0.0036556670919171723,860.0826666666667,60
v27,seed0,235,1280.0666666666666,4.166666666666667,-3.9218333333332875,0.04962433874607086,0.04878048780487805,8,60,1297.1501413670983,3605.942626953125,164,1288.1551666666667,0.9937208651493977,0.003234599972492962,0.0030445348781092396,1280.3115,60
v27,seed0,236,1021.2333333333333,2.5,-3.381166666666628,0.04964601621031761,0.019417475728155338,4,60,1105.2532524923677,3619.75048828125,206,1027.1145,0.9942740885590978,0.0024340032196994593,0.0032919082212028244,1020.3521666666667,60
v27,seed0,237,1015.3166666666667,2.5,-3.701166666666622,0.042363137006759644,0.01639344262295082,3,60,1181.9364955881254,3322.683349609375,183,1021.5178333333333,0.9939294582391857,0.002447338576402729,0.0036232031844116498,1014.1155000000001,60
v27,seed0,238,1255.7166666666667,1.6666666666666667,-4.379666666666611,0.06363382935523987,0.012578616352201259,2,60,1175.9629899510796,3653.75048828125,159,1261.7630000000001,0.9952080277093769,0.0013209031067376888,0.0034710691838852545,1253.0036666666667,60
v27,seed0,239,1087.2833333333333,3.3333333333333335,-4.305499999999946,0.06074034795165062,0.023391812865497075,4,60,1167.3313902916268,3588.75048828125,171,1094.9221666666665,0.9930234005978813,0.003044356425334952,0.003932242976783841,1086.3111666666666,60
v27,seed0,240,1032.4,2.5,-3.7881666666666205,0.0500180721282959,0.021739130434782608,4,60,1186.6608813741932,3555.75048828125,184,1038.6881666666668,0.9939460495763165,0.0024068821425230445,0.003647068281160374,1031.1118333333334,60
v27,seed0,241,1158.2666666666667,1.6666666666666667,-5.026499999999932,0.03081251122057438,0.01935483870967742,3,60,1172.335238647461,3780.75048828125,155,1164.9598333333333,0.994254594471712,0.001430664490721354,0.004314741037566473,1154.9068333333335,60
v27,seed0,242,1366.15,5.0,-4.105999999999949,0.0833272635936737,0.03296703296703297,6,60,1113.2840123438573,3619.75048828125,182,1375.256,0.9933786873134893,0.0036356867375964908,0.0029856259489142016,1367.044,60
v27,seed0,243,976.2833333333333,,-3.7659999999999543,0.05348356068134308,0.011428571428571429,2,60,1129.2929636056083,3605.10205078125,175,980.0493333333333,0.9961573362973565,0.0,0.003842663702643494,972.5173333333333,60
v27,seed0,244,1107.35,1.6666666666666667,-3.6533333333332925,0.069149911403656,0.011049723756906077,2,60,1185.9530679270708,3348.023681640625,181,1112.6699999999998,0.9952187081524622,0.0014978984484767873,0.003283393399061081,1105.3633333333335,60
v27,seed0,245,951.6166666666667,0.8333333333333334,-4.676999999999937,0.0945126861333847,0.013071895424836602,2,60,1192.6664831622754,3604.8828125,153,957.127,0.9942428399435673,0.0008706611905560426,0.004886498865876668,947.7730000000001,60
v27,seed0,246,1100.5833333333333,0.8333333333333334,-4.094666666666615,0.07089176774024963,0.005434782608695652,1,60,1088.5761404452116,3556.75048828125,184,1105.5113333333331,0.9955423342561844,0.0007537989961809529,0.003703866747634684,1097.322,60
v27,seed0,247,953.6333333333333,,-3.9756666666666187,0.05469390004873276,0.0,0,60,1180.0387732726706,2521.142822265625,177,957.6089999999999,0.9958483403281855,0.0,0.004151659671814508,949.6576666666667,60
v27,seed0,248,915.2666666666667,,-4.751833333333272,0.06785645335912704,0.0,0,60,1180.5289999231115,2529.426025390625,154,920.0184999999999,0.9948350676281692,0.0,0.005164932371830863,910.5148333333334,60
v27,seed0,249,911.3833333333333,,-4.816999999999936,0.10045621544122696,0.0,0,60,1151.4119343597617,2866.67333984375,149,916.2003333333332,0.99474241623284,0.0,0.0052575837671600244,906.5663333333334,60
v27,seed1,0,436.7,38.333333333333336,-2.743166666666644,1.7819414138793945,0.8778625954198473,115,60,736.7551438426243,1725.235107421875,131,477.77649999999994,0.9140257003012916,0.08023277271555496,0.005741526983153513,472.29016666666666,50
v27,seed1,1,501.3,36.666666666666664,-2.3901666666666475,1.7623069286346436,1.0,136,60,911.3738154975736,1866.5726318359375,98,540.3568333333334,0.9277202934727391,0.06785639489460821,0.004423311632652585,535.5765,50
v27,seed1,2,650.3,26.666666666666668,-2.4293333333333105,1.7462239265441895,0.40869565217391307,94,60,528.9569142548934,2058.343994140625,230,679.3959999999998,0.9571737248968203,0.039250549998331864,0.003575725104847999,674.5373333333333,50
v27,seed1,3,470.43333333333334,10.833333333333334,-2.012666666666653,1.7041351795196533,0.3076923076923077,64,60,638.0051375902616,2130.01220703125,208,483.2793333333333,0.9734190992372942,0.022416297544967097,0.004164603217738781,479.254,50
v27,seed1,4,651.7833333333333,16.666666666666668,-2.4141666666666466,1.6804454326629639,0.32,56,60,712.5152873447963,2132.423828125,175,670.8641666666666,0.9715578290190389,0.02484357861812563,0.0035985923628354673,666.0358333333332,50
v27,seed1,5,672.8833333333333,8.333333333333334,-1.6641666666666521,1.6313762664794922,0.066543438077634,36,60,407.0150341828958,2822.992919921875,541,682.8808333333334,0.9853598175377108,0.0122032028526207,0.002436979609668332,679.5525,50
v27,seed1,6,682.6166666666667,6.666666666666667,-1.49749999999999,1.6240630149841309,0.023952095808383235,20,60,339.65893812807735,2761.23291015625,835,690.7808333333332,0.9881812489972098,0.009650914363817759,0.0021678366389725496,687.7858333333334,50
v27,seed1,7,530.5,5.833333333333333,-1.1748333333333238,1.660840392112732,0.014173228346456693,9,60,389.659619170662,2965.642333984375,635,537.5081666666667,0.9869617484881624,0.010852548286863236,0.0021857032249742382,535.1585,50
v27,seed1,8,257.0,,-0.5085000000000002,1.66951322555542,0.0,0,60,335.8408768799928,1708.376953125,666,257.5085,0.9980253079024575,0.0,0.0019746920975424118,256.4915,50
v27,seed1,9,363.6333333333333,0.8333333333333334,-0.705666666666664,1.6402467489242554,0.00641025641025641,4,60,356.37313473530304,3077.212890625,624,365.1723333333333,0.9957855514793472,0.0022820275723699408,0.0019324209482828583,363.76099999999997,50
v27,seed1,10,399.0833333333333,2.5,-0.8514999999999947,1.6521668434143066,0.006349206349206349,4,60,350.77077333964996,3126.402099609375,630,402.4348333333333,0.991671943573473,0.006212185906703736,0.002115870519823279,400.7318333333333,50
v27,seed1,11,308.05,,-0.5453333333333334,1.634041428565979,0.003129890453834116,2,60,372.81093445779385,2874.79248046875,639,308.5953333333334,0.9982328529487375,0.0,0.0017671470512623869,307.50466666666665,50
v27,seed1,12,400.81666666666666,,-0.8009999999999982,1.634310245513916,0.0,0,60,395.65765821835873,1967.257080078125,609,401.61766666666665,0.9980055658242126,0.0,0.0019944341757874152,400.0156666666667,50
v27,seed1,13,547.4333333333333,3.3333333333333335,-1.0459999999999938,1.6018693447113037,0.010398613518197574,6,60,426.21005844036875,2904.322998046875,577,551.8126666666667,0.9920637317737057,0.0060406973864318685,0.001895570839862309,549.7206666666666,50
v27,seed1,14,598.75,3.3333333333333335,-1.0811666666666608,1.5520950555801392,0.01079136690647482,6,60,448.03110236572707,2576.683349609375,556,603.1645,0.9926811010926538,0.005526408356813661,0.0017924905505325012,601.0021666666668,50
v27,seed1,15,619.3166666666667,3.3333333333333335,-1.1056666666666612,1.51630699634552,0.029045643153526972,14,60,519.9807020321921,3111.412109375,482,623.7556666666668,0.992883431386328,0.005343972826966969,0.0017725957867049348,621.5443333333334,50
v27,seed1,16,779.8833333333333,9.166666666666666,-1.6599999999999853,1.4995371103286743,0.0379746835443038,18,60,536.6644907762229,3087.122802734375,474,790.7099999999999,0.986307664419741,0.011592956541167643,0.0020993790390914312,787.39,50
v27,seed1,17,599.8833333333333,4.166666666666667,-1.3321666666666585,1.5143431425094604,0.03,12,60,653.4481113028527,3456.27294921875,400,605.3821666666666,0.9909167569906944,0.006882704671677093,0.0022005383376285867,602.7178333333333,50
v27,seed1,18,722.4833333333333,4.166666666666667,-1.5823333333333218,1.4254188537597656,0.026570048309178744,11,60,574.0030550179274,3575.3720703125,414,728.2323333333333,0.992105541409175,0.005721617231130909,0.002172841359694258,725.0676666666667,50
v27,seed1,19,769.4666666666667,8.333333333333334,-1.772333333333317,1.4256656169891357,0.026717557251908396,14,60,406.03196432799785,3460.452392578125,524,779.5723333333334,0.9870369095534004,0.010689621702839634,0.0022734687437599124,776.0276666666667,50
v27,seed1,20,653.7333333333333,5.833333333333333,-1.4889999999999894,1.409283995628357,0.03278688524590164,12,60,614.6166983191433,3282.982421875,366,661.0556666666668,0.9889232727248889,0.008824269463943277,0.0022524578111676767,658.0776666666667,50
v27,seed1,21,1386.4166666666667,14.166666666666666,-2.9849999999999666,1.3927408456802368,0.06133333333333333,23,60,592.1905662434896,3868.251220703125,375,1403.5683333333334,0.9877799560881135,0.010093321664661856,0.0021267222472246094,1397.5983333333336,50
v27,seed1,22,991.7833333333333,4.166666666666667,-1.677833333333322,1.3513684272766113,0.016706443914081145,7,60,729.8734057524324,3398.201904296875,419,997.6278333333332,0.9941416029056929,0.004176574196757075,0.0016818228975501272,994.2721666666666,50
v27,seed1,23,914.3666666666667,5.833333333333333,-1.6516666666666546,1.3558480739593506,0.04815864022662889,17,60,822.0406635705878,3743.8115234375,353,921.8516666666667,0.991880472454896,0.006327843778192803,0.0017916837669111495,918.5483333333334,50
v27,seed1,24,1076.95,5.0,-1.9178333333333177,1.298461675643921,0.02717391304347826,10,60,848.4357014946315,4035.761474609375,368,1083.8678333333335,0.9936174567409587,0.004613108578582843,0.0017694346804584115,1080.0321666666666,50
v27,seed1,25,1351.9833333333333,5.0,-2.3526666666666474,1.3412270545959473,0.022950819672131147,7,60,977.811293204886,3967.75048828125,305,1359.336,0.9945909865797222,0.0036782664477362477,0.0017307469725414816,1354.6306666666667,50
v27,seed1,26,1337.6333333333334,7.5,-2.3406666666666447,1.2887219190597534,0.043478260869565216,13,60,998.112774750062,4089.832763671875,299,1347.4740000000002,0.9926969524705733,0.005565970104061377,0.001737077425365272,1342.7926666666667,50
v27,seed1,27,1505.8833333333334,10.833333333333334,-2.6589999999999723,1.2747799158096313,0.06007067137809187,17,60,1002.8792684170888,4278.75927734375,283,1519.3756666666666,0.9911198174162327,0.007130121648650861,0.001750060935116533,1514.0576666666668,50
v27,seed1,28,1323.9,6.666666666666667,-2.1644999999999825,1.2394156455993652,0.05907172995780591,14,60,1274.574364126986,4318.73779296875,237,1332.731166666667,0.9933736323667175,0.00500225914528649,0.0016241084879958778,1328.4021666666667,50
v27,seed1,29,1204.5,5.0,-2.0224999999999853,1.2475425004959106,0.03676470588235294,10,60,1148.8698931301342,4315.3291015625,272,1211.5225,0.994203574428044,0.004127038499078638,0.0016693870728772971,1207.4775,50
v27,seed1,30,1395.5666666666666,6.666666666666667,-2.347333333333313,1.2685966491699219,0.07755102040816327,19,60,1195.759747937261,4539.330078125,245,1404.5806666666667,0.9935824262615034,0.004746375074696078,0.0016711986638004743,1399.886,50
v27,seed1,31,1358.4833333333333,8.333333333333334,-2.24549999999998,1.1960718631744385,0.07792207792207792,18,60,1301.5496621400248,4023.100830078125,231,1369.0621666666666,0.9922729342823854,0.006086891841897125,0.0016401738757175844,1364.5711666666666,50
v27,seed1,32,1425.8833333333334,10.0,-2.5806666666666396,1.2165968418121338,0.08372093023255814,18,60,1333.8423547789107,4295.4599609375,215,1438.4640000000002,0.9912540969626861,0.006951859761523402,0.0017940432757904538,1433.3026666666667,50
v27,seed1,33,1381.5,6.666666666666667,-2.2691666666666452,1.234525203704834,0.0892018779342723,19,60,1369.6262258610254,4244.5546875,213,1390.4358333333334,0.9935733579938664,0.0047946597080172106,0.0016319822981163425,1385.8975,50
v27,seed1,34,1735.6666666666667,11.666666666666666,-3.0513333333333024,1.1093428134918213,0.13978494623655913,26,60,1405.4589311333114,4307.17822265625,186,1750.3846666666668,0.9915915625403482,0.006665201591878661,0.0017432358677730469,1744.2820000000002,50
v27,seed1,35,1770.2833333333333,15.0,-3.2208333333332977,1.079245924949646,0.14361702127659576,27,60,1415.226408938144,4358.1240234375,188,1788.5041666666666,0.9898122499947583,0.008386896871454498,0.0018008531337872931,1782.0625,50
v27,seed1,36,1958.45,15.0,-3.4273333333332947,1.1220390796661377,0.2080536912751678,31,60,1708.7177457873454,4315.607421875,149,1976.8773333333334,0.990678565117512,0.0075877242088195655,0.0017337106736684865,1970.0226666666667,50
v27,seed1,37,1849.1833333333334,17.5,-3.5124999999999575,1.1016114950180054,0.26573426573426573,38,60,1694.6576031238048,4194.9638671875,143,1870.1958333333334,0.988764545602399,0.009357308837978197,0.0018781455596227439,1863.1708333333333,50
v27,seed1,38,1672.25,12.5,-2.9663333333332997,1.0860679149627686,0.296875,38,60,1973.83023583889,4311.482421875,128,1687.7163333333333,0.9908359402419324,0.007406457917789897,0.0017576018402776414,1681.7836666666667,50
v27,seed1,39,1917.2666666666667,20.0,-3.6223333333332866,1.0789544582366943,0.36220472440944884,46,60,1822.9263085793323,4281.8779296875,127,1940.889,0.9878291167947609,0.010304556314142644,0.0018663268910964444,1933.6443333333334,50
v27,seed1,40,2230.2,21.666666666666668,-4.050499999999951,1.0018787384033203,0.29411764705882354,40,60,1725.473238776712,4311.52783203125,136,2255.917166666666,0.9886001281223167,0.00960437155530903,0.0017955003223744039,2247.8161666666665,50
v27,seed1,41,1905.6833333333334,14.166666666666666,-3.4478333333332953,1.0196137428283691,0.3448275862068966,40,60,2030.2426913031215,4331.77197265625,116,1923.2978333333335,0.9908415120660372,0.007365820530309613,0.0017926674036530977,1916.4021666666667,50
v27,seed1,42,2186.3,20.833333333333332,-4.051333333333283,1.0250017642974854,0.3106060606060606,41,60,1780.791037241618,4344.58447265625,132,2211.184666666667,0.9887460025199161,0.009421797124135869,0.001832200355947935,2203.0820000000003,50
v27,seed1,43,1970.7333333333333,17.5,-3.4894999999999596,1.0225989818572998,0.31851851851851853,43,60,1809.7752520525896,4158.2939453125,135,1991.7228333333333,0.9894616361028146,0.008786363095869179,0.0017520008013162942,1984.7438333333334,50
v27,seed1,44,2207.133333333333,21.666666666666668,-3.9816666666666176,0.9886866807937622,0.36065573770491804,44,60,1927.7066860511654,4310.98974609375,122,2232.7816666666663,0.9885128341403736,0.009703889542864694,0.0017832763167618052,2224.818333333333,50
v27,seed1,45,2154.366666666667,20.0,-4.041166666666615,1.0158753395080566,0.42342342342342343,47,60,1922.547621443465,4266.5341796875,111,2178.407833333333,0.9889638816484242,0.0091810172980312,0.0018551010535446638,2170.3255000000004,50
v27,seed1,46,2103.45,18.333333333333332,-3.681166666666624,0.9657201766967773,0.4803921568627451,49,60,2202.550870857987,4308.7587890625,102,2125.4645,0.9896424993219128,0.008625565533243831,0.0017319351448432207,2118.1021666666666,50
v27,seed1,47,2561.6,27.5,-4.798833333333268,0.9372088313102722,0.5869565217391305,54,60,2110.503141817839,4321.240234375,92,2593.898833333333,0.9875481522570303,0.010601801291016684,0.0018500464519529648,2584.3011666666666,50
v27,seed1,48,2048.266666666667,20.0,-3.7614999999999568,0.948477566242218,0.6222222222222222,56,60,2329.6674696180557,4537.41162109375,90,2072.028166666667,0.9885322504866206,0.009652378438549217,0.001815371074830123,2064.505166666667,50
v27,seed1,49,1976.05,17.5,-3.3788333333332976,0.9856774806976318,0.5789473684210527,55,60,2394.705492521587,4315.84716796875,95,1996.9288333333332,0.9895445280849184,0.008763457018540054,0.0016920148965415297,1990.1711666666667,50
v27,seed1,50,1812.95,15.0,-3.0303333333333016,0.9723348617553711,0.7037037037037037,57,60,2780.0640147644795,4318.4482421875,81,1830.9803333333334,0.9901526340807228,0.00819233266841934,0.0016550332508577653,1824.9196666666667,50
v27,seed1,51,1859.0,14.166666666666666,-3.24916666666663,0.8787315487861633,0.4716981132075472,50,60,2180.493195443783,4308.4501953125,106,1876.4158333333335,0.9907185640709526,0.0075498545764775835,0.001731581352569751,1869.9175,50
v27,seed1,52,2197.4333333333334,21.666666666666668,-4.066666666666617,0.8879297375679016,0.5048543689320388,52,60,2074.4694963473717,4302.70166015625,103,2223.1666666666665,0.9884249194092511,0.009745858010345604,0.0018292225804033063,2215.0333333333333,50
v27,seed1,53,2147.9,22.5,-3.8388333333332856,0.8930481672286987,0.47706422018348627,52,60,2018.244779814274,4314.7763671875,109,2174.2388333333333,0.9878859521182625,0.010348449146916013,0.0017655987348215818,2166.561166666667,50
v27,seed1,54,1847.1166666666666,15.0,-3.227333333333297,0.9176324605941772,0.4444444444444444,48,60,2154.2867024739585,4316.8173828125,108,1865.3439999999998,0.990228433289874,0.00804141220064503,0.0017301545094809846,1858.8893333333333,50
v27,seed1,55,1979.1333333333334,15.833333333333334,-3.554833333333291,0.85081946849823,0.40707964601769914,46,60,2024.067539046296,4320.4482421875,113,1998.5215,0.9902987450139182,0.007922523392084265,0.001778731593997508,1991.4118333333333,50
v27,seed1,56,1824.0833333333333,16.666666666666668,-3.300499999999962,0.8159489035606384,0.5048543689320388,52,60,2278.644426512487,4319.439453125,103,1844.0505,0.9891721150442101,0.009038074969566542,0.0017898099862232416,1837.4495,50
v27,seed1,57,1590.8666666666666,10.833333333333334,-2.660833333333308,0.8580950498580933,0.7341772151898734,58,60,2870.645391922963,4316.42041015625,79,1604.3608333333332,0.9915890699982808,0.006752429446202097,0.0016585005555171607,1599.0391666666665,50
v27,seed1,58,1890.1666666666667,14.166666666666666,-3.232166666666633,0.7627602219581604,0.675,54,60,2765.566392707825,4380.10595703125,80,1907.5655000000002,0.9908790375306465,0.007426568926029887,0.0016943935433234836,1901.1011666666668,50
v27,seed1,59,1930.6333333333334,15.0,-3.166166666666635,0.7231700420379639,0.7088607594936709,56,60,2841.13006804261,4320.42822265625,79,1948.7995,0.9906782782596841,0.007697046309792259,0.0016246754305235785,1942.4671666666668,50
v27,seed1,60,1680.8166666666666,14.166666666666666,-2.935333333333302,0.7067946195602417,0.52,52,60,2306.204330444336,4303.2197265625,100,1697.9186666666667,0.9899276683060594,0.008343548454225132,0.0017287832397154292,1692.048,50
v27,seed1,61,1669.15,14.166666666666666,-2.899333333333304,0.7248647212982178,0.3983050847457627,47,60,2059.002409595554,4311.3115234375,118,1686.2160000000001,0.9898791139450699,0.008401454301623673,0.0017194317533063995,1680.4173333333335,50
v27,seed1,62,2154.9666666666667,23.333333333333332,-4.162666666666612,0.7849372625350952,0.7037037037037037,57,60,2452.112794664171,4314.95068359375,81,2182.462666666667,0.9874013881566206,0.010691286357246583,0.0019073254861327656,2174.1373333333336,50
v27,seed1,63,1739.7333333333333,15.0,-2.9753333333333014,0.805334210395813,0.574468085106383,54,60,2502.5621230754446,4317.69921875,94,1757.7086666666667,0.9897734285128025,0.008533837423949286,0.0016927340632482335,1751.758,50
v27,seed1,64,1674.1166666666666,12.5,-2.859166666666638,0.8061173558235168,0.6588235294117647,56,60,2720.7751689237707,4319.7705078125,85,1689.4758333333332,0.9909089160296759,0.007398744482386303,0.0016923394879378101,1683.7575,50
v27,seed1,65,1798.0,15.0,-3.1999999999999655,0.7684289216995239,0.5652173913043478,52,60,2499.9167153731637,4317.1611328125,92,1816.2,0.9899790771941416,0.008259002312520648,0.0017619204933377191,1809.8,50
v27,seed1,66,1816.7833333333333,14.166666666666666,-3.111999999999967,0.7150039076805115,0.8309859154929577,59,60,3008.45182972223,4689.767578125,71,1834.0620000000001,0.9905790171397331,0.0077242027077965006,0.001696780152470291,1827.838,50
v27,seed1,67,1653.2,11.666666666666666,-2.821833333333304,0.7283696532249451,0.7236842105263158,55,60,3054.57476826718,4876.05712890625,76,1667.6885000000002,0.9913122264739487,0.0069957109296290435,0.0016920625964221157,1662.0448333333334,50
v27,seed1,68,1574.5166666666667,10.0,-2.583999999999978,0.7153319120407104,0.8169014084507042,58,60,3254.2729079555456,4436.63037109375,71,1587.1006666666667,0.9920710763568452,0.006300797554954506,0.0016281260882002305,1581.9326666666666,50
v27,seed1,69,1464.3333333333333,10.833333333333334,-2.429833333333311,0.7325325012207031,0.7733333333333333,58,60,3185.908036702474,4317.59033203125,75,1477.5964999999999,0.9910238237119088,0.007331726444488286,0.0016444498436029805,1472.7368333333332,50
v27,seed1,70,1637.15,11.666666666666666,-2.7019999999999746,0.6517684459686279,0.7733333333333333,58,60,3085.4598384602864,4886.1259765625,75,1651.5186666666668,0.9912997249400349,0.00706420514774684,0.001636069912218153,1646.1146666666668,50
v27,seed1,71,1770.9666666666667,14.166666666666666,-3.0489999999999684,0.6956402063369751,0.8428571428571429,59,60,3147.08979448591,4319.31982421875,70,1788.1823333333334,0.9903725328531934,0.007922383753931133,0.0017050833928754664,1782.0843333333335,50
v27,seed1,72,1640.25,9.166666666666666,-2.604666666666646,0.6993675827980042,0.7466666666666667,56,60,3146.1010797119143,4354.05224609375,75,1652.0213333333334,0.9928745875759474,0.005548758046708032,0.0015766543773445899,1646.8120000000001,50
v27,seed1,73,1827.4,15.0,-3.399666666666628,0.6440258026123047,0.7887323943661971,56,60,3051.962825076681,4403.765625,71,1845.7996666666668,0.9900316014793227,0.00812655905778146,0.001841839462895826,1839.0003333333334,50
v27,seed1,74,1607.5666666666666,6.666666666666667,-2.358833333333317,0.7204015851020813,0.8055555555555556,58,60,3290.539483388265,4403.78076171875,72,1616.5921666666666,0.9944169592145122,0.004123901379785234,0.0014591394057025002,1611.8745000000001,50
v27,seed1,75,2058.5,15.833333333333334,-3.5564999999999616,0.6655430793762207,0.7466666666666667,56,60,2874.009906005859,4605.42041015625,75,2077.8898333333336,0.9906684979048054,0.007619909910206179,0.0017115921849882936,2070.7768333333333,50
v27,seed1,76,2015.7666666666667,16.666666666666668,-3.413166666666629,0.5919833183288574,0.8333333333333334,60,60,3022.2386866675483,4703.9228515625,72,2035.8465,0.9901368628070272,0.008186602804615509,0.0016765343883571914,2029.0201666666667,50
v27,seed1,77,1823.8833333333334,15.0,-3.1466666666666336,0.5783025622367859,0.7631578947368421,58,60,3021.0416605096116,4316.18994140625,76,1842.03,0.9901485498788475,0.008143189850328171,0.0017082602708243806,1835.736666666667,50
v27,seed1,78,1582.9333333333334,7.5,-2.4056666666666486,0.6361219882965088,0.8309859154929577,59,60,3308.122154343296,4316.41845703125,71,1592.839,0.9937811249808257,0.004708573810661342,0.0015103012085130065,1588.0276666666668,50
v27,seed1,79,2211.383333333333,16.666666666666668,-3.916666666666623,0.5535579919815063,0.7746478873239436,55,60,2981.3994282467265,4317.31103515625,71,2231.9666666666662,0.9907779387386313,0.007467256082080081,0.0017548051792887992,2224.133333333333,50
v27,seed1,80,1942.7166666666667,11.666666666666666,-3.06699999999997,0.6342718601226807,0.7272727272727273,56,60,2955.1606825791396,4720.77783203125,77,1957.4503333333334,0.9924730316699393,0.005960134194975743,0.0015668341350848936,1951.3163333333334,50
v27,seed1,81,2043.6166666666666,17.5,-3.463166666666628,0.6014173030853271,0.5567010309278351,54,60,2347.125303445403,4368.3291015625,97,2064.579833333333,0.9898462794568612,0.00847630094872411,0.0016774195944146318,2057.6535000000003,50
v27,seed1,82,2040.65,17.5,-3.5058333333332956,0.5670148134231567,0.6436781609195402,56,60,2588.5826254658314,4317.62841796875,87,2061.6558333333332,0.9898111833247306,0.008488322695309232,0.0017004939799602646,2054.644166666667,50
v27,seed1,83,1946.7166666666667,15.0,-3.2716666666666328,0.5404727458953857,0.7435897435897436,58,60,2946.854631668482,4453.892578125,78,1964.9883333333332,0.9907013866918634,0.007633633108932793,0.0016649801992038797,1958.4450000000002,50
v27,seed1,84,2059.5833333333335,15.0,-3.267166666666635,0.5256583094596863,0.7037037037037037,57,60,2840.9059286235292,4317.3603515625,81,2077.8505,0.9912086232062093,0.007218998671944877,0.0015723781218459339,2071.316166666667,50
v27,seed1,85,2158.383333333333,16.666666666666668,-3.6449999999999596,0.5141575336456299,0.7215189873417721,57,60,2793.4308000395567,4317.47802734375,79,2178.6949999999997,0.990677140826657,0.0076498393151251875,0.0016730198582178598,2171.4049999999997,50
v27,seed1,86,2178.9666666666667,18.333333333333332,-3.6284999999999616,0.5244974493980408,0.7307692307692307,57,60,2882.0780052771934,4319.71826171875,78,2200.9285,0.9900215598401614,0.008329817771605635,0.0016486223882329488,2193.6715000000004,50
v27,seed1,87,2147.2833333333333,16.666666666666668,-3.708833333333291,0.4955863952636719,0.717948717948718,56,60,2807.524086389786,4443.4345703125,78,2167.658833333333,0.9906002274496919,0.007688786819389554,0.0017109857309187378,2160.2411666666667,50
v27,seed1,88,2098.016666666667,16.666666666666668,-3.5018333333332965,0.49581480026245117,0.7125,57,60,2770.518524169922,4317.85107421875,80,2118.1851666666666,0.9904784056099598,0.007868370966309131,0.0016532234237311941,2111.1815,50
v27,seed1,89,2110.7833333333333,20.0,-3.7829999999999546,0.4625101089477539,0.5913978494623656,55,60,2401.4986874159945,4871.49658203125,93,2134.566333333333,0.9888581583862702,0.00936958467285861,0.0017722569408711846,2127.0003333333334,50
v27,seed1,90,2051.85,19.166666666666668,-3.4431666666666283,0.47458142042160034,0.5773195876288659,56,60,2474.3297860057082,4550.4365234375,97,2074.459833333333,0.9891008575003342,0.009239352991409253,0.0016597895082567096,2067.5735,50
v27,seed1,91,2012.25,15.0,-3.3376666666666295,0.4629114270210266,0.625,55,60,2671.609433260831,4708.89892578125,88,2030.5876666666666,0.9909692809782653,0.007387024084817483,0.0016436949369172584,2023.9123333333334,50
v27,seed1,92,1858.25,14.166666666666666,-3.010333333333304,0.48363661766052246,0.6590909090909091,58,60,2710.9317522915926,4706.01953125,88,1875.4270000000001,0.9908410191385748,0.007553835295464268,0.001605145565960874,1869.4063333333334,50
v27,seed1,93,2049.5333333333333,13.333333333333334,-3.193833333333303,0.4418520927429199,0.5888888888888889,53,60,2713.9437325371637,4360.19970703125,90,2066.0605,0.9920006376063689,0.006453505758100178,0.0015458566355309067,2059.6728333333335,50
v27,seed1,94,2117.2,16.666666666666668,-3.464999999999963,0.43821144104003906,0.6551724137931034,57,60,2636.6232113893006,4365.52099609375,87,2137.3316666666665,0.9905809346389073,0.007797885057614675,0.0016211803034780735,2130.401666666666,50
v27,seed1,95,2013.1833333333334,13.333333333333334,-3.4648333333332957,0.37520885467529297,0.5384615384615384,49,60,2518.5517299777857,4405.76953125,91,2029.9814999999999,0.9917249656380285,0.006568204357198987,0.001706830004772603,2023.0518333333334,50
v27,seed1,96,1877.0,14.166666666666666,-3.209166666666633,0.4580799341201782,0.6588235294117647,56,60,2764.29250201057,4440.80126953125,85,1894.3758333333333,0.9908276736708793,0.007478276705915889,0.001694049623204811,1887.9575000000002,50
v27,seed1,97,2115.5833333333335,19.166666666666668,-3.750166666666624,0.3812491297721863,0.6904761904761905,58,60,2634.6117448352634,4368.8525390625,84,2138.5001666666667,0.9892836887784515,0.008962667838619917,0.0017536433829285604,2130.9998333333333,50
v27,seed1,98,2309.2166666666667,20.833333333333332,-4.164333333333285,0.42824649810791016,0.6588235294117647,56,60,2447.2145154167624,4369.529296875,85,2334.2143333333333,0.9892907577895946,0.008925201527480409,0.0017840406829249832,2325.885666666667,50
v27,seed1,99,2018.3666666666666,17.5,-3.288499999999966,0.37101972103118896,0.45217391304347826,52,60,2100.188121762483,4367.6181640625,115,2039.1551666666664,0.9898053368670409,0.008581985464405154,0.0016126776685540603,2032.5781666666667,50
v27,seed1,100,1914.6333333333334,14.166666666666666,-3.233999999999968,0.38514846563339233,0.5684210526315789,54,60,2537.730105751439,4368.89990234375,95,1932.034,0.9909936022519963,0.007332514162104117,0.0016738835858996104,1925.5660000000003,50
v27,seed1,101,2102.733333333333,18.333333333333332,-3.349666666666631,0.3756355941295624,0.5094339622641509,54,60,2338.248445043024,4454.7451171875,106,2124.416333333333,0.9897934318900767,0.008629821304643832,0.0015767468052793627,2117.717,50
v27,seed1,102,2233.45,21.666666666666668,-4.197499999999946,0.3800509572029114,0.5252525252525253,52,60,2255.618746054293,4710.21923828125,99,2259.314166666666,0.988552204448474,0.009589930867663752,0.0018578646838623726,2250.9191666666666,50
v27,seed1,103,2070.9666666666667,16.666666666666668,-3.3146666666666325,0.36359238624572754,0.5510204081632653,54,60,2529.1348037719727,4370.4892578125,98,2090.948,0.990443887971708,0.00797086616533107,0.0015852458629610265,2084.3186666666666,50
v27,seed1,104,2158.016666666667,15.833333333333334,-3.680666666666624,0.33700141310691833,0.5842696629213483,52,60,2537.890380516481,4875.05517578125,89,2177.530666666667,0.9910384729369291,0.007271233225647644,0.0016902938374231654,2170.1693333333337,50
v27,seed1,105,1916.05,16.666666666666668,-3.6696666666666213,0.34317657351493835,0.41739130434782606,48,60,2083.083270130987,4454.70068359375,115,1936.3863333333334,0.989497791332618,0.008607097860464829,0.0018951108069171223,1929.047,50
v27,seed1,106,2140.516666666667,18.333333333333332,-3.5706666666666282,0.3461238443851471,0.5670103092783505,55,60,2382.9546798234132,4718.4892578125,97,2162.420666666667,0.9898706110528602,0.008478153032820316,0.0016512359143194591,2155.279333333334,50
v27,seed1,107,2272.6666666666665,21.666666666666668,-4.122666666666615,0.3778938055038452,0.43103448275862066,50,60,1882.8078575134277,4317.837890625,116,2298.4559999999997,0.9887797141501368,0.009426617984710898,0.0017936678651523524,2290.2106666666664,50
v27,seed1,108,2248.0833333333335,17.5,-3.7078333333332925,0.32729092240333557,0.37398373983739835,46,60,1950.2831275753858,4379.08154296875,123,2269.291166666667,0.9906544238814073,0.0077116591546537985,0.0016339169639388682,2261.8755,50
v27,seed1,109,2114.15,18.333333333333332,-3.9029999999999543,0.33556830883026123,0.5252525252525253,52,60,2230.7227453366672,4368.45947265625,99,2136.3863333333334,0.989591614125972,0.0085814691131863,0.0018269167608417677,2128.580333333334,50
v27,seed1,110,2299.4666666666667,21.666666666666668,-4.290999999999945,0.3675260543823242,0.3728813559322034,44,60,1863.0241564734508,4707.52099609375,118,2325.4243333333334,0.9888374494518778,0.009317295925775841,0.001845254622346321,2316.842333333333,50
v27,seed1,111,2068.5833333333335,18.333333333333332,-3.5146666666666273,0.27416756749153137,0.34146341463414637,42,60,2002.1083117229182,4875.3564453125,123,2090.4313333333334,0.9895485684453639,0.008770119850863314,0.001681311703772759,2083.4020000000005,50
v27,seed1,112,1895.5166666666667,14.166666666666666,-3.1758333333333018,0.3408089280128479,0.33064516129032256,41,60,2078.9668725536717,4378.33154296875,124,1912.8591666666666,0.9909337287855745,0.007406016560724326,0.0016602546537011838,1906.5075000000002,50
v27,seed1,113,2164.2166666666667,19.166666666666668,-3.6653333333332934,0.2849900424480438,0.46226415094339623,49,60,2233.332867460431,4367.65966796875,106,2187.0486666666666,0.9895603603394896,0.008763712924540926,0.0016759267359695823,2179.718,50
v27,seed1,114,2240.15,21.666666666666668,-4.060833333333282,0.2782933712005615,0.41025641025641024,48,60,1974.7437381581362,4367.35888671875,117,2265.8775,0.9886456792125788,0.009562152705372055,0.0017921680820491318,2257.755833333333,50
v27,seed1,115,2310.7,21.666666666666668,-4.205333333333282,0.2819461226463318,0.43243243243243246,48,60,1949.0240297059754,4403.8037109375,111,2336.5719999999997,0.9889273688120889,0.009272843578826876,0.0017997876090842836,2328.161333333333,50
v27,seed1,116,1876.7666666666667,17.5,-3.7236666666666207,0.32073158025741577,0.42201834862385323,46,60,1995.5483469831834,4373.62109375,109,1897.9903333333332,0.9888178215168291,0.009220278782593027,0.0019618997005780084,1890.5430000000001,50
v27,seed1,117,2271.0333333333333,19.166666666666668,-4.2273333333332825,0.2988608479499817,0.35135135135135137,39,60,1891.5312032613667,4318.5283203125,111,2294.427333333333,0.9898039917585827,0.008353573193717765,0.0018424350476996074,2285.9726666666666,50
v27,seed1,118,1930.1,17.5,-3.635499999999955,0.23643094301223755,0.24822695035460993,35,60,1786.1311574083693,4880.53662109375,141,1951.2354999999998,0.9891681450035119,0.008968676512906823,0.0018631784835812773,1943.9645,50
v27,seed1,119,2114.65,15.833333333333334,-4.000999999999954,0.29588040709495544,0.3050847457627119,36,60,1862.6985043024613,4614.0908203125,118,2134.4843333333333,0.9907076697525539,0.007417872825801954,0.0018744574216442071,2126.482333333334,50
v27,seed1,120,2316.366666666667,21.666666666666668,-4.07266666666662,0.2913467288017273,0.368,46,60,1893.0296586914062,4363.33203125,125,2342.1059999999998,0.9890101757421171,0.009250933419181998,0.0017388908387009896,2333.960666666667,50
v27,seed1,121,2168.7,15.0,-3.70333333333329,0.24611826241016388,0.34146341463414637,42,60,2016.9880131667223,4428.22509765625,123,2187.403333333333,0.9914495269124274,0.006857445890942229,0.0016930271966303838,2179.9966666666664,50
v27,seed1,122,1793.9,11.666666666666666,-3.32266666666663,0.2505325675010681,0.20270270270270271,30,60,1653.7274320447766,4365.939453125,148,1808.8893333333335,0.9917135155495047,0.006449629864955806,0.0018368545855393932,1802.2440000000001,50
v27,seed1,123,1996.7666666666667,15.833333333333334,-3.9828333333332844,0.25165534019470215,0.2318840579710145,32,60,1643.5529142739117,4315.8876953125,138,2016.5828333333332,0.9901733931584099,0.007851566060969312,0.001975040780620856,2008.6171666666667,50
v27,seed1,124,2182.25,18.333333333333332,-4.915833333333264,0.33257484436035156,0.2894736842105263,33,60,1671.6169368007727,4443.173828125,114,2205.499166666667,0.9894585466101966,0.008312555094292712,0.002228898295510546,2195.6675,50
v27,seed1,125,1793.7,16.666666666666668,-3.7321666666666213,0.29476818442344666,0.336,42,60,1845.6103764648437,4712.3994140625,125,1814.0988333333335,0.9887553903026047,0.009187298045962767,0.002057311651432417,1806.6345000000001,50
v27,seed1,126,1974.8666666666666,15.0,-3.4958333333332945,0.2504473924636841,0.24489795918367346,36,60,1752.8646245424438,4708.72021484375,147,1993.3625,0.9907212896132372,0.007524973505822448,0.0017537368809402679,1986.3708333333332,50
v27,seed1,127,2080.366666666667,19.166666666666668,-4.0513333333332815,0.29902318120002747,0.2446043165467626,34,60,1734.9672252188484,4458.09033203125,139,2103.5846666666666,0.9889626501048845,0.009111431058792658,0.0019259188363228616,2095.482,50
v27,seed1,128,1729.2666666666667,13.333333333333334,-3.237333333333295,0.26911014318466187,0.24161073825503357,36,60,1815.7487797065069,4709.58935546875,149,1745.8373333333332,0.9905084704340535,0.007637214005428532,0.001854315560518026,1739.3626666666667,50
v27,seed1,129,1960.45,16.666666666666668,-3.5794999999999586,0.28233590722084045,0.33076923076923076,43,60,1917.092903958834,4403.79248046875,130,1980.6961666666668,0.9897782572575282,0.008414549867441388,0.001807192875030366,1973.5371666666667,50
v27,seed1,130,1744.4,15.0,-3.377666666666628,0.24200791120529175,0.21568627450980393,33,60,1757.0588017881307,4706.81982421875,153,1762.7776666666666,0.9895745975149448,0.008509297731440135,0.0019161047536151534,1756.0223333333336,50
v27,seed1,131,2084.866666666667,16.666666666666668,-4.086666666666616,0.27738213539123535,0.22377622377622378,32,60,1755.4932839987162,4450.9013671875,143,2105.62,0.9901438372862468,0.007915325019075934,0.001940837694677395,2097.4466666666667,50
v27,seed1,132,2092.516666666667,19.166666666666668,-3.8063333333332876,0.2903684079647064,0.3488372093023256,45,60,1908.3546775403872,4712.10986328125,129,2115.489666666667,0.9891405756492311,0.009060156127761752,0.001799268223007134,2107.877,50
v27,seed1,133,1770.3,10.833333333333334,-3.619499999999958,0.2618628144264221,0.2318840579710145,32,60,1846.706703407177,4707.47119140625,138,1784.7528333333332,0.9919020532908526,0.006069934800495718,0.002028011908651754,1777.5138333333332,50
v27,seed1,134,1680.1166666666666,10.833333333333334,-2.990833333333301,0.23617686331272125,0.2413793103448276,35,60,1893.0396277065936,4367.81982421875,145,1693.940833333333,0.9918390498684282,0.006395343402883514,0.0017656067286883602,1687.9591666666665,50
v27,seed1,135,2257.766666666667,19.166666666666668,-4.115166666666616,0.271268755197525,0.3,39,60,1834.309639094426,4404.7939453125,130,2281.0485,0.9897933633005467,0.00840256867254978,0.0018040680269036874,2272.818166666667,50
v27,seed1,136,2066.016666666667,16.666666666666668,-3.558499999999961,0.2575909495353699,0.38461538461538464,45,60,2072.6824914655117,4319.6181640625,117,2086.2418333333335,0.9903054543612754,0.00798884693057716,0.0017056987081475105,2079.1248333333333,50
v27,seed1,137,2166.15,19.166666666666668,-3.770499999999955,0.23286226391792297,0.2949640287769784,41,60,1783.8031377998188,4707.2919921875,139,2189.0871666666667,0.9895220405034885,0.008755552066869883,0.0017224074296416953,2181.5461666666665,50
v27,seed1,138,1906.7,15.833333333333334,-3.3476666666666284,0.24892182648181915,0.2229299363057325,35,60,1627.9502199986937,4403.818359375,157,1925.8809999999999,0.990040402288615,0.008221345624850827,0.0017382520865342297,1919.1856666666667,50
v27,seed1,139,1983.3166666666666,17.5,-3.732833333333288,0.23778808116912842,0.31496062992125984,40,60,1809.0573814572313,4316.54736328125,127,2004.5494999999999,0.9894076782173086,0.008730141111506601,0.0018621806711848663,1997.0838333333334,50
v27,seed1,140,2172.95,20.0,-4.039333333333283,0.23467190563678741,0.2642857142857143,37,60,1743.7766521998815,4406.353515625,140,2196.989333333333,0.9890580564190269,0.009103366910596442,0.0018385766703767716,2188.9106666666667,50
v27,seed1,141,2148.2833333333333,15.0,-4.199666666666615,0.27361732721328735,0.26356589147286824,34,60,1793.5995181771211,4435.4013671875,129,2167.4829999999997,0.991141952824236,0.006920469503105677,0.0019375776726583856,2159.083666666667,50
v27,seed1,142,2162.4,15.0,-5.388333333333259,0.3133087754249573,0.2616822429906542,28,60,1694.3896283301237,4366.1787109375,107,2182.7883333333334,0.9906595005012702,0.006871944370846769,0.002468555127883033,2172.0116666666668,50
v27,seed1,143,2212.9,13.333333333333334,-5.816499999999918,0.2964467406272888,0.22772277227722773,23,60,1746.093227575321,4403.80224609375,101,2232.0498333333335,0.9914205171195775,0.0059735822803836745,0.0026059006000388363,2220.4168333333337,50
v27,seed1,144,2168.65,10.833333333333334,-5.3891666666665925,0.2963070869445801,0.19642857142857142,22,60,1743.792338507516,4342.45263671875,112,2184.8725,0.9925750816123138,0.004958336622998978,0.0024665817646872265,2174.094166666667,50
v27,seed1,145,2171.2,5.0,-5.73349999999992,0.32919514179229736,0.12037037037037036,13,60,1729.3372298346626,4366.0498046875,108,2181.9334999999996,0.9950807391700985,0.0022915455489362995,0.0026277152809652178,2170.4665,50
v27,seed1,146,2006.9666666666667,4.166666666666667,-5.7241666666665845,0.41734686493873596,0.12280701754385964,14,60,1622.9373182330214,4374.68212890625,114,2016.8575,0.9950959186093548,0.002065920208376976,0.0028381611822682487,2005.4091666666668,50
v27,seed1,147,1979.1333333333334,0.8333333333333334,-5.866999999999915,0.4110143184661865,0.08181818181818182,9,60,1614.704119873047,4612.9912109375,110,1985.8336666666667,0.9966259342633766,0.0004196390399263047,0.0029544266966971123,1974.0996666666667,50
v27,seed1,148,2056.4666666666667,3.3333333333333335,-5.935499999999915,0.3219737410545349,0.05042016806722689,6,60,1584.9289055832294,4195.51708984375,119,2065.7355000000002,0.9955130589887555,0.0016136302703484223,0.0028733107408958768,2053.8645,50
v27,seed1,149,1910.4666666666667,4.166666666666667,-5.519499999999924,0.3359612822532654,0.06349206349206349,8,60,1567.7742473057338,4283.849609375,126,1920.1528333333333,0.9949555230716444,0.0021699661580757853,0.0028745107702797916,1909.1138333333336,50
v27,seed1,150,1621.5166666666667,,-5.108833333333263,0.30889996886253357,0.013986013986013986,2,60,1537.0412529365167,3546.682373046875,143,1626.6254999999999,0.9968592442862028,0.0,0.003140755713797222,1616.4078333333334,50
v27,seed1,151,1613.35,1.6666666666666667,-4.429499999999939,0.2561168372631073,0.024390243902439025,4,60,1508.1531002695967,3716.75048828125,164,1619.4461666666666,0.9962356472279567,0.0010291584252517605,0.002735194346791566,1610.5871666666667,50
v27,seed1,152,1672.1166666666666,3.3333333333333335,-4.364999999999944,0.17687371373176575,0.0223463687150838,4,60,1421.7052602075332,3444.4423828125,179,1679.8149999999998,0.9954171540715298,0.0019843454983634115,0.002598500430106854,1671.0849999999998,50
v27,seed1,153,1653.6666666666667,3.3333333333333335,-3.989666666666618,0.24232959747314453,0.0223463687150838,4,60,1520.6352026742263,3949.75048828125,179,1660.9896666666666,0.9955911826864667,0.002006835683705839,0.0024019816298274893,1653.0103333333334,50
v27,seed1,154,1497.9166666666667,3.3333333333333335,-4.314499999999942,0.1801435947418213,0.04938271604938271,8,60,1511.6926196063007,4144.5556640625,162,1505.5645,0.994920288480943,0.002214008986883879,0.0028657025321731098,1496.9355,50
v27,seed1,155,1386.85,0.8333333333333334,-3.9011666666666174,0.20334021747112274,0.030303030303030304,5,60,1476.0871437766334,3982.542236328125,165,1391.5844999999997,0.9965977631972763,0.0005988377517379171,0.00280339905098585,1383.7821666666666,50
v27,seed1,156,1690.8,7.5,-4.4953333333332735,0.1981191188097,0.09722222222222222,14,60,1620.2088578542073,4158.7646484375,144,1702.7953333333332,0.9929555049285625,0.00440452228942762,0.0026399727820097816,1693.8046666666667,50
v27,seed1,157,1533.4333333333334,2.5,-4.370833333333274,0.17725780606269836,0.05,7,60,1655.347037615095,4354.76171875,140,1540.3041666666666,0.9955393009497584,0.0016230560522407643,0.0028376429980008977,1531.5625000000002,50
v27,seed1,158,1784.75,5.0,-4.626999999999937,0.1934104561805725,0.09774436090225563,13,60,1677.1576245530207,4297.47119140625,133,1794.377,0.9946349067113545,0.002786482439309019,0.002578610849336531,1785.123,50
v27,seed1,159,1520.55,3.3333333333333335,-4.111999999999945,0.1743469387292862,0.06,9,60,1597.5802264404297,4068.962646484375,150,1527.995333333333,0.9951273847694999,0.002181507535145178,0.002691107695355055,1519.7713333333334,50
v27,seed1,160,1674.7166666666667,5.833333333333333,-4.26816666666661,0.17227092385292053,0.055900621118012424,9,60,1493.9777481363426,3608.5732421875,161,1684.8181666666665,0.994004397507189,0.0034622925184112354,0.002533309974399776,1676.2818333333335,50
v27,seed1,161,1864.05,5.0,-4.199999999999948,0.1714596152305603,0.06289308176100629,10,60,1566.4675069365112,4285.15234375,159,1873.25,0.9950887494995329,0.002669157880688643,0.002242092619778432,1864.85,50
v27,seed1,162,1858.4666666666667,8.333333333333334,-4.168333333333279,0.18957510590553284,0.08536585365853659,14,60,1546.3867779243283,4154.13427734375,164,1870.9683333333332,0.9933180768247459,0.004454021580625363,0.0022279015946287772,1862.6316666666667,50
v27,seed1,163,1674.95,6.666666666666667,-4.127333333333282,0.21408703923225403,0.05232558139534884,9,60,1469.0696127248366,4298.78955078125,172,1685.7440000000001,0.993596892529352,0.003954732549347153,0.0024483749213007914,1677.4893333333334,50
v27,seed1,164,1669.9333333333334,7.5,-3.720499999999956,0.15234893560409546,0.05813953488372093,10,60,1477.8693862737612,4149.103515625,172,1681.1538333333333,0.993325714888475,0.004461221722422189,0.002213063389102875,1673.7128333333335,50
v27,seed1,165,1628.0333333333333,7.5,-3.944333333333284,0.14666834473609924,0.0880503144654088,14,60,1549.6099298825054,4159.39404296875,159,1639.4776666666667,0.9930195247144772,0.004574627732043925,0.002405847553478893,1631.589,50
v27,seed1,166,1811.85,11.666666666666666,-3.8318333333332864,0.20136505365371704,0.09239130434782608,17,60,1332.256690979004,4301.0498046875,184,1827.3484999999998,0.9915185855352715,0.0063844782025249515,0.0020969362622035624,1819.6848333333335,50
v27,seed1,167,1841.4166666666667,10.0,-3.5404999999999607,0.1566399335861206,0.12269938650306748,20,60,1619.7652827537863,4595.26220703125,163,1854.9571666666668,0.9927003705296699,0.005390960060802841,0.0019086694095272246,1847.8761666666667,50
v27,seed1,168,1336.6333333333334,5.833333333333333,-2.93749999999997,0.16817879676818848,0.06532663316582915,13,60,1441.3744591947775,4048.6923828125,199,1345.4041666666667,0.9934808932879525,0.004335747932003084,0.002183358780044388,1339.5291666666667,50
v27,seed1,169,1496.1,9.166666666666666,-3.7051666666666194,0.2131965309381485,0.08484848484848485,14,60,1536.7794389204546,4054.922607421875,165,1508.9718333333333,0.991469798806715,0.0060747765227780375,0.0024554246705068513,1501.5615,50
v27,seed1,170,1563.3,10.833333333333334,-3.134666666666632,0.19013532996177673,0.08163265306122448,16,60,1439.818158830915,3805.0126953125,196,1577.2679999999998,0.9911441809508594,0.006868416358750279,0.0019874026903903665,1570.9986666666666,50
v27,seed1,171,1403.25,5.833333333333333,-3.319333333333296,0.23819021880626678,0.04568527918781726,9,60,1336.9109122958885,3715.75048828125,197,1412.4026666666666,0.9935197894462581,0.004130078108037179,0.002350132445704787,1405.764,50
v27,seed1,172,1312.5,5.0,-2.8659999999999672,0.19754497706890106,0.07027027027027027,13,60,1488.2878871608425,4362.79833984375,185,1320.366,0.9940425609262886,0.0037868288035287187,0.0021706102701826366,1314.634,50
v27,seed1,173,1346.85,5.0,-2.739166666666638,0.25361889600753784,0.06701030927835051,13,60,1464.8021730246003,4266.5732421875,194,1354.5891666666666,0.9942867056247681,0.003691156051619587,0.0020221383236122426,1349.1108333333332,50
v27,seed1,174,1717.1666666666667,7.5,-3.0438333333333025,0.18897056579589844,0.08376963350785341,16,60,1398.9942537477502,4052.11279296875,191,1727.7105000000001,0.9938972221715772,0.004341005046852467,0.0017617727815703512,1721.6228333333333,50
v27,seed1,175,1841.0833333333333,15.0,-3.7071666666666214,0.19934797286987305,0.15,24,60,1520.6422218322755,4550.04736328125,160,1859.7904999999998,0.9899412505512494,0.008065424573359204,0.0019933248753914064,1852.3761666666667,50
v27,seed1,176,1849.8166666666666,11.666666666666666,-3.6069999999999576,0.18962660431861877,0.12422360248447205,20,60,1569.6318323360467,4144.56591796875,161,1865.0903333333333,0.9918107630532998,0.006255282362552234,0.0019339545841479122,1857.8763333333334,50
v27,seed1,177,1603.6,9.166666666666666,-2.8334999999999715,0.2009580284357071,0.08376963350785341,16,60,1500.5930294016894,3566.212890625,191,1615.6001666666666,0.9925723165209709,0.005673846076396171,0.0017538374026329151,1609.9331666666667,50
v27,seed1,178,1641.4833333333333,9.166666666666666,-3.0099999999999683,0.18080341815948486,0.1301775147928994,22,60,1600.6680110051082,4604.4599609375,169,1653.66,0.9926365355232232,0.0055432595979020265,0.0018202048788747193,1647.64,50
v27,seed1,179,1505.0833333333333,13.333333333333334,-3.334166666666627,0.22283008694648743,0.13690476190476192,23,60,1517.2341373080299,4145.1142578125,168,1521.750833333333,0.9890471556611602,0.008761837379203014,0.0021910069596369278,1515.0825,50
v27,seed1,180,1745.8333333333333,15.833333333333334,-3.4263333333332926,0.2044714242219925,0.18181818181818182,30,60,1560.9690693248401,4437.5537109375,165,1765.0929999999998,0.9890885824901766,0.008970254447404945,0.0019411630624184067,1758.2403333333332,50
v27,seed1,181,1538.1833333333334,5.833333333333333,-2.6696666666666418,0.15556810796260834,0.08743169398907104,16,60,1584.9258885618117,4139.1435546875,183,1546.6863333333333,0.9945024405939666,0.003771503767516749,0.0017260556385166493,1541.347,50
v27,seed1,182,1885.8833333333334,13.333333333333334,-3.9683333333332858,0.14997674524784088,0.1958041958041958,28,60,1643.366453370848,4137.61328125,143,1903.185,0.9909090988702273,0.007005799926614246,0.00208510120315854,1895.2483333333334,50
v27,seed1,183,1588.6333333333334,8.333333333333334,-3.6413333333332925,0.1366720199584961,0.12025316455696203,19,60,1532.9481646380848,4433.30224609375,158,1600.608,0.9925186762363636,0.0052063549184643175,0.0022749688451721424,1593.3253333333334,50
v27,seed1,184,1520.1166666666666,6.666666666666667,-4.8473333333332675,0.12247439473867416,0.07194244604316546,10,60,1447.5121689391651,3763.97265625,139,1531.6306666666665,0.9924825218960533,0.004352659431385983,0.0031648186725607053,1521.9360000000001,50
v27,seed1,185,1561.25,8.333333333333334,-4.667166666666606,0.09405335783958435,0.10344827586206896,15,60,1417.1818881330819,3909.402099609375,145,1574.2504999999999,0.9917417844237624,0.0052935243363958495,0.002964691239841821,1564.9161666666666,50
v27,seed1,186,1689.3833333333334,9.166666666666666,-4.589166666666608,0.15466612577438354,0.09271523178807947,14,60,1392.4616288949321,4142.5849609375,151,1703.1391666666668,0.9919232476109067,0.005382218227420248,0.0026945341616729933,1693.9608333333335,50
v27,seed1,187,1411.45,6.666666666666667,-4.639999999999941,0.1492912769317627,0.10294117647058823,14,60,1484.2774851181928,3734.942626953125,136,1422.7566666666667,0.9920529863387274,0.004685739187071109,0.00326127447420145,1413.476666666667,50
v27,seed1,188,1289.5833333333333,2.5,-4.837666666666604,0.10290500521659851,0.034013605442176874,5,60,1331.9771371439201,4602.02734375,147,1296.9209999999998,0.9943422408406783,0.001927642470127325,0.003730116689194334,1287.2456666666667,50
v27,seed1,189,1107.6333333333334,4.166666666666667,-6.0164999999999145,0.09483743458986282,0.07,7,60,1304.1440325927733,4266.19287109375,100,1117.8165000000001,0.9908901267187712,0.003727505066052135,0.005382368215176564,1105.7835000000002,50
v27,seed1,190,1164.4333333333334,3.3333333333333335,-6.339333333333242,0.11294044554233551,0.08421052631578947,8,60,1198.6503303929378,4133.3974609375,95,1174.106,0.9917616751241655,0.002839039518862295,0.005399285356972234,1161.4273333333333,50
v27,seed1,191,1118.95,5.0,-4.872499999999934,0.09879880398511887,0.08527131782945736,11,60,1233.362063030864,4135.01318359375,129,1128.8225,0.9912541608623145,0.004429394346763996,0.004316444790921455,1119.0775,50
v27,seed1,192,1075.5833333333333,1.6666666666666667,-4.485333333333275,0.13769643008708954,0.02564102564102564,4,60,1222.291386726575,3441.383056640625,156,1081.7353333333333,0.9943128417733728,0.0015407342399835328,0.004146423986643629,1072.7646666666667,50
v27,seed1,193,1270.7833333333333,3.3333333333333335,-3.3136666666666303,0.16236436367034912,0.03723404255319149,7,60,1374.4526834690826,3607.423095703125,188,1277.4303333333332,0.9947965851236246,0.002609405183479021,0.0025940096928964663,1270.8029999999999,50
v27,seed1,194,1335.0333333333333,5.0,-3.2413333333332965,0.13603457808494568,0.0427807486631016,8,60,1478.2126393037684,4141.2734375,187,1343.2746666666667,0.993864744465267,0.0037222469269129373,0.002413008607820066,1336.792,50
v27,seed1,195,1232.1333333333334,2.5,-4.099666666666615,0.16600781679153442,0.01675977653631285,3,60,1298.1637349048806,3619.75048828125,179,1238.733,0.9946722444088706,0.0020181911679110834,0.003309564423218414,1230.533666666667,50
v27,seed1,196,1042.35,0.8333333333333334,-2.6411666666666407,0.12182368338108063,0.004405286343612335,1,60,1208.6816551443765,3270.7255859375,227,1045.8244999999997,0.9966777408637876,0.0007968194791127322,0.0025254396570998684,1040.5421666666666,50
v27,seed1,197,966.8166666666667,,-3.035499999999965,0.12640661001205444,0.005,1,60,1338.4620333099365,3441.242919921875,200,969.8521666666667,0.9968701415490643,0.0,0.003129858450935699,963.7811666666668,50
v27,seed1,198,1196.2333333333333,0.8333333333333334,-2.555499999999976,0.11910219490528107,0.0044444444444444444,1,60,1266.8915083821614,3360.824462890625,225,1199.6221666666665,0.9971750827656432,0.0006946631668610103,0.0021302540674959544,1194.5111666666667,50
v27,seed1,199,1157.7333333333333,1.6666666666666667,-2.8039999999999696,0.135639488697052,0.00980392156862745,2,60,1385.468162611419,3654.75048828125,204,1162.204,0.9961532857685341,0.001434056901083344,0.002412657330382592,1156.5960000000002,50
v27,seed1,200,1157.1666666666667,2.5,-2.740666666666637,0.11004412174224854,0.014423076923076924,3,60,1377.2774169628437,3781.67236328125,208,1162.4073333333333,0.995491540257546,0.002150709074443784,0.002357750668010213,1156.9260000000002,50
v27,seed1,201,1027.2333333333333,0.8333333333333334,-2.8751666666666345,0.09966689348220825,0.015228426395939087,3,60,1354.2831211767825,3949.07177734375,197,1030.9418333333333,0.9964028038439285,0.0008083223576629202,0.002788873798408576,1025.1915,50
v27,seed1,202,978.6166666666667,1.6666666666666667,-3.0771666666666344,0.0845198705792427,0.009433962264150943,2,60,1298.7212876373867,3270.85546875,212,983.3604999999999,0.9951758959879584,0.0016948684299060892,0.00312923558213558,977.2061666666667,50
v27,seed1,203,1293.4333333333334,3.3333333333333335,-3.4586666666666255,0.10365822911262512,0.025510204081632654,5,60,1300.9021333188427,3621.702392578125,196,1300.2253333333333,0.9947762900584413,0.002563658196681806,0.00266005174487701,1293.308,50
v27,seed1,204,1054.5,0.8333333333333334,-4.018499999999949,0.10186611115932465,0.01694915254237288,3,60,1266.8499319647665,4315.35986328125,177,1059.3518333333332,0.9954199981718382,0.0007866445378313879,0.0037933572903304704,1051.3148333333334,50
v27,seed1,205,1188.7166666666667,1.6666666666666667,-3.3484999999999605,0.09748142957687378,0.010050251256281407,2,60,1326.578911709426,3386.8935546875,199,1193.7318333333335,0.995798749328262,0.0013961818057684925,0.002805068865969445,1187.0348333333334,50
v27,seed1,206,1107.75,2.5,-3.3694999999999573,0.1142822653055191,0.015228426395939087,3,60,1305.565802482179,3426.052734375,197,1113.6195,0.9947293487587098,0.0022449319538675465,0.0030257192874226404,1106.8805,50
v27,seed1,207,1447.6833333333334,4.166666666666667,-5.021833333333264,0.17249174416065216,0.04081632653061224,6,60,1372.9229627336774,3620.791748046875,147,1456.8718333333334,0.9936929935840845,0.0028600090765248053,0.0034469973393907085,1446.828166666667,50
v27,seed1,208,1293.4333333333334,4.166666666666667,-4.021499999999949,0.16110515594482422,0.0335195530726257,6,60,1319.7129152606985,3651.75048828125,179,1301.6215000000002,0.9937092567488577,0.003201135404314285,0.003089607846827936,1293.5785,50
v27,seed1,209,1145.9166666666667,2.5,-4.670166666666604,0.1202944666147232,0.01775147928994083,3,60,1301.500385984161,3620.75048828125,169,1153.0868333333333,0.9937817634722798,0.00216809344078019,0.004050143086940059,1143.7465000000002,50
v27,seed1,210,1194.7833333333333,1.6666666666666667,-4.882499999999934,0.0998508483171463,0.02054794520547945,3,60,1277.002097247398,3442.03076171875,146,1201.3325,0.994548414642352,0.0013873483541539638,0.004064237003493982,1191.5675,50
v27,seed1,211,1065.0166666666667,,-3.91566666666662,0.08447756618261337,0.0,0,60,1278.9443052455358,3068.75048828125,175,1068.9323333333332,0.9963368432738338,0.0,0.003663156726166284,1061.101,50
v27,seed1,212,1294.7333333333333,,-5.538999999999922,0.09329783171415329,0.0,0,60,1212.6882532683896,2805.19482421875,142,1300.2723333333333,0.9957401231588152,0.0,0.004259876841184749,1289.1943333333334,50
v27,seed1,213,1020.6666666666666,1.6666666666666667,-4.552833333333272,0.08896131813526154,0.01818181818181818,3,60,1226.6213051535867,3619.75048828125,165,1026.8861666666664,0.9939433403605108,0.001623029621751324,0.0044336300177380316,1017.7805,50
v27,seed1,214,1094.8,,-4.906166666666602,0.08105991035699844,0.0,0,60,1252.0248623657226,2543.75048828125,150,1099.7061666666666,0.995538656765436,0.0,0.0044613432345639616,1089.8938333333333,50
v27,seed1,215,1217.8833333333334,,-5.327166666666593,0.11607250571250916,0.0,0,60,1294.219736619429,2865.081787109375,132,1223.2105000000001,0.9956449305604663,0.0,0.004355069439533582,1212.5561666666667,50
v27,seed1,216,1205.0333333333333,1.6666666666666667,-4.786166666666602,0.10304025560617447,0.012269938650306749,2,60,1286.2241041499412,3269.3740234375,163,1211.4861666666666,0.9946736219439568,0.0013757207573012597,0.003950657298741974,1201.9138333333335,50
v27,seed1,217,1025.9166666666667,3.3333333333333335,-4.558833333333273,0.0629250779747963,0.03225806451612903,5,60,1250.8636809318295,4039.8115234375,155,1033.8088333333333,0.9923659322573017,0.003224322743099023,0.00440974499959932,1024.6911666666667,50
v27,seed1,218,989.6666666666666,,-4.32116666666661,0.06368058919906616,0.0,0,60,1291.412544077093,2309.986572265625,176,993.9878333333332,0.9956526966208675,0.0,0.004347303379132518,985.3455,50
v27,seed1,219,1248.35,,-4.713333333333268,0.10567761957645416,0.0,0,60,1289.1058917575413,2900.264892578125,162,1253.0633333333333,0.99623855139006,0.0,0.0037614486099398553,1243.6366666666665,50
v27,seed1,220,1085.3166666666666,1.6666666666666667,-3.692333333333286,0.08608109503984451,0.016483516483516484,3,60,1326.6200455047272,4133.35595703125,182,1090.6756666666665,0.995086531987664,0.0015281047497468698,0.0033853632625891715,1083.2910000000002,50
v27,seed1,221,1150.0166666666667,0.8333333333333334,-4.946666666666598,0.09043539315462112,0.013157894736842105,2,60,1295.362910923205,3441.15185546875,152,1155.7966666666664,0.9949991203758449,0.0007210034060200903,0.004279876218135196,1145.9033333333334,50
v27,seed1,222,1085.85,0.8333333333333334,-4.265333333333278,0.07477313280105591,0.005649717514124294,1,60,1305.4477667512194,3265.75048828125,177,1090.9486666666664,0.9953263917703431,0.0007638611777028313,0.0039097470519541214,1082.418,50
v27,seed1,223,1189.8333333333333,1.6666666666666667,-4.241499999999948,0.06858241558074951,0.023121387283236993,4,60,1306.0798921088951,3443.462158203125,173,1195.7414999999999,0.995058993380537,0.00139383526177411,0.003547171357688889,1187.2585000000001,50
v27,seed1,224,1052.4333333333334,0.8333333333333334,-4.260999999999944,0.0707813948392868,0.011904761904761904,2,60,1357.2678025563557,3598.881591796875,168,1057.5276666666666,0.9951827895440404,0.0007880014486618633,0.004029209007297786,1049.0056666666667,50
v27,seed1,225,997.5666666666667,1.6666666666666667,-3.7963333333332865,0.08939267694950104,0.0223463687150838,4,60,1307.0284625857903,4109.578125,179,1003.0296666666667,0.9945535010762394,0.0016616324741474911,0.0037848664496131085,995.437,50
v27,seed1,226,1122.1333333333334,3.3333333333333335,-4.083166666666614,0.05639123171567917,0.022727272727272728,4,60,1358.143827091564,3341.1728515625,176,1129.5498333333333,0.9934341099603251,0.0029510281308232087,0.0036148619088518428,1121.3835000000001,50
v27,seed1,227,1005.0,,-4.765333333333266,0.11907827854156494,0.0,0,60,1249.8204662322999,2947.464111328125,160,1009.7653333333333,0.9952807516994048,0.0,0.004719248300595187,1000.2346666666667,50
v27,seed1,228,1209.9333333333334,1.6666666666666667,-4.778499999999935,0.0876518115401268,0.018404907975460124,3,60,1277.9574716018021,3599.55322265625,163,1216.3785,0.9947013477575717,0.0013701875416793922,0.003928464700748932,1206.8215000000002,50
v27,seed1,229,1032.3833333333334,2.5,-3.2503333333332973,0.09863417595624924,0.01904761904761905,4,60,1280.3967133294968,3619.75048828125,210,1038.1336666666668,0.9944608931219839,0.00240816773434121,0.003130939143674784,1031.633,50
v27,seed1,230,1072.0833333333333,0.8333333333333334,-3.436833333333292,0.09044498950242996,0.020833333333333332,4,60,1333.4088663260143,3440.603271484375,192,1076.3534999999997,0.996032746986314,0.0007742190027099216,0.0031930340109762203,1069.4798333333333,50
v27,seed1,231,970.85,,-5.222499999999926,0.07190711796283722,0.006622516556291391,1,60,1220.8723609368533,3586.002685546875,151,976.0725,0.994649475320737,0.0,0.005350524679262992,965.6275,50
v27,seed1,232,1033.4166666666667,2.5,-4.440833333333274,0.049991436302661896,0.03067484662576687,5,60,1268.4465883407124,4365.85791015625,163,1040.3575,0.9933284151521632,0.002403020115681388,0.004268564732155316,1031.4758333333334,50
v27,seed1,233,1214.1833333333334,3.3333333333333335,-3.4226666666666272,0.0721534714102745,0.03664921465968586,7,60,1284.9877003774593,4099.75048828125,191,1220.9393333333333,0.9944665555318338,0.0027301383797939185,0.002803306088372363,1214.094,50
v27,seed1,234,961.0166666666667,1.6666666666666667,-3.7254999999999545,0.11102408170700073,0.0335195530726257,6,60,1277.6135903470342,3442.182861328125,179,966.4088333333333,0.9944204083399486,0.0017245979229287538,0.003854993737122596,958.9578333333333,50
v27,seed1,235,1021.2333333333333,,-3.762499999999955,0.08596592396497726,0.0047169811320754715,1,60,1145.5710849402085,3602.55322265625,212,1024.9958333333334,0.9963292533709486,0.0,0.003670746629051293,1017.4708333333334,50
v27,seed1,236,944.4833333333333,0.8333333333333334,-3.372666666666627,0.07096443325281143,0.005235602094240838,1,60,1260.0086285656034,3270.23486328125,191,948.6893333333334,0.9955665149251529,0.0008784048729686009,0.0035550802018784796,941.9440000000001,50
v27,seed1,237,1074.1166666666666,,-3.341666666666628,0.08551619946956635,0.005291005291005291,1,60,1359.9300834211722,3511.022705078125,189,1077.4583333333333,0.9968985652964152,0.0,0.00310143470358479,1070.7749999999999,50
v27,seed1,238,990.1,,-3.5313333333332926,0.10360487550497055,0.0,0,60,1224.4139896890392,2929.97265625,184,993.6313333333333,0.9964460326331631,0.0,0.003553967366836888,986.5686666666668,50
v27,seed1,239,885.6,1.6666666666666667,-3.300333333333293,0.06531178206205368,0.009523809523809525,2,60,1167.6348223005023,3684.75048828125,210,890.5669999999999,0.9944226543314542,0.0018714669044178225,0.0037058787641281268,883.9663333333334,50
v27,seed1,240,1113.3833333333334,,-3.006499999999967,0.09621980041265488,0.0,0,60,1257.1197286068814,3029.586181640625,206,1116.3898333333334,0.997306944303655,0.0,0.0026930556963449897,1110.3768333333335,50
v27,seed1,241,1144.9666666666667,1.6666666666666667,-3.4136666666666273,0.08958931267261505,0.010101010101010102,2,60,1166.9652254509203,3270.294921875,198,1150.047,0.9955824993819093,0.0014492161334855591,0.0029682844846050877,1143.2196666666669,50
v27,seed1,242,1122.05,3.3333333333333335,-3.290833333333297,0.09643106162548065,0.02072538860103627,4,60,1192.1022576841049,3308.493408203125,193,1128.6741666666665,0.9941310195074016,0.002953317646294436,0.00291566284630415,1122.0925,50
v27,seed1,243,1322.7833333333333,3.3333333333333335,-3.9653333333332834,0.11079055070877075,0.021621621621621623,4,60,1233.3850835026922,3430.75048828125,185,1330.0819999999999,0.9945126190214839,0.00250611115204426,0.0029812698264718145,1322.1513333333332,50
v27,seed1,244,1021.2166666666667,2.5,-2.7314999999999703,0.09636206179857254,0.02242152466367713,5,60,1146.130743394518,3442.4130859375,223,1026.4481666666666,0.9949032984130227,0.0024355832872872784,0.0026611182996900515,1020.9851666666667,50
v27,seed1,245,1087.7166666666667,1.6666666666666667,-3.7074999999999547,0.08490770310163498,0.015228426395939087,3,60,1202.6180728970446,3709.83251953125,197,1093.0908333333334,0.9950835131877573,0.0015247284268080801,0.0033917583854345327,1085.6758333333335,50
v27,seed1,246,950.5,,-4.017333333333281,0.04622693359851837,0.0056179775280898875,1,60,1201.254824863391,3440.03271484375,178,954.5173333333332,0.9957912410879916,0.0,0.004208758912008528,946.4826666666668,50
v27,seed1,247,872.0666666666667,0.8333333333333334,-3.467166666666626,0.04868048429489136,0.010416666666666666,2,60,1229.9183507760365,3444.6923828125,192,876.3671666666667,0.9950928102243296,0.0009508952012693311,0.0039562945744011325,869.4328333333335,50
v27,seed1,248,1386.8,5.0,-3.9873333333332814,0.09424662590026855,0.04371584699453552,8,60,1256.161577652061,4312.48828125,183,1395.7873333333332,0.9935611012374856,0.0035822076046924055,0.002856691157822,1387.8126666666667,50
v27,seed1,249,1086.3666666666666,0.8333333333333334,-2.8836666666666337,0.10148156434297562,0.004347826086956522,1,60,1232.488256769595,3271.345947265625,230,1090.0836666666664,0.99659016999001,0.0007644673145883912,0.0026453626954016382,1084.3163333333332,50
v27,seed2,0,471.1333333333333,42.5,-3.368999999999963,1.776741623878479,0.926829268292683,114,60,696.4999214730611,1594.82373046875,123,517.0023333333332,0.9112789303981221,0.08220465800605672,0.0065164115958212246,510.26433333333335,90
v27,seed2,1,622.5166666666667,41.666666666666664,-2.9461666666666404,1.7520997524261475,1.0,134,60,926.5057126558744,1704.1849365234375,91,667.1294999999999,0.9331271764577443,0.06245663947804238,0.004416184064213381,661.2371666666667,90
v27,seed2,2,658.4833333333333,27.5,-2.338333333333314,1.7126507759094238,0.376,94,60,500.8465599975586,1916.8248291015625,250,688.3216666666667,0.956650596983484,0.039952251006675654,0.0033971520098403317,683.645,90
v27,seed2,3,564.7,19.166666666666668,-2.3409999999999793,1.6830888986587524,0.27155172413793105,63,60,567.3267687435808,2383.363525390625,232,586.2076666666667,0.9633104991803246,0.03269603547775732,0.003993465341918045,581.5256666666667,90
v27,seed2,4,619.9333333333333,13.333333333333334,-1.999666666666652,1.6515393257141113,0.34104046242774566,59,60,785.9611042551911,3171.860595703125,173,635.2663333333333,0.9758636666301116,0.02098857224712575,0.0031477611227626614,631.267,90
v27,seed2,5,721.5833333333334,11.666666666666666,-1.7609999999999852,1.627772331237793,0.07954545454545454,42,60,414.54154806651854,3073.162109375,528,735.011,0.9817313391681668,0.015872778321231473,0.0023958825106018622,731.489,90
v27,seed2,6,776.6833333333333,11.666666666666666,-1.7888333333333195,1.5875442028045654,0.0328515111695138,25,60,352.4227190706952,2964.762451171875,761,790.1388333333332,0.9829707142183663,0.014765337652686776,0.002263948128946942,786.5611666666666,90
v27,seed2,7,619.8166666666667,6.666666666666667,-1.2316666666666574,1.648542881011963,0.015479876160990712,10,60,383.6026119580579,2816.892578125,646,627.715,0.9874173258033768,0.010620531079656638,0.001962143116966549,625.2516666666667,90
v27,seed2,8,402.5,2.5,-0.733166666666664,1.6276352405548096,0.011308562197092083,7,60,354.56618862121286,3058.95263671875,619,405.73316666666665,0.9920312980739805,0.006161685081204848,0.0018070168448146684,404.26683333333335,90
v27,seed2,9,411.3333333333333,2.5,-0.9149999999999937,1.6297134160995483,0.010067114093959731,6,60,365.34794644861415,3268.8935546875,596,414.74833333333333,0.9917660910833477,0.006027751769145144,0.0022061571475071075,412.9183333333333,90
v27,seed2,10,480.53333333333336,4.166666666666667,-1.0346666666666577,1.5964105129241943,0.013605442176870748,8,60,391.73561346612007,3219.75048828125,588,485.7346666666667,0.9892918218725724,0.00857807142994392,0.0021301066974836556,483.66533333333336,90
v27,seed2,11,416.85,0.8333333333333334,-0.8113333333333315,1.5675733089447021,0.006276150627615063,3,60,561.5460125711672,3252.55224609375,478,418.49466666666666,0.9960700415138705,0.001991263926899905,0.0019386945592297427,416.872,90
v27,seed2,12,447.51666666666665,2.5,-0.8704999999999957,1.5425995588302612,0.0078125,4,60,534.7960281074047,3187.423095703125,512,450.88716666666664,0.9925247373418997,0.005544624431167739,0.0019306382269325972,449.14616666666666,90
v27,seed2,13,511.43333333333334,1.6666666666666667,-0.8926666666666634,1.5178622007369995,0.008385744234800839,4,60,598.0836062321373,3167.002685546875,477,513.9926666666667,0.9950206812289151,0.00324258841565833,0.0017367303554265952,512.2073333333334,90
v27,seed2,14,908.85,7.5,-1.7101666666666537,1.4630383253097534,0.029953917050691243,13,60,625.0758874427338,3195.19287109375,434,918.0601666666666,0.9899677962283155,0.008169399209674166,0.0018628045620103554,914.6398333333334,90
v27,seed2,15,691.1166666666667,1.6666666666666667,-1.1778333333333286,1.3853130340576172,0.01646090534979424,8,60,585.6439434230833,3561.422119140625,486,693.9611666666666,0.9959010674708745,0.0024016713711406045,0.0016972611579850585,691.6055,90
v27,seed2,16,883.3333333333334,5.0,-1.5204999999999909,1.369264006614685,0.03009259259259259,13,60,650.8900809144014,3347.14306640625,432,889.8538333333333,0.9926723920763766,0.005618900332507792,0.0017087075911156092,886.8128333333334,90
v27,seed2,17,886.2333333333333,6.666666666666667,-1.7738333333333178,1.3027479648590088,0.03783783783783784,14,60,722.0452915062775,3689.392578125,370,894.6738333333333,0.9905658356313466,0.007451505138837376,0.0019826592298161374,891.1261666666667,90
v27,seed2,18,864.8166666666667,5.0,-1.6933333333333205,1.3163976669311523,0.04472843450479233,14,60,827.8176268860935,3641.54150390625,313,871.51,0.9923198433370435,0.005737168821929754,0.001942987841026862,868.1233333333334,90
v27,seed2,19,824.6666666666666,4.166666666666667,-1.4608333333333259,1.2881240844726562,0.02040816326530612,8,60,774.6222755568368,3791.011962890625,392,830.2941666666666,0.9932222816612185,0.005018301746469374,0.0017594165923121537,827.3725,90
v27,seed2,20,1274.0,6.666666666666667,-2.219666666666649,1.3260072469711304,0.03761755485893417,12,60,890.120566508613,4012.482177734375,319,1282.8863333333334,0.9930731717203316,0.005196615236631772,0.0017302130430365348,1278.4470000000001,90
v27,seed2,21,902.6666666666666,1.6666666666666667,-1.4081666666666606,1.2973201274871826,0.01812688821752266,6,60,991.7242326534766,4305.23681640625,331,905.7415,0.9966051756120997,0.0018401129534935375,0.001554711434406683,902.9251666666665,90
v27,seed2,22,848.0166666666667,1.6666666666666667,-1.3086666666666604,1.3373310565948486,0.024390243902439025,8,60,998.4809122550778,3986.71142578125,328,850.992,0.9965036882446212,0.0019584986306177576,0.001537813124761056,848.3746666666666,90
v27,seed2,23,1039.8833333333334,4.166666666666667,-1.615166666666656,1.304518461227417,0.025559105431309903,8,60,1016.1250818270845,4290.49267578125,313,1045.665166666667,0.9944706646853653,0.003984704472798892,0.0015446308418357523,1042.4348333333335,90
v27,seed2,24,1247.4166666666667,5.833333333333333,-2.0588333333333186,1.3286107778549194,0.04044117647058824,11,60,1098.032323108,4311.28759765625,272,1255.3088333333333,0.993712968110238,0.004646930841587057,0.0016401010481749858,1251.1911666666667,90
v27,seed2,25,1322.5,3.3333333333333335,-2.070999999999987,1.3218196630477905,0.028112449799196786,7,60,1198.87753865805,4130.07373046875,249,1327.9043333333332,0.9959301787051428,0.002510220992325502,0.0015596003025318242,1323.7623333333333,90
v27,seed2,26,1314.0333333333333,6.666666666666667,-2.191999999999983,1.2921830415725708,0.04918032786885246,12,60,1238.8310174160317,4082.721435546875,244,1322.892,0.9933035601797677,0.005039464042920107,0.0016569757773121183,1318.508,90
v27,seed2,27,1456.4666666666667,10.833333333333334,-2.588666666666641,1.2635008096694946,0.08558558558558559,19,60,1273.232373005635,4157.0830078125,222,1469.8886666666665,0.9908686961778966,0.007370172706957853,0.001761131115145665,1464.7113333333334,90
v27,seed2,28,1557.2333333333333,9.166666666666666,-2.763666666666641,1.2551966905593872,0.06167400881057269,14,60,1250.2911525507855,3921.741455078125,227,1569.1636666666668,0.9923970114865859,0.005841753069735023,0.0017612354436790049,1563.6363333333334,90
v27,seed2,29,1628.0833333333333,12.5,-3.1078333333332973,1.2664934396743774,0.11052631578947368,21,60,1374.725001766807,4317.5078125,190,1643.6911666666665,0.9905044003095879,0.007604834930973956,0.0018907647594382628,1637.4755,90
v27,seed2,30,1452.4833333333333,10.0,-2.543333333333308,1.2107484340667725,0.11764705882352941,24,60,1338.1513024124445,4303.7197265625,204,1465.0266666666666,0.9914381535717212,0.006825814319648334,0.0017360321086305425,1459.94,90
v27,seed2,31,1572.95,10.0,-2.9148333333333007,1.2163152694702148,0.08762886597938144,17,60,1416.4441954622564,4267.1044921875,194,1585.8648333333333,0.9918562836744493,0.00630570764280142,0.0018380086827492134,1580.0351666666668,90
v27,seed2,32,1837.0166666666667,12.5,-3.326166666666629,1.1818184852600098,0.12790697674418605,22,60,1503.4875237220942,4142.0947265625,172,1852.8428333333334,0.9914584408445508,0.006746389804423958,0.0017951693510251656,1846.1905,90
v27,seed2,33,1903.8166666666666,15.833333333333334,-3.5104999999999587,1.1581708192825317,0.2054794520547945,30,60,1673.3350932500134,4260.9736328125,146,1923.1604999999997,0.9899416438028271,0.008232975528216878,0.001825380668956106,1916.1395,90
v27,seed2,34,1947.6333333333334,17.5,-3.950999999999949,1.2140717506408691,0.2318840579710145,32,60,1634.922961027726,4158.43310546875,138,1969.0843333333335,0.9891061039708304,0.008887379633139125,0.002006516396030413,1961.1823333333334,90
v27,seed2,35,1917.2,17.5,-3.5651666666666246,1.0949721336364746,0.17791411042944785,29,60,1563.1546446443335,4154.31298828125,163,1938.2651666666666,0.9891319479765024,0.009028692410592945,0.00183935961290468,1931.1348333333335,90
v27,seed2,36,1737.5333333333333,15.833333333333334,-3.4263333333332895,1.063014268875122,0.1962025316455696,31,60,1578.0940641572204,4154.873046875,158,1756.793,0.9890370313026825,0.00901263457523643,0.0019503341220811386,1749.9403333333332,90
v27,seed2,37,1702.3333333333333,15.833333333333334,-3.276166666666626,1.0591291189193726,0.23129251700680273,34,60,1659.795001386785,4304.140625,147,1721.442833333333,0.988899137612954,0.009197710796282616,0.0019031515907634224,1714.8905,90
v27,seed2,38,1962.1333333333334,17.5,-3.787499999999952,1.0034172534942627,0.25,35,60,1679.089684840611,4159.94384765625,140,1983.4208333333333,0.9892672802250322,0.00882314015558137,0.0019095796193865156,1975.8458333333335,90
v27,seed2,39,2243.7166666666667,19.166666666666668,-4.452833333333275,1.0610557794570923,0.30833333333333335,37,60,1743.5707959493002,4154.763671875,120,2267.3361666666665,0.9895827092835889,0.008453385496357437,0.0019639052200537276,2258.4305,90
v27,seed2,40,2157.55,24.166666666666668,-4.560333333333272,1.0807485580444336,0.3305785123966942,40,60,1773.8922020778184,4156.86376953125,121,2186.277,0.9868603109304083,0.01105379906876698,0.002085890000824814,2177.1563333333334,90
v27,seed2,41,2028.7333333333333,20.833333333333332,-4.156999999999944,1.034391164779663,0.4368932038834951,45,60,2003.2113552649043,4319.54931640625,103,2053.7236666666668,0.9878316962798143,0.01014417551468706,0.0020241282054985705,2045.4096666666667,90
v27,seed2,42,2029.9166666666667,20.0,-3.9804999999999477,1.0164467096328735,0.4144144144144144,46,60,1938.541775127789,4280.26123046875,111,2053.897166666667,0.9883243911188996,0.009737585856091625,0.0019380230250086103,2045.936166666667,90
v27,seed2,43,1909.9833333333333,14.166666666666666,-3.348499999999962,0.9730534553527832,0.411214953271028,44,60,2127.7494382769146,4319.23779296875,107,1927.4985000000001,0.9909130063309171,0.007349767933239204,0.0017372257358436137,1920.8015,90
v27,seed2,44,1793.3833333333334,13.333333333333334,-3.459499999999957,1.0328459739685059,0.46534653465346537,47,60,2109.8009187301786,4305.14892578125,101,1810.1761666666666,0.9907230944465166,0.007365765597215815,0.0019111399562675845,1803.2571666666668,90
v27,seed2,45,1954.3,20.0,-3.8519999999999475,0.9973897337913513,0.5591397849462365,52,60,2198.424099173597,4315.197265625,93,1978.1519999999998,0.9879422814829195,0.01011044651776001,0.0019472719993205516,1970.448,90
v27,seed2,46,1854.85,15.0,-3.2736666666666285,0.9459742307662964,0.4,44,60,2160.988478088379,4315.57958984375,110,1873.1236666666666,0.9902442817888336,0.008008013708295823,0.0017477045028704966,1866.5763333333332,90
v27,seed2,47,2020.9833333333333,19.166666666666668,-3.66883333333329,0.9505782723426819,0.5151515151515151,51,60,2181.428815591215,4319.11083984375,99,2043.8188333333335,0.9888270429709481,0.009377869679088484,0.0017950873499632378,2036.4811666666667,90
v27,seed2,48,1759.6833333333334,17.5,-3.2173333333332974,0.8920714855194092,0.54,54,60,2273.7033337402345,4317.9873046875,100,1780.4006666666667,0.9883636679533933,0.009829248172976795,0.001807083873629923,1773.9660000000001,90
v27,seed2,49,1769.2333333333333,16.666666666666668,-3.2374999999999603,0.924994945526123,0.6385542168674698,53,60,2633.8624922051486,4322.1884765625,83,1789.1375,0.9888749933045019,0.009315475566672024,0.0018095311288260183,1782.6625000000001,90
v27,seed2,50,1414.3333333333333,10.0,-2.3096666666666463,0.883699357509613,0.5463917525773195,53,60,2506.596360983308,4340.7421875,97,1426.6429999999998,0.9913715858370549,0.007009462072852144,0.0016189520900930692,1422.0236666666667,90
v27,seed2,51,1751.0333333333333,16.666666666666668,-3.200999999999962,0.8357114791870117,0.51,51,60,2326.1539042663576,4317.0673828125,100,1770.901,0.988781040460948,0.009411405079485903,0.001807554459566041,1764.499,90
v27,seed2,52,2110.4333333333334,21.666666666666668,-4.0929999999999485,0.8121556043624878,0.6923076923076923,54,60,2581.6273428109976,4321.68994140625,78,2136.1929999999998,0.9879413205329919,0.010142654089151434,0.0019160253778567522,2128.007,90
v27,seed2,53,1781.8,15.833333333333334,-3.206333333333297,0.8533205389976501,0.6043956043956044,55,60,2412.95236155751,4303.13232421875,91,1800.8396666666665,0.989427339357807,0.00879219490019378,0.0017804657419992214,1794.427,90
v27,seed2,54,1911.8833333333334,20.0,-3.718333333333287,0.8351800441741943,0.6436781609195402,56,60,2390.1200214254445,4314.0087890625,87,1935.6016666666667,0.9877462735531847,0.010332704473458295,0.0019210219733570976,1928.1650000000002,90
v27,seed2,55,1746.55,11.666666666666666,-2.6573333333333107,0.7635965943336487,0.4854368932038835,50,60,2403.618414573299,4321.38818359375,103,1760.874,0.9918654032031821,0.0066254977168534865,0.0015090990799644442,1755.5593333333334,90
v27,seed2,56,2014.8166666666666,18.333333333333332,-3.5574999999999606,0.8587564826011658,0.7341772151898734,58,60,2637.110610189317,4394.1337890625,79,2036.7074999999998,0.9892518521519005,0.009001456190117302,0.001746691657982288,2029.5925,90
v27,seed2,57,1920.2,17.5,-3.465999999999958,0.8221707344055176,0.5934065934065934,54,60,2373.8605997274212,4594.79736328125,91,1941.166,0.9891992750748777,0.00901520014259471,0.0017855247825275932,1934.2340000000002,90
v27,seed2,58,1661.15,13.333333333333334,-2.783499999999972,0.8178643584251404,0.6292134831460674,56,60,2588.958541355776,4318.720703125,89,1677.2668333333334,0.9903910141111517,0.007949440761810807,0.001659545127037512,1671.6998333333333,90
v27,seed2,59,1880.2833333333333,14.166666666666666,-3.367833333333295,0.7889477014541626,0.5376344086021505,50,60,2378.2410544118575,4406.76708984375,93,1897.8178333333333,0.9907607043774047,0.007464713639972646,0.0017745819826226533,1891.0821666666668,90
v27,seed2,60,1915.75,18.333333333333332,-3.4596666666666254,0.8350051045417786,0.7195121951219512,59,60,2563.5720488385455,4320.10986328125,82,1937.543,0.9887522496274922,0.009462155592589859,0.0017855947799179815,1930.6236666666666,90
v27,seed2,61,1642.2333333333333,12.5,-2.7579999999999725,0.8137872219085693,0.6626506024096386,55,60,2805.539844191218,4447.1064453125,83,1657.4913333333334,0.9907945220025283,0.007541517562484992,0.001663960434986672,1651.9753333333333,90
v27,seed2,62,1712.7,14.166666666666666,-3.095999999999967,0.79266357421875,0.8169014084507042,58,60,3029.5500363631986,4368.08251953125,71,1729.9626666666668,0.9900213646228974,0.008189001381147337,0.0017896339959551921,1723.7706666666668,90
v27,seed2,63,1817.0666666666666,16.666666666666668,-3.3306666666666276,0.7313485145568848,0.5257731958762887,51,60,2387.609777076957,4296.74169921875,97,1837.064,0.9891145146095436,0.009072447485044977,0.001813037905411367,1830.4026666666666,90
v27,seed2,64,2175.4,20.833333333333332,-4.101333333333282,0.7297284007072449,0.7333333333333333,55,60,2681.76583597819,4320.296875,75,2200.3346666666666,0.9886677844764221,0.00946825664701915,0.0018639588765587548,2192.1320000000005,90
v27,seed2,65,1845.4166666666667,16.666666666666668,-3.248999999999964,0.7257014513015747,0.7073170731707317,58,60,2627.5886187669707,4610.63134765625,82,1865.3323333333335,0.9893232608952435,0.008934958328247852,0.001741780776508617,1858.8343333333335,90
v27,seed2,66,1994.85,17.5,-3.393833333333296,0.6786119937896729,0.6547619047619048,55,60,2689.4164761134557,4316.767578125,84,2015.7438333333332,0.9896346782821197,0.00868165870613685,0.0016836630117434547,2008.9561666666666,90
v27,seed2,67,1756.4666666666667,12.5,-2.99899999999997,0.6923031806945801,0.7333333333333333,55,60,3019.3361977132163,4317.16796875,75,1771.9656666666667,0.9912532165314716,0.007054312752861841,0.0016924707156665958,1765.9676666666667,90
v27,seed2,68,1903.2833333333333,16.666666666666668,-3.2794999999999646,0.7100268602371216,0.7702702702702703,57,60,2974.190253592826,4404.791015625,74,1923.2295,0.9896288161830574,0.008665979107884247,0.0017052047090583649,1916.6705000000002,90
v27,seed2,69,1571.5666666666666,10.0,-2.5943333333333096,0.7123630046844482,0.6666666666666666,54,60,2978.5184940291037,4314.0810546875,81,1584.1609999999998,0.9920498400520318,0.006312489702751173,0.0016376702452170645,1578.9723333333334,90
v27,seed2,70,1837.4166666666667,14.166666666666666,-3.1776666666666347,0.6307913064956665,0.611764705882353,52,60,2756.023111141429,4352.9501953125,85,1854.7610000000002,0.9906487502522786,0.007638001158460127,0.0017132485892611686,1848.4056666666668,90
v27,seed2,71,1786.0166666666667,15.0,-2.9821666666666355,0.7079527974128723,0.725,58,60,2837.6904376983643,4319.98974609375,80,1803.9988333333333,0.990032051942384,0.008314861253143825,0.0016530868044722325,1798.0345,90
v27,seed2,72,1935.2833333333333,17.5,-3.542166666666625,0.6502479314804077,0.7837837837837838,58,60,2862.660495654957,4403.79052734375,74,1956.3255,0.9892440359916248,0.008945341662213165,0.0018106223461620396,1949.2411666666667,90
v27,seed2,73,1917.7,15.833333333333334,-3.3726666666666287,0.6355113387107849,0.8260869565217391,57,60,3115.2854972507644,4358.02001953125,69,1936.906,0.9900841858097399,0.00817454916931092,0.0017412650209491988,1930.1606666666667,90
v27,seed2,74,1940.6833333333334,18.333333333333332,-3.584666666666624,0.6207925081253052,0.8142857142857143,57,60,2992.120756312779,4435.31494140625,70,1962.6013333333333,0.9888321690056259,0.009341343563746347,0.0018264874306277643,1955.432,90
v27,seed2,75,2170.7166666666667,20.833333333333332,-4.156833333333281,0.6334747672080994,0.8405797101449275,58,60,2757.474639892578,4403.7900390625,69,2195.7068333333336,0.988618623266418,0.009488212641623906,0.001893164091957911,2187.3931666666667,90
v27,seed2,76,2070.616666666667,18.333333333333332,-3.75933333333329,0.6188899874687195,0.7432432432432432,55,60,2846.5255753800675,4403.79638671875,74,2092.7093333333337,0.9894430314259282,0.008760573215455305,0.0017963953586164329,2085.190666666667,90
v27,seed2,77,2335.55,20.833333333333332,-4.266166666666615,0.5604333877563477,0.7777777777777778,56,60,2729.6990252600776,4319.248046875,72,2360.6495000000004,0.9893675448218805,0.00882525480099156,0.0018072003771278263,2352.117166666667,90
v27,seed2,78,2305.3333333333335,20.833333333333332,-4.344499999999945,0.521915078163147,0.726027397260274,53,60,2714.9731696141907,4403.77734375,73,2330.511166666667,0.9891964330858172,0.008939383613051412,0.0018641833011312657,2321.822166666667,90
v27,seed2,79,1998.3,15.833333333333334,-3.684499999999957,0.5954777002334595,0.8769230769230769,57,60,3087.2216139573316,4403.791015625,65,2017.817833333333,0.9903272569947057,0.007846760530992765,0.0018259824743016317,2010.4488333333334,90
v27,seed2,80,2373.5,24.166666666666668,-4.487833333333275,0.5760547518730164,0.8787878787878788,58,60,2809.7674648400507,4404.791015625,66,2402.1544999999996,0.9880713334633556,0.010060413127742895,0.0018682534089015821,2393.1788333333334,90
v27,seed2,81,2081.483333333333,18.333333333333332,-3.784333333333288,0.5678862929344177,0.7432432432432432,55,60,2852.735283516549,4319.54833984375,74,2103.601,0.9894858071151958,0.008715214212834721,0.0017989786719692983,2096.032333333333,90
v27,seed2,82,2114.25,17.5,-4.025666666666618,0.5378962159156799,0.8208955223880597,55,60,2935.8793239308825,4403.79248046875,67,2135.7756666666664,0.9899213821926055,0.008193744442885465,0.0018848733645090777,2127.7243333333336,90
v27,seed2,83,1857.45,15.0,-3.193666666666634,0.5524166226387024,0.7105263157894737,54,60,3036.578961824116,4353.9609375,76,1875.6436666666666,0.9903000409992588,0.007997254631343445,0.0017027043693977947,1869.2563333333335,90
v27,seed2,84,1996.9333333333334,18.333333333333332,-3.614333333333292,0.5294972658157349,0.8405797101449275,58,60,3059.655305724213,4403.77685546875,69,2018.8809999999999,0.9891287962655221,0.009080938070809192,0.001790265663668781,2011.6523333333334,90
v27,seed2,85,2202.8166666666666,21.666666666666668,-4.1618333333332815,0.5477442145347595,0.72,54,60,2762.6544563802086,4404.78759765625,75,2228.6451666666662,0.9884106719246695,0.009721900547799185,0.0018674275275314648,2220.3215,90
v27,seed2,86,2345.35,24.166666666666668,-4.6353333333332705,0.5264886617660522,0.7681159420289855,53,60,2760.7027048304462,4404.79248046875,69,2374.1519999999996,0.9878685105250212,0.010179073061314808,0.0019524164136640245,2364.8813333333333,90
v27,seed2,87,2336.133333333333,23.333333333333332,-4.50999999999994,0.5301389098167419,0.8235294117647058,56,60,2796.690486459171,4403.791015625,68,2363.9766666666665,0.9882218239604734,0.009870373791055468,0.0019078022484711244,2354.956666666667,90
v27,seed2,88,1929.4333333333334,15.0,-3.5483333333332956,0.5191018581390381,0.8333333333333334,55,60,3169.806579127456,4318.32958984375,66,1947.9816666666668,0.9904781786960691,0.007700277808911617,0.0018215434950191842,1940.885,90
v27,seed2,89,2605.8333333333335,25.833333333333332,-5.143666666666599,0.5446330308914185,0.9344262295081968,57,60,2773.869192154681,4403.80517578125,61,2636.8103333333333,0.9882520939756633,0.009797190570273603,0.0019507154540630968,2626.5230000000006,90
v27,seed2,90,2543.3333333333335,25.833333333333332,-4.8548333333332705,0.5284087061882019,0.7638888888888888,55,60,2559.703476376004,4403.791015625,72,2574.0215000000003,0.9880777349114346,0.010036176206505395,0.0018860888820599478,2564.3118333333337,90
v27,seed2,91,2469.05,23.333333333333332,-5.0071666666666,0.500220537185669,0.9016393442622951,55,60,2826.357466400647,4404.79541015625,61,2497.3905000000004,0.9886519549105355,0.009343085646130763,0.0020049594433335914,2487.376166666667,90
v27,seed2,92,2534.633333333333,22.5,-5.414166666666591,0.4772549271583557,1.0,55,60,2891.043416149211,4870.0146484375,53,2562.5474999999997,0.989106868588127,0.008780325047633264,0.002112806364239723,2551.7191666666668,90
v27,seed2,93,2562.5666666666666,23.333333333333332,-5.296499999999926,0.48743078112602234,0.9655172413793104,56,60,2697.7276784962623,4404.166015625,58,2591.1965,0.9889511145398145,0.009004849046891401,0.0020440364132939845,2580.6035,90
v27,seed2,94,2554.7166666666667,24.166666666666668,-4.9289999999999345,0.41347959637641907,0.9032258064516129,56,60,2854.4373296922254,4404.80029296875,62,2583.8123333333333,0.9887392492514614,0.009353104463082136,0.001907646285456465,2573.954333333333,90
v27,seed2,95,2781.516666666667,27.5,-5.641999999999922,0.4552484452724457,1.0,59,60,2959.538289794922,4404.12841796875,50,2814.6586666666667,0.9882252152303608,0.00977027883546803,0.002004505934171268,2803.374666666667,90
v27,seed2,96,2373.266666666667,21.666666666666668,-4.733166666666603,0.4707537293434143,0.9166666666666666,55,60,2942.056001281738,4405.1533203125,60,2399.6665,0.988998540699996,0.009029032437076848,0.0019724268629272455,2390.200166666667,90
v27,seed2,97,2759.9666666666667,28.333333333333332,-5.761666666666584,0.450537770986557,1.0,57,60,2828.6171904343823,4405.8017578125,52,2794.061666666667,0.9877973344658939,0.010140554044082777,0.0020621114900231563,2782.5383333333334,90
v27,seed2,98,2245.7,18.333333333333332,-4.141333333333283,0.3658779561519623,0.7605633802816901,54,60,2818.3074267750053,4404.787109375,71,2268.174666666667,0.9900912980834514,0.008082857816358644,0.0018258441001897927,2259.892,90
v27,seed2,99,2288.2833333333333,18.333333333333332,-4.699833333333274,0.43424466252326965,0.9821428571428571,55,60,3099.3458862304688,4404.802734375,56,2311.3165,0.9900346115875232,0.007931987390447537,0.0020334010220293386,2301.9168333333337,90
v27,seed2,100,2492.383333333333,23.333333333333332,-4.883166666666602,0.44386106729507446,1.0,57,60,3223.139393356611,4404.80615234375,53,2520.599833333333,0.9888056407737338,0.009257055810591117,0.0019373034156750396,2510.8335,90
v27,seed2,101,2442.6,22.5,-4.904833333333267,0.3936556875705719,0.828125,53,60,2770.588408946991,4404.80712890625,64,2470.004833333333,0.988904947486945,0.009109293915686672,0.00198575859736844,2460.195166666667,90
v27,seed2,102,2362.3333333333335,21.666666666666668,-4.492333333333277,0.43308225274086,0.8769230769230769,57,60,2851.9371497521033,4404.72607421875,65,2388.492333333333,0.9890479028821111,0.009071273273223822,0.0018808238446651677,2379.507666666667,90
v27,seed2,103,2363.0,20.833333333333332,-4.877833333333267,0.4214281737804413,1.0,55,60,3072.6561762029473,4404.791015625,55,2388.711166666667,0.98923638528364,0.008721579077476019,0.0020420356388838974,2378.9555,90
v27,seed2,104,2367.5333333333333,20.0,-4.449999999999945,0.4188460409641266,0.95,57,60,3034.839037068685,4403.8017578125,60,2391.983333333333,0.9897783568726093,0.008361262271894314,0.001860380855496462,2383.0833333333335,90
v27,seed2,105,3046.983333333333,31.666666666666668,-6.51716666666657,0.3738568425178528,1.0,57,60,2840.7382167469373,4403.8076171875,44,3085.167166666666,0.9876234151115422,0.010264165588434081,0.002112419300023852,3072.132833333333,90
v27,seed2,106,2834.2,30.833333333333332,-6.034833333333248,0.3955554962158203,1.0,58,60,2820.9901101248606,4549.7734375,49,2871.0681666666665,0.9871587282062094,0.010739324719388701,0.002101947074401838,2858.9985,90
v27,seed2,107,2593.3,22.5,-4.854666666666604,0.3620237112045288,0.7941176470588235,54,60,2668.377239900477,4403.80322265625,68,2620.654666666667,0.9895618957298711,0.008585640941627308,0.0018524633285016071,2610.9453333333336,90
v27,seed2,108,2445.133333333333,22.5,-4.744499999999939,0.3745995759963989,0.9833333333333333,59,60,2900.7680615743,4403.80810546875,60,2472.377833333333,0.9889804464217883,0.009100550772073876,0.0019190028061379534,2462.8888333333334,90
v27,seed2,109,2855.8333333333335,30.0,-5.906499999999918,0.3478502631187439,0.9322033898305084,55,60,2632.6409368999934,4405.8017578125,59,2891.7398333333335,0.9875830807508674,0.01037437727079989,0.0020425419783326234,2879.9268333333334,90
v27,seed2,110,2511.5666666666666,21.666666666666668,-4.792333333333271,0.3674684166908264,0.7285714285714285,51,60,2714.441580418178,4404.8017578125,70,2538.0256666666664,0.9895749675239691,0.008536819367600302,0.0018882131084305839,2528.441,90
v27,seed2,111,2573.7833333333333,23.333333333333332,-5.261333333333264,0.3767543435096741,0.9152542372881356,54,60,2772.4587451482225,4404.79296875,59,2602.378,0.9890121009835363,0.00896615838795645,0.0020217406285071822,2591.8553333333334,90
v27,seed2,112,2380.4666666666667,22.5,-4.598333333333275,0.4028676748275757,0.7432432432432432,55,60,2587.625204756453,4404.78759765625,74,2407.565,0.9887445060327205,0.009345542072592018,0.0019099518946874851,2398.3683333333333,90
v27,seed2,113,2971.1833333333334,32.5,-6.315499999999909,0.34237587451934814,1.0,58,60,2525.3037154586227,4592.8955078125,54,3009.998833333333,0.9871044800515705,0.010797346377709006,0.0020981735707206227,2997.3678333333337,90
v27,seed2,114,2981.116666666667,30.0,-6.209166666666579,0.33510255813598633,1.0,58,60,2663.5689086914062,4403.80078125,51,3017.3258333333333,0.9879995835164195,0.0099425788453407,0.002057837638239792,3004.9075000000003,90
v27,seed2,115,2922.8333333333335,30.0,-6.1034999999999116,0.34221526980400085,1.0,58,60,2480.8149844578334,4404.7890625,56,2958.936833333333,0.987798489108222,0.010138776759963504,0.0020627341318145446,2946.7298333333338,90
v27,seed2,116,2325.75,20.833333333333332,-4.298499999999946,0.38305574655532837,0.7857142857142857,55,60,2882.0753252301897,4405.77685546875,70,2350.8818333333334,0.9893096143851268,0.008861922806129983,0.0018284628087431641,2342.2848333333336,90
v27,seed2,117,2614.0666666666666,25.0,-5.530333333333257,0.29390203952789307,0.8307692307692308,54,60,2458.880383066031,4404.13330078125,65,2644.5969999999998,0.9884555819531924,0.00945323616414902,0.002091181882658589,2633.5363333333335,90
v27,seed2,118,2660.5833333333335,25.833333333333332,-5.518499999999922,0.3586916923522949,0.9491525423728814,56,60,2682.517596745895,4404.14208984375,59,2691.935166666667,0.9883534218351345,0.009596565940078669,0.0020500122247867117,2680.898166666667,90
v27,seed2,119,2765.5666666666666,25.0,-5.873166666666582,0.3848661184310913,0.9454545454545454,52,60,2644.068977217241,4404.79248046875,55,2796.4398333333334,0.9889598316049353,0.008939938453887708,0.0021002299411769627,2784.6935,90
v27,seed2,120,2926.7,32.5,-6.326999999999907,0.3225274980068207,0.9,54,60,2395.484499867757,4406.18505859375,60,2965.5269999999996,0.9869072175029936,0.010959266261949395,0.0021335162350570092,2952.873,90
v27,seed2,121,2859.3333333333335,30.0,-6.31783333333324,0.3498515486717224,1.0,57,60,2593.2901391601563,4550.404296875,50,2895.6511666666665,0.9874578009425284,0.01036036396419067,0.0021818350932809438,2883.0155000000004,90
v27,seed2,122,2728.633333333333,27.5,-5.649333333333256,0.3589087426662445,0.9827586206896551,57,60,2639.989314638335,4601.2744140625,58,2761.7826666666665,0.9879971245625411,0.0099573367346791,0.0020455387027798672,2750.484,90
v27,seed2,123,2418.0333333333333,24.166666666666668,-4.830333333333268,0.3208308815956116,0.8260869565217391,57,60,2639.2055655216827,4403.8017578125,69,2447.030333333333,0.988150126459405,0.009875916263672527,0.0019739572769224365,2437.3696666666665,90
v27,seed2,124,2606.0,25.0,-5.142333333333265,0.34800663590431213,0.9193548387096774,57,60,2790.660317451723,4405.8095703125,62,2636.142333333333,0.9885657413288382,0.009483554694252093,0.001950703976909668,2625.857666666667,90
v27,seed2,125,2937.0,33.333333333333336,-6.022999999999912,0.3215848505496979,0.9354838709677419,58,60,2478.561457726263,4550.43408203125,62,2976.3563333333336,0.9867770088908484,0.011199375881180893,0.002023615227970546,2964.3103333333333,90
v27,seed2,126,2914.883333333333,29.166666666666668,-6.0021666666665805,0.3192041218280792,1.0,57,60,2661.769320452655,4406.53662109375,54,2950.0521666666664,0.9880785723958667,0.009886830814799717,0.0020345967893335834,2938.047833333333,90
v27,seed2,127,2480.383333333333,23.333333333333332,-4.7813333333332695,0.3257737159729004,0.8088235294117647,55,60,2723.1216524909523,4404.79931640625,68,2508.498,0.9887922307824575,0.009301714943896042,0.0019060542736463292,2498.9353333333333,90
v27,seed2,128,2988.233333333333,30.0,-6.160166666666578,0.36924469470977783,1.0,56,60,2519.3220054081507,4406.12548828125,56,3024.3934999999997,0.9880438287323834,0.009919344159415765,0.0020368271082008933,3012.0731666666666,90
v27,seed2,129,2749.0,26.666666666666668,-5.632333333333256,0.34902244806289673,0.875,56,60,2485.3650743961334,4404.79736328125,64,2781.299,0.9883870810006403,0.009587846062816931,0.0020250729365426934,2770.034333333333,90
v27,seed2,130,2813.4166666666665,28.333333333333332,-6.287833333333241,0.3234981894493103,1.0,57,60,2640.410489400228,4406.58251953125,48,2848.0378333333333,0.9878438529637977,0.009948369716764646,0.002207777319437496,2835.4621666666667,90
v27,seed2,131,2733.35,25.0,-5.307499999999929,0.34806323051452637,0.7971014492753623,55,60,2470.8533068670745,4550.7646484375,69,2763.6575,0.9890335542664025,0.009045983447659488,0.0019204622859380837,2753.0425,90
v27,seed2,132,2781.2833333333333,28.333333333333332,-5.887499999999914,0.29973721504211426,0.9354838709677419,58,60,2334.866044813587,4406.505859375,62,2815.5041666666666,0.9878455753188077,0.010063324952162209,0.002091099729030146,2803.729166666667,90
v27,seed2,133,2603.616666666667,23.333333333333332,-5.352666666666595,0.3226606845855713,0.8870967741935484,55,60,2658.7995494719476,4404.15087890625,62,2632.302666666667,0.9891023170081251,0.008864228885533424,0.0020334541063413408,2621.5973333333336,90
v27,seed2,134,2792.116666666667,26.666666666666668,-5.631333333333255,0.3199807405471802,0.9322033898305084,55,60,2642.8525144932632,4551.45458984375,59,2824.4146666666666,0.9885647102809739,0.009441484276860198,0.0019938054421659245,2813.152,90
v27,seed2,135,2890.633333333333,31.666666666666668,-6.02966666666658,0.3158802092075348,0.8923076923076924,58,60,2309.3415236253004,4550.70458984375,65,2928.3296666666665,0.987127018599568,0.010813900848367596,0.002059080552064407,2916.270333333333,90
v27,seed2,136,2807.733333333333,25.0,-5.621833333333256,0.2867923378944397,1.0,59,60,2803.5874198631004,4406.125,54,2838.3551666666663,0.9892114159309756,0.008807918154005981,0.0019806659150184776,2827.1115,90
v27,seed2,137,2867.1833333333334,30.0,-5.920499999999914,0.326705664396286,1.0,59,60,2646.8300784024327,4404.818359375,55,2903.103833333333,0.987626863501208,0.01033376748552397,0.0020393690132681263,2891.2628333333337,90
v27,seed2,138,3092.2833333333333,30.833333333333332,-6.601833333333236,0.27952826023101807,1.0,55,60,2445.1034947148078,4403.810546875,54,3129.7185,0.9880388071110335,0.009851791250022432,0.002109401638943961,3116.5148333333336,90
v27,seed2,139,2978.1,30.833333333333332,-6.157666666666581,0.33204779028892517,0.9827586206896551,57,60,2500.843257246346,4550.564453125,58,3015.091,0.9877313819052228,0.010226335899425038,0.002042282195352174,3002.775666666667,90
v27,seed2,140,3090.05,31.666666666666668,-6.775999999999899,0.30530691146850586,1.0,55,60,2510.5536382147607,4403.79931640625,47,3128.4926666666665,0.987712080301078,0.010122020423466977,0.0021658992754550912,3114.940666666667,90
v27,seed2,141,2562.4166666666665,26.666666666666668,-5.160499999999929,0.2844242453575134,0.9516129032258065,59,60,2750.145698793473,4552.443359375,62,2594.243833333333,0.9877316209610983,0.010279167410567872,0.001989211628333804,2583.922833333333,90
v27,seed2,142,2810.75,27.5,-5.925999999999915,0.2943604588508606,0.9166666666666666,55,60,2527.5328290303546,4404.80322265625,60,2844.176,0.9882475627387335,0.009668881250668032,0.0020835560105984703,2832.324,90
v27,seed2,143,3081.95,31.666666666666668,-6.538666666666574,0.2801196277141571,1.0,60,60,2936.7992077338986,4404.8125,41,3120.1553333333327,0.9877553104727907,0.01014906736480855,0.00209562216240086,3107.078,90
v27,seed2,144,3202.15,33.333333333333336,-6.631999999999905,0.31908783316612244,1.0,58,60,2543.3875033569334,4405.7978515625,50,3242.1153333333336,0.9876730685912263,0.010281353346878673,0.002045578061894951,3228.8513333333335,90
v27,seed2,145,2851.7833333333333,31.666666666666668,-5.760666666666584,0.3042238652706146,0.6309523809523809,53,60,2037.5243673778716,4405.81494140625,84,2889.2106666666664,0.987045827510905,0.010960317650772438,0.001993854838322595,2877.6893333333333,90
v27,seed2,146,3052.5833333333335,31.666666666666668,-6.388166666666573,0.2866867184638977,1.0,59,60,2455.698960763437,4550.07373046875,54,3090.6381666666666,0.9876870629037833,0.01024599612086587,0.0020669409753508532,3077.8618333333334,90
v27,seed2,147,3006.983333333333,30.0,-6.006333333333247,0.2898038625717163,0.9491525423728814,56,60,2597.8103053206105,4404.8154296875,59,3042.9896666666664,0.9881674480436947,0.009858725558165441,0.0019738263981397834,3030.977,90
v27,seed2,148,2709.9333333333334,23.333333333333332,-5.346833333333262,0.31889814138412476,1.0,59,60,2776.548064650151,4605.87451171875,57,2738.6135,0.9895274865669557,0.008520126455716856,0.0019523869773274913,2727.919833333334,90
v27,seed2,149,2525.4,25.0,-4.780833333333267,0.2921764850616455,0.7702702702702703,57,60,2622.5301653887773,4405.78076171875,74,2555.1808333333333,0.9883449214455468,0.009784043334180197,0.0018710352202730336,2545.619166666667,90
v27,seed2,150,2891.8333333333335,29.166666666666668,-5.98816666666658,0.2682904601097107,1.0,58,60,2467.0293860599913,4404.81005859375,58,2926.9881666666665,0.987989417335647,0.009964736789449497,0.002045845874903576,2915.0118333333335,90
v27,seed2,151,2881.8333333333335,30.833333333333332,-6.1134999999999105,0.2958407998085022,1.0,58,60,2526.6708756831654,4407.67431640625,57,2918.780166666667,0.9873416868610808,0.01056377375914059,0.0020945393797785422,2906.553166666667,90
v27,seed2,152,3089.9333333333334,31.666666666666668,-6.436999999999908,0.31429022550582886,0.9491525423728814,56,60,2306.9606416346664,4550.71484375,59,3128.037,0.9878186649752971,0.010123494916034136,0.002057840108668762,3115.163,90
v27,seed2,153,2903.1,28.333333333333332,-5.881999999999919,0.293917715549469,0.8333333333333334,55,60,2364.959906606963,4404.8017578125,66,2937.3153333333335,0.9883514946641752,0.009645996468884397,0.0020025088669403733,2925.5513333333333,90
v27,seed2,154,3062.883333333333,31.666666666666668,-6.499833333333237,0.31710463762283325,0.8888888888888888,56,60,2155.975345914326,4406.15625,63,3101.049833333333,0.9876923938500612,0.01021159554621798,0.0020960106037207844,3088.0501666666664,90
v27,seed2,155,3187.6833333333334,33.333333333333336,-6.543999999999904,0.2536018192768097,1.0,58,60,2451.7375160073334,4405.9140625,53,3227.5606666666667,0.9876447455364123,0.010327717051949037,0.002027537411638605,3214.472666666667,90
v27,seed2,156,2946.9333333333334,30.833333333333332,-6.0034999999999155,0.2600301504135132,0.8787878787878788,58,60,2255.9945086854877,4404.7919921875,66,2983.7701666666667,0.9876542658195132,0.010333682425606842,0.0020120517548798855,2971.763166666667,90
v27,seed2,157,3118.3,32.5,-6.686166666666569,0.2960772216320038,1.0,58,60,2332.050419147198,4404.80712890625,52,3157.4861666666666,0.9875894415372737,0.010292998380515471,0.002117560082210939,3144.113833333334,90
v27,seed2,158,2845.85,28.333333333333332,-6.071999999999912,0.26770108938217163,1.0,58,60,2379.2195587158203,4609.8544921875,58,2880.2553333333335,0.9880547627374702,0.009837090831993366,0.002108146430536336,2868.1113333333333,90
v27,seed2,159,3070.55,34.166666666666664,-6.499999999999905,0.2560018301010132,1.0,58,60,2293.1281154237945,4406.166015625,58,3111.2166666666667,0.9869290149084228,0.010981770261366132,0.002089214830211087,3098.2166666666667,90
v27,seed2,160,3157.2,33.333333333333336,-6.464333333333239,0.304351806640625,1.0,60,60,2527.6729703417013,4405.80517578125,51,3196.9976666666666,0.9875515496674848,0.010426449065284482,0.00202200126723059,3184.069,90
v27,seed2,161,3089.133333333333,33.333333333333336,-6.551833333333235,0.29633331298828125,0.8709677419354839,54,60,2278.2992433117283,4404.798828125,62,3129.0185,0.9872531381113065,0.01065296780231032,0.0020938940863830732,3115.9148333333333,90
v27,seed2,162,2726.233333333333,25.833333333333332,-5.612833333333255,0.2820606827735901,0.9661016949152542,57,60,2637.664360951569,4593.7861328125,59,2757.6794999999997,0.9885968740505681,0.009367779444033773,0.0020353465053982002,2746.4538333333335,90
v27,seed2,163,3133.95,32.5,-6.5281666666665705,0.2651492953300476,0.9166666666666666,55,60,2269.4357727050783,4552.484375,60,3172.9781666666663,0.9876998313204067,0.010242743029695184,0.0020574256498980758,3159.9218333333333,90
v27,seed2,164,2742.0666666666666,28.333333333333332,-5.9526666666665795,0.2903347313404083,0.8888888888888888,56,60,2348.9773067898223,4405.8017578125,63,2776.3526666666667,0.9876507043173429,0.010205235694120511,0.0021440599885364873,2764.4473333333335,90
v27,seed2,165,2880.4666666666667,31.666666666666668,-5.982666666666581,0.25031551718711853,0.8169014084507042,58,60,2207.273505412357,4873.4736328125,71,2918.116,0.9870980682970337,0.010851750467310644,0.0020501812356556698,2906.1506666666664,90
v27,seed2,166,3306.5666666666666,35.833333333333336,-7.151833333333226,0.25202226638793945,1.0,56,60,2440.8422085376496,4404.81005859375,47,3349.5518333333334,0.9871668901376905,0.010697948596207723,0.0021351612661016867,3335.2481666666667,90
v27,seed2,167,3221.866666666667,35.833333333333336,-6.933666666666563,0.24994584918022156,0.873015873015873,55,60,1934.309092445979,4405.14111328125,63,3264.6336666666666,0.986899908422599,0.010976218771253661,0.002123872806147386,3250.766333333334,90
v27,seed2,168,2930.0333333333333,31.666666666666668,-6.020499999999913,0.2318945974111557,0.7333333333333333,55,60,2097.1021626790366,4550.4443359375,75,2967.7205,0.9873009716829241,0.01067036692527705,0.002028661391798828,2955.6794999999997,90
v27,seed2,169,2778.1,25.833333333333332,-5.977166666666582,0.250151664018631,0.9,54,60,2350.6673505147296,4405.95361328125,60,2809.9105,0.9886791767922857,0.009193649880782086,0.00212717332693215,2797.956166666667,90
v27,seed2,170,2920.1666666666665,29.166666666666668,-6.064666666666583,0.24606113135814667,0.9193548387096774,57,60,2263.1018949939357,4404.8046875,62,2955.3979999999997,0.9880789885716464,0.0098689471491375,0.0020520642792160597,2943.2686666666664,90
v27,seed2,171,3061.9,31.666666666666668,-6.6016666666665715,0.24039138853549957,0.7971014492753623,55,60,1919.413654493249,4404.80908203125,69,3100.168333333333,0.987656046634027,0.010214499105156118,0.0021294542608169898,3086.965,90
v27,seed2,172,2786.983333333333,28.333333333333332,-5.952166666666582,0.25572529435157776,0.7297297297297297,54,60,2103.5209874333564,4404.80322265625,74,2821.268833333333,0.9878474891882275,0.010042762674217564,0.002109748137554863,2809.3645,90
v27,seed2,173,2720.05,26.666666666666668,-5.980833333333249,0.24661734700202942,0.859375,55,60,2217.161089658737,4609.65576171875,64,2752.6974999999998,0.9881398155808985,0.009687467172352455,0.002172717246749143,2740.7358333333336,90
v27,seed2,174,2767.8,31.666666666666668,-5.929999999999915,0.22998365759849548,0.4854368932038835,50,60,1569.2059884673183,4404.79833984375,103,2805.3966666666665,0.986598448941861,0.011287767980523254,0.0021137830776158505,2793.536666666667,90
v27,seed2,175,2572.9333333333334,24.166666666666668,-5.880999999999917,0.23847061395645142,0.39603960396039606,40,60,1602.101812985864,4403.80029296875,101,2602.9809999999998,0.9884564402634263,0.009284227071448723,0.002259332665125069,2591.219,90
v27,seed2,176,2125.233333333333,21.666666666666668,-4.843499999999932,0.22251594066619873,0.3387096774193548,42,60,1505.2982359855405,4364.26904296875,124,2151.7434999999996,0.9876796808417609,0.010069353836396705,0.0022509653218424656,2142.0564999999997,90
v27,seed2,177,2507.2166666666667,28.333333333333332,-5.582833333333251,0.22488883137702942,0.31690140845070425,45,60,1162.4957436575016,4405.77294921875,142,2541.1328333333336,0.9866531311461678,0.011149882824569645,0.0021969860292623757,2529.967166666667,90
v27,seed2,178,1573.4,10.0,-3.371333333333293,0.24656261503696442,0.12105263157894737,23,60,1228.445284873561,4441.0810546875,190,1586.7713333333334,0.9915732449582108,0.006302105281290268,0.002124649760498967,1580.0286666666668,90
v27,seed2,179,1531.6833333333334,11.666666666666666,-4.603666666666608,0.2905573844909668,0.13725490196078433,21,60,1161.6835085800271,4366.43896484375,153,1547.9536666666668,0.989489134149364,0.007536831959440646,0.002974033891195241,1538.7463333333335,90
v27,seed2,180,1370.7166666666667,9.166666666666666,-4.244166666666614,0.22053085267543793,0.15625,20,60,1180.8201607465744,4404.14453125,128,1384.1275,0.9903109841157456,0.006622703953694053,0.003066311930560309,1375.6391666666668,90
v27,seed2,181,1235.15,8.333333333333334,-4.569166666666604,0.3016604483127594,0.09929078014184398,14,60,1073.180765030232,4207.9140625,141,1248.0525,0.9896618932296518,0.006677069541011563,0.0036610372293365894,1238.9141666666667,90
v27,seed2,182,1630.4666666666667,10.833333333333334,-5.1964999999999275,0.2780953049659729,0.1037037037037037,14,60,1058.660422092014,4403.7685546875,135,1646.4965,0.9902642773104386,0.006579627307639788,0.003156095381921509,1636.1035,90
v27,seed2,183,1221.0666666666666,5.833333333333333,-4.171833333333279,0.3088391125202179,0.06741573033707865,12,60,1063.767664448599,4302.77880859375,178,1231.0718333333332,0.9918728002739077,0.004738418324086423,0.0033887814020058774,1222.7281666666665,90
v27,seed2,184,1284.8166666666666,3.3333333333333335,-3.415499999999961,0.28136003017425537,0.05851063829787234,11,60,1259.1288521137644,4143.67333984375,188,1291.5655,0.994774687514235,0.002580847299911103,0.0026444651858538813,1284.7344999999998,90
v27,seed2,185,1687.25,11.666666666666666,-3.719499999999956,0.24280457198619843,0.08333333333333333,16,60,1230.6118716398876,3619.75048828125,192,1702.6361666666667,0.9909633267706343,0.006852119610208366,0.0021845536191574043,1695.1971666666668,90
v27,seed2,186,1492.9166666666667,9.166666666666666,-3.7801666666666196,0.2216355800628662,0.06030150753768844,12,60,1148.1111750003681,4132.75146484375,199,1505.8635000000002,0.9914023858514843,0.00608731579367364,0.002510298354842002,1498.3031666666668,90
v27,seed2,187,1522.6666666666667,5.0,-4.2423333333332796,0.2718539237976074,0.0427807486631016,8,60,1204.3095440380075,4302.08935546875,187,1531.909,0.9939667869740739,0.003263901445843062,0.0027693115800829417,1523.4243333333334,90
v27,seed2,188,1167.0333333333333,5.0,-3.1056666666666337,0.23539602756500244,0.054455445544554455,11,60,1249.5476337092937,4230.88671875,202,1175.139,0.9931023762579009,0.004254815813278259,0.002642807928820875,1168.9276666666667,90
v27,seed2,189,1365.0,6.666666666666667,-3.3058333333332977,0.15487051010131836,0.0582010582010582,11,60,1254.8869851733011,4319.98779296875,189,1374.9725,0.9927471276698261,0.004848581820121251,0.002404290510052599,1368.3608333333334,90
v27,seed2,190,1339.1833333333334,5.0,-3.0933333333332977,0.16882988810539246,0.038461538461538464,8,60,1170.3888432429387,4150.69287109375,208,1347.2766666666666,0.9939928200839719,0.0037111902281887167,0.002295989687839393,1341.0900000000001,90
v27,seed2,191,1152.3,4.166666666666667,-3.6416666666666213,0.14783000946044922,0.03535353535353535,7,60,1109.6555877839676,3894.69140625,198,1160.1083333333333,0.993269306745778,0.0035916185988377524,0.003139074655384156,1152.825,90
v27,seed2,192,907.7333333333333,1.6666666666666667,-2.45233333333331,0.14574456214904785,0.013953488372093023,3,60,1126.9087676292243,3443.19287109375,215,911.8523333333333,0.9954828212316542,0.001827781325704418,0.0026893974426414552,906.9476666666667,90
v27,seed2,193,1022.1333333333333,1.6666666666666667,-3.096666666666631,0.13569766283035278,0.03954802259887006,7,60,1216.418464445125,4145.34521484375,177,1026.8966666666665,0.9953614287708274,0.0016230130263025493,0.003015558202870102,1020.7033333333334,90
v27,seed2,194,1177.3333333333333,3.3333333333333335,-3.516999999999961,0.14494872093200684,0.026595744680851064,5,60,977.022942482157,3747.75048828125,188,1184.1836666666666,0.9942151428649441,0.0028148786604330245,0.002969978474622851,1177.1496666666665,90
v27,seed2,195,948.45,0.8333333333333334,-3.1008333333333,0.11695820093154907,0.016042780748663103,3,60,1001.8519753848805,4159.59326171875,187,952.3841666666667,0.9958691389416561,0.0008749970468849668,0.003255864011458926,946.1825000000001,90
v27,seed2,196,863.9666666666667,1.6666666666666667,-3.750666666666621,0.17918068170547485,0.025477707006369428,4,60,1056.167741034441,4142.80517578125,157,869.3839999999999,0.9937687680779342,0.0019170661832592583,0.004314165738806582,861.8826666666668,90
v27,seed2,197,786.3333333333334,0.8333333333333334,-3.034333333333299,0.13477516174316406,0.011695906432748537,2,60,1063.17733318485,4317.177734375,171,790.201,0.9951054647277507,0.001054584002466883,0.0038399512697823704,784.1323333333335,90
v27,seed2,198,1076.4166666666667,2.5,-3.7531666666666217,0.15818627178668976,0.030303030303030304,5,60,1047.0756784150094,3598.401123046875,165,1082.6698333333334,0.9942243087651068,0.0023091065466403346,0.0034665846882528713,1075.1635,90
v27,seed2,199,923.9666666666667,2.5,-3.7184999999999575,0.17023582756519318,0.029069767441860465,5,60,1086.8919139241063,3756.750732421875,172,930.1851666666666,0.9933147719154842,0.0026876369239027856,0.003997591160612958,922.7481666666667,90
v27,seed2,200,891.5166666666667,1.6666666666666667,-3.1531666666666314,0.1539057493209839,0.020618556701030927,4,60,1080.1467395271222,3893.940673828125,194,896.3364999999999,0.9946227411989434,0.0018594207272231657,0.0035178380738334672,890.0301666666667,90
v27,seed2,201,908.1166666666667,0.8333333333333334,-3.0466666666666327,0.13169708847999573,0.004524886877828055,1,60,1041.6202819271864,3334.97265625,221,911.9966666666667,0.9957455984853746,0.0009137460297735007,0.003340655484851881,905.9033333333334,90
v27,seed2,202,933.3666666666667,1.6666666666666667,-2.8626666666666365,0.14756342768669128,0.013636363636363636,3,60,1089.3183233781294,3733.75146484375,220,937.896,0.9951707509858947,0.0017770271615047584,0.0030522218526005404,932.1706666666666,90
v27,seed2,203,1034.5333333333333,1.6666666666666667,-3.7273333333332883,0.10391834378242493,0.02072538860103627,4,60,1062.4349695709702,3748.75048828125,193,1039.9273333333333,0.9948130991203873,0.0016026760844187191,0.00358422479519398,1032.4726666666668,90
v27,seed2,204,787.8333333333334,1.6666666666666667,-3.4363333333332924,0.1533105969429016,0.021505376344086023,4,60,1167.271381419192,4366.78759765625,186,792.9363333333333,0.9935644265680852,0.002101892165365105,0.004333681266549722,786.0636666666667,90
v27,seed2,205,1000.4,1.6666666666666667,-3.4841666666666264,0.1313086897134781,0.022988505747126436,4,60,1245.3295351225754,4156.80322265625,174,1005.5508333333332,0.9948776002539239,0.0016574663472176529,0.003464933398858463,998.5825,90
v27,seed2,206,865.9666666666667,2.5,-2.772333333333303,0.12609483301639557,0.014778325123152709,3,60,1206.387188916136,3780.75048828125,203,871.239,0.9939484649638809,0.0028694766877974927,0.0031820583483215315,865.6943333333334,90
v27,seed2,207,996.9333333333333,0.8333333333333334,-2.9971666666666343,0.15104486048221588,0.004901960784313725,1,60,1139.074032203824,3428.282958984375,204,1000.7638333333333,0.9961724236304169,0.0008326972913855967,0.0029948790781974045,994.7695,90
v27,seed2,208,887.7833333333333,0.8333333333333334,-3.414666666666626,0.1726115643978119,0.005263157894736842,1,60,1183.5798467535722,3934.75048828125,190,892.0313333333334,0.9952378354422527,0.0009341973787168912,0.0038279671790302874,885.202,90
v27,seed2,209,957.3666666666667,1.6666666666666667,-3.3744999999999616,0.17166724801063538,0.015306122448979591,3,60,1165.0089814322334,3908.890625,196,962.4078333333333,0.9947619226568363,0.0017317675614651933,0.0035063097816985366,955.6588333333333,90
v27,seed2,210,984.0,2.5,-4.055999999999949,0.22846511006355286,0.023952095808383235,4,60,1220.902276958534,4142.1142578125,167,990.5559999999999,0.993381494837243,0.002523835098671857,0.00409467006408517,982.4440000000001,90
v27,seed2,211,1031.25,6.666666666666667,-4.782999999999934,0.2667886018753052,0.06578947368421052,10,60,1167.6666561929803,3977.75048828125,152,1042.6996666666666,0.9890192094303921,0.0063936595357116256,0.004587131033896242,1033.1336666666668,90
v27,seed2,212,842.0666666666667,0.8333333333333334,-3.5643333333332916,0.15290114283561707,0.023121387283236993,4,60,1237.613588101602,3600.702392578125,173,846.4643333333333,0.9948046639492194,0.0009844872376981429,0.004210848813082447,839.3356666666668,90
v27,seed2,213,877.8666666666667,2.5,-4.404499999999943,0.21988895535469055,0.039735099337748346,6,60,1256.5470181900935,3733.8115234375,151,884.7711666666667,0.9921962872885964,0.002825589366139305,0.004978123345264163,875.9621666666667,90
v27,seed2,214,909.4333333333333,1.6666666666666667,-4.086166666666616,0.17449921369552612,0.011627906976744186,2,60,1181.3691376974416,3920.75048828125,172,915.1861666666665,0.9937140294042178,0.0018211230975409924,0.004464847498241196,907.0138333333333,90
v27,seed2,215,952.25,1.6666666666666667,-3.5411666666666237,0.1622912436723709,0.02247191011235955,4,60,1184.07171330827,4448.759765625,178,957.4578333333333,0.9945607700391332,0.0017407206966642745,0.003698509264202539,950.3755,90
v27,seed2,216,877.7333333333333,0.8333333333333334,-3.3894999999999595,0.13796421885490417,0.005434782608695652,1,60,1133.867693942526,3266.661376953125,184,881.9561666666667,0.9952119691511502,0.0009448693311855823,0.0038431615176641918,875.1771666666667,90
v27,seed2,217,927.3666666666667,0.8333333333333334,-2.807833333333305,0.11916310340166092,0.0049261083743842365,1,60,1127.446946393093,3268.383056640625,203,931.0078333333333,0.9960890053377639,0.0008950873488891161,0.0030159073133469573,925.3921666666668,90
v27,seed2,218,1020.9,0.8333333333333334,-3.415999999999959,0.12904465198516846,0.005319148936170213,1,60,1131.1396202736712,3265.75048828125,188,1025.1493333333333,0.995854912845218,0.000812889699321855,0.003332197455460108,1018.3173333333334,90
v27,seed2,219,1118.5666666666666,,-4.019333333333284,0.17448538541793823,0.0,0,60,1135.9429601794945,2690.7763671875,167,1122.5859999999998,0.9964195764660051,0.0,0.003580423533994977,1114.5473333333334,90
v27,seed2,220,898.25,0.8333333333333334,-2.7338333333333042,0.12968604266643524,0.004672897196261682,1,60,1114.6181835281516,3268.453125,214,901.8171666666667,0.9960444679936047,0.0009240601799736568,0.003031471826421546,896.3495,90
v27,seed2,221,1049.65,2.5,-2.5409999999999755,0.11668659746646881,0.013888888888888888,3,60,1151.0634767744277,3619.75048828125,216,1054.691,0.9952204010463729,0.0023703625042785044,0.0024092364493486485,1049.6090000000002,90
v27,seed2,222,1066.5666666666666,2.5,-2.9478333333333,0.11306597292423248,0.01485148514851485,3,60,1136.5600867696328,3556.861572265625,202,1072.0145,0.9949181346583154,0.002332058008543728,0.00274980733314083,1066.1188333333332,90
v27,seed2,223,1086.3833333333334,3.3333333333333335,-2.4419999999999797,0.10923357307910919,0.019704433497536946,4,60,1208.7771402744236,3749.662353515625,203,1092.1586666666667,0.994712001552888,0.0030520595908530997,0.002235938856258962,1087.2746666666667,90
v27,seed2,224,881.2833333333333,2.5,-2.3331666666666444,0.091313935816288,0.018018018018018018,4,60,1148.4469893171981,3587.75048828125,222,886.1165,0.9945456758037271,0.0028212994566741505,0.002633024739598737,881.4501666666666,90
v27,seed2,225,788.25,,-2.0823333333333163,0.1265496015548706,0.0,0,60,1174.491660447554,2694.245849609375,220,790.3323333333333,0.9973652433976088,0.0,0.0026347566023912933,786.1676666666667,90
v27,seed2,226,956.4666666666667,0.8333333333333334,-2.8938333333333044,0.13783317804336548,0.004975124378109453,1,60,1178.7606662731266,3589.6923828125,201,960.1938333333334,0.9961183184714614,0.000867880322080802,0.003013801206457763,954.4061666666668,90
v27,seed2,227,778.3166666666667,,-1.7084999999999932,0.1190871149301529,0.0,0,60,1177.142218961844,2526.706298828125,223,780.0251666666667,0.9978096860550013,0.0,0.0021903139449987743,776.6081666666668,90
v27,seed2,228,1081.4,2.5,-2.537333333333311,0.1297278106212616,0.014423076923076924,3,60,1166.3917598724365,3589.171875,208,1086.4373333333333,0.9953634386643563,0.0023010991276686613,0.0023354622079751596,1081.3626666666669,90
v27,seed2,229,1084.7166666666667,2.5,-2.2079999999999833,0.09667156636714935,0.023148148148148147,5,60,1187.5449556421352,3596.902587890625,216,1089.4246666666668,0.995678452908171,0.002294789237377282,0.0020267578544516003,1085.0086666666666,90
v27,seed2,230,750.6333333333333,0.8333333333333334,-3.371166666666627,0.09903258830308914,0.005235602094240838,1,60,1140.9086778251287,3268.483154296875,191,754.8378333333334,0.9944299294307585,0.0011039898856862634,0.004466080683555157,748.0955,90
v27,seed2,231,871.25,,-3.5596666666666255,0.11092509329319,0.00546448087431694,1,60,1160.043032536741,3585.801513671875,183,874.8096666666667,0.9959309244029845,0.0,0.004069075597015533,867.6903333333333,90
v27,seed2,232,1084.6666666666667,1.6666666666666667,-3.787333333333288,0.1672603189945221,0.017241379310344827,3,60,1166.830704436905,3747.75048828125,174,1090.1206666666667,0.9949968841369855,0.0015288827353057552,0.003474233127708756,1082.5460000000003,90
v27,seed2,233,1299.3833333333334,2.5,-2.810833333333305,0.11440350860357285,0.026455026455026454,5,60,1249.1370593681538,3910.8916015625,189,1304.6941666666667,0.9959294419573426,0.0019161578735246382,0.0021544001691328465,1299.0725000000002,90
v27,seed2,234,795.8333333333334,1.6666666666666667,-3.73216666666662,0.09549187123775482,0.011904761904761904,2,60,1228.5608796619233,3337.412353515625,168,801.2321666666667,0.9932618365088938,0.002080129500542186,0.0046580339905640585,793.7678333333333,90
v27,seed2,235,862.2,1.6666666666666667,-3.8328333333332862,0.09858937561511993,0.011904761904761904,2,60,1240.144484111241,3322.26318359375,168,867.6995,0.9936619762947888,0.0019207878610817072,0.004417235844129548,860.0338333333334,90
v27,seed2,236,898.9333333333333,0.8333333333333334,-2.7103333333333057,0.11935576796531677,0.00909090909090909,2,60,1101.3540058482777,3433.542236328125,220,902.477,0.9960733994698295,0.0009233845664026156,0.0030032159637678364,897.0563333333333,90
v27,seed2,237,1025.15,3.3333333333333335,-2.2783333333333142,0.11519010365009308,0.01904761904761905,4,60,1207.0092005411784,3750.750732421875,210,1030.7616666666668,0.994555805819968,0.003233854576793536,0.0022103396032383633,1026.205,90
v27,seed2,238,860.9166666666666,1.6666666666666667,-1.7783333333333196,0.12270097434520721,0.012658227848101266,3,60,1144.5312866983534,3588.75048828125,237,864.3616666666666,0.9960143998364883,0.0019282052073109832,0.002057394956200803,860.805,90
v27,seed2,239,1235.5,5.833333333333333,-2.7294999999999714,0.11374950408935547,0.05102040816326531,10,60,1257.4337874432,3555.75048828125,196,1244.0628333333332,0.9931170411140811,0.004688937871171298,0.0021940210147477586,1238.6038333333333,90
v27,seed2,240,1055.3,3.3333333333333335,-3.218999999999963,0.1180012971162796,0.02040816326530612,4,60,1165.0327561826123,3587.75048828125,196,1061.8523333333333,0.9938293365963943,0.0031391684405584334,0.003031494963047244,1055.4143333333332,90
v27,seed2,241,1101.8833333333334,5.833333333333333,-2.7319999999999722,0.13457685708999634,0.032407407407407406,7,60,1120.75083760862,3779.75048828125,216,1110.4486666666667,0.9922866012716782,0.0052531319172490635,0.0024602668110727368,1104.9846666666667,90
v27,seed2,242,923.3833333333333,1.6666666666666667,-2.2233333333333163,0.12837788462638855,0.01327433628318584,3,60,1141.7284806513153,3593.682373046875,226,927.2733333333333,0.9958049047026767,0.0017973844461539568,0.00239771085116936,922.8266666666666,90
v27,seed2,243,1154.4666666666667,0.8333333333333334,-2.513333333333313,0.1298290640115738,0.005128205128205128,1,60,1282.1027724828475,3555.75048828125,195,1157.8133333333333,0.9971094937583491,0.0007197475701322033,0.002170758671518708,1152.7866666666666,90
v27,seed2,244,1228.45,5.833333333333333,-2.303499999999984,0.10906293988227844,0.03317535545023697,7,60,1255.916807418751,3555.75048828125,211,1236.5868333333333,0.9934199256259266,0.004717285657659032,0.0018627887164144295,1231.9798333333333,90
v27,seed2,245,1010.5,4.166666666666667,-1.8808333333333207,0.107655368745327,0.026905829596412557,6,60,1209.3904277305433,3602.382080078125,223,1016.5474999999999,0.9940509420366487,0.004098841093669176,0.0018502168696822537,1012.7858333333334,90
v27,seed2,246,1073.7166666666667,2.5,-2.114999999999985,0.08655950427055359,0.013888888888888888,3,60,1240.9403979689987,3587.75048828125,216,1078.3316666666667,0.9957202406804339,0.0023183961644453856,0.0019613631551207824,1074.1016666666667,90
v27,seed2,247,1269.6166666666666,5.0,-2.698499999999974,0.10728856921195984,0.030612244897959183,6,60,1262.582455927012,3588.75048828125,196,1277.3151666666665,0.993972904886043,0.003914460683222139,0.002112634430734968,1271.9181666666666,90
v27,seed2,248,1111.2333333333333,3.3333333333333335,-2.1558333333333146,0.10412421822547913,0.024271844660194174,5,60,1281.4930793243705,3414.803466796875,206,1116.7224999999999,0.9950845741295026,0.002984925380596642,0.0019305004899008616,1112.4108333333334,90
v27,seed2,249,999.8666666666667,0.8333333333333334,-1.9389999999999894,0.0803508311510086,0.009216589861751152,2,60,1255.689200124433,3433.362060546875,217,1002.639,0.9972349635977322,0.0008311399549921092,0.001933896447275629,998.7610000000001,90
v27,seed3,0,431.3333333333333,41.666666666666664,-2.920666666666641,1.7765569686889648,0.9032258064516129,112,60,788.7707165133569,1610.953857421875,124,475.92066666666665,0.9063135172388675,0.08754960560653666,0.0061368771545957405,470.07933333333335,60
v27,seed3,1,584.55,37.5,-2.8848333333333067,1.7587215900421143,1.0,134,60,903.5950739870789,1899.994140625,93,624.9348333333332,0.9353775286969922,0.06000625665236029,0.004616214650647532,619.1651666666667,60
v27,seed3,2,698.0833333333334,30.833333333333332,-2.4456666666666464,1.7347925901412964,0.4511627906976744,97,60,545.1537839667742,2358.503173828125,215,731.3623333333334,0.9544972464628796,0.042158765810106885,0.003343987727013532,726.4710000000001,60
v27,seed3,3,666.7833333333333,19.166666666666668,-2.8549999999999733,1.7092442512512207,0.3,63,60,568.5126903715587,2324.735595703125,210,688.805,0.9680291712942464,0.027825969130111816,0.004144859575641834,683.0949999999999,60
v27,seed3,4,778.9,20.833333333333332,-2.7443333333333064,1.6697499752044678,0.29891304347826086,55,60,658.3098976715752,2153.69482421875,184,802.4776666666667,0.9706189123435626,0.025961262473348165,0.003419825183089174,796.989,60
v27,seed3,5,711.1,13.333333333333334,-1.8379999999999843,1.6640739440917969,0.0745697896749522,39,60,407.75825485399076,2641.4521484375,523,726.2713333333334,0.9791106537776975,0.018358611611638258,0.0025307346106643123,722.5953333333334,60
v27,seed3,6,741.9666666666667,8.333333333333334,-1.6541666666666544,1.642311692237854,0.02774108322324967,21,60,345.496195746539,2940.43212890625,757,751.9541666666668,0.9867179404773118,0.011082235730236218,0.0021998237924518724,748.6458333333334,60
v27,seed3,7,485.3333333333333,1.6666666666666667,-0.8884999999999965,1.675537347793579,0.0124804992199688,8,60,388.3224390866046,2769.853515625,641,487.8885,0.9947628061192942,0.003416081064970104,0.0018211128157355552,486.1115,60
v27,seed3,8,501.3666666666667,3.3333333333333335,-0.9548333333333291,1.658642292022705,0.01824212271973466,11,60,412.21167582738065,3086.072998046875,603,505.65483333333333,0.9915195774192475,0.006592112076452679,0.0018883105042998615,503.74516666666665,60
v27,seed3,9,373.3666666666667,1.6666666666666667,-0.7774999999999973,1.6590105295181274,0.0048,3,60,367.488215637207,2852.99267578125,625,375.81083333333333,0.993496284699971,0.004434855301758642,0.0020688599982703992,374.2558333333334,60
v27,seed3,10,465.35,3.3333333333333335,-0.9554999999999938,1.6524183750152588,0.011784511784511785,7,60,365.13267842045536,3368.481201171875,594,469.6388333333333,0.9908678051538187,0.007097652699787391,0.002034542146394042,467.72783333333336,60
v27,seed3,11,265.85,,-0.4783333333333333,1.631394863128662,0.0,0,60,386.9906811508836,2516.305908203125,627,266.3283333333334,0.9982039712885723,0.0,0.0017960287114276233,265.37166666666667,60
v27,seed3,12,362.03333333333336,,-0.6384999999999995,1.578594446182251,0.003278688524590164,2,60,399.7160013542801,2577.524169921875,610,362.6718333333334,0.9982394552283491,0.0,0.00176054477165077,361.39483333333334,60
v27,seed3,13,543.3666666666667,3.3333333333333335,-1.0633333333333281,1.5708656311035156,0.0070052539404553416,4,60,433.737711009545,2252.235107421875,571,547.7633333333333,0.991973419177382,0.006085353163470843,0.001941227659147189,545.6366666666668,60
v27,seed3,14,660.2833333333333,5.0,-1.264333333333326,1.5376017093658447,0.018796992481203006,10,60,475.4384836756197,3234.4931640625,532,666.5476666666666,0.9906018224253029,0.007501338989009539,0.0018968385856875344,664.019,60
v27,seed3,15,709.8,4.166666666666667,-1.4138333333333255,1.5078985691070557,0.016908212560386472,7,60,585.9231197822497,3031.91162109375,414,715.3804999999999,0.9921992562000224,0.005824406265849667,0.001976337534128098,712.5528333333333,60
v27,seed3,16,775.2166666666667,4.166666666666667,-1.5421666666666562,1.464855670928955,0.023310023310023312,10,60,581.0276288413519,3428.011962890625,429,780.9254999999999,0.9926896569092273,0.005335549507176635,0.0019747935835962025,777.8411666666667,60
v27,seed3,17,793.9166666666666,5.0,-1.6061666666666545,1.4208498001098633,0.024608501118568233,11,60,581.5540853100902,3302.9609375,447,800.5228333333333,0.991747684898432,0.006245918032319294,0.0020063970692486863,797.3104999999999,60
v27,seed3,18,875.2166666666667,5.0,-1.7271666666666554,1.3966668844223022,0.029339853300733496,12,60,603.4498076823638,3613.431640625,409,881.9438333333334,0.992372341171386,0.005669295266913256,0.0019583635617007227,878.4895,60
v27,seed3,19,768.0666666666667,2.5,-1.4414999999999936,1.3574068546295166,0.036923076923076927,12,60,769.0178535461425,3485.3623046875,325,772.0081666666667,0.9948944840609415,0.003238307712202526,0.0018672082268559682,769.1251666666667,60
v27,seed3,20,899.15,5.0,-1.788999999999985,1.335039496421814,0.02926829268292683,12,60,668.1454530390298,3633.940673828125,410,905.939,0.9925061179615846,0.005519135394325666,0.0019747466440897072,902.361,60
v27,seed3,21,1098.2333333333333,5.0,-2.013999999999985,1.2478926181793213,0.032467532467532464,10,60,911.3899671876585,3841.821533203125,308,1105.2473333333332,0.993653909140096,0.004523874294200213,0.001822216565703832,1101.2193333333335,60
v27,seed3,22,1414.9833333333333,8.333333333333334,-2.602166666666642,1.2790212631225586,0.08571428571428572,21,60,1019.6342872230374,4017.750732421875,245,1425.9188333333332,0.9923309099056948,0.005844184913283401,0.0018249051810218572,1420.7145,60
v27,seed3,23,1536.6166666666666,9.166666666666666,-2.8338333333333035,1.3208084106445312,0.047619047619047616,14,60,939.3276277918394,4143.08251953125,294,1548.6171666666667,0.992250828507971,0.005919259365048581,0.001829912126980363,1542.9495,60
v27,seed3,24,1119.1,4.166666666666667,-1.8829999999999856,1.2714626789093018,0.03793103448275862,11,60,1033.2732130905677,3922.3310546875,290,1125.1496666666667,0.9946232338275588,0.0037032110394794888,0.0016735551329615575,1121.3836666666666,60
v27,seed3,25,1396.4166666666667,8.333333333333334,-2.5723333333333085,1.2659181356430054,0.06938775510204082,17,60,1104.635176989497,4193.51611328125,245,1407.3223333333333,0.9922507684214491,0.005921410565264959,0.0018278210132859696,1402.1776666666667,60
v27,seed3,26,1362.7666666666667,11.666666666666666,-2.5983333333333034,1.2651686668395996,0.11848341232227488,25,60,1267.005559767592,4356.22021484375,211,1377.0316666666668,0.9896407611057116,0.008472329975466552,0.0018869089188217434,1371.835,60
v27,seed3,27,1285.0666666666666,6.666666666666667,-2.23899999999998,1.2219727039337158,0.06550218340611354,15,60,1256.3562820634468,4190.15478515625,229,1293.9723333333334,0.9931175756720197,0.005152093669184581,0.0017303306587956259,1289.4943333333333,60
v27,seed3,28,1441.3833333333334,13.333333333333334,-2.8998333333332966,1.275456190109253,0.16574585635359115,30,60,1389.5980940339316,4208.755859375,181,1457.6165,0.9888632115054498,0.00914735345911173,0.001989435035438537,1451.8168333333333,60
v27,seed3,29,1553.5333333333333,11.666666666666666,-2.699833333333307,1.2120882272720337,0.13131313131313133,26,60,1349.2588560316299,4192.1953125,198,1567.8998333333334,0.9908371059843427,0.007440951531874006,0.0017219424837832265,1562.5001666666667,60
v27,seed3,30,1373.9166666666667,10.0,-2.5494999999999726,1.2107601165771484,0.11940298507462686,24,60,1372.1702458775458,4197.68408203125,201,1386.4661666666668,0.9909485710493957,0.007212581338383422,0.0018388476122208335,1381.3671666666667,60
v27,seed3,31,1786.2,13.333333333333334,-3.3263333333332947,1.161692500114441,0.13872832369942195,24,60,1458.184237882581,4300.810546875,173,1802.8596666666665,0.9907593103475054,0.007395657898313033,0.0018450317541816223,1796.207,60
v27,seed3,32,1790.5,15.0,-3.455666666666625,1.150018572807312,0.13157894736842105,25,60,1314.808642015959,4158.373046875,190,1808.9556666666667,0.9897976125082851,0.008292077178231933,0.0019103103134828759,1802.0443333333333,60
v27,seed3,33,1836.45,17.5,-3.633833333333288,1.1109260320663452,0.19642857142857142,33,60,1391.1150479997907,4141.474609375,168,1857.5838333333334,0.9886229450568539,0.009420839956707203,0.001956214986438901,1850.3161666666667,60
v27,seed3,34,1877.5,15.833333333333334,-3.4703333333332913,1.1255587339401245,0.2463768115942029,34,60,1718.0325870237489,4226.75732421875,138,1896.8036666666665,0.9898230549603536,0.008347375962825886,0.0018295690768206155,1889.863,60
v27,seed3,35,1698.3,16.666666666666668,-3.1944999999999606,1.038116455078125,0.23717948717948717,37,60,1591.8780190883538,4312.58056640625,156,1718.1611666666668,0.9884404518900874,0.009700292958547642,0.0018592551513648033,1711.7721666666666,60
v27,seed3,36,1719.6,14.166666666666666,-3.146499999999965,1.066678762435913,0.18471337579617833,29,60,1638.1087349083773,4312.95849609375,157,1736.9131666666667,0.9900322209544345,0.008156231951338192,0.0018115470942272004,1730.6201666666666,60
v27,seed3,37,1892.0666666666666,17.5,-3.7388333333332855,1.0420253276824951,0.35294117647058826,42,60,1808.0473835408186,4309.8779296875,119,1913.3055,0.98889940297912,0.009146474517530003,0.00195412250334998,1905.8278333333333,60
v27,seed3,38,1967.8666666666666,17.5,-3.768333333333286,1.0311830043792725,0.41964285714285715,47,60,1835.093098640442,4347.853515625,112,1989.1349999999998,0.9893077476725646,0.008797794015991877,0.0018944583114435603,1981.5983333333334,60
v27,seed3,39,2130.6666666666665,22.5,-4.1731666666666145,1.0089173316955566,0.3359375,43,60,1683.279205918312,4299.01171875,128,2157.339833333333,0.9876360848418334,0.010429511221342891,0.001934403936823714,2148.9935,60
v27,seed3,40,1733.7333333333333,15.0,-3.2779999999999605,0.9658142924308777,0.3445378151260504,41,60,1966.4789396654658,4339.232421875,119,1752.0113333333334,0.9895674190844276,0.008561588452433906,0.001870992463138534,1745.4553333333333,60
v27,seed3,41,1888.8666666666666,15.0,-3.3139999999999654,0.9354581832885742,0.358974358974359,42,60,1954.35159380008,4321.4892578125,117,1907.1806666666666,0.9903973439328069,0.007865012613732451,0.0017376434534606049,1900.5526666666665,60
v27,seed3,42,1748.2333333333333,14.166666666666666,-3.220333333333296,0.8912146091461182,0.32,40,60,1894.132131591797,4434.95068359375,125,1765.6203333333333,0.9901524695475301,0.008023620027031103,0.0018239104254387437,1759.179666666667,60
v27,seed3,43,2143.6,24.166666666666668,-4.339999999999943,0.9050785303115845,0.4537037037037037,49,60,1837.812616418909,4314.9599609375,108,2172.1066666666666,0.9868760281876887,0.011125911557443467,0.001998060254867752,2163.4266666666663,60
v27,seed3,44,1962.5,19.166666666666668,-3.6341666666666224,0.9030782580375671,0.31297709923664124,41,60,1808.6519052054136,4306.73876953125,131,1985.3008333333335,0.9885151746523722,0.009654288329938242,0.001830537017689572,1978.0325,60
v27,seed3,45,1992.6,20.833333333333332,-3.9843333333332827,0.8945860862731934,0.5888888888888889,53,60,2181.23761376275,4296.54150390625,90,2017.4176666666665,0.9876983001206328,0.010326732871213414,0.001974967008153798,2009.4489999999998,60
v27,seed3,46,2095.116666666667,18.333333333333332,-4.111999999999947,0.8382552862167358,0.3565217391304348,41,60,1829.3050852899967,4312.00830078125,115,2117.5620000000004,0.9894003890637755,0.008657755160573022,0.0019418557756514076,2109.338,60
v27,seed3,47,2177.266666666667,20.0,-4.668666666666602,0.8313361406326294,0.44680851063829785,42,60,2019.0264147494702,4309.94921875,94,2201.9353333333333,0.9887968250959839,0.009082918874699015,0.0021202560293172106,2192.5980000000004,60
v27,seed3,48,2106.5833333333335,21.666666666666668,-4.321833333333274,0.8858281373977661,0.5730337078651685,51,60,2141.647903442383,4311.0,89,2132.5718333333334,0.9878135406302453,0.010159876599701878,0.0020265827700528135,2123.9281666666666,60
v27,seed3,49,1990.25,17.5,-3.734666666666619,0.8849760293960571,0.5494505494505495,50,60,2326.8402138175547,4330.21337890625,91,2011.4846666666667,0.9894432868325783,0.00870004146191188,0.0018566717055097043,2004.0153333333333,60
v27,seed3,50,1749.9166666666667,15.0,-3.285333333333296,0.8531796932220459,0.6022727272727273,53,60,2438.891205180775,4306.900390625,88,1768.202,0.9896587984102873,0.00848319366226257,0.0018580079274501987,1761.6313333333335,60
v27,seed3,51,1754.4,16.666666666666668,-3.1679999999999646,0.8306494355201721,0.45794392523364486,49,60,2208.5738233049337,4307.65966796875,107,1774.2346666666667,0.9888207196943508,0.009393721687322835,0.0017855586183263045,1767.898666666667,60
v27,seed3,52,1745.45,15.833333333333334,-3.3719999999999577,0.7786882519721985,0.5208333333333334,50,60,2318.8402210871377,4310.05029296875,96,1764.6553333333334,0.9891166660307226,0.008972479233905166,0.0019108547353722848,1757.9113333333332,60
v27,seed3,53,2121.2166666666667,17.5,-3.9349999999999543,0.807370662689209,0.5393258426966292,48,60,2338.1959677706946,4314.099609375,89,2142.6516666666666,0.9899960407314613,0.00816744983435634,0.0018365094341823898,2134.7816666666668,60
v27,seed3,54,1940.9666666666667,16.666666666666668,-3.65183333333329,0.8168524503707886,0.72,54,60,2692.8459313964845,4296.611328125,75,1961.2851666666668,0.9896402112526387,0.008497829356958206,0.0018619593904030903,1953.9815,60
v27,seed3,55,1477.8333333333333,11.666666666666666,-2.5873333333333077,0.7991387844085693,0.51,51,60,2423.945622253418,4346.0908203125,100,1492.0873333333334,0.9904469398797477,0.007819023998148454,0.0017340361221036488,1486.9126666666666,60
v27,seed3,56,1869.3,15.833333333333334,-3.3019999999999627,0.7259200811386108,0.5257731958762887,51,60,2330.726267863795,4308.279296875,97,1888.4353333333331,0.9898670963227759,0.008384366175454601,0.001748537501769523,1881.8313333333333,60
v27,seed3,57,1980.7666666666667,17.5,-3.5756666666666237,0.7020720839500427,0.5795454545454546,51,60,2470.737445831299,4311.39208984375,88,2001.8423333333333,0.9894718648338439,0.008741947209628731,0.0017861879565273574,1994.691,60
v27,seed3,58,2069.4,19.166666666666668,-3.895499999999953,0.7270241975784302,0.5888888888888889,53,60,2309.9340250651044,4304.90966796875,90,2092.4621666666667,0.988978454648284,0.009159862946148052,0.0018616824055679635,2084.6711666666665,60
v27,seed3,59,1761.55,15.833333333333334,-3.1773333333332974,0.7414305210113525,0.5824175824175825,53,60,2489.164323743883,4340.37255859375,91,1780.5606666666665,0.989323213175176,0.008892330168662232,0.0017844566561618406,1774.206,60
v27,seed3,60,2134.8333333333335,21.666666666666668,-3.882166666666621,0.7556552886962891,0.6626506024096386,55,60,2552.1598834302054,4305.58984375,83,2160.3821666666668,0.9881739287948513,0.010029089760584798,0.0017969814445638378,2152.6178333333332,60
v27,seed3,61,1673.6833333333334,13.333333333333334,-2.988166666666632,0.6703370809555054,0.6162790697674418,53,60,2632.2045909083167,4361.63232421875,86,1690.0048333333332,0.9903423353128479,0.007889523787358006,0.0017681408997942507,1684.0285000000001,60
v27,seed3,62,2061.2,20.0,-3.9261666666666186,0.6769192218780518,0.6585365853658537,54,60,2498.962278226527,4403.7841796875,82,2085.1261666666664,0.9885253146552203,0.009591745727296918,0.0018829396174827563,2077.273833333333,60
v27,seed3,63,1807.9166666666667,14.166666666666666,-3.208999999999966,0.6380546689033508,0.8142857142857143,57,60,3022.1981654575893,4316.6279296875,70,1825.2923333333335,0.990480611598836,0.007761313849818028,0.0017580745513458202,1818.8743333333334,60
v27,seed3,64,2086.3,18.333333333333332,-3.602833333333293,0.6574640274047852,0.6309523809523809,53,60,2609.35127112979,4308.0595703125,84,2108.236166666667,0.9895950145370335,0.00869605294852719,0.0017089325144391836,2101.0305000000003,60
v27,seed3,65,1973.2,18.333333333333332,-3.418666666666628,0.6418818831443787,0.5151515151515151,51,60,2303.509740964331,4309.41015625,99,1994.952,0.9890964795142941,0.009189861878046856,0.0017136586076590455,1988.1146666666666,60
v27,seed3,66,2016.4666666666667,17.5,-3.6578333333332886,0.6496020555496216,0.5681818181818182,50,60,2469.861421064897,4347.43212890625,88,2037.6245,0.9896164218022834,0.008588432265120488,0.0017951459325961623,2030.3088333333335,60
v27,seed3,67,1890.45,15.833333333333334,-3.1391666666666334,0.6808369755744934,0.6470588235294118,55,60,2652.4193937413834,4311.11962890625,85,1909.4225,0.9900637496415802,0.008292210515657658,0.0016440398427622139,1903.1441666666667,60
v27,seed3,68,1815.2166666666667,14.166666666666666,-3.225499999999966,0.6171551942825317,0.7215189873417721,57,60,2752.1761878291263,4306.662109375,79,1832.6088333333335,0.9905096132080559,0.007730327612193655,0.001760059179750379,1826.1578333333334,60
v27,seed3,69,2005.3,17.5,-3.5843333333332925,0.6547247171401978,0.6585365853658537,54,60,2562.273835717178,4306.91015625,82,2026.3843333333332,0.9895950965537469,0.008636071505356092,0.0017688319408970096,2019.2156666666667,60
v27,seed3,70,1862.3333333333333,15.833333333333334,-3.162833333333301,0.6451736092567444,0.7215189873417721,57,60,2782.241966923581,4304.6513671875,79,1881.3294999999998,0.9899027965772786,0.008416034157404823,0.0016811692653165228,1875.0038333333332,60
v27,seed3,71,1907.0833333333333,13.333333333333334,-3.202166666666634,0.5944743752479553,0.5697674418604651,49,60,2581.8308875505313,4304.8232421875,86,1923.6188333333332,0.9914039623061153,0.00693138011662567,0.0016646575772590953,1917.2144999999998,60
v27,seed3,72,1878.9666666666667,14.166666666666666,-3.120666666666635,0.5959299802780151,0.7051282051282052,55,60,2857.9310603997646,4311.74951171875,78,1896.2540000000001,0.9908834294702432,0.007470869760415358,0.001645700769341362,1890.0126666666667,60
v27,seed3,73,1808.4833333333333,15.0,-3.217999999999964,0.59588223695755,0.5531914893617021,52,60,2458.025957148126,4342.7958984375,94,1826.7013333333334,0.9900268316075753,0.008211522992994293,0.001761645399430356,1820.2653333333333,60
v27,seed3,74,1732.6666666666667,15.0,-3.109833333333299,0.5893108248710632,0.6746987951807228,56,60,2673.987419404179,4355.97314453125,83,1750.7765,0.9896561135397162,0.008567626992937134,0.0017762594673468024,1744.5568333333335,60
v27,seed3,75,2135.133333333333,20.0,-4.104499999999951,0.5564283132553101,0.7466666666666667,56,60,2608.9816982014972,4307.39990234375,75,2159.237833333333,0.988836570187922,0.009262527587859514,0.001900902224218446,2151.0288333333333,60
v27,seed3,76,1853.2666666666667,13.333333333333334,-3.0114999999999705,0.5241059064865112,0.6428571428571429,54,60,2720.2142348516554,4304.47998046875,84,1869.6115,0.9912576311531388,0.00713160639701528,0.001610762449845848,1863.5884999999998,60
v27,seed3,77,1858.8666666666666,15.833333333333334,-3.153333333333298,0.5551760196685791,0.6292134831460674,56,60,2583.860171200184,4347.21142578125,89,1877.853333333333,0.9898891642229781,0.008431613402537652,0.0016792223744843216,1871.5466666666666,60
v27,seed3,78,1932.3166666666666,17.5,-3.542499999999959,0.5607964992523193,0.574468085106383,54,60,2228.5945231660885,4352.39453125,94,1953.3591666666666,0.989227531547151,0.008958925884512619,0.0018135425683363194,1946.2741666666666,60
v27,seed3,79,2018.3166666666666,17.5,-3.70883333333329,0.5236364603042603,0.5416666666666666,52,60,2151.1130789120994,4302.9697265625,96,2039.5255,0.9896010943068212,0.008580427163082785,0.0018184785300959906,2032.1078333333332,60
v27,seed3,80,1777.9666666666667,15.0,-3.151499999999965,0.5151229500770569,0.5263157894736842,50,60,2412.204241300884,4307.08837890625,95,1796.1181666666666,0.9898940390800197,0.008351343624477566,0.001754617295502717,1789.8151666666668,60
v27,seed3,81,1751.7166666666667,13.333333333333334,-3.0044999999999695,0.49484652280807495,0.6666666666666666,56,60,2695.0904853457496,4375.8857421875,84,1768.0545,0.990759428890154,0.007541245664844231,0.0016993254450018195,1762.0455,60
v27,seed3,82,1934.8833333333334,16.666666666666668,-3.37566666666663,0.48318374156951904,0.6333333333333333,57,60,2416.6321097479927,4306.10986328125,90,1954.9256666666668,0.9897477772812163,0.008525473347068439,0.001726749371715223,1948.1743333333336,60
v27,seed3,83,1697.6333333333334,12.5,-2.9083333333333057,0.5205971002578735,0.7125,57,60,2817.985510063171,4307.3203125,80,1713.0416666666667,0.9910052781358695,0.007296962031474229,0.0016977598326563211,1707.2250000000001,60
v27,seed3,84,1900.3333333333333,15.833333333333334,-3.3673333333332947,0.47017309069633484,0.7160493827160493,58,60,2649.140771559727,4383.2333984375,81,1919.5339999999999,0.9899972250209339,0.008248529764689417,0.0017542452143766638,1912.7993333333332,60
v27,seed3,85,1986.6333333333334,17.5,-3.459499999999962,0.49405038356781006,0.6746987951807228,56,60,2657.517265227904,4305.6201171875,83,2007.5928333333334,0.9895598850264874,0.008716906989025082,0.0017232079844875395,2000.6738333333335,60
v27,seed3,86,1824.9666666666667,15.0,-2.956166666666638,0.5257251262664795,0.6404494382022472,57,60,2622.2102290807147,4306.111328125,89,1842.9228333333333,0.9902566909791937,0.008139244752244555,0.0016040642685617808,1837.0105,60
v27,seed3,87,1612.8,10.833333333333334,-2.583499999999978,0.5202938318252563,0.5851063829787234,55,60,2556.705483943858,4308.27978515625,94,1626.2168333333332,0.9917496651994235,0.006661678265331776,0.001588656535244723,1621.0498333333333,60
v27,seed3,88,1765.05,16.666666666666668,-3.163833333333297,0.450791597366333,0.6170212765957447,58,60,2349.4382221952396,4377.79638671875,94,1784.8805,0.9888897323938494,0.009337693289083872,0.0017725743170667711,1778.5528333333334,60
v27,seed3,89,1806.0833333333333,15.0,-2.974499999999971,0.44663548469543457,0.6904761904761905,58,60,2755.9853221348353,4304.35205078125,84,1824.0578333333333,0.990145871654106,0.008223423471496289,0.0016307048743976983,1818.1088333333332,60
v27,seed3,90,1607.3833333333334,11.666666666666666,-2.766499999999974,0.4263974130153656,0.7307692307692307,57,60,2910.389072907277,4305.07958984375,78,1621.8165000000001,0.9911006167056096,0.007193579955973234,0.001705803338417123,1616.2835000000002,60
v27,seed3,91,1992.8166666666666,17.5,-3.5608333333332935,0.47261515259742737,0.6222222222222222,56,60,2344.1556593153214,4372.8134765625,90,2013.8774999999998,0.9895421477555942,0.008689704314189915,0.0017681479302158617,2006.7558333333334,60
v27,seed3,92,1859.35,16.666666666666668,-3.404166666666627,0.38207370042800903,0.4909090909090909,54,60,1958.9601543079723,4306.02099609375,110,1879.4208333333333,0.989320734889516,0.008867980162328377,0.0018112849481555498,1872.6125,60
v27,seed3,93,1535.1166666666666,11.666666666666666,-2.6733333333333067,0.36980533599853516,0.6629213483146067,59,60,2568.5928319009504,4404.1513671875,89,1549.4566666666667,0.9907451429210669,0.007529521100945062,0.0017253359779879657,1544.11,60
v27,seed3,94,2095.5333333333333,18.333333333333332,-3.669666666666626,0.42390453815460205,0.6162790697674418,53,60,2460.62226370878,4382.86328125,86,2117.5363333333335,0.9896091511377451,0.008657860101259183,0.00173298876099566,2110.197,60
v27,seed3,95,1735.75,14.166666666666666,-2.8839999999999715,0.3511675000190735,0.6444444444444445,58,60,2534.504298909505,4304.79052734375,90,1752.8006666666668,0.9902723298827286,0.0080823033309359,0.0016453667863354522,1747.0326666666667,60
v27,seed3,96,1624.3333333333333,10.833333333333334,-2.7374999999999754,0.39627307653427124,0.5978260869565217,55,60,2543.7892449420433,4387.9853515625,92,1637.9041666666665,0.9917145132117519,0.00661414358288158,0.0016713432053665994,1632.4291666666666,60
v27,seed3,97,2000.3833333333334,19.166666666666668,-3.671499999999956,0.32708585262298584,0.4396551724137931,51,60,1877.8676905138739,4308.85009765625,116,2023.2215,0.9887119790558441,0.009473340742309563,0.00181468020184639,2015.8785000000003,60
v27,seed3,98,2034.0,19.166666666666668,-3.7718333333332885,0.33569493889808655,0.46226415094339623,49,60,2059.1287355243035,4305.2021484375,106,2056.9384999999997,0.9888482324580926,0.009318055287830274,0.0018337122540772555,2049.3948333333333,60
v27,seed3,99,1943.2333333333333,16.666666666666668,-3.4821666666666284,0.3140610158443451,0.4774774774774775,53,60,1997.8949934126022,4692.28662109375,111,1963.3821666666668,0.9897376915837323,0.008488753208430384,0.0017735552078373407,1956.4178333333334,60
v27,seed3,100,1899.7833333333333,15.833333333333334,-3.460333333333294,0.3033221662044525,0.42857142857142855,48,60,2039.3389858518328,4354.31298828125,112,1919.0769999999998,0.9899463822104759,0.00825049403089784,0.0018031237586263057,1912.1563333333334,60
v27,seed3,101,1796.8333333333333,15.0,-3.47549999999996,0.33894163370132446,0.49514563106796117,51,60,2128.717440114438,4355.92333984375,103,1815.3088333333333,0.989822392939016,0.008263056800344257,0.0019145502606397423,1808.3578333333332,60
v27,seed3,102,2153.483333333333,22.5,-4.176999999999945,0.28685060143470764,0.5142857142857142,54,60,1908.6667368570963,4306.4599609375,105,2180.1603333333333,0.9877637439815206,0.010320341883112268,0.0019159141353670833,2171.806333333333,60
v27,seed3,103,1938.0,19.166666666666668,-3.784999999999954,0.31974276900291443,0.45045045045045046,50,60,1921.4367208394917,4387.1728515625,111,1960.9516666666666,0.9882956489663608,0.009774165774951108,0.0019301852586881476,1953.381666666667,60
v27,seed3,104,2222.866666666667,21.666666666666668,-4.5759999999999375,0.3112815022468567,0.3161764705882353,43,60,1463.4333428775562,4323.7587890625,136,2249.1093333333333,0.9883319737828071,0.009633443045899059,0.002034583171293853,2239.9573333333333,60
v27,seed3,105,1888.6333333333334,15.833333333333334,-4.060166666666613,0.30319228768348694,0.5051546391752577,49,60,2054.8559199067736,4376.4912109375,97,1908.5268333333333,0.9895765154293089,0.008296102028431878,0.002127382542259224,1900.4065,60
v27,seed3,106,1741.8166666666666,11.666666666666666,-3.0799999999999677,0.27181476354599,0.44954128440366975,49,60,2081.9555413482385,4355.04443359375,109,1756.5633333333333,0.9916048192588178,0.0066417569154921825,0.001753423825689918,1750.4033333333334,60
v27,seed3,107,1722.9333333333334,15.833333333333334,-3.2003333333332975,0.281459242105484,0.3543307086614173,45,60,1857.758714330478,4350.482421875,127,1741.9669999999999,0.989073463121479,0.009089341723082777,0.0018371951554382476,1735.5663333333334,60
v27,seed3,108,2271.85,20.0,-4.248166666666613,0.2544638514518738,0.302158273381295,42,60,1532.9229338940956,4319.3447265625,139,2296.0981666666667,0.9894394033240013,0.008710428974835498,0.00185016770116316,2287.601833333333,60
v27,seed3,109,1632.45,12.5,-3.1799999999999615,0.263443261384964,0.3230769230769231,42,60,1763.8471856924205,4343.9130859375,130,1648.13,0.9904861873759958,0.007584353176023736,0.001929459447980415,1641.77,60
v27,seed3,110,1771.8166666666666,14.166666666666666,-3.3376666666666304,0.30422404408454895,0.2692307692307692,42,60,1502.5422834738706,4306.97021484375,156,1789.321,0.9902173319749037,0.007917342202246923,0.001865325822849355,1782.6456666666668,60
v27,seed3,111,2424.6,22.5,-5.090833333333265,0.28503066301345825,0.2119205298013245,32,60,1304.9923249301532,4303.5302734375,151,2452.190833333333,0.9887484966674359,0.009175468603075686,0.002076034729488467,2442.0091666666667,60
v27,seed3,112,2250.133333333333,20.833333333333332,-5.005333333333266,0.23799030482769012,0.2064516129032258,32,60,1255.211104657573,4352.44140625,155,2275.9719999999998,0.9886471948395382,0.00915359825750639,0.002199206902955426,2265.9613333333336,60
v27,seed3,113,2144.4666666666667,20.0,-4.786666666666602,0.3166112005710602,0.34545454545454546,38,60,1626.4054647272283,4286.86279296875,110,2169.253333333333,0.9885736413143694,0.009219762253064036,0.0022065964325666296,2159.6800000000003,60
v27,seed3,114,1596.6333333333334,13.333333333333334,-4.4889999999999395,0.3263183534145355,0.2421875,31,60,1479.9509031772614,4287.7607421875,128,1614.4556666666667,0.9889607787309944,0.0082587175409173,0.0027805037280882942,1605.4776666666667,60
v27,seed3,115,2307.7166666666667,24.166666666666668,-5.164166666666592,0.26572293043136597,0.30327868852459017,37,60,1392.2562907484712,4389.39990234375,122,2337.0474999999997,0.9874496203721435,0.010340682706135272,0.002209696921721357,2326.7191666666668,60
v27,seed3,116,1756.4666666666667,5.833333333333333,-3.8258333333332857,0.27910009026527405,0.09302325581395349,16,60,1319.8424552207769,4302.0986328125,172,1766.1258333333333,0.9945308728945795,0.003302897915446757,0.002166229189973696,1758.4741666666666,60
v27,seed3,117,1860.7333333333333,14.166666666666666,-3.8563333333332843,0.2011730819940567,0.18354430379746836,29,60,1361.4667095715486,4450.7626953125,158,1878.7563333333335,0.9904069518328524,0.0075404491872194165,0.0020525989799280078,1871.0436666666667,60
v27,seed3,118,1603.9333333333334,9.166666666666666,-3.9746666666666135,0.29937970638275146,0.08021390374331551,15,60,1170.82253334739,4134.826171875,187,1617.0746666666666,0.9918733911276825,0.0056686724834804575,0.0024579363888370936,1609.1253333333336,60
v27,seed3,119,1651.7666666666667,13.333333333333334,-5.000999999999929,0.2478145956993103,0.1678832116788321,23,60,1184.5579833984375,4302.1396484375,137,1670.1009999999999,0.9890220212230678,0.007983549098727163,0.0029944296782050484,1660.099,60
v27,seed3,120,1711.75,10.833333333333334,-4.531333333333274,0.22731731832027435,0.07954545454545454,14,60,1027.3535858501089,4141.6337890625,176,1727.1146666666666,0.9911038525911424,0.006272503813682319,0.0026236435951752716,1718.052,60
v27,seed3,121,1232.1166666666666,1.6666666666666667,-3.071166666666633,0.23228026926517487,0.010638297872340425,2,60,995.401813182425,3840.75048828125,188,1236.8545,0.9961694497345215,0.0013475042267838836,0.0024830460386946348,1230.7121666666667,60
v27,seed3,122,1372.7833333333333,7.5,-3.7874999999999517,0.1819353699684143,0.05789473684210526,11,60,944.887193137721,4404.17919921875,190,1384.0708333333332,0.9918447092965498,0.005418797809601508,0.002736492893848727,1376.4958333333334,60
v27,seed3,123,978.6,0.8333333333333334,-3.3069999999999626,0.2090531885623932,0.021505376344086023,4,60,958.8532410488334,4128.35302734375,186,982.7403333333334,0.9957869508425589,0.0008479689955400222,0.003365080161900986,976.1263333333334,60
v27,seed3,124,1041.8166666666666,2.5,-2.8503333333333036,0.21204155683517456,0.03535353535353535,7,60,1063.1933488942157,4150.75244140625,198,1047.167,0.9948906589557031,0.00238739379678695,0.0027219472475099996,1041.4663333333333,60
v27,seed3,125,1067.8833333333334,2.5,-2.6021666666666445,0.1760806441307068,0.023148148148148147,5,60,948.8675162703903,3920.180908203125,216,1072.9855,0.9952448875901244,0.0023299476087980686,0.002425164801077596,1067.7811666666669,60
v27,seed3,126,814.0166666666667,0.8333333333333334,-2.066166666666653,0.19679465889930725,0.004651162790697674,1,60,954.3357744793559,3164.984619140625,215,816.9161666666666,0.9964506761913758,0.0010200965133713232,0.002529227295252842,812.7838333333334,60
v27,seed3,127,976.4333333333333,3.3333333333333335,-2.573333333333311,0.17770975828170776,0.024271844660194174,5,60,969.6487906743022,4149.25537109375,206,982.3399999999999,0.9939871463376564,0.0033932582744603027,0.002619595387883331,977.1933333333334,60
v27,seed3,128,722.9166666666666,,-3.750666666666621,0.2517630457878113,0.005780346820809248,1,60,898.3430036423523,3709.441162109375,173,726.6673333333332,0.9948385368453792,0.0,0.005161463154620897,719.166,60
v27,seed3,129,847.4,,-2.7953333333333057,0.19619220495224,0.0,0,60,852.1776043362088,2867.57421875,180,850.1953333333333,0.9967121281148724,0.0,0.003287871885127542,844.6046666666666,60
v27,seed3,130,753.5833333333334,,-2.7611666666666403,0.19390968978405,0.0,0,60,901.5440855176037,2538.9736328125,191,756.3445,0.9963493267067234,0.0,0.003650673293276596,750.8221666666667,60
v27,seed3,131,821.2833333333333,,-2.321833333333314,0.18936432898044586,0.0,0,60,970.1188837687174,2879.75048828125,198,823.6051666666666,0.9971808902769147,0.0,0.0028191097230853305,818.9615,60
v27,seed3,132,974.9166666666666,1.6666666666666667,-3.7071666666666228,0.2219158113002777,0.011764705882352941,2,60,966.5925169103286,3268.413330078125,170,980.2904999999998,0.9945181215840272,0.001700176291279643,0.0037817021246932653,972.8761666666667,60
v27,seed3,133,1063.7166666666667,1.6666666666666667,-3.63183333333329,0.2323547899723053,0.010309278350515464,2,60,910.7897618087296,3750.11083984375,194,1069.0151666666668,0.9950435689172479,0.0015590673721342587,0.0033973637106177227,1061.7515,60
v27,seed3,134,976.4333333333333,2.5,-2.9738333333333014,0.2297866940498352,0.02040816326530612,4,60,979.1872297793019,3432.881591796875,196,981.9071666666666,0.9944253046324983,0.0025460655394612154,0.0030286298280403985,975.9594999999999,60
v27,seed3,135,910.7666666666667,,-1.8604999999999885,0.20271903276443481,0.0,0,60,1162.8076735166746,3103.75048828125,214,912.6271666666667,0.9979613799939844,0.0,0.0020386200060155874,908.9061666666666,60
v27,seed3,136,1042.6666666666667,0.8333333333333334,-2.0703333333333194,0.23134954273700714,0.008368200836820083,2,60,1119.3073482752843,3440.23291015625,239,1045.5703333333333,0.9972228872854402,0.000797013177178261,0.001980099537381658,1041.4296666666667,60
v27,seed3,137,975.9333333333333,,-2.2074999999999814,0.23772527277469635,0.0,0,60,1228.8209488057644,2882.43310546875,214,978.1408333333333,0.9977431675227408,0.0,0.0022568324772591353,973.7258333333333,60
v27,seed3,138,1215.6833333333334,1.6666666666666667,-2.5299999999999785,0.17676664888858795,0.01327433628318584,3,60,1216.7834387585126,3606.722412109375,226,1219.88,0.9965597709064279,0.0013662546042780164,0.0020739744892940113,1214.8200000000002,60
v27,seed3,139,1217.9833333333333,0.8333333333333334,-2.5301666666666445,0.1965826004743576,0.009389671361502348,2,60,1236.6810381535633,3397.162841796875,213,1221.3468333333333,0.9972460730169331,0.0006823068686058466,0.0020716201144610528,1216.2865,60
v27,seed3,140,714.8833333333333,0.8333333333333334,-1.2901666666666614,0.17228950560092926,0.011627906976744186,3,60,1239.3550810111585,3722.162841796875,258,717.0068333333334,0.9970383824793859,0.0011622390395628493,0.001799378481051196,714.4265,60
v27,seed3,141,937.25,1.6666666666666667,-1.751166666666652,0.20193102955818176,0.012552301255230125,3,60,1292.4698263511498,3441.241943359375,239,940.6678333333333,0.9963665884893481,0.0017717908570985118,0.001861620653553391,937.1655,60
v27,seed3,142,1066.55,1.6666666666666667,-2.0333333333333186,0.17063213884830475,0.00851063829787234,2,60,1277.10311798745,3907.75048828125,235,1070.25,0.9965428638168652,0.0015572685509616135,0.0018998676321731545,1066.1833333333334,60
v27,seed3,143,998.75,0.8333333333333334,-2.333499999999979,0.19353483617305756,0.004291845493562232,1,60,1246.5075512669116,3267.95263671875,233,1001.9168333333333,0.9968392253448848,0.0008317390282393699,0.0023290356268758626,997.2498333333334,60
v27,seed3,144,1160.8166666666666,0.8333333333333334,-2.2629999999999817,0.20044568181037903,0.0136986301369863,3,60,1313.9224900894512,4157.7333984375,219,1163.9129999999998,0.9973397209814366,0.0007159756213164846,0.0019443033972470296,1159.387,60
v27,seed3,145,1482.9333333333334,1.6666666666666667,-2.8566666666666394,0.1975332796573639,0.014778325123152709,3,60,1333.0722398429082,3683.75048828125,203,1487.4566666666667,0.9969590150525394,0.0011204808207297915,0.0019205041267308443,1481.7433333333336,60
v27,seed3,146,1062.5166666666667,1.6666666666666667,-1.9758333333333191,0.19498221576213837,0.016,4,60,1214.527146911621,3911.362060546875,250,1066.1591666666668,0.9965835307579933,0.0015632437620711728,0.0018532254799353619,1062.2075,60
v27,seed3,147,999.7166666666667,0.8333333333333334,-1.8461666666666536,0.19358451664447784,0.004048582995951417,1,60,1273.862335452184,3268.383056640625,247,1002.3961666666668,0.9973269051807028,0.0008313413010192078,0.0018417535182779399,998.7038333333334,60
v27,seed3,148,1182.7333333333333,0.8333333333333334,-2.2298333333333167,0.14954335987567902,0.009433962264150943,2,60,1358.0331305018012,3926.701416015625,212,1185.7965,0.9974167855389465,0.0007027625172897149,0.001880451943763805,1181.3368333333333,60
v27,seed3,149,1223.2,4.166666666666667,-2.1366666666666503,0.1861870139837265,0.030837004405286344,7,60,1319.0503704726434,3601.840576171875,227,1229.5033333333333,0.9948732686098181,0.003388902293880185,0.0017378290963017454,1225.2300000000002,60
v27,seed3,150,1249.6166666666666,1.6666666666666667,-2.182833333333315,0.12169896811246872,0.013953488372093023,3,60,1359.4567514818768,3903.03173828125,215,1253.4661666666666,0.9969289159114386,0.001329646312751162,0.0017414377758101823,1249.1005,60
v27,seed3,151,994.3,0.8333333333333334,-1.8526666666666525,0.14090096950531006,0.014778325123152709,3,60,1493.9623999384237,3923.8515625,203,996.986,0.9973058799220851,0.0008358525930487824,0.0018582674848660386,993.2806666666667,60
v27,seed3,152,1417.6333333333334,0.8333333333333334,-2.6251666666666416,0.168785959482193,0.014925373134328358,3,60,1409.3818924937082,3604.55322265625,201,1421.0918333333334,0.9975663078775933,0.0005864035763112189,0.001847288546095584,1415.8415,60
v27,seed3,153,1402.1666666666667,3.3333333333333335,-2.706333333333306,0.14742672443389893,0.037037037037037035,7,60,1443.8287369662492,4157.27294921875,189,1408.2063333333333,0.9957110925269238,0.0023670773624793148,0.0019218301105969364,1402.7936666666667,60
v27,seed3,154,1467.7166666666667,3.3333333333333335,-3.0728333333332984,0.18256457149982452,0.031914893617021274,6,60,1412.7747276793134,4105.10986328125,188,1474.1228333333333,0.99565425178838,0.002261231735889942,0.0020845164757301196,1467.9771666666666,60
v27,seed3,155,1481.5833333333333,0.8333333333333334,-3.450333333333292,0.15995311737060547,0.02185792349726776,4,60,1387.5918596611648,3905.091796875,183,1485.8669999999997,0.9971170591535673,0.000560839788038454,0.002322101058394387,1478.9663333333333,60
v27,seed3,156,1425.6166666666666,0.8333333333333334,-3.0553333333332997,0.15401992201805115,0.005405405405405406,1,60,1447.0896799448374,3268.483154296875,185,1429.505333333333,0.9972797116764868,0.0005829522380235961,0.002137336085489689,1423.3946666666666,60
v27,seed3,157,1741.55,2.5,-4.1123333333332805,0.12405360490083694,0.018518518518518517,3,60,1407.6299981953184,3907.75048828125,162,1748.1623333333332,0.9962175518787634,0.0014300731415675166,0.0023523749796690967,1739.9376666666667,60
v27,seed3,158,1389.2833333333333,,-3.2191666666666303,0.14251863956451416,0.0,0,60,1461.230584517769,2900.104736328125,184,1392.5024999999998,0.9976882148027264,0.0,0.0023117851972737076,1386.0641666666668,60
v27,seed3,159,1331.8333333333333,,-3.087166666666632,0.13365834951400757,0.0,0,60,1491.0589733338088,2886.19580078125,178,1334.9205,0.9976873778875471,0.0,0.002312622112452863,1328.7461666666666,60
v27,seed3,160,1396.95,,-3.5883333333332916,0.14319616556167603,0.0,0,60,1399.1470931480671,2895.75048828125,174,1400.5383333333334,0.99743788995422,0.0,0.0025621100457799855,1393.3616666666667,60
v27,seed3,161,1679.4333333333334,,-3.9561666666666184,0.13700522482395172,0.0,0,60,1380.4829132080079,2900.483154296875,165,1683.3895,0.99764988039508,0.0,0.0023501196049200844,1675.4771666666668,60
v27,seed3,162,1750.15,0.8333333333333334,-4.0271666666666155,0.1309947967529297,0.006060606060606061,1,60,1370.054214292584,3867.750732421875,165,1755.0104999999999,0.9972305009001372,0.00047483096729810645,0.0022946681325648,1746.9561666666668,60
v27,seed3,163,1446.6833333333334,,-3.0731666666666344,0.14070352911949158,0.0,0,60,1410.8341883906612,2901.025634765625,189,1449.7565,0.9978802187355832,0.0,0.0021197812644169105,1443.6101666666668,60
v27,seed3,164,1621.9666666666667,,-3.907666666666616,0.15730935335159302,0.0,0,60,1349.7079806660497,2900.87548828125,172,1625.8743333333334,0.9975965752170678,0.0,0.002403424782932147,1618.059,60
v27,seed3,165,1140.25,,-2.1916666666666487,0.13914629817008972,0.0,0,60,1273.121656719007,2885.39599609375,228,1142.4416666666666,0.9980815942462417,0.0,0.0019184057537583819,1138.0583333333334,60
v27,seed3,166,1544.25,,-3.315499999999963,0.13950245082378387,0.0,0,60,1422.518240408464,2902.03662109375,176,1547.5655,0.9978576027961337,0.0,0.002142397203866307,1540.9345,60
v27,seed3,167,1411.7,,-3.213499999999961,0.1192837804555893,0.0,0,60,1358.2650271622592,3016.305908203125,189,1414.9135,0.9977288364271031,0.0,0.0022711635728968316,1408.4865,60
v27,seed3,168,1328.55,,-2.8171666666666386,0.11249644309282303,0.0,0,60,1381.2271243364382,2882.353271484375,195,1331.3671666666667,0.9978840047004314,0.0,0.0021159952995686055,1325.7328333333332,60
v27,seed3,169,1315.5833333333333,,-2.6943333333333075,0.14731019735336304,0.0,0,60,1311.8203725994758,2869.54541015625,212,1318.2776666666666,0.9979561716006718,0.0,0.0020438283993280937,1312.889,60
v27,seed3,170,1406.4166666666667,,-2.9009999999999683,0.14381563663482666,0.0,0,60,1442.0995557204537,2884.985595703125,184,1409.3176666666668,0.9979415570608282,0.0,0.002058442939171723,1403.5156666666667,60
v27,seed3,171,1229.3333333333333,,-2.863166666666638,0.11572075635194778,0.0,0,60,1306.4682605160867,2899.964599609375,203,1232.1964999999998,0.9976763716934218,0.0,0.0023236283065782436,1226.4701666666667,60
v27,seed3,172,1370.2,,-3.088999999999967,0.139970600605011,0.0,0,60,1346.49261466493,2900.134765625,188,1373.289,0.9977506555430067,0.0,0.0022493444569933693,1367.111,60
v27,seed3,173,1211.4333333333334,,-2.494999999999977,0.12850061058998108,0.0,0,60,1302.7208959139311,2885.675537109375,208,1213.9283333333333,0.997944689211472,0.0,0.002055310788528134,1208.9383333333335,60
v27,seed3,174,1327.4166666666667,,-3.093999999999964,0.15796984732151031,0.0,0,60,1337.3048070807206,2897.0517578125,190,1330.5106666666668,0.9976745770796777,0.0,0.002325422920322295,1324.3226666666667,60
v27,seed3,175,1279.5666666666666,0.8333333333333334,-2.6124999999999736,0.12443588674068451,0.0049261083743842365,1,60,1361.5862088508793,3165.425048828125,203,1283.0124999999998,0.9973142636308429,0.0006495130276075513,0.002036223341549653,1277.7875,60
v27,seed3,176,1251.25,,-2.555333333333308,0.1290528029203415,0.0,0,60,1356.3797246271643,2897.892578125,199,1253.8053333333332,0.9979619377383412,0.0,0.002038062261658887,1248.6946666666668,60
v27,seed3,177,1284.55,,-2.81699999999997,0.13157206773757935,0.0,0,60,1337.930000149474,2896.75048828125,196,1287.367,0.9978118127930885,0.0,0.002188187206911448,1281.733,60
v27,seed3,178,1382.2833333333333,,-3.0901666666666325,0.13278397917747498,0.0,0,60,1400.422172712243,2885.486083984375,184,1385.3735,0.997769434259666,0.0,0.00223056574033402,1379.1931666666667,60
v27,seed3,179,1291.4,,-2.6091666666666398,0.14084595441818237,0.0,0,60,1348.7990302853468,2900.084716796875,205,1294.0091666666667,0.9979836567360741,0.0,0.002016343263925853,1288.7908333333335,60
v27,seed3,180,1176.25,,-2.14516666666665,0.12410518527030945,0.0,0,60,1385.7785217003889,2898.19287109375,217,1178.3951666666667,0.9981795863328813,0.0,0.001820413667118727,1174.1048333333333,60
v27,seed3,181,1305.5,,-3.195166666666629,0.14400750398635864,0.0,0,60,1299.1699645233155,2897.75048828125,200,1308.6951666666666,0.9975585096147295,0.0,0.0024414903852704906,1302.3048333333334,60
v27,seed3,182,1151.0666666666666,,-2.2823333333333142,0.16600793600082397,0.0,0,60,1356.5960659208752,2882.642333984375,210,1153.349,0.9980211251465659,0.0,0.0019788748534340555,1148.7843333333333,60
v27,seed3,183,1405.6,,-3.21466666666663,0.1013251543045044,0.0,0,60,1280.8418604141627,2900.8154296875,195,1408.8146666666664,0.9977181763203299,0.0,0.0022818236796701653,1402.3853333333334,60
v27,seed3,184,1204.4166666666667,,-2.4184999999999786,0.11235678195953369,0.0,0,60,1200.3275676172736,2895.75048828125,227,1206.8351666666667,0.9979959980726448,0.0,0.002004001927355154,1201.9981666666667,60
v27,seed3,185,1209.2333333333333,,-2.2609999999999832,0.09929686784744263,0.0,0,60,1233.962995485628,2896.75048828125,219,1211.4943333333333,0.9981337098013665,0.0,0.0018662901986334645,1206.9723333333334,60
v27,seed3,186,952.5833333333334,,-1.6639999999999904,0.11062213033437729,0.0,0,60,1368.5892276154261,2901.045654296875,219,954.2473333333334,0.9982562172909749,0.0,0.0017437827090251133,950.9193333333334,60
v27,seed3,187,1058.0,,-2.0796666666666486,0.10660110414028168,0.0,0,60,1350.6919550601906,2900.63525390625,211,1060.0796666666668,0.998038197758093,0.0,0.0019618022419069588,1055.9203333333332,60
v27,seed3,188,1210.9,,-2.2404999999999835,0.12612438201904297,0.0,0,60,1268.6928902378788,2897.962646484375,216,1213.1405,0.9981531405471997,0.0,0.0018468594528003835,1208.6595000000002,60
v27,seed3,189,1188.7666666666667,,-2.4183333333333112,0.12298215925693512,0.0,0,60,1270.3473921446043,2898.11279296875,214,1191.185,0.9979698087758548,0.0,0.0020301912241451254,1186.3483333333334,60
v27,seed3,190,959.5666666666667,,-1.8341666666666532,0.11933265626430511,0.0,0,60,1326.7076171735011,2895.75048828125,218,961.4008333333334,0.9980921935959767,0.0,0.0019078064040232818,957.7325000000001,60
v27,seed3,191,1245.1833333333334,,-2.7619999999999694,0.10660278797149658,0.0,0,60,1288.7870211459622,2885.15576171875,202,1247.9453333333333,0.9977867620269691,0.0,0.0022132379730308454,1242.4213333333335,60
v27,seed3,192,1111.5666666666666,,-2.4658333333333102,0.09734471142292023,0.0,0,60,1237.6414585377215,2879.75048828125,217,1114.0325,0.9977865696617169,0.0,0.0022134303382830484,1109.1008333333332,60
v27,seed3,193,970.6333333333333,,-2.215666666666647,0.08950944989919662,0.0,0,60,1334.376425394198,2879.75048828125,205,972.8489999999999,0.9977224968451768,0.0,0.0022775031548232533,968.4176666666667,60
v27,seed3,194,1132.2333333333333,,-2.317833333333311,0.0941758081316948,0.0,0,60,1265.2560502511483,2898.002685546875,216,1134.5511666666666,0.9979570482130452,0.0,0.0020429517869547924,1129.9155,60
v27,seed3,195,1253.5833333333333,,-2.426666666666646,0.11037037521600723,0.0,0,60,1302.5366534651996,2882.212890625,214,1256.01,0.9980679559345333,0.0,0.0019320440654665536,1251.1566666666665,60
v27,seed3,196,1043.9333333333334,,-1.89733333333332,0.09572097659111023,0.0,0,60,1309.013468469292,2896.4912109375,227,1045.8306666666667,0.99818581210725,0.0,0.0018141878927499925,1042.036,60
v27,seed3,197,1053.5166666666667,,-2.0194999999999856,0.07834415882825851,0.0,0,60,1317.531751571163,2896.75048828125,217,1055.5361666666665,0.9980867543303823,0.0,0.0019132456696178129,1051.4971666666668,60
v27,seed3,198,1172.6333333333334,0.8333333333333334,-2.2879999999999825,0.12137596309185028,0.004310344827586207,1,60,1234.7177650188578,3524.75048828125,232,1175.7546666666667,0.9973452511635081,0.0007087646402424089,0.0019459841962495429,1171.1786666666667,60
v27,seed3,199,901.5333333333333,0.8333333333333334,-1.4868333333333255,0.1123989075422287,0.004273504273504274,1,60,1312.980371263292,3269.664306640625,234,903.8535,0.9974330279556735,0.0009219783220769,0.0016449937222495963,900.8798333333333,60
v27,seed3,200,1048.7166666666667,,-2.005833333333318,0.10118243098258972,0.0,0,60,1289.9981358176783,2897.75048828125,228,1050.7225,0.9980909961161645,0.0,0.001909003883835473,1046.7108333333333,60
v27,seed3,201,1116.0833333333333,0.8333333333333334,-2.0738333333333174,0.0982416495680809,0.004405286343612335,1,60,1284.7694235646252,3270.364990234375,227,1118.9904999999999,0.9974019737730869,0.0007447188634160286,0.0018533073634971144,1114.8428333333331,60
v27,seed3,202,1137.6833333333334,,-2.0664999999999862,0.0908019095659256,0.0,0,60,1311.4760923083552,2863.75048828125,221,1139.7498333333333,0.998186882823263,0.0,0.0018131171767371637,1135.6168333333335,60
v27,seed3,203,1321.25,0.8333333333333334,-2.7508333333333046,0.10231176018714905,0.009569377990430622,2,60,1239.776622790469,4204.58447265625,209,1324.8341666666665,0.9972946299568312,0.0006290095427037725,0.002076360500465131,1319.3325,60
v27,seed3,204,1132.2166666666667,,-2.135833333333316,0.12437311559915543,0.0,0,60,1298.5679463425727,2884.6552734375,219,1134.3525,0.9981171343710766,0.0,0.0018828656289233867,1130.0808333333334,60
v27,seed3,205,1265.2333333333333,,-2.40399999999998,0.0786096528172493,0.0,0,60,1301.3172882637477,2898.563232421875,219,1267.6373333333333,0.9981035585361955,0.0,0.0018964414638045633,1262.8293333333334,60
v27,seed3,206,1092.5,,-2.0079999999999854,0.09211307018995285,0.0,0,60,1322.5597474801593,2901.95556640625,221,1094.508,0.9981653857258238,0.0,0.001834614274176146,1090.492,60
v27,seed3,207,1106.05,1.6666666666666667,-2.3001666666666454,0.09893707931041718,0.008733624454148471,2,60,1257.699804980682,3557.63232421875,229,1110.0168333333334,0.9964263304715648,0.001501478731328549,0.0020721907971065112,1105.4165,60
v27,seed3,208,1314.3166666666666,0.8333333333333334,-2.4901666666666467,0.11144518852233887,0.0045871559633027525,1,60,1258.1681621446521,3179.4951171875,218,1317.6401666666666,0.9974776876995123,0.0006324437842855681,0.0018898685162021195,1312.6598333333332,60
v27,seed3,209,946.55,,-1.6153333333333244,0.06869132071733475,0.0,0,60,1323.9601885876848,2900.625244140625,223,948.1653333333333,0.9982963590034931,0.0,0.001703640996506929,944.9346666666667,60
v27,seed3,210,1072.7333333333333,,-1.8211666666666582,0.09480215609073639,0.0,0,60,1292.9100264833685,2883.67333984375,228,1074.5545,0.9983051891117047,0.0,0.00169481088829525,1070.9121666666667,60
v27,seed3,211,980.75,,-1.9648333333333186,0.09409092366695404,0.0,0,60,1281.054072380066,2898.15283203125,224,982.7148333333333,0.9980006068223589,0.0,0.0019993931776410402,978.7851666666667,60
v27,seed3,212,1000.3166666666667,,-1.6806666666666592,0.09296788275241852,0.0,0,60,1264.9538013442157,2899.55419921875,237,1001.9973333333334,0.9983226834935024,0.0,0.0016773165064976811,998.6360000000001,60
v27,seed3,213,1158.5833333333333,,-2.3386666666666467,0.08380143344402313,0.0,0,60,1350.6265061633421,2867.99462890625,202,1160.9219999999998,0.9979855092188221,0.0,0.002014490781177932,1156.2446666666667,60
v27,seed3,214,995.0833333333334,,-1.9843333333333182,0.09932198375463486,0.0,0,60,1261.8916890740938,2898.583251953125,219,997.0676666666667,0.9980098308272625,0.0,0.0019901691727375087,993.099,60
v27,seed3,215,1182.6333333333334,0.8333333333333334,-2.264833333333314,0.09657468646764755,0.004672897196261682,1,60,1319.1828144822166,3587.75048828125,214,1185.7315,0.9973871262873031,0.0007028010416635919,0.0019100726710332937,1181.2018333333333,60
v27,seed3,216,1414.65,,-3.065499999999967,0.06894338876008987,0.0,0,60,1342.3727769302448,2900.264892578125,191,1417.7155,0.9978377184985281,0.0,0.002162281501471887,1411.5845000000002,60
v27,seed3,217,1033.35,1.6666666666666667,-2.3316666666666417,0.08377429842948914,0.00966183574879227,2,60,1349.8653871103186,3395.75048828125,207,1037.3483333333334,0.9961456212876098,0.0016066605720675632,0.002247718140322497,1032.685,60
v27,seed3,218,1192.6166666666666,,-2.12266666666665,0.07760000973939896,0.0,0,60,1378.1508695814346,2899.263916015625,216,1194.7393333333332,0.9982233223537185,0.0,0.0017766776462815462,1190.494,60
v27,seed3,219,1296.8166666666666,0.8333333333333334,-2.2949999999999813,0.09274481981992722,0.004545454545454545,1,60,1353.9588071649725,3268.643310546875,220,1299.945,0.9975934879296176,0.0006410527624886695,0.0017654593078937813,1295.3549999999998,60
v27,seed3,220,1153.2666666666667,,-2.1136666666666506,0.08115661144256592,0.0,0,60,1338.8477630615234,2898.4931640625,223,1155.3803333333333,0.9981705879824277,0.0,0.0018294120175722662,1151.153,60
v27,seed3,221,1214.3,0.8333333333333334,-2.3743333333333116,0.10246555507183075,0.004608294930875576,1,60,1336.4410257647114,3536.140869140625,217,1217.5076666666666,0.9973653827778771,0.0006844583867096799,0.0019501588354132022,1212.7589999999998,60
v27,seed3,222,1332.9333333333334,1.6666666666666667,-2.8674999999999673,0.088274747133255,0.01015228426395939,2,60,1368.7934605167602,3621.75048828125,197,1337.4675000000002,0.9966098864707615,0.0012461361989481363,0.002143977330290244,1331.7325,60
v27,seed3,223,1269.05,0.8333333333333334,-2.339999999999981,0.10329432785511017,0.009345794392523364,2,60,1348.3394352565301,3440.4921875,214,1272.2233333333331,0.9975056790343416,0.0006550212619901644,0.0018392997036683666,1267.5433333333333,60
v27,seed3,224,1079.9333333333334,,-1.930499999999986,0.07394278049468994,0.004464285714285714,1,60,1360.2457589421954,3446.022705078125,224,1081.8638333333333,0.9982155795022264,0.0,0.0017844204977736594,1078.0028333333335,60
v27,seed3,225,1265.5,1.6666666666666667,-2.4496666666666442,0.08058050274848938,0.00966183574879227,2,60,1390.3923787287467,3525.03173828125,207,1269.6163333333334,0.9967578131871334,0.0013127325341592696,0.0019294542787072768,1264.717,60
v27,seed3,226,1346.1333333333334,1.6666666666666667,-2.6043333333333076,0.06991593539714813,0.009708737864077669,2,60,1394.2646121423222,3587.75048828125,206,1350.4043333333334,0.9968372435613729,0.0012341982512398138,0.001928558187387314,1345.195666666667,60
v27,seed3,227,1491.3333333333333,1.6666666666666667,-3.3271666666666286,0.08991800993680954,0.01092896174863388,2,60,1395.5405066651724,3620.47119140625,183,1496.3271666666667,0.9966626059831166,0.0011138384063289189,0.0022235556105543956,1489.6728333333333,60
v27,seed3,228,1538.0166666666667,1.6666666666666667,-3.25366666666663,0.08123275637626648,0.015873015873015872,3,60,1351.14550296844,3443.102783203125,189,1542.9370000000001,0.9968110601188944,0.0010801910036940371,0.002108748877411475,1536.4296666666667,60
v27,seed3,229,1452.55,1.6666666666666667,-3.65183333333329,0.0908021628856659,0.01098901098901099,2,60,1345.2769827371114,3558.75048828125,182,1457.8685,0.9963518657546959,0.001143221536556052,0.002504912708747936,1450.5648333333334,60
v27,seed3,230,1515.2,0.8333333333333334,-3.180166666666631,0.0906425416469574,0.005,1,60,1292.525452041626,3188.425048828125,200,1519.2134999999998,0.9973581725017584,0.0005485294419338252,0.0020932980563078403,1512.8531666666668,60
v27,seed3,231,1447.2166666666667,,-3.2408333333332977,0.10674017667770386,0.0,0,60,1342.4423987240714,2902.125732421875,187,1450.4575,0.997765647505471,0.0,0.0022343524945290004,1443.9758333333334,60
v27,seed3,232,1251.2333333333333,,-2.356666666666647,0.07840146869421005,0.0,0,60,1318.7887444632395,2933.03564453125,210,1253.59,0.9981200658375812,0.0,0.0018799341624188507,1248.8766666666668,60
v27,seed3,233,1374.4666666666667,,-3.307333333333293,0.0784047394990921,0.0,0,60,1406.467700979563,2898.39306640625,179,1377.774,0.9975995095470425,0.0,0.0024004904529576643,1371.1593333333335,60
v27,seed3,234,1410.95,,-3.023166666666635,0.09502582252025604,0.0,0,60,1362.0394748805725,2898.262939453125,194,1413.9731666666667,0.9978619349094202,0.0,0.0021380650905798437,1407.9268333333334,60
v27,seed3,235,1143.3,,-2.165333333333315,0.09181703627109528,0.0,0,60,1401.8939050470742,2943.75048828125,206,1145.4653333333333,0.99810964743295,0.0,0.0018903525670498818,1141.1346666666666,60
v27,seed3,236,1448.2833333333333,1.6666666666666667,-3.3521666666666263,0.06993314623832703,0.010582010582010581,2,60,1337.605376793594,3588.75048828125,189,1453.3021666666666,0.9965466002539275,0.001146813584190395,0.0023065861618821134,1446.5978333333335,60
v27,seed3,237,1435.15,1.6666666666666667,-2.6406666666666436,0.08676140010356903,0.00975609756097561,2,60,1385.8375280612852,3529.1728515625,205,1439.4573333333335,0.9970076686306784,0.0011578437429660992,0.0018344876263554715,1434.1760000000002,60
v27,seed3,238,1461.7666666666667,0.8333333333333334,-3.1353333333332993,0.062023360282182693,0.016666666666666666,3,60,1454.8577258639866,3524.75048828125,180,1465.7353333333333,0.9972923715650347,0.0005685428428870515,0.002139085592078219,1459.4646666666665,60
v27,seed3,239,1354.65,0.8333333333333334,-2.909499999999968,0.07228630036115646,0.0051813471502590676,1,60,1423.1752964474376,3747.75048828125,193,1358.3928333333333,0.99724466057131,0.0006134700602685257,0.002141869368421507,1352.5738333333334,60
v27,seed3,240,1422.8666666666666,2.5,-3.0051666666666317,0.05281531810760498,0.021164021164021163,4,60,1457.3998731986555,3526.212890625,189,1428.3718333333331,0.9961458448436221,0.0017502445383327477,0.0021039106180451603,1422.3615,60
v27,seed3,241,1371.8,0.8333333333333334,-2.770166666666638,0.06661605089902878,0.010638297872340425,2,60,1471.183308783998,3438.382080078125,188,1375.4035,0.9973800415659841,0.0006058828069968801,0.002014075627019008,1369.8631666666665,60
v27,seed3,242,1433.25,2.5,-3.061833333333299,0.09880049526691437,0.022099447513812154,4,60,1494.5634019546087,3715.75048828125,181,1438.8118333333332,0.9961344261949473,0.0017375447866648304,0.0021280290183879496,1432.6881666666668,60
v27,seed3,243,1475.4333333333334,1.6666666666666667,-3.2789999999999617,0.06277333199977875,0.01092896174863388,2,60,1471.5848066819822,3270.31494140625,183,1480.3790000000001,0.9966591888518638,0.0011258378203599663,0.002214973327776172,1473.8210000000001,60
v27,seed3,244,1252.5,2.5,-4.9071666666666,0.12170618027448654,0.02112676056338028,3,60,1449.139335095043,3702.75244140625,142,1259.9071666666666,0.9941208631376677,0.0019842731799155043,0.0038948636824167604,1250.0928333333334,60
v27,seed3,245,1274.0,2.5,-2.926166666666636,0.06733504682779312,0.015384615384615385,3,60,1426.373512150691,3619.75048828125,195,1279.4261666666666,0.9957589059782921,0.0019540009928930378,0.0022870930288148472,1273.5738333333334,60
v27,seed3,246,1408.9666666666667,4.166666666666667,-3.0854999999999646,0.08942891657352448,0.03278688524590164,6,60,1473.1060493344166,4307.23828125,183,1416.2188333333334,0.994879204755668,0.0029421065223794863,0.002178688721952432,1410.0478333333335,60
v27,seed3,247,1721.9666666666667,1.6666666666666667,-4.043666666666616,0.06207271292805672,0.011834319526627219,2,60,1361.709684202657,3619.75048828125,169,1727.6770000000001,0.996694791136692,0.0009646864932893513,0.0023405223700185946,1719.5896666666667,60
v27,seed3,248,1568.6166666666666,3.3333333333333335,-3.4638333333332922,0.09759490191936493,0.021739130434782608,4,60,1395.625659942627,3715.75048828125,184,1575.413833333333,0.9956854722722063,0.0021158461750208917,0.0021986815527729334,1568.4861666666666,60
v27,seed3,249,1648.75,2.5,-3.711499999999958,0.0812029093503952,0.022222222222222223,4,60,1334.6499638027615,3587.750732421875,180,1654.9615,0.9962467404830868,0.0015106091591858785,0.0022426503577273296,1647.5385,60
v28,seed0,0,488.15,43.333333333333336,-3.3163333333333016,1.7792243957519531,0.936,117,60,691.4746856689453,1501.4552001953125,125,534.7996666666667,0.9127716983119535,0.08102722577114546,0.0062010759169009114,528.167,70
v28,seed0,1,698.85,35.0,-2.848833333333307,1.7514870166778564,1.0,120,60,854.7494752213762,1646.3447265625,111,736.6988333333334,0.948623736565349,0.04750923771880549,0.0038670257158454034,731.0011666666667,70
v28,seed0,2,625.1333333333333,21.666666666666668,-2.040666666666652,1.7238496541976929,0.26765799256505574,72,60,487.14432653264043,1964.5736083984375,269,648.8406666666666,0.9634620107042202,0.03339289255400145,0.0031450967417783905,644.7593333333333,70
v28,seed0,3,591.65,15.833333333333334,-2.22566666666665,1.690051794052124,0.2918918918918919,54,60,659.2048386857316,2297.374267578125,185,609.709,0.9703809522247498,0.02596867248692956,0.0036503752883205757,605.2576666666668,70
v28,seed0,4,646.05,9.166666666666666,-1.5559999999999916,1.658313512802124,0.16556291390728478,50,60,560.5384985942715,2264.78369140625,302,656.7726666666666,0.9836737014025148,0.013957137883326448,0.0023691607141588184,653.6606666666665,70
v28,seed0,5,676.1833333333333,8.333333333333334,-1.5203333333333215,1.6401066780090332,0.034047919293820936,27,60,343.6312414291978,2734.483154296875,793,686.0369999999999,0.9856368291117438,0.012147061067163047,0.002216109821093209,682.9963333333334,70
v28,seed0,6,622.5333333333333,6.666666666666667,-1.3451666666666555,1.6510834693908691,0.014084507042253521,9,60,400.41328657326375,2843.022705078125,639,630.5451666666665,0.9872937994661235,0.010572861420712397,0.002133339113164226,627.8548333333333,70
v28,seed0,7,469.01666666666665,4.166666666666667,-1.057499999999992,1.6671222448349,0.011111111111111112,7,60,338.00471536545524,3149.2919921875,630,474.24083333333334,0.9889841483493794,0.008785971965720653,0.0022298796848998844,472.12583333333333,70
v28,seed0,8,358.8833333333333,0.8333333333333334,-0.693833333333331,1.6521334648132324,0.0030349013657056147,2,60,344.919791723781,2835.463134765625,659,360.41049999999996,0.9957627020670412,0.002312178289293274,0.0019251196436655732,359.0228333333333,70
v28,seed0,9,295.93333333333334,0.8333333333333334,-0.6423333333333315,1.6521075963974,0.004792332268370607,3,60,368.47285822176707,3034.1328125,626,297.409,0.995038258201108,0.0028019775236570966,0.0021597642752348837,296.1243333333333,70
v28,seed0,10,466.8833333333333,0.8333333333333334,-0.9223333333333291,1.6343973875045776,0.0032520325203252032,2,60,379.78019142461017,3078.632568359375,615,468.63899999999995,0.9962536906517242,0.0017781988552667053,0.0019681104930091803,466.7943333333333,70
v28,seed0,11,502.45,3.3333333333333335,-1.0024999999999944,1.6222552061080933,0.015817223198594025,9,60,410.24534546595675,3065.823486328125,569,506.7858333333333,0.9914444464542057,0.006577400381160353,0.001978153164633965,504.7808333333333,70
v28,seed0,12,585.8666666666667,4.166666666666667,-1.0763333333333278,1.5988116264343262,0.012345679012345678,7,60,437.9718129798849,2685.872802734375,567,591.1096666666666,0.9911302414836729,0.0070488894051808785,0.0018208691111463152,588.957,70
v28,seed0,13,495.03333333333336,3.3333333333333335,-0.9071666666666623,1.5869861841201782,0.014084507042253521,8,60,433.71100636603126,3087.702392578125,568,499.27383333333336,0.9915066648462451,0.006676362971155108,0.0018169721825998539,497.4595,70
v28,seed0,14,567.7333333333333,4.166666666666667,-1.118666666666659,1.5450820922851562,0.023483365949119372,12,60,490.69765854628355,3269.572265625,511,573.0186666666666,0.9907763330572129,0.007271432693292133,0.0019522342494950585,570.7813333333334,70
v28,seed0,15,787.6333333333333,5.833333333333333,-1.494999999999989,1.514548420906067,0.042606516290726815,17,60,634.9724603715098,3434.19287109375,399,794.9616666666667,0.9907815261532527,0.007337880023565077,0.001880593823182236,791.9716666666667,70
v28,seed0,16,1005.95,9.166666666666666,-2.037333333333315,1.489840030670166,0.03125,13,60,612.277779650176,3382.7509765625,416,1017.154,0.9889849521311425,0.009012073556872082,0.0020029743119855154,1013.0793333333334,70
v28,seed0,17,845.2,3.3333333333333335,-1.6614999999999889,1.3968729972839355,0.024793388429752067,9,60,717.6171454227332,3450.521728515625,363,850.1948333333333,0.9941250721158229,0.003920669948398103,0.001954257935779021,846.8718333333335,70
v28,seed0,18,988.4833333333333,10.0,-2.0293333333333146,1.4063557386398315,0.04597701149425287,16,60,700.4888063998058,3567.312255859375,348,1000.5126666666666,0.9879768305448741,0.009994875960257709,0.0020282934948682788,996.4540000000001,70
v28,seed0,19,877.3166666666667,4.166666666666667,-1.643333333333324,1.3587944507598877,0.02735562310030395,9,60,789.8326054315074,3449.17236328125,329,883.1266666666667,0.9934211022956315,0.004718084985921234,0.0018608127184473243,879.84,70
v28,seed0,20,1015.55,6.666666666666667,-1.928499999999985,1.302907109260559,0.04030226700251889,16,60,675.8539415787089,3698.200927734375,397,1024.1451666666665,0.9916074723130885,0.006509493852678113,0.0018830338342334465,1020.2881666666666,70
v28,seed0,21,982.5,3.3333333333333335,-1.6728333333333236,1.3059852123260498,0.03459119496855346,11,60,926.9925186769018,3925.94091796875,318,987.5061666666667,0.9949304957926844,0.003375506347048972,0.0016939978602665167,984.1605000000001,70
v28,seed0,22,1009.2666666666667,4.166666666666667,-1.6793333333333236,1.292776107788086,0.02359882005899705,8,60,880.3746813433712,4119.17333984375,339,1015.1126666666667,0.9942410333434253,0.004104634690796227,0.0016543319657785016,1011.7539999999999,70
v28,seed0,23,1148.5833333333333,4.166666666666667,-2.007833333333318,1.318975567817688,0.036303630363036306,11,60,935.4842525142254,4020.940673828125,303,1154.7578333333333,0.9946529914569389,0.003608260144587314,0.0017387483984737215,1150.7421666666667,70
v28,seed0,24,1159.35,5.0,-1.9671666666666525,1.3365519046783447,0.04276315789473684,13,60,977.2246149464657,4110.853515625,304,1166.3171666666665,0.9940263533232742,0.0042869985479935925,0.001686648128732267,1162.3828333333333,70
v28,seed0,25,1318.5666666666666,7.5,-2.203833333333314,1.2796034812927246,0.04797047970479705,13,60,1112.7767506842245,4288.37060546875,271,1328.2704999999999,0.9926943846653725,0.00564644023939401,0.0016591750952334742,1323.8628333333334,70
v28,seed0,26,1427.75,8.333333333333334,-2.4911666666666457,1.2447757720947266,0.05928853754940711,15,60,1128.40608426422,3621.1318359375,253,1438.5745,0.9924755374156848,0.0057927714785249804,0.001731691105790243,1433.5921666666666,70
v28,seed0,27,1274.7333333333333,3.3333333333333335,-1.979666666666654,1.2679316997528076,0.048458149779735685,11,60,1310.2070858993195,3922.431396484375,227,1280.0463333333332,0.9958493689941954,0.002604072404670769,0.0015465586011339596,1276.087,70
v28,seed0,28,1343.1833333333334,7.5,-2.28349999999998,1.2134720087051392,0.09502262443438914,21,60,1272.9649504234349,4157.28271484375,221,1352.9668333333334,0.9927688545210704,0.005543373137626803,0.0016877723413027592,1348.3998333333334,70
v28,seed0,29,1584.7666666666667,7.5,-2.574499999999979,1.2025666236877441,0.08450704225352113,18,60,1313.7734091315472,4269.2548828125,213,1594.8411666666666,0.993683070006867,0.004702662658047348,0.0016142673350857065,1589.6921666666667,70
v28,seed0,30,1500.3833333333334,6.666666666666667,-2.467833333333313,1.1847442388534546,0.10270270270270271,19,60,1524.3151719376847,4130.6533203125,185,1509.5178333333336,0.9939487299862969,0.004416421270058971,0.0016348487436440662,1504.5821666666668,70
v28,seed0,31,1419.9333333333334,5.833333333333333,-2.318833333333315,1.151136875152588,0.0979381443298969,19,60,1498.3782387173053,4318.26806640625,194,1428.0855,0.9942915416012091,0.00408472275177735,0.0016237356470136521,1423.4478333333334,70
v28,seed0,32,1606.85,10.833333333333334,-2.7928333333333044,1.1785359382629395,0.12021857923497267,22,60,1515.4744754645342,4133.5263671875,183,1620.4761666666664,0.9915912575902331,0.006685277794376695,0.0017234646153902941,1614.8905,70
v28,seed0,33,1872.9166666666667,16.666666666666668,-3.52783333333329,1.141408920288086,0.22297297297297297,33,60,1644.9527138374947,4867.88330078125,148,1893.1111666666668,0.9893326391204179,0.008803849958802384,0.0018635109207796776,1886.0555000000002,70
v28,seed0,34,1652.0,10.833333333333334,-2.902499999999969,1.1295170783996582,0.20666666666666667,31,60,1664.6427656046549,4289.3017578125,150,1665.7358333333332,0.9917538945501063,0.0065036322786276145,0.001742473171266134,1659.9308333333333,70
v28,seed0,35,2111.55,20.0,-3.7971666666666217,1.111427903175354,0.24475524475524477,35,60,1660.2247439297762,4328.77685546875,143,2135.347166666667,0.9888555982661055,0.00936615849272909,0.0017782432411653692,2127.7528333333335,70
v28,seed0,36,1979.3,16.666666666666668,-3.7058333333332887,1.1701862812042236,0.2129032258064516,33,60,1545.12696296938,4439.7685546875,155,1999.6725,0.9898120817283831,0.008334698140153784,0.0018532201314631716,1992.2608333333335,70
v28,seed0,37,1718.1333333333334,13.333333333333334,-3.1349999999999634,1.1446492671966553,0.20253164556962025,32,60,1599.5784855130353,4327.76513671875,158,1734.6016666666667,0.9905059855240541,0.007686683109762953,0.0018073313661829931,1728.3316666666667,70
v28,seed0,38,1582.9666666666667,9.166666666666666,-2.7679999999999727,1.0686664581298828,0.2052980132450331,31,60,1699.5785154633174,4297.01904296875,151,1594.9013333333335,0.9925169874667272,0.005747481975896523,0.0017355305573761549,1589.3653333333334,70
v28,seed0,39,1818.7,14.166666666666666,-3.2364999999999626,1.0720360279083252,0.21768707482993196,32,60,1702.336591551904,4378.7734375,147,1836.1031666666668,0.9905216836490397,0.00771561583458591,0.0017627005163743771,1829.6301666666668,70
v28,seed0,40,1930.1166666666666,15.0,-3.458166666666627,1.0228559970855713,0.26277372262773724,36,60,1777.0568585917897,4264.3232421875,137,1948.5748333333331,0.9905273503737647,0.0076979337633855316,0.0017747158628498285,1941.6585,70
v28,seed0,41,2074.3333333333335,15.833333333333334,-3.8066666666666213,1.0169594287872314,0.272,34,60,1881.14978515625,4292.38134765625,125,2093.973333333334,0.9906207019509957,0.007561382507258926,0.001817915541745177,2086.36,70
v28,seed0,42,1912.0166666666667,19.166666666666668,-3.7738333333332847,0.9899662733078003,0.46534653465346537,47,60,2142.9875970217263,4484.77880859375,101,1934.9571666666666,0.9881441820029953,0.009905473359746206,0.0019503446372585258,1927.4095000000002,70
v28,seed0,43,2195.35,19.166666666666668,-3.885833333333287,0.9239834547042847,0.36607142857142855,41,60,2008.066648891994,4732.78564453125,112,2218.4024999999997,0.989608513333356,0.008639850823584391,0.0017516358430597187,2210.630833333333,70
v28,seed0,44,1898.8333333333333,17.5,-3.4966666666666257,0.888347327709198,0.4,42,60,2195.7628634498233,4718.77734375,105,1919.83,0.9890632677546102,0.009115390425193898,0.0018213418201958641,1912.8366666666666,70
v28,seed0,45,2253.3166666666666,22.5,-4.266166666666611,0.9232607483863831,0.5714285714285714,52,60,2183.2122951968686,4321.38720703125,91,2280.0828333333334,0.9882608797034201,0.009868062541879875,0.0018710577546999692,2271.5505,70
v28,seed0,46,2027.3333333333333,20.0,-3.8299999999999503,0.9042506217956543,0.48514851485148514,49,60,2087.298465237759,4698.77001953125,101,2051.1633333333334,0.9883822026199766,0.009750564313909667,0.001867233066113677,2043.5033333333333,70
v28,seed0,47,1922.8833333333334,15.833333333333334,-3.1656666666666338,0.8824684023857117,0.5376344086021505,50,60,2474.2181230770643,4322.8193359375,93,1941.8823333333332,0.990216194012442,0.008153600793182286,0.0016302051943758182,1935.5510000000002,70
v28,seed0,48,1946.6833333333334,18.333333333333332,-3.4856666666666265,0.8856072425842285,0.5795454545454546,51,60,2571.4144753542814,4307.74853515625,88,1968.5023333333334,0.9889159389701849,0.009313340920601735,0.0017707201092132952,1961.531,70
v28,seed0,49,1900.1166666666666,17.5,-3.3739999999999597,0.8273640871047974,0.5977011494252874,52,60,2590.848162596253,4366.42626953125,87,1920.9906666666666,0.9891337316926058,0.009109882886816039,0.0017563854205781112,1914.2426666666665,70
v28,seed0,50,1809.5166666666667,15.833333333333334,-3.164666666666632,0.8064727783203125,0.5824175824175825,53,60,2578.4529546381355,4444.2607421875,91,1828.5146666666665,0.9896101462316227,0.008659122960275226,0.0017307308081021494,1822.1853333333333,70
v28,seed0,51,1585.15,9.166666666666666,-2.4731666666666468,0.8408144116401672,0.5760869565217391,53,60,2709.58331580784,4294.5810546875,92,1596.7898333333335,0.9927104788054449,0.005740684512958759,0.0015488366815962608,1591.8435000000002,70
v28,seed0,52,1862.8666666666666,14.166666666666666,-2.997166666666637,0.8373505473136902,0.5638297872340425,53,60,2561.35217171527,4312.64794921875,94,1880.0304999999998,0.9908704495308277,0.007535338744061156,0.0015942117251111815,1874.0361666666668,70
v28,seed0,53,1651.3833333333334,11.666666666666666,-2.6734999999999753,0.8558729887008667,0.6470588235294118,55,60,2890.044309728286,4365.673828125,85,1665.7235,0.9913910281828487,0.007003963542968965,0.001605008274182345,1660.3765000000003,70
v28,seed0,54,2052.05,16.666666666666668,-3.331499999999965,0.8103291988372803,0.6436781609195402,56,60,2641.3701654193046,4321.63818359375,87,2072.0481666666665,0.9903485995217777,0.008043571059199155,0.0016078294190233022,2065.385166666667,70
v28,seed0,55,1733.2666666666667,13.333333333333334,-2.7994999999999726,0.789306640625,0.6744186046511628,58,60,2798.6197564768236,4319.3798828125,86,1749.3995,0.9907780736570844,0.007621662938244429,0.0016002634046711301,1743.8004999999998,70
v28,seed0,56,2080.9,15.833333333333334,-3.315333333333298,0.8014427423477173,0.625,55,60,2668.593817277388,4313.93798828125,88,2100.048666666667,0.990881798612286,0.007539507814580804,0.00157869357313305,2093.418,70
v28,seed0,57,2003.2333333333333,15.0,-3.2648333333333,0.8057637810707092,0.6867469879518072,57,60,2783.725341796875,4386.58837890625,83,2021.4981666666667,0.9909647044778422,0.0074202392301617225,0.001615056291995961,2014.9685,70
v28,seed0,58,1776.35,13.333333333333334,-2.8649999999999722,0.7840590476989746,0.6222222222222222,56,60,2706.5135767618817,4428.8798828125,90,1792.5483333333332,0.9909635165578985,0.00743820017870276,0.0015982832633987401,1786.8183333333332,70
v28,seed0,59,1991.2333333333333,13.333333333333334,-3.157833333333302,0.758246660232544,0.6626506024096386,55,60,2817.804508806711,4311.1650390625,83,2007.7244999999998,0.9917861406449607,0.006641017397224239,0.0015728419578150798,2001.4088333333334,70
v28,seed0,60,2115.733333333333,11.666666666666666,-3.305499999999966,0.7696310877799988,0.6309523809523809,53,60,2797.9489735194616,4330.1650390625,84,2130.7054999999996,0.9929731412123044,0.005475494697257161,0.001551364090438574,2124.0944999999997,70
v28,seed0,61,2002.3833333333334,11.666666666666666,-2.9786666666666415,0.7784270644187927,0.7733333333333333,58,60,3154.481268717448,4711.92333984375,75,2017.0286666666668,0.9927391545914237,0.005784085699657879,0.0014767597089183535,2011.0713333333335,70
v28,seed0,62,1813.6333333333334,10.833333333333334,-2.6454999999999784,0.7459925413131714,0.7468354430379747,59,60,3212.292244054094,4390.56103515625,79,1827.1121666666668,0.9926228758259961,0.005929210877675545,0.0014479132963283563,1821.8211666666666,70
v28,seed0,63,1839.8166666666666,10.0,-2.737999999999977,0.6943668723106384,0.7142857142857143,55,60,3246.8913217519785,4320.96875,77,1852.5546666666667,0.9931240895455357,0.0053979513694962485,0.0014779590849680604,1847.0786666666665,70
v28,seed0,64,1924.4833333333333,12.5,-3.020333333333305,0.7739837169647217,0.7894736842105263,60,60,3098.402554562217,4381.8154296875,76,1940.0036666666667,0.9919998432992653,0.0064432867910387106,0.0015568699096960323,1933.963,70
v28,seed0,65,2096.75,15.0,-3.208666666666637,0.808276891708374,0.7435897435897436,58,60,3017.4082962427383,4363.64697265625,78,2114.9586666666664,0.9913905330852802,0.007092337186731467,0.001517129727988366,2108.5413333333336,70
v28,seed0,66,1991.3,12.5,-3.0509999999999735,0.7500724792480469,0.7792207792207793,60,60,3032.187958556336,4706.72705078125,77,2006.8509999999999,0.9922510440486115,0.006228663712452993,0.0015202922389355132,2000.749,70
v28,seed0,67,1834.9,9.166666666666666,-2.6024999999999796,0.727983295917511,0.7037037037037037,57,60,3077.4261561264225,4849.38330078125,81,1846.6691666666668,0.9936268136821114,0.0049638921968968444,0.0014092941209917023,1841.4641666666669,70
v28,seed0,68,2019.6666666666667,15.0,-3.080999999999972,0.6991214752197266,0.6904761904761905,58,60,2893.9308549790157,4354.521484375,84,2037.7476666666666,0.9911269681247744,0.007361068421458136,0.0015119634537674874,2031.5856666666668,70
v28,seed0,69,2086.3333333333335,11.666666666666666,-3.116833333333308,0.745257556438446,0.7142857142857143,55,60,3097.0044436764406,4359.45849609375,77,2101.1168333333335,0.992963980029351,0.005552602540506037,0.0014834174301428934,2094.8831666666665,70
v28,seed0,70,1864.7833333333333,12.5,-3.105499999999967,0.6882297992706299,0.691358024691358,56,60,2868.9957998770255,4322.0302734375,81,1880.3888333333332,0.9917009185954714,0.00664756128010049,0.0016515201244281482,1874.1778333333334,70
v28,seed0,71,1922.6166666666666,15.0,-3.2798333333332987,0.7276706695556641,0.7435897435897436,58,60,2966.1436971028647,4879.43701171875,78,1940.8964999999998,0.990581757794229,0.0077283873715059005,0.0016898548342651446,1934.3368333333333,70
v28,seed0,72,1684.5166666666667,10.833333333333334,-2.666333333333308,0.7300487756729126,0.5578947368421052,53,60,2689.0032422517475,4317.5185546875,95,1698.0163333333333,0.9920497427488428,0.006379993596449505,0.0015702636547076645,1692.6836666666666,70
v28,seed0,73,1845.7166666666667,6.666666666666667,-2.54166666666665,0.6555110216140747,0.7051282051282052,55,60,3230.664826221955,4321.6181640625,78,1854.9250000000002,0.9950357381924695,0.0035940356977595678,0.0013702261097708263,1849.8416666666667,70
v28,seed0,74,2018.6333333333334,14.166666666666666,-3.216166666666633,0.7195127606391907,0.7733333333333333,58,60,3210.351340332031,4335.38623046875,75,2036.0161666666668,0.9914623303989809,0.006958032504162335,0.0015796370968566963,2029.5838333333336,70
v28,seed0,75,2263.866666666667,18.333333333333332,-3.7986666666666253,0.6936545372009277,0.8333333333333334,60,60,2991.6155014038086,4319.96875,72,2285.998666666667,0.9903184545456136,0.00801983553212921,0.0016617099222571543,2278.4013333333337,70
v28,seed0,76,1916.1,12.5,-3.0208333333333055,0.721470057964325,0.7215189873417721,57,60,3037.9568693909464,4361.99560546875,79,1931.6208333333332,0.9919648654303704,0.006471249317822468,0.001563885251807082,1925.5791666666667,70
v28,seed0,77,2059.266666666667,16.666666666666668,-3.445666666666629,0.7010599970817566,0.7866666666666666,59,60,2983.627839355469,4546.1103515625,75,2079.379,0.9903277212411336,0.008015213516471345,0.0016570652423952676,2072.487666666667,70
v28,seed0,78,2067.0,17.5,-3.43066666666663,0.6763695478439331,0.6785714285714286,57,60,2765.347662062872,4405.65576171875,84,2087.9306666666666,0.9899754014820416,0.008381504366683952,0.001643094151274482,2081.0693333333334,70
v28,seed0,79,2002.0,11.666666666666666,-2.9873333333333094,0.6094264984130859,0.75,57,60,3157.179539730674,4706.27734375,76,2016.654,0.9927335080782326,0.005785160303486203,0.001481331618281227,2010.6793333333335,70
v28,seed0,80,1809.6666666666667,8.333333333333334,-2.5149999999999832,0.5908538103103638,0.7564102564102564,59,60,3227.2848084278594,4317.73828125,78,1820.5149999999999,0.9940410634719664,0.0045774593086754765,0.0013814772193582493,1815.4850000000001,70
v28,seed0,81,1726.9833333333333,5.833333333333333,-2.3729999999999842,0.5945241451263428,0.8194444444444444,59,60,3526.2614534166123,4704.66748046875,72,1735.1896666666667,0.995270641883721,0.003361784273726849,0.0013675738425520732,1730.4436666666666,70
v28,seed0,82,2100.7166666666667,14.166666666666666,-3.2093333333333027,0.6212165951728821,0.691358024691358,56,60,2949.8013478973767,4389.13720703125,81,2118.0926666666664,0.9917963929182829,0.006688407400494596,0.0015151996812226203,2111.674,70
v28,seed0,83,2053.4333333333334,13.333333333333334,-3.1656666666666364,0.6020442843437195,0.7733333333333333,58,60,3128.924567464193,4599.044921875,75,2069.9323333333336,0.9920292080401338,0.006441434397936035,0.0015293575619299484,2063.601,70
v28,seed0,84,1867.0166666666667,7.5,-2.5943333333333154,0.587020754814148,0.8571428571428571,60,60,3472.3721313476562,4713.53662109375,70,1877.1109999999999,0.9946224100048782,0.003995501597934273,0.0013820883971876546,1871.9223333333334,70
v28,seed0,85,1858.4666666666667,6.666666666666667,-2.5008333333333175,0.5175796747207642,0.8955223880597015,60,60,3662.0665110118352,4732.7861328125,67,1867.6341666666667,0.9950913834392086,0.0035695784461714265,0.0013390381146200477,1862.6325000000002,70
v28,seed0,86,1942.8333333333333,10.0,-2.9334999999999756,0.5139312744140625,0.8656716417910447,58,60,3499.9167872186918,4874.017578125,67,1955.7668333333331,0.9933869928768776,0.005113083947208772,0.0014999231759136808,1949.8998333333334,70
v28,seed0,87,2063.2166666666667,16.666666666666668,-3.3801666666666303,0.5218056440353394,0.7160493827160493,58,60,2968.496501404562,4696.0478515625,81,2083.2635,0.9903771974436583,0.008000268168989026,0.0016225343873526466,2076.5031666666664,70
v28,seed0,88,1899.2,9.166666666666666,-3.1586666666666354,0.5390932559967041,0.8507462686567164,57,60,3437.9094985278684,4404.8212890625,67,1911.5253333333335,0.9935520952202918,0.00479547223718022,0.0016524325425279751,1905.208,70
v28,seed0,89,2072.516666666667,11.666666666666666,-3.2946666666666338,0.48165571689605713,0.8285714285714286,58,60,3274.5579367501396,4364.85009765625,70,2087.478,0.9928328186772108,0.005588881256073916,0.0015783000667152582,2080.8886666666667,70
v28,seed0,90,2301.883333333333,16.666666666666668,-3.66949999999996,0.4927564263343811,0.7945205479452054,58,60,3080.678576325717,4405.8212890625,73,2322.2194999999997,0.9912427887774319,0.007177041906101757,0.0015801693164664064,2314.8804999999998,70
v28,seed0,91,1894.3,10.0,-2.8399999999999745,0.5035149455070496,0.7763157894736842,59,60,3246.180923461914,4403.79931640625,76,1907.1399999999999,0.9932674056440535,0.005243453548245017,0.0014891408077015713,1901.46,70
v28,seed0,92,1826.95,7.5,-2.4428333333333176,0.4771774411201477,0.7468354430379747,59,60,3293.9617135736007,4366.169921875,79,1836.8928333333333,0.994587145666364,0.004082981796161761,0.0013298725374742788,1832.0071666666668,70
v28,seed0,93,1811.6833333333334,6.666666666666667,-2.5533333333333137,0.5163511633872986,0.7866666666666666,59,60,3410.1810888671876,4403.7939453125,75,1820.9033333333334,0.994936579097188,0.003661186480702801,0.0014022344221091621,1815.7966666666669,70
v28,seed0,94,2399.4333333333334,21.666666666666668,-4.082333333333286,0.49844861030578613,0.7073170731707317,58,60,2718.918883905178,4403.8017578125,82,2425.182333333333,0.9893826539777697,0.008934036162504346,0.0016833098597259914,2417.0176666666666,70
v28,seed0,95,2271.9,15.833333333333334,-3.8071666666666233,0.4748407006263733,0.8309859154929577,59,60,3059.8572731555346,4714.02734375,71,2291.5405,0.9914291281345453,0.006909471306893042,0.0016614005585616415,2283.926166666667,70
v28,seed0,96,2144.4,12.5,-3.3579999999999672,0.44245660305023193,0.8955223880597015,60,60,3359.9830058083608,4403.81982421875,67,2160.2580000000003,0.9926592101498987,0.005786345890166822,0.0015544439599344,2153.542,70
v28,seed0,97,2474.1666666666665,21.666666666666668,-4.093333333333286,0.46032458543777466,0.7160493827160493,58,60,2804.8647129388505,4605.11083984375,81,2499.9266666666663,0.9896956977404672,0.008666920896346294,0.0016373813631866347,2491.74,70
v28,seed0,98,2197.0333333333333,18.333333333333332,-3.7754999999999552,0.4336245656013489,0.7631578947368421,58,60,2995.314602500514,4451.60595703125,76,2219.1421666666665,0.9900372163327676,0.008261450577036037,0.0017013330901963193,2211.591166666667,70
v28,seed0,99,1999.2666666666667,11.666666666666666,-3.200833333333299,0.48134565353393555,0.76,57,60,3216.1801684570314,4875.10546875,75,2014.1341666666667,0.9926184162673705,0.005792397974150183,0.0015891857584793296,2007.7325,70
v28,seed0,100,2232.0833333333335,18.333333333333332,-3.93016666666662,0.45436084270477295,0.8571428571428571,60,60,3054.5035443987167,4716.54443359375,70,2254.3468333333335,0.9901241904436325,0.0081324368824939,0.0017433726738735127,2246.4865000000004,70
v28,seed0,101,2331.133333333333,20.0,-4.329999999999945,0.397043913602829,0.8,56,60,3013.5460867745537,4602.70751953125,70,2355.463333333333,0.9896708220180319,0.008490898464421014,0.001838279517547126,2346.8033333333333,70
v28,seed0,102,2163.266666666667,15.0,-3.7656666666666236,0.4120718538761139,0.8656716417910447,58,60,3184.9158593932193,4703.94580078125,67,2182.0323333333336,0.991399913566817,0.006874325265879805,0.0017257611673031838,2174.501,70
v28,seed0,103,2185.8333333333335,15.833333333333334,-3.955166666666618,0.4406871199607849,0.9523809523809523,60,60,3268.05905538892,4996.81494140625,63,2205.6218333333336,0.9910281537383524,0.007178625589412388,0.0017932206722351925,2197.7115000000003,70
v28,seed0,104,2456.9166666666665,19.166666666666668,-4.499999999999945,0.45387953519821167,0.8382352941176471,57,60,2958.080057480756,4595.9404296875,68,2480.583333333333,0.9904592333792456,0.007726677192864583,0.0018140894278899232,2471.583333333333,70
v28,seed0,105,2050.4666666666667,15.0,-3.395999999999961,0.3826230466365814,0.6867469879518072,57,60,2913.1105479045086,4714.6240234375,83,2068.862666666667,0.9911081579766531,0.007250360423472606,0.0016414815998741792,2062.0706666666665,70
v28,seed0,106,2137.7166666666667,14.166666666666666,-3.4771666666666294,0.39815956354141235,0.75,57,60,3081.3564870733962,4562.59716796875,76,2155.3605,0.9918139757440423,0.006572759715447447,0.001613264540510337,2148.4061666666666,70
v28,seed0,107,2123.8,16.666666666666668,-3.4384999999999613,0.3617625832557678,0.7073170731707317,58,60,2977.1920605171017,4713.2060546875,82,2143.9051666666664,0.9906221753745172,0.007773975699018405,0.001603848926464469,2137.028166666667,70
v28,seed0,108,2194.2166666666667,16.666666666666668,-3.57599999999996,0.35009247064590454,0.7631578947368421,58,60,3082.07900117573,4718.16455078125,76,2214.4593333333332,0.9908588672810731,0.007526291594426812,0.0016148411245001987,2207.307333333333,70
v28,seed0,109,1960.5166666666667,13.333333333333334,-3.400166666666627,0.32690972089767456,0.7435897435897436,58,60,3027.0955951397236,4707.66845703125,78,1977.2501666666665,0.9915369838970807,0.006743371960772794,0.0017196441421465521,1970.4498333333333,70
v28,seed0,110,2201.8166666666666,15.0,-3.6193333333332918,0.3564625680446625,0.7402597402597403,57,60,3075.5279342849535,4738.333984375,77,2220.4359999999997,0.9916145597831538,0.006755430014645773,0.0016300102022005103,2213.1973333333335,70
v28,seed0,111,2183.233333333333,16.666666666666668,-3.6159999999999584,0.3496222496032715,0.6666666666666666,56,60,2880.515882946196,4406.00439453125,84,2203.5159999999996,0.9907953168179099,0.0075636694567530575,0.0016410137253371243,2196.2839999999997,70
v28,seed0,112,1944.2833333333333,13.333333333333334,-3.2103333333332973,0.30731090903282166,0.7037037037037037,57,60,3060.988606017313,4870.33935546875,81,1960.8269999999998,0.9915629136753694,0.006799851967222674,0.001637234357408021,1954.4063333333334,70
v28,seed0,113,2172.383333333333,16.666666666666668,-3.8154999999999553,0.3189893960952759,0.6829268292682927,56,60,2831.3823137981135,4717.08056640625,82,2192.8655,0.990659633859593,0.007600405344817851,0.00173996079558913,2185.2344999999996,70
v28,seed0,114,1770.1833333333334,10.833333333333334,-2.854333333333304,0.2933270037174225,0.7108433734939759,59,60,3099.1880551993127,4404.8212890625,83,1783.8709999999999,0.9923269862749793,0.006072935393497251,0.0016000783315235822,1778.1623333333334,70
v28,seed0,115,2406.133333333333,23.333333333333332,-4.254666666666612,0.3268197178840637,0.7317073170731707,60,60,2677.801449659394,4722.71337890625,82,2433.7213333333334,0.9886642732583462,0.009587512347346259,0.0017482143943075153,2425.212,70
v28,seed0,116,2175.633333333333,18.333333333333332,-3.733333333333289,0.29094189405441284,0.5520833333333334,53,60,2567.7856260935464,4871.07958984375,96,2197.7,0.989959199769456,0.008342054572204275,0.0016987456583397594,2190.2333333333336,70
v28,seed0,117,2102.4333333333334,17.5,-3.6898333333332896,0.30046510696411133,0.5520833333333334,53,60,2611.090965270996,4404.81591796875,96,2123.6231666666667,0.9900218486660258,0.008240633401767216,0.0017375179322068782,2116.2435,70
v28,seed0,118,2037.5166666666667,15.0,-3.4716666666666263,0.30571264028549194,0.504950495049505,51,60,2536.006740154606,4599.1064453125,101,2055.9883333333332,0.9910156753483523,0.0072957612437813775,0.0016885634078662702,2049.0449999999996,70
v28,seed0,119,2459.266666666667,22.5,-4.4598333333332745,0.28346237540245056,0.691358024691358,56,60,2733.173523702739,4708.83740234375,81,2486.2265,0.9891563245209826,0.009049859294798764,0.0017938161842186438,2477.3068333333335,70
v28,seed0,120,2215.483333333333,20.833333333333332,-4.0316666666666165,0.2875784635543823,0.6222222222222222,56,60,2585.225299750434,4704.89697265625,90,2240.3483333333334,0.9889012794885318,0.009299149165047994,0.0017995713464200656,2232.285,70
v28,seed0,121,2170.5833333333335,18.333333333333332,-3.89199999999995,0.28698843717575073,0.7215189873417721,57,60,2880.150851092761,4706.77001953125,79,2192.808666666667,0.9898644447775198,0.008360662565787012,0.0017748926566932349,2185.024666666667,70
v28,seed0,122,2248.266666666667,20.0,-3.993833333333284,0.3252221941947937,0.6904761904761905,58,60,2721.89286222912,4407.90869140625,84,2272.2605000000003,0.9894405446323898,0.008801807715268561,0.0017576476523414827,2264.2728333333334,70
v28,seed0,123,2379.4,22.5,-4.384833333333275,0.29037702083587646,0.6395348837209303,55,60,2644.0991182549055,4596.27734375,86,2406.284833333333,0.9888272439900265,0.00935051399082777,0.0018222420191458114,2397.515166666667,70
v28,seed0,124,1796.4,13.333333333333334,-2.8198333333333037,0.29878556728363037,0.6344086021505376,59,60,2863.8234069167925,4548.90087890625,93,1812.5531666666666,0.9910881694596729,0.007356106059969368,0.0015557244803577552,1806.9135,70
v28,seed0,125,2344.7,24.166666666666668,-4.3744999999999425,0.277490496635437,0.5625,54,60,2390.863686879476,4704.9873046875,96,2373.2411666666662,0.9879737604978621,0.010182979718243274,0.0018432597838946737,2364.4921666666664,70
v28,seed0,126,2358.8166666666666,20.0,-4.518999999999942,0.2781675159931183,0.7051282051282052,55,60,2682.147971911308,4715.6884765625,78,2383.3356666666664,0.9897123177641646,0.008391600176055773,0.0018960820597797776,2374.297666666667,70
v28,seed0,127,2041.3166666666666,15.0,-3.460666666666625,0.2937694787979126,0.5978260869565217,55,60,2735.51100822117,4523.109375,92,2059.7773333333334,0.9910375425693262,0.007282340550726195,0.0016801168799475208,2052.8559999999998,70
v28,seed0,128,2093.85,16.666666666666668,-3.4594999999999607,0.28469201922416687,0.4953271028037383,53,60,2438.905835445796,4407.544921875,107,2113.9761666666664,0.9904794732390945,0.007884037166297288,0.0016364895946083093,2107.0571666666665,70
v28,seed0,129,2324.516666666667,22.5,-4.152166666666615,0.23812401294708252,0.4716981132075472,50,60,2351.9952588351266,4550.916015625,106,2351.1688333333336,0.9886642905907863,0.00956970834293553,0.0017660010662781471,2342.8645,70
v28,seed0,130,2120.8333333333335,19.166666666666668,-3.7633333333332875,0.27805331349372864,0.5851063829787234,55,60,2551.065447218875,4519.2890625,94,2143.7633333333333,0.9893038566135255,0.00894066353717528,0.0017554798492992638,2136.2366666666667,70
v28,seed0,131,2183.4,15.833333333333334,-3.8858333333332853,0.2505492568016052,0.47572815533980584,49,60,2418.859923723832,4706.23828125,103,2203.119166666667,0.9910494325658734,0.007186780258141581,0.0017637871759849358,2195.3475000000003,70
v28,seed0,132,2283.633333333333,23.333333333333332,-4.265499999999942,0.25598299503326416,0.5096153846153846,53,60,2330.464854313777,4407.1748046875,104,2311.2321666666667,0.9880588225919608,0.010095625039255755,0.0018455523687833503,2302.7011666666667,70
v28,seed0,133,2388.733333333333,20.0,-4.211499999999947,0.24637314677238464,0.6428571428571429,54,60,2614.310540335519,4432.046875,84,2412.944833333333,0.9899659952164952,0.008288627126369585,0.0017453776571352531,2404.5218333333332,70
v28,seed0,134,2209.55,20.833333333333332,-4.263999999999944,0.24965713918209076,0.5531914893617021,52,60,2416.9918654421544,4439.9814453125,94,2234.647333333334,0.9887689959131507,0.00932287302008281,0.0019081310667663637,2226.1193333333335,70
v28,seed0,135,2604.516666666667,22.5,-4.630833333333273,0.22112953662872314,0.6962025316455697,55,60,2599.180032078224,4406.70068359375,79,2631.6475,0.9896905518944565,0.0085497772783019,0.001759670827241594,2622.3858333333337,70
v28,seed0,136,2410.733333333333,22.5,-4.177333333333282,0.2327033132314682,0.49523809523809526,52,60,2204.3047682989213,4361.46337890625,105,2437.410666666666,0.9890550518637812,0.009231107546915909,0.0017138405893029444,2429.056,70
v28,seed0,137,2270.633333333333,13.333333333333334,-3.5399999999999623,0.20980122685432434,0.5104166666666666,49,60,2565.9969374338784,4403.8193359375,96,2287.5066666666667,0.9926237009145328,0.005828762611985102,0.001547536473482028,2280.4266666666667,70
v28,seed0,138,2203.016666666667,22.5,-3.994499999999947,0.2059122622013092,0.6063829787234043,57,60,2509.5326336799785,4597.681640625,94,2229.5111666666667,0.9881164533301658,0.010091898321208976,0.0017916483486252765,2221.522166666667,70
v28,seed0,139,2153.383333333333,15.833333333333334,-3.541833333333292,0.18973153829574585,0.3333333333333333,41,60,2218.706326120268,4705.86328125,123,2172.7585,0.9910826874378047,0.007287203494237089,0.0016301090679582163,2165.6748333333335,70
v28,seed0,140,2185.516666666667,16.666666666666668,-3.58599999999996,0.19865605235099792,0.5454545454545454,54,60,2488.378374966708,4386.17431640625,99,2205.769333333333,0.9908183206826705,0.007555942688476947,0.0016257366288526815,2198.5973333333336,70
v28,seed0,141,2150.266666666667,16.666666666666668,-3.845999999999953,0.20258736610412598,0.5934065934065934,54,60,2616.2323366940677,4403.8037109375,91,2170.7793333333334,0.9905505518908878,0.007677734171660009,0.001771713937452242,2163.0873333333334,70
v28,seed0,142,2787.8333333333335,29.166666666666668,-5.2109999999999275,0.1868935227394104,0.6067415730337079,54,60,2341.0572276597613,4520.26806640625,89,2822.211,0.9878188885711712,0.010334686763911936,0.0018464246649169491,2811.789,70
v28,seed0,143,2014.9666666666667,18.333333333333332,-3.5136666666666247,0.19077706336975098,0.4247787610619469,48,60,2349.134268701604,4608.67578125,113,2036.8136666666667,0.9892739329288999,0.009000986999138032,0.0017250800719620521,2029.7863333333332,70
v28,seed0,144,2610.8166666666666,25.0,-4.671333333333274,0.20017153024673462,0.5319148936170213,50,60,2342.624311244234,4866.54931640625,94,2640.488,0.9887629357401612,0.009467946834070066,0.0017691174257687494,2631.1453333333334,70
v28,seed0,145,2597.5333333333333,25.0,-4.989166666666599,0.1700638234615326,0.532608695652174,49,60,2317.203980819039,4597.71044921875,92,2627.5225,0.9885865233631047,0.009514666382495297,0.0018988102543999524,2617.5441666666666,70
v28,seed0,146,2125.1666666666665,19.166666666666668,-3.858833333333283,0.19529777765274048,0.3333333333333333,41,60,2096.8688930108297,4502.33251953125,123,2148.1921666666663,0.9892814523964454,0.008922230964284466,0.001796316639270222,2140.4745,70
v28,seed0,147,2339.0333333333333,22.5,-4.336499999999944,0.16337761282920837,0.4528301886792453,48,60,2247.609001879422,4361.53369140625,106,2365.869833333333,0.9886568146641486,0.009510244259000161,0.001832941076851274,2357.1968333333334,70
v28,seed0,148,2105.366666666667,19.166666666666668,-3.8211666666666178,0.1799784004688263,0.3644067796610169,43,60,2108.056062342757,4484.7626953125,118,2128.3545,0.989199246021594,0.0090053920372131,0.0017953619411928876,2120.7121666666667,70
v28,seed0,149,2464.7833333333333,24.166666666666668,-5.17883333333326,0.1873096376657486,0.6125,49,60,2400.103204345703,4871.48828125,80,2494.128833333333,0.9882341683365328,0.009689421951138184,0.0020764097123290516,2483.7711666666664,70
v28,seed0,150,2232.5333333333333,18.333333333333332,-4.139333333333281,0.162802591919899,0.45098039215686275,46,60,2339.6345448213465,4403.81640625,102,2255.006,0.9900343206773434,0.008130059668725197,0.0018356196539314224,2246.7273333333337,70
v28,seed0,151,2410.95,23.333333333333332,-4.868166666666598,0.1333388090133667,0.5862068965517241,51,60,2344.740965393768,4404.80322265625,87,2439.1515,0.9884379875542786,0.009566168125814789,0.001995844319906573,2429.4151666666667,70
v28,seed0,152,2286.733333333333,17.5,-4.123499999999948,0.1444130390882492,0.33620689655172414,39,60,2186.704781367861,4407.1376953125,116,2308.3568333333333,0.9906325141383037,0.007581150256881861,0.001786335604814398,2300.109833333333,70
v28,seed0,153,2332.95,20.0,-4.740666666666601,0.1089240163564682,0.6097560975609756,50,60,2525.156751679211,4711.0078125,82,2357.6906666666664,0.9895063983513812,0.008482877029952474,0.0020107246186663735,2348.2093333333332,70
v28,seed0,154,2475.8333333333335,25.0,-4.680666666666606,0.13227349519729614,0.46226415094339623,49,60,2184.096384300376,4514.02734375,106,2505.514,0.9881538611771211,0.009977992539654538,0.0018681462832243626,2496.152666666667,70
v28,seed0,155,2764.983333333333,28.333333333333332,-5.10799999999993,0.11658646911382675,0.4666666666666667,49,60,2094.4366548084076,4406.5205078125,105,2798.4246666666663,0.9880499433371681,0.010124743992870276,0.0018253126699616705,2788.208666666667,70
v28,seed0,156,2546.616666666667,25.833333333333332,-5.179666666666595,0.15573640167713165,0.65,52,60,2483.1271640777586,4406.5009765625,80,2577.6296666666667,0.9879684035293925,0.010022127564484631,0.002009468906122897,2567.270333333334,70
v28,seed0,157,2440.5333333333333,24.166666666666668,-4.806166666666603,0.15135134756565094,0.46464646464646464,46,60,2217.7346092763573,4403.80615234375,99,2469.5061666666666,0.9882677623063235,0.009786032119647134,0.0019462055740293838,2459.893833333333,70
v28,seed0,158,2349.0666666666666,20.833333333333332,-4.608999999999938,0.10878955572843552,0.46938775510204084,46,60,2278.6012847277584,4602.46826171875,98,2374.509,0.9892852234574249,0.008773743680623376,0.0019410328619516447,2365.291,70
v28,seed0,159,2484.5666666666666,24.166666666666668,-4.6458333333332735,0.12074996531009674,0.37606837606837606,44,60,2029.223135662894,4404.81396484375,117,2513.3791666666666,0.9885363496355338,0.00961520927171421,0.001848441092751932,2504.0874999999996,70
v28,seed0,160,2319.883333333333,19.166666666666668,-4.80483333333327,0.14237311482429504,0.36,36,60,2188.3766705322264,4317.36865234375,100,2343.854833333333,0.9897726174594574,0.008177412011224532,0.0020499705293181643,2334.2451666666666,70
v28,seed0,161,2135.7166666666667,15.0,-3.9488333333332863,0.10742902755737305,0.21705426356589147,28,60,2061.250344209893,4359.98974609375,129,2154.6655,0.99120567283723,0.006961637432817298,0.0018326897299526476,2146.7678333333333,70
v28,seed0,162,1893.1666666666667,10.833333333333334,-3.3634999999999615,0.11925362050533295,0.23076923076923078,30,60,2200.4779357910156,4520.69775390625,130,1907.3635,0.9925568286625317,0.005679742394846779,0.001763428942621562,1900.6365,70
v28,seed0,163,2085.1833333333334,20.0,-3.8254999999999524,0.11092856526374817,0.3333333333333333,42,60,2129.102308485243,4613.150390625,126,2109.0088333333333,0.9887029870982839,0.009483127658782526,0.0018138852429336052,2101.3578333333335,70
v28,seed0,164,2220.633333333333,19.166666666666668,-3.930499999999952,0.12468083947896957,0.42342342342342343,47,60,2248.09204321509,4716.5654296875,111,2243.7304999999997,0.9897059086790208,0.008542321222030306,0.0017517700989490282,2235.8695,70
v28,seed0,165,2219.8166666666666,17.5,-3.932999999999952,0.08239979296922684,0.3076923076923077,40,60,2010.7796275212215,4404.7958984375,130,2241.2496666666666,0.9904370314834775,0.007808143938746077,0.0017548245777764542,2233.3836666666666,70
v28,seed0,166,1878.4166666666667,14.166666666666666,-3.4626666666666255,0.09220996499061584,0.27205882352941174,37,60,2045.2431658576515,4600.2900390625,136,1896.046,0.9907020539937674,0.007471689329618936,0.001826256676613661,1889.120666666667,70
v28,seed0,167,2520.616666666667,21.666666666666668,-4.763833333333268,0.10851328819990158,0.3482142857142857,39,60,2032.0821631295341,4891.4814453125,112,2547.0471666666667,0.9896230818392776,0.008506582426199017,0.001870335734523409,2537.5195,70
v28,seed0,168,1694.5166666666667,10.833333333333334,-2.4541666666666457,0.0894773080945015,0.27586206896551724,40,60,2216.831336291083,4612.77734375,145,1707.8041666666666,0.9922195411749494,0.0063434283302388796,0.0014370304948117954,1702.8958333333333,70
v28,seed0,169,2327.516666666667,21.666666666666668,-4.270999999999947,0.08636932820081711,0.2847222222222222,41,60,1761.539411438836,4810.5546875,144,2353.454333333333,0.9889788952777642,0.009206325510458883,0.001814779211777049,2344.9123333333337,70
v28,seed0,170,1820.7333333333333,15.0,-3.2151666666666303,0.07372747361660004,0.18857142857142858,33,60,1726.3670828683037,4319.03857421875,175,1838.9485,0.9900947923954007,0.008156835278421338,0.001748372326178047,1832.5181666666667,70
v28,seed0,171,2037.1166666666666,11.666666666666666,-3.4803333333332938,0.100760817527771,0.24475524475524477,35,60,1882.7421358548677,4360.140625,143,2052.2636666666667,0.9926193694085116,0.005684779619772703,0.0016958509717156032,2045.303,70
v28,seed0,172,2220.2,20.833333333333332,-4.2106666666666115,0.12440703809261322,0.23717948717948717,37,60,1576.1153651506472,4405.86669921875,156,2245.2439999999997,0.988845755739688,0.009278872734247741,0.001875371526064255,2236.822666666667,70
v28,seed0,173,2155.0833333333335,14.166666666666666,-4.038666666666618,0.10173994302749634,0.18012422360248448,29,60,1579.4452403761586,4403.77880859375,161,2173.288666666667,0.9916231407209902,0.006518538877946264,0.001858320401063435,2165.211333333333,70
v28,seed0,174,2044.6,12.5,-4.316999999999947,0.14990432560443878,0.19047619047619047,28,60,1656.0978016756019,4404.79541015625,147,2061.417,0.9918420193488265,0.006063790101663079,0.0020941905495103354,2052.783,70
v28,seed0,175,2117.25,15.833333333333334,-4.494166666666605,0.0920843854546547,0.18243243243243243,27,60,1615.4325241913666,4295.01220703125,148,2137.5775,0.9904904032719282,0.007407138844478544,0.0021024578835932757,2128.589166666667,70
v28,seed0,176,2185.633333333333,19.166666666666668,-4.3551666666666105,0.0844525545835495,0.1962025316455696,31,60,1570.9598411849781,4317.9990234375,158,2209.1551666666664,0.9893525662261087,0.008676016495295223,0.001971417278596144,2200.444833333333,70
v28,seed0,177,1983.9166666666667,14.166666666666666,-4.666999999999934,0.14317646622657776,0.15384615384615385,24,60,1537.1051381429036,4545.77001953125,156,2002.7503333333334,0.9905960985984108,0.007073605946222952,0.0023302954553662625,1993.4163333333336,70
v28,seed0,178,2130.95,10.0,-5.060333333333267,0.13488712906837463,0.1347517730496454,19,60,1468.2411126752272,4359.04541015625,141,2146.010333333333,0.9929821711016924,0.004659809808309405,0.0023580190899981377,2135.8896666666665,70
v28,seed0,179,1876.25,6.666666666666667,-5.492499999999921,0.11139579117298126,0.05154639175257732,10,60,1057.7472103158223,3966.732421875,194,1888.4091666666666,0.9935611588413705,0.00353030835919652,0.0029085327994329904,1877.424166666667,70
v28,seed0,180,1725.5666666666666,1.6666666666666667,-4.662999999999937,0.0763610303401947,0.016736401673640166,4,60,1027.2182900656217,4316.67041015625,239,1731.8963333333334,0.9963452392935759,0.0009623362753236385,0.0026924244311004393,1722.5703333333333,70
v28,seed0,181,1681.0,4.166666666666667,-4.797999999999934,0.07136492431163788,0.047337278106508875,8,60,1237.3862647784533,4865.7080078125,169,1689.9646666666667,0.9946953526050051,0.0024655347823840106,0.0028391126126107967,1680.3686666666667,70
v28,seed0,182,1176.75,1.6666666666666667,-3.677666666666625,0.08597377687692642,0.00980392156862745,2,60,1263.642006967582,3387.1328125,204,1182.0943333333335,0.9954789282186446,0.0014099269573240487,0.0031111448240312106,1174.739,70
v28,seed0,183,1397.3,4.166666666666667,-4.339333333333278,0.08258314430713654,0.02531645569620253,6,60,953.804731473641,3685.662353515625,237,1405.806,0.9939493785059957,0.002963898764599573,0.0030867227294045394,1397.1273333333334,70
v28,seed0,184,1302.4666666666667,5.0,-3.6191666666666222,0.08827248215675354,0.03404255319148936,8,60,1124.2445515734084,4098.15087890625,235,1311.0858333333333,0.9934259325762425,0.003813632847582443,0.0027604345761750577,1303.8475,70
v28,seed0,185,1438.0833333333333,2.5,-4.9856666666665985,0.10040085017681122,0.03614457831325301,6,60,1229.503139817571,4285.39111328125,166,1445.569,0.9948216469316465,0.0017294228085964767,0.0034489302597569527,1435.5976666666666,70
v28,seed0,186,1091.4833333333333,0.8333333333333334,-5.324499999999924,0.06379402428865433,0.014084507042253521,2,60,1171.351040047659,3734.75146484375,142,1097.6411666666665,0.9943899395172711,0.0007592037895808999,0.004850856693148132,1086.9921666666667,70
v28,seed0,187,1001.0,1.6666666666666667,-4.367999999999944,0.0817280262708664,0.027586206896551724,4,60,1115.0648459598935,3442.362060546875,145,1007.0346666666666,0.9940074886531547,0.0016550241236316264,0.004337487223213711,998.2986666666667,70
v28,seed0,188,953.2166666666667,0.8333333333333334,-5.227999999999928,0.06723522394895554,0.0070921985815602835,1,60,977.9010745650487,3203.804443359375,141,959.278,0.9936813589665006,0.0008687088970385366,0.005449932136460888,948.8220000000001,70
v28,seed0,189,808.7333333333333,,-4.491333333333274,0.06382465362548828,0.008130081300813009,1,60,1106.1284543169222,3446.103759765625,123,813.2246666666666,0.9944771309609399,0.0,0.005522869039060064,804.2420000000001,70
v28,seed0,190,969.6666666666666,0.8333333333333334,-4.176166666666615,0.0637982189655304,0.013422818791946308,2,60,1106.7777688455262,4135.7158203125,149,974.6761666666666,0.9948603442134712,0.0008549848265842827,0.004284670959944421,966.3238333333334,70
v28,seed0,191,1122.7166666666667,2.5,-4.691999999999937,0.06761716306209564,0.02877697841726619,4,60,1166.3083404980118,3594.892578125,139,1129.9086666666667,0.9936348837634664,0.0022125682134780215,0.004152548023055495,1120.5246666666667,70
v28,seed0,192,995.6166666666667,,-3.1179999999999644,0.08049264550209045,0.0,0,60,1123.2063295143084,3110.23583984375,181,998.7346666666666,0.9968780496922106,0.0,0.0031219503077894208,992.4986666666667,70
v28,seed0,193,1066.1166666666666,0.8333333333333334,-3.7186666666666204,0.11662375926971436,0.011904761904761904,2,60,1234.0679586501349,3734.2119140625,168,1070.6686666666665,0.9957484512793564,0.0007783298038671162,0.0034732189167765762,1063.2313333333332,70
v28,seed0,194,1170.8833333333334,0.8333333333333334,-4.705999999999936,0.09387033432722092,0.005952380952380952,1,60,1107.909024647304,3267.652587890625,168,1176.4226666666666,0.9952913748686698,0.0007083621872864289,0.004000262944043867,1167.0106666666668,70
v28,seed0,195,1023.8833333333333,0.8333333333333334,-3.5114999999999603,0.08371251821517944,0.028735632183908046,5,60,1205.8562110813184,4125.75341796875,174,1028.2281666666668,0.995774446300748,0.0008104556559998274,0.0034150980432520344,1021.2051666666667,70
v28,seed0,196,967.2666666666667,0.8333333333333334,-3.985833333333284,0.08323383331298828,0.011560693641618497,2,60,1108.7425850223256,3445.533447265625,173,972.0858333333333,0.9950424473833329,0.0008572631189118245,0.004100289497755206,964.1141666666667,70
v28,seed0,197,925.0833333333334,0.8333333333333334,-4.765999999999935,0.05827794224023819,0.007142857142857143,1,60,993.4307625906808,3210.565185546875,140,930.6826666666667,0.993983627788634,0.000895400079081735,0.0051209721322841885,921.1506666666668,70
v28,seed0,198,808.9833333333333,,-4.469833333333276,0.0554911307990551,0.0,0,60,911.6233662350077,2522.982666015625,142,813.4531666666667,0.9945051128737384,0.0,0.00549488712626145,804.5135,70
v28,seed0,199,855.2,,-4.1636666666666144,0.06808561831712723,0.0,0,60,971.8792886476259,2912.75048828125,148,859.3636666666666,0.9951549421645707,0.0,0.004845057835429332,851.0363333333335,70
v28,seed0,200,718.0833333333334,,-5.0828333333332605,0.040435370057821274,0.0,0,60,928.3029134576971,2687.412109375,110,723.1661666666666,0.9929714171270458,0.0,0.007028582872954179,713.0005000000001,70
v28,seed0,201,887.4166666666666,,-5.604166666666589,0.05554880201816559,0.0,0,60,999.1610854630618,2799.75048828125,97,893.0208333333333,0.9937244838446285,0.0,0.0062755161553714285,881.8125,70
v28,seed0,202,781.7833333333333,,-4.9046666666666,0.07893692702054977,0.0,0,60,943.9609016690936,2176.771484375,112,786.6879999999999,0.9937654233105544,0.0,0.006234576689445626,776.8786666666667,70
v28,seed0,203,828.2833333333333,,-5.535166666666587,0.04228480905294418,0.0,0,60,849.1361762152778,2305.75048828125,99,833.8184999999999,0.993361664838731,0.0,0.006638335161269015,822.7481666666667,70
v28,seed0,204,742.7333333333333,,-5.081666666666594,0.06215856969356537,0.0,0,60,988.0116842394677,2175.75048828125,107,747.8149999999999,0.9932046473169613,0.0,0.0067953526830387126,737.6516666666668,70
v28,seed0,205,949.0333333333333,0.8333333333333334,-5.4969999999999235,0.07994268834590912,0.00980392156862745,1,60,1028.0116912243413,3307.75048828125,102,955.3636666666666,0.9933739019451929,0.0008722681868789233,0.005753829867928049,944.3696666666667,70
v28,seed0,206,1025.3166666666666,,-5.317833333333261,0.08882807195186615,0.0,0,60,912.5667216837907,2895.750732421875,119,1030.6345,0.9948402335325149,0.0,0.005159766467485089,1019.9988333333333,70
v28,seed0,207,876.5333333333333,1.6666666666666667,-4.092999999999947,0.06813795864582062,0.014388489208633094,2,60,1008.1934290824177,3411.75048828125,139,882.2929999999999,0.993471934304515,0.0018890172161251046,0.004639048479359972,874.107,70
v28,seed0,208,876.2666666666667,0.8333333333333334,-4.109166666666616,0.07404579967260361,0.007042253521126761,1,60,1038.9497084281813,3779.75048828125,142,881.2091666666666,0.9943912294754084,0.0009456702958340387,0.004663100228757587,872.9908333333334,70
v28,seed0,209,952.7666666666667,,-2.9083333333333026,0.07063210010528564,0.0,0,60,1159.3764356825086,2863.75048828125,180,955.675,0.9969567757518683,0.0,0.0030432242481317423,949.8583333333333,70
v28,seed0,210,814.7833333333333,,-2.950999999999965,0.11612462997436523,0.0,0,60,1121.5977659225464,2898.8134765625,208,817.7343333333333,0.996391248502468,0.0,0.003608751497531959,811.8323333333333,70
v28,seed0,211,1083.9666666666667,1.6666666666666667,-2.507999999999977,0.12329084426164627,0.013824884792626729,3,60,1099.335179974956,3436.97265625,217,1088.1413333333335,0.9961634885664361,0.0015316637789698885,0.002304847654593867,1083.1253333333334,70
v28,seed0,212,838.3166666666667,,-2.3436666666666444,0.09644158184528351,0.0,0,60,1043.149208438554,2692.486083984375,227,840.6603333333334,0.9972121122244775,0.0,0.0027878877755224693,835.9730000000001,70
v28,seed0,213,875.9,,-3.602999999999955,0.15900173783302307,0.0,0,60,1017.2267976342177,2209.07666015625,205,879.5029999999999,0.9959033681522406,0.0,0.0040966318477594224,872.297,70
v28,seed0,214,1081.1,,-3.744333333333287,0.13943681120872498,0.0,0,60,1015.0658680097706,3005.11572265625,197,1084.8443333333332,0.9965485063448427,0.0,0.0034514936551572413,1077.3556666666666,70
v28,seed0,215,819.0666666666667,,-2.663999999999972,0.1376926600933075,0.004830917874396135,1,60,1088.440089718731,3429.343017578125,207,821.7306666666667,0.996758061846704,0.0,0.0032419381532959365,816.4026666666667,70
v28,seed0,216,784.4,,-3.068166666666629,0.13023361563682556,0.0,0,60,1051.4457165229612,2323.03369140625,205,787.4681666666667,0.9961037578450261,0.0,0.003896242154973836,781.3318333333333,70
v28,seed0,217,1003.8833333333333,,-2.795166666666636,0.10640223324298859,0.0,0,60,1094.8270130335727,2322.29296875,214,1006.6785,0.9972233770099722,0.0,0.002776622990027736,1001.0881666666667,70
v28,seed0,218,840.3666666666667,,-3.1094999999999655,0.12700003385543823,0.0,0,60,1052.223690423733,2879.75048828125,205,843.4761666666666,0.9963134702284614,0.0,0.0036865297715386533,837.2571666666668,70
v28,seed0,219,729.4666666666667,0.8333333333333334,-1.9089999999999854,0.12216643989086151,0.004273504273504274,1,60,1117.2084164089626,3255.264892578125,234,732.2090000000001,0.996254712338508,0.00113810856372065,0.0026071790977712445,728.3910000000001,70
v28,seed0,220,780.3333333333334,,-4.4668333333332715,0.10879965871572495,0.0,0,60,938.4374452816543,2322.99365234375,186,784.8001666666667,0.9943083175526,0.0,0.005691682447400013,775.8665000000001,70
v28,seed0,221,836.1166666666667,,-2.3091666666666466,0.12245871871709824,0.0,0,60,1035.4552529945533,2322.55322265625,239,838.4258333333333,0.9972458307284187,0.0,0.0027541692715813424,833.8075,70
v28,seed0,222,1185.9333333333334,,-3.032833333333302,0.09959027171134949,0.0,0,60,1102.6084063004473,2867.15380859375,196,1188.9661666666666,0.9974491844945967,0.0,0.0025508155054033374,1182.9005000000002,70
v28,seed0,223,959.65,,-2.945999999999971,0.10646820813417435,0.0,0,60,982.5796035963067,2324.845458984375,233,962.596,0.9969395260316892,0.0,0.0030604739683106627,956.704,70
v28,seed0,224,1003.7833333333333,,-2.58183333333331,0.08836600929498672,0.0,0,60,1028.3600712235357,2322.7734375,231,1006.3651666666666,0.9974344965238762,0.0,0.002565503476123869,1001.2015,70
v28,seed0,225,892.9166666666666,,-2.839666666666636,0.1033809706568718,0.0,0,60,1045.2361418719784,2537.506103515625,223,895.7563333333333,0.9968298670508982,0.0,0.0031701329491018236,890.077,70
v28,seed0,226,1086.3166666666666,,-3.2268333333332975,0.09205009788274765,0.0,0,60,1080.4327541650166,2698.467041015625,217,1089.5435,0.99703836209079,0.0,0.0029616379092099556,1083.0898333333332,70
v28,seed0,227,1017.7,,-2.1726666666666494,0.11134785413742065,0.0,0,60,1099.0112771698923,2880.291015625,231,1019.8726666666666,0.9978696686972034,0.0,0.002130331302796607,1015.5273333333334,70
v28,seed0,228,1083.55,,-2.9869999999999686,0.08095631003379822,0.0,0,60,1080.511293153505,2519.845458984375,222,1086.537,0.9972508989569614,0.0,0.0027491010430385422,1080.5629999999999,70
v28,seed0,229,1116.0833333333333,0.8333333333333334,-3.1909999999999643,0.0922597348690033,0.0045045045045045045,1,60,1026.7736930503502,3268.333251953125,222,1120.1076666666665,0.9964071906182829,0.0007439760999165856,0.002848833281800557,1113.7256666666665,70
v28,seed0,230,1102.35,,-3.5576666666666243,0.11629634350538254,0.0,0,60,1081.743709252805,2520.91650390625,196,1105.9076666666665,0.9967830346294734,0.0,0.0032169653705266758,1098.7923333333333,70
v28,seed0,231,878.9,0.8333333333333334,-2.9079999999999684,0.10359720885753632,0.004545454545454545,1,60,1113.6261895613236,3179.284912109375,220,882.6413333333334,0.9957612076479536,0.0009441358588841674,0.0032946564931621543,876.8253333333333,70
v28,seed0,232,975.9333333333333,,-3.724833333333287,0.10198812931776047,0.0,0,60,986.3576253030152,2319.75048828125,226,979.6581666666666,0.9961978234244632,0.0,0.00380217657553676,972.2085,70
v28,seed0,233,1117.1666666666667,,-3.9091666666666165,0.0803523063659668,0.0,0,60,953.7050724920825,2688.525146484375,214,1121.0758333333333,0.9965130220896447,0.0,0.00348697791035541,1113.2575000000002,70
v28,seed0,234,1054.9666666666667,,-3.0118333333333016,0.10679206252098083,0.0,0,60,1058.5540462184597,2547.51416015625,222,1057.9785,0.9971532187720892,0.0,0.002846781227910871,1051.9548333333335,70
v28,seed0,235,889.3666666666667,,-3.0294999999999663,0.09221997112035751,0.0,0,60,904.6967804311314,2868.124755859375,257,892.3961666666667,0.9966052072911564,0.0,0.003394792708843587,886.3371666666667,70
v28,seed0,236,893.3166666666667,,-2.7951666666666366,0.09267820417881012,0.0,0,60,939.8641652808999,2522.60546875,265,896.1118333333334,0.9968807836670683,0.0,0.003119216332931626,890.5215000000001,70
v28,seed0,237,882.3,,-2.5641666666666447,0.07111357152462006,0.0,0,60,920.6035559850794,2540.27587890625,262,884.8641666666666,0.997102191767663,0.0,0.0028978082323369535,879.7358333333333,70
v28,seed0,238,721.9666666666667,,-2.511499999999976,0.09398798644542694,0.0,0,60,963.2602157947629,2545.602294921875,215,724.4781666666667,0.9965333668900536,0.0,0.0034666331099464593,719.4551666666667,70
v28,seed0,239,850.9333333333333,,-3.3586666666666294,0.082218237221241,0.0,0,60,983.0634699906453,2525.983642578125,202,854.2919999999999,0.9960684793177664,0.0,0.00393152068223351,847.5746666666666,70
v28,seed0,240,825.4833333333333,,-2.187333333333316,0.10049267113208771,0.0,0,60,1005.7784272527896,2544.75048828125,237,827.6706666666666,0.9973572419303652,0.0,0.0026427580696347613,823.296,70
v28,seed0,241,908.2,,-3.544666666666625,0.1314595341682434,0.0,0,60,1012.7849375152588,2178.022705078125,200,911.7446666666667,0.9961122156276209,0.0,0.003887784372379063,904.6553333333334,70
v28,seed0,242,877.5666666666667,,-2.0733333333333195,0.10298383235931396,0.0,0,60,1035.447089929149,2310.8173828125,243,879.64,0.9976429751565035,0.0,0.002357024843496566,875.4933333333335,70
v28,seed0,243,869.7666666666667,,-3.23516666666663,0.12730304896831512,0.0,0,60,941.9408660315572,2335.75048828125,213,873.0018333333333,0.9962942040404269,0.0,0.0037057959595731627,866.5315,70
v28,seed0,244,965.1833333333333,,-3.0886666666666334,0.1118062362074852,0.0,0,60,961.5758652423494,2532.143798828125,199,968.2719999999999,0.9968101249786562,0.0,0.003189875021343831,962.0946666666666,70
v28,seed0,245,755.5,0.8333333333333334,-5.643166666666586,0.11292101442813873,0.009708737864077669,1,60,902.8637913083567,3428.453125,103,761.9765,0.9915003940410236,0.0010936470262971803,0.007405958932679139,750.6901666666668,70
v28,seed0,246,655.2,,-3.8841666666666175,0.10021078586578369,0.0,0,60,926.0981178283691,2180.6953125,136,659.0841666666666,0.994106721321632,0.0,0.005893278678368015,651.3158333333334,70
v28,seed0,247,743.0166666666667,,-4.018999999999951,0.09711867570877075,0.0,0,60,841.7620094245207,2129.75048828125,141,747.0356666666667,0.9946200694567462,0.0,0.005379930543253782,738.9976666666666,70
v28,seed0,248,762.5166666666667,,-3.429333333333294,0.0660821869969368,0.0,0,60,858.114142116112,2319.75048828125,158,765.9459999999999,0.9955227479047697,0.0,0.004477252095230335,759.0873333333334,70
v28,seed0,249,974.9833333333333,,-3.846499999999952,0.08830080926418304,0.0,0,60,940.1595199281807,2521.291015625,151,978.8298333333333,0.9960703077603377,0.0,0.003929692239662309,971.1368333333334,70
v28,seed1,0,482.31666666666666,45.0,-3.1441666666666377,1.777540683746338,0.9296875,119,60,705.9843930006027,1776.9552001953125,128,530.4608333333332,0.9092408644684734,0.08483189930767747,0.0059272362238493356,524.1725,60
v28,seed1,1,741.7666666666667,38.333333333333336,-3.304833333333299,1.7506356239318848,1.0,119,60,803.5222470513705,1762.023193359375,116,783.4048333333333,0.9468497449913614,0.04893170389341059,0.00421855111522795,776.7951666666668,60
v28,seed1,2,594.6333333333333,18.333333333333332,-1.86033333333332,1.7209069728851318,0.2631578947368421,70,60,496.89848717711027,2116.06396484375,266,614.827,0.9671555304717153,0.02981868612363044,0.0030257834046541875,611.1063333333334,60
v28,seed1,3,492.93333333333334,12.5,-1.8876666666666546,1.6902930736541748,0.25888324873096447,51,60,632.6782616165084,2228.613525390625,197,507.32099999999997,0.971639915030786,0.024639232359787985,0.0037208526094260927,503.5456666666667,60
v28,seed1,4,769.9333333333333,12.5,-2.1048333333333176,1.6543073654174805,0.15789473684210525,45,60,548.7004030202564,2391.234130859375,285,784.5381666666666,0.9813841646539823,0.015932940589888447,0.002682894756129329,780.3285,60
v28,seed1,5,704.3333333333334,9.166666666666666,-1.6764999999999877,1.6268361806869507,0.06457564575645756,35,60,411.36877206462776,2622.74169921875,542,715.1765,0.9848384746049867,0.012817348817622875,0.002344176577390319,711.8235,60
v28,seed1,6,834.2833333333333,11.666666666666666,-2.011166666666646,1.5986354351043701,0.045112781954887216,30,60,380.5879892162811,2791.682373046875,665,847.9611666666666,0.983869740890257,0.013758491691934792,0.0023717674178082206,843.9388333333333,60
v28,seed1,7,595.7166666666667,3.3333333333333335,-1.098166666666661,1.626704216003418,0.009174311926605505,6,60,398.15637620873406,2808.2529296875,654,600.1481666666667,0.9926159901068875,0.0055541839806781046,0.001829825912434392,597.9518333333334,60
v28,seed1,8,641.3333333333334,9.166666666666666,-1.4409999999999852,1.6294529438018799,0.019169329073482427,12,60,403.87674213750677,2434.743408203125,626,651.941,0.9837291002304401,0.014060577056308263,0.0022103227132516364,649.059,60
v28,seed1,9,460.28333333333336,3.3333333333333335,-0.9601666666666606,1.6199195384979248,0.009966777408637873,6,60,367.8124344531088,2961.27294921875,602,464.57683333333335,0.9907582563486987,0.007174988277862901,0.0020667553734383956,462.6565,60
v28,seed1,10,340.68333333333334,0.8333333333333334,-0.6864999999999981,1.59961998462677,0.004830917874396135,3,60,371.45999619734266,3158.522216796875,621,342.2031666666667,0.9955586812707266,0.002435200531458164,0.00200611819781523,340.8301666666666,60
v28,seed1,11,546.1166666666667,3.3333333333333335,-1.0983333333333258,1.5679607391357422,0.012048192771084338,7,60,411.37238721470004,3090.322998046875,581,550.5483333333334,0.9919504494004461,0.006054569837949437,0.001994980761604326,548.3516666666667,60
v28,seed1,12,543.2333333333333,2.5,-0.9951666666666615,1.535884976387024,0.008333333333333333,5,60,413.17860260009763,2702.633544921875,600,546.7285,0.9936071255354958,0.004572653519982953,0.0018202209445212047,544.7381666666666,60
v28,seed1,13,746.8,7.5,-1.4519999999999902,1.5140405893325806,0.0196078431372549,11,60,426.13826474276453,2874.322021484375,561,755.752,0.9881548444463263,0.009923890376737344,0.0019212651769363366,752.848,60
v28,seed1,14,843.0833333333334,7.5,-1.6924999999999863,1.467484474182129,0.0330188679245283,14,60,593.7898165572365,3222.322998046875,424,852.2758333333334,0.989214172641682,0.008799967929005769,0.0019858594293122858,848.8908333333334,60
v28,seed1,15,555.4,2.5,-1.0808333333333282,1.4609476327896118,0.01016260162601626,5,60,552.9291796465973,3086.663330078125,492,558.9808333333333,0.9935939962163283,0.004472425262046851,0.0019335785216249126,556.8191666666667,60
v28,seed1,16,638.7666666666667,2.5,-1.123166666666662,1.3998260498046875,0.03125,13,60,664.6794548390003,3299.4423828125,416,642.3898333333333,0.9943598630011528,0.003891717879511896,0.0017484191193353705,640.1435,60
v28,seed1,17,815.3833333333333,6.666666666666667,-1.566666666666655,1.4025158882141113,0.03414634146341464,14,60,658.2325154891828,3764.342529296875,410,823.6166666666666,0.9900034401117026,0.008094380476354293,0.0019021794119432446,820.4833333333333,60
v28,seed1,18,964.6166666666667,6.666666666666667,-1.9419999999999833,1.3352936506271362,0.0364741641337386,12,60,716.1911022663116,3450.441650390625,329,973.2253333333333,0.9911544979648427,0.006850075145324344,0.0019954268898329645,969.3413333333333,60
v28,seed1,19,1007.4166666666666,8.333333333333334,-2.092666666666646,1.3285984992980957,0.03881278538812785,17,60,597.8079524323276,3867.601318359375,438,1017.8426666666667,0.98975676659916,0.00818725094382629,0.002055982457013637,1013.6573333333333,60
v28,seed1,20,1106.0333333333333,6.666666666666667,-2.0551666666666515,1.320188283920288,0.03380281690140845,12,60,790.4664842578727,3798.681396484375,355,1114.7551666666668,0.9921760099489707,0.005980386425659087,0.0018436036253700412,1110.6448333333333,60
v28,seed1,21,1363.2833333333333,9.166666666666666,-2.486833333333307,1.3385438919067383,0.06920415224913495,20,60,940.8632618993212,4149.2431640625,289,1374.9368333333334,0.9915243379059473,0.006666972943363094,0.0018086891506894488,1369.9631666666667,60
v28,seed1,22,1056.2166666666667,3.3333333333333335,-1.8461666666666523,1.3540347814559937,0.029508196721311476,9,60,986.636172635438,4135.75341796875,305,1061.3961666666667,0.9951201067399119,0.00314051759184483,0.0017393756682432453,1057.7038333333333,60
v28,seed1,23,1048.2666666666667,3.3333333333333335,-1.7316666666666551,1.3319077491760254,0.0622568093385214,16,60,1154.8021155331385,4146.55322265625,257,1053.3316666666665,0.9951914480877345,0.003164561969243623,0.001643989943022051,1049.8683333333333,60
v28,seed1,24,1464.95,10.833333333333334,-2.650833333333305,1.2862114906311035,0.06611570247933884,16,60,1155.3732591108842,4152.17333984375,242,1478.4341666666667,0.9908794270514807,0.007327572358367891,0.0017930005901513853,1473.1325,60
v28,seed1,25,1341.6833333333334,7.5,-2.314833333333313,1.2730035781860352,0.059574468085106386,14,60,1261.787853289665,4135.13671875,235,1351.4981666666667,0.99273781232161,0.005549397095001608,0.0017127905833883702,1346.8685,60
v28,seed1,26,1718.4833333333333,12.5,-2.942833333333304,1.2814271450042725,0.09803921568627451,20,60,1322.7443814745136,4313.19970703125,204,1733.9261666666666,0.9910937191962326,0.0072090728199980065,0.0016972079837693805,1728.0405,60
v28,seed1,27,1548.3166666666666,7.5,-2.5019999999999794,1.1708524227142334,0.06976744186046512,15,60,1333.7971182180006,4151.7236328125,215,1558.3186666666666,0.993581543869076,0.004812879522288553,0.0016055766086354479,1553.3146666666667,60
v28,seed1,28,1515.9666666666667,10.0,-2.5831666666666404,1.2013895511627197,0.125,25,60,1413.6412073516847,4135.943359375,200,1528.5498333333333,0.9917679055060794,0.006542148500446884,0.0016899459934737536,1523.3835000000001,60
v28,seed1,29,1639.5833333333333,10.833333333333334,-2.8914999999999718,1.1649385690689087,0.16091954022988506,28,60,1495.550258768016,4201.755859375,174,1653.3081666666665,0.991698563153532,0.006552519095804786,0.001748917750663325,1647.5251666666666,60
v28,seed1,30,1711.3,12.5,-3.1856666666666302,1.1501998901367188,0.1358695652173913,25,60,1403.6870939835258,4155.97314453125,184,1726.9856666666665,0.9909173150829085,0.007238045017551777,0.0018446398995397746,1720.6143333333334,60
v28,seed1,31,1528.9833333333333,9.166666666666666,-2.6281666666666426,1.174413800239563,0.17159763313609466,29,60,1574.5855318329038,4284.841796875,169,1540.7781666666667,0.9923448854685873,0.005949374715308898,0.0017057398161037301,1535.5218333333335,60
v28,seed1,32,1873.8333333333333,14.166666666666666,-3.358166666666627,1.1961036920547485,0.24113475177304963,34,60,1685.1191953834912,4709.9326171875,141,1891.3581666666666,0.9907342598339165,0.007490208315030054,0.0017755318510533976,1884.6418333333334,60
v28,seed1,33,1736.3333333333333,12.5,-3.0228333333333013,1.1515774726867676,0.2080536912751678,31,60,1716.413833618164,4297.97119140625,149,1751.8561666666665,0.9911392078706615,0.007135288979679364,0.0017255031496592433,1745.8105,60
v28,seed1,34,1498.0666666666666,11.666666666666666,-2.5874999999999746,1.1053595542907715,0.21428571428571427,33,60,1686.990238833737,4152.37353515625,154,1512.3208333333332,0.990574641073185,0.007714412451061696,0.0017109464757533094,1507.1458333333335,60
v28,seed1,35,1857.9833333333333,14.166666666666666,-3.1644999999999643,1.0867832899093628,0.2868217054263566,37,60,1896.1948940070101,4315.6982421875,129,1875.3145,0.990758261258756,0.007554288449572947,0.001687450291671058,1868.9855000000002,60
v28,seed1,36,1994.6,16.666666666666668,-3.5741666666666245,1.1220518350601196,0.291044776119403,39,60,1715.3565140909222,4528.880859375,134,2014.8408333333332,0.9899541278901683,0.0082719520028257,0.0017739201070059503,2007.6925,60
v28,seed1,37,2062.3,20.0,-3.8184999999999527,1.1137287616729736,0.42857142857142855,45,60,2097.480348568871,4404.78173828125,105,2086.1185,0.9885823839825015,0.009587183086675086,0.001830432930823418,2078.4815000000003,60
v28,seed1,38,1744.6166666666666,15.0,-3.2264999999999615,1.077926516532898,0.3153846153846154,41,60,1817.1220448420597,4370.7646484375,130,1762.8431666666665,0.9896607365052988,0.008508981560942415,0.0018302819337586915,1756.3901666666666,60
v28,seed1,39,2219.8333333333335,21.666666666666668,-4.1946666666666115,1.0506980419158936,0.4392523364485981,47,60,1884.6074696478443,4244.62060546875,107,2245.6946666666668,0.9884840384949928,0.009648091073229902,0.0018678704317772843,2237.3053333333332,60
v28,seed1,40,1774.4666666666667,17.5,-3.2596666666666265,1.0784785747528076,0.47619047619047616,50,60,2113.265770612444,4319.83154296875,105,1795.2263333333333,0.9884361841840185,0.009748074476774424,0.0018157413392071602,1788.707,60
v28,seed1,41,1957.1666666666667,17.5,-3.6644999999999546,1.0370635986328125,0.5051546391752577,49,60,2184.682279134534,4317.5986328125,97,1978.3311666666666,0.9893018416953616,0.008845839511028951,0.0018523187936094394,1971.0021666666669,60
v28,seed1,42,1698.9,15.0,-3.093999999999964,1.0331330299377441,0.5591397849462365,52,60,2399.5804865026985,4522.04345703125,93,1716.9940000000001,0.9894618152422198,0.008736198262777854,0.001801986495002291,1710.806,60
v28,seed1,43,2340.116666666667,25.833333333333332,-4.747666666666604,0.9959664344787598,0.625,55,60,2037.1164228265936,4347.71044921875,88,2370.697666666667,0.9871004217745746,0.01089693287194079,0.0020026453534845246,2361.2023333333336,60
v28,seed1,44,2083.9333333333334,20.833333333333332,-4.08533333333328,1.0392091274261475,0.6263736263736264,57,60,2105.027361691653,4404.775390625,91,2108.8520000000003,0.9881837764496195,0.009878992614623184,0.0019372309357571227,2100.6813333333334,60
v28,seed1,45,2311.05,23.333333333333332,-4.64233333333327,1.027801752090454,0.6707317073170732,55,60,2197.6454514294137,4349.5166015625,82,2339.025666666667,0.9880396068049417,0.009975663655963871,0.0019847295390943848,2329.7410000000004,60
v28,seed1,46,1666.45,12.5,-2.892999999999971,0.964999794960022,0.5978260869565217,55,60,2414.2917954818063,4315.33056640625,92,1681.843,0.9908475404660244,0.0074323227554533924,0.0017201367785221158,1676.057,60
v28,seed1,47,1795.2166666666667,15.833333333333334,-3.3186666666666276,0.9238052368164062,0.6067415730337079,54,60,2432.522025119053,4404.798828125,89,1814.3686666666665,0.989444262154733,0.008726635123401971,0.0018291027218650315,1807.7313333333334,60
v28,seed1,48,1704.45,14.166666666666666,-3.1003333333332983,0.9578908681869507,0.8939393939393939,59,60,3143.4751697887073,4403.7998046875,66,1721.717,0.9899710579613258,0.008228220239834227,0.001800721798839936,1715.5163333333335,60
v28,seed1,49,1875.5666666666666,14.166666666666666,-3.403999999999961,0.9286230802536011,0.5909090909090909,52,60,2442.040667967363,4369.10791015625,88,1893.1373333333333,0.9907187575051783,0.007483169032287145,0.001798073462534481,1886.3293333333334,60
v28,seed1,50,1943.0666666666666,16.666666666666668,-3.5338333333332925,0.895794153213501,0.7402597402597403,57,60,2646.927412751433,4430.3720703125,77,1963.2671666666668,0.9897107737841419,0.008489250444178807,0.0017999757716792115,1956.1995,60
v28,seed1,51,1622.6666666666667,14.166666666666666,-2.8144999999999696,0.8054593205451965,0.6744186046511628,58,60,2637.0028317473657,4437.79296875,86,1639.6478333333334,0.9896434061501215,0.008640066713512768,0.0017165271363657477,1634.0188333333335,60
v28,seed1,52,1769.5833333333333,15.0,-3.2203333333332966,0.8946885466575623,0.855072463768116,59,60,3052.2840052065644,4451.4326171875,69,1787.8036666666665,0.9898085378875496,0.00839018303836868,0.0018012790740817533,1781.363,60
v28,seed1,53,1853.2,18.333333333333332,-3.5433333333332886,0.8359777927398682,0.7972972972972973,59,60,2736.621145506163,4438.91162109375,74,1875.0766666666666,0.988332921498321,0.009777377991655452,0.0018897005100235664,1867.99,60
v28,seed1,54,2097.4166666666665,19.166666666666668,-3.858666666666621,0.8197647333145142,0.7887323943661971,56,60,2776.139118248308,4436.1103515625,71,2120.4419999999996,0.9891412576560297,0.00903899595776101,0.0018197463862093949,2112.7246666666665,60
v28,seed1,55,2077.7,20.0,-3.8914999999999518,0.8735888004302979,0.8676470588235294,59,60,2867.4978251737707,4404.78466796875,68,2101.5915,0.9886317107772846,0.009516597302568078,0.0018516919201471606,2093.8084999999996,60
v28,seed1,56,2003.8833333333334,15.833333333333334,-3.6611666666666247,0.7946162819862366,0.9833333333333333,59,60,3275.817650349935,4403.7998046875,60,2023.3778333333332,0.9903653684058186,0.007825198572650833,0.001809433021530725,2016.0555000000002,60
v28,seed1,57,2083.366666666667,16.666666666666668,-3.7954999999999552,0.814673662185669,0.8507462686567164,57,60,2879.956485577484,4403.796875,67,2103.8288333333335,0.9902738443629722,0.007922064001879748,0.0018040916351480534,2096.237833333333,60
v28,seed1,58,2040.3166666666666,16.666666666666668,-3.848833333333288,0.7751920223236084,0.90625,58,60,3046.5522587299347,4717.14501953125,64,2060.8321666666666,0.990045040866582,0.00808734788608453,0.0018676112473334785,2053.1344999999997,60
v28,seed1,59,2007.25,15.833333333333334,-3.6744999999999592,0.7398760318756104,0.921875,59,60,3059.0911371707916,4439.5107421875,64,2026.757833333333,0.9903748573152179,0.007812148581803106,0.0018129941029790648,2019.4088333333334,60
v28,seed1,60,2234.65,20.833333333333332,-4.257166666666614,0.6450783014297485,0.9365079365079365,59,60,2910.902147565569,4403.80517578125,63,2259.7405000000003,0.9888967339391402,0.009219347678785829,0.0018839183820737882,2251.226166666667,60
v28,seed1,61,2321.95,19.166666666666668,-4.396166666666613,0.7074071764945984,0.9508196721311475,58,60,2983.1663473160543,4437.07470703125,61,2345.5128333333328,0.9899540804047332,0.008171631548665586,0.0018742880466012999,2336.7205,60
v28,seed1,62,2357.5666666666666,20.0,-4.425666666666612,0.6949124932289124,0.875,56,60,2869.233482837677,4678.08154296875,64,2381.992333333333,0.989745698873646,0.00839633264982521,0.001857968476528799,2373.141,60
v28,seed1,63,2353.5833333333335,20.0,-4.421833333333279,0.7086088061332703,0.90625,58,60,2841.0422315597534,4607.30810546875,64,2378.005166666667,0.9897301176315079,0.008410410658625566,0.0018594717098666012,2369.1615,60
v28,seed1,64,2395.366666666667,20.833333333333332,-4.572333333333275,0.5633987188339233,0.9076923076923077,59,60,2746.4573706993688,4597.76025390625,65,2420.7723333333333,0.9895051400262479,0.008606068834505572,0.0018887911392465827,2411.627666666667,60
v28,seed1,65,2167.7833333333333,17.5,-4.17033333333328,0.5685617923736572,1.0,59,60,3081.468203011206,4604.2890625,59,2189.453666666667,0.9901024014971161,0.007992861537299792,0.0019047369655839318,2181.113,60
v28,seed1,66,2348.883333333333,19.166666666666668,-4.150166666666619,0.5959475040435791,1.0,60,60,3181.2268692275225,4707.0927734375,59,2372.2001666666665,0.99017079854349,0.008079700413139674,0.0017495010433703365,2363.899833333333,60
v28,seed1,67,2363.116666666667,19.166666666666668,-4.512833333333276,0.6419311761856079,1.0,60,60,3284.436772184552,4344.4716796875,53,2386.7961666666665,0.9900789601011175,0.008030290535213279,0.00189074936366928,2377.7705,60
v28,seed1,68,2497.1666666666665,25.0,-5.070333333333264,0.6184744834899902,1.0,60,60,2861.134082191869,4621.5185546875,57,2527.2369999999996,0.9881014984612313,0.009892226174276495,0.002006275364492236,2517.0963333333334,60
v28,seed1,69,2464.4166666666665,20.0,-4.724333333333273,0.5776110887527466,0.9827586206896551,57,60,2972.6875205204406,4601.26806640625,58,2489.1409999999996,0.990067122218736,0.00803490039334855,0.001897977387915459,2479.6923333333334,60
v28,seed1,70,2252.133333333333,17.5,-4.089499999999952,0.6116015911102295,0.8923076923076924,58,60,3005.9048630934494,4712.18310546875,65,2273.7228333333333,0.9905047793497551,0.007696628517533323,0.001798592132711552,2265.543833333333,60
v28,seed1,71,2458.5666666666666,21.666666666666668,-4.701666666666606,0.5603162050247192,1.0,60,60,2941.276594543457,4720.70361328125,60,2484.935,0.9893887231121404,0.008719208617797515,0.001892068270062036,2475.5316666666663,60
v28,seed1,72,2272.0333333333333,17.5,-4.335499999999948,0.6093438863754272,1.0,58,60,3166.3552519699624,4603.181640625,58,2293.8688333333334,0.9904809291260696,0.00762903255221001,0.0018900383217203488,2285.197833333333,60
v28,seed1,73,2518.1666666666665,22.5,-4.943166666666602,0.5872732400894165,1.0,59,60,3017.930320046165,4887.61181640625,55,2545.609833333333,0.9892194136323196,0.008838746498137743,0.0019418398695426953,2535.7235,60
v28,seed1,74,2190.45,19.166666666666668,-4.171499999999948,0.5821689963340759,1.0,60,60,3236.13415035959,4862.8994140625,59,2213.7881666666663,0.9894578139778355,0.008657859390190075,0.0018843266319744753,2205.4451666666664,60
v28,seed1,75,2421.3,17.5,-4.494833333333278,0.5559171438217163,0.8208955223880597,55,60,2752.5550537109375,4862.7822265625,67,2443.2948333333334,0.9909978799802371,0.007162459381181245,0.0018396606385816631,2434.305166666667,60
v28,seed1,76,2319.2166666666667,19.166666666666668,-4.293499999999944,0.5431485176086426,0.8,56,60,2759.129129900251,4711.44287109375,70,2342.676833333333,0.9899857435166226,0.008181523970335645,0.001832732513041859,2334.0898333333334,60
v28,seed1,77,2458.383333333333,25.0,-4.900333333333266,0.4792954623699188,0.8805970149253731,59,60,2626.7845452152083,4877.5595703125,67,2488.2836666666667,0.9879835511787174,0.010047086003458073,0.001969362817824468,2478.4829999999997,60
v28,seed1,78,2329.516666666667,21.666666666666668,-4.381999999999945,0.49396759271621704,0.9516129032258065,59,60,3069.7974065965223,4729.77294921875,62,2355.5653333333335,0.9889416496761712,0.009198075026858378,0.0018602752969704417,2346.8013333333333,60
v28,seed1,79,2441.7166666666667,22.5,-4.61799999999994,0.5014239549636841,0.9206349206349206,58,60,2956.7242572118366,4866.32666015625,63,2468.8346666666666,0.989015870375551,0.00911361149605806,0.0018705181283909143,2459.5986666666668,60
v28,seed1,80,2610.85,26.666666666666668,-5.166999999999928,0.4809170961380005,0.921875,59,60,2600.6201889514923,4873.50830078125,64,2642.6836666666663,0.9879540381362331,0.010090752443444172,0.001955209420322824,2632.3496666666665,60
v28,seed1,81,2516.116666666667,24.166666666666668,-4.890333333333269,0.5016595721244812,0.9672131147540983,59,60,2913.425543613121,4730.7119140625,61,2545.1736666666666,0.9885834902425127,0.009495095357605591,0.0019214143998817902,2535.393,60
v28,seed1,82,2405.0,20.833333333333332,-4.663999999999938,0.5007346272468567,1.0,59,60,3158.472397395543,4885.78564453125,56,2430.4973333333332,0.9895094172770128,0.00857163389879602,0.0019189488241912376,2421.1693333333337,60
v28,seed1,83,1821.0,13.333333333333334,-3.0851666666666353,0.4587804675102234,0.7671232876712328,56,60,3165.2173194362695,4883.357421875,73,1837.4185,0.9910643655759426,0.007256557683148033,0.0016790767409093983,1831.2481666666665,60
v28,seed1,84,1906.4166666666667,14.166666666666666,-3.3161666666666316,0.40038880705833435,0.75,57,60,2995.757980145906,4878.607421875,76,1923.8995000000002,0.9909128136197689,0.007363516995906837,0.0017236693843241974,1917.2671666666668,60
v28,seed1,85,1755.5,10.0,-2.8748333333333065,0.4297354519367218,0.8450704225352113,60,60,3179.662066607408,4858.3564453125,71,1768.3748333333333,0.9927193980084728,0.005654909700988167,0.0016256922905390665,1762.6251666666667,60
v28,seed1,86,2293.266666666667,18.333333333333332,-4.118999999999952,0.37512531876564026,1.0,58,60,3402.6508583858094,4714.3134765625,58,2315.7190000000005,0.9903043791870544,0.007916907592559084,0.00177871322038639,2307.481,60
v28,seed1,87,1981.8333333333333,14.166666666666666,-3.5578333333332934,0.3620402216911316,0.890625,57,60,3268.9384803771973,4704.5029296875,64,1999.5578333333333,0.9911357902709658,0.007084899686572373,0.0017793100424618677,1992.4421666666667,60
v28,seed1,88,2012.35,15.0,-3.398333333333296,0.3869016766548157,0.9090909090909091,60,60,3306.3413795702386,4863.29638671875,66,2030.7483333333332,0.9909401214166534,0.007386439645812012,0.0016734389375345031,2023.9516666666666,60
v28,seed1,89,1743.8333333333333,13.333333333333334,-3.0468333333333004,0.32868900895118713,0.855072463768116,59,60,3310.8777412746263,4872.15673828125,69,1760.2134999999998,0.9906942159762627,0.007574838696177103,0.0017309453275601515,1754.1198333333332,60
v28,seed1,90,2123.6,15.0,-3.687666666666625,0.38451656699180603,0.8484848484848485,56,60,3216.2108387802587,4995.806640625,66,2142.2876666666666,0.9912767706422246,0.007001860783402416,0.0017213685743728902,2134.912333333333,60
v28,seed1,91,2316.3166666666666,18.333333333333332,-4.303333333333281,0.3740464746952057,1.0,60,60,3338.869011341442,4875.45849609375,55,2338.9533333333334,0.9903218818673879,0.007838263838811092,0.0018398542938009087,2330.346666666667,60
v28,seed1,92,1757.3833333333334,11.666666666666666,-2.9233333333333045,0.3686610162258148,0.9090909090909091,60,60,3505.1534322102866,5464.97216796875,66,1771.9733333333336,0.9917662417794096,0.006583996749386746,0.0016497614712034628,1766.1266666666668,60
v28,seed1,93,1984.0333333333333,12.5,-3.2623333333333004,0.3601114749908447,0.9672131147540983,59,60,3626.185312740138,4872.5771484375,61,1999.7956666666666,0.9921180280585333,0.006250638606911006,0.001631333334555664,1993.271,60
v28,seed1,94,2147.616666666667,11.666666666666666,-3.8058333333332914,0.4175502061843872,0.9152542372881356,54,60,3513.2698845297605,4863.947265625,59,2163.0891666666666,0.9928470355090155,0.005393520917422498,0.0017594435735620198,2155.4775,60
v28,seed1,95,1832.0666666666666,9.166666666666666,-2.8844999999999756,0.3805183470249176,0.9375,60,60,3594.80779838562,4717.9638671875,64,1844.1178333333332,0.9934650777467492,0.004970759731821186,0.00156416252142961,1838.3488333333335,60
v28,seed1,96,1602.3666666666666,6.666666666666667,-2.3328333333333178,0.3380933403968811,0.8285714285714286,58,60,3510.4092298235214,4870.3896484375,70,1611.3661666666667,0.9944149876135125,0.004137276060882914,0.0014477363256044438,1606.7005,60
v28,seed1,97,1866.8166666666666,15.0,-3.738999999999954,0.3788761794567108,0.7051282051282052,55,60,2646.9355533306416,4875.7978515625,78,1885.5556666666666,0.9900618155532224,0.007955214616663842,0.001982969830113716,1878.0776666666666,60
v28,seed1,98,2465.483333333333,23.333333333333332,-4.628666666666604,0.30375826358795166,0.7368421052631579,56,60,2431.2924300745913,4721.77734375,76,2493.445333333333,0.9887857978572085,0.009357868416605885,0.0018563337261855366,2484.188,60
v28,seed1,99,1934.95,15.0,-3.1588333333333005,0.30377909541130066,0.7402597402597403,57,60,3029.6525613363688,4715.4921875,77,1953.1088333333335,0.9907026003756575,0.007680063570446193,0.0016173360538962798,1946.7911666666666,60
v28,seed1,100,2068.0833333333335,17.5,-3.5159999999999614,0.3428145945072174,0.8823529411764706,60,60,3221.730379441205,4873.87744140625,68,2089.0993333333336,0.9899401624112975,0.008376815654848388,0.001683021933854092,2082.0673333333334,60
v28,seed1,101,1922.6,14.166666666666666,-3.671666666666623,0.3380820155143738,0.7681159420289855,53,60,3047.768986577573,5400.06884765625,69,1940.4383333333333,0.9908070599168745,0.007300755928857998,0.001892184154267527,1933.095,60
v28,seed1,102,1927.8333333333333,15.0,-3.2479999999999642,0.30938851833343506,0.7341772151898734,58,60,2885.221705183198,4868.73828125,79,1946.0813333333333,0.9906232079371811,0.007707797070489003,0.0016689949923298672,1939.5853333333332,60
v28,seed1,103,1850.6333333333334,13.333333333333334,-3.7758333333332854,0.26271140575408936,0.828125,53,60,3207.49237203598,4897.78564453125,64,1867.7425,0.9908396544670014,0.007138742804928053,0.002021602728070537,1860.1908333333333,60
v28,seed1,104,1613.4833333333333,9.166666666666666,-2.7973333333333055,0.31045323610305786,0.8285714285714286,58,60,3275.680073765346,4864.91845703125,70,1625.4473333333333,0.992639564657278,0.005639473195276295,0.0017209621474457528,1619.852666666667,60
v28,seed1,105,1758.4666666666667,11.666666666666666,-2.842999999999973,0.3402784466743469,0.7435897435897436,58,60,2978.286424294496,4873.4873046875,78,1772.9763333333335,0.9918162096166352,0.006580272081090008,0.001603518302274747,1767.2903333333334,60
v28,seed1,106,1718.35,11.666666666666666,-3.0121666666666354,0.29431116580963135,0.8529411764705882,58,60,3305.91934114344,4869.388671875,68,1733.0288333333333,0.991529954348711,0.006731951853465027,0.0017380937978238881,1727.0045,60
v28,seed1,107,1994.85,15.0,-3.621666666666623,0.3043937683105469,0.8405797101449275,58,60,3049.059257617895,5322.80517578125,69,2013.4716666666666,0.9907514632686661,0.007449819259107197,0.0017987174722266382,2006.2283333333332,60
v28,seed1,108,1763.6833333333334,11.666666666666666,-2.90749999999997,0.30722302198410034,0.8923076923076924,58,60,3594.5609220064603,4883.4365234375,65,1778.2575000000002,0.9918042428238505,0.006560729628114412,0.001635027548035068,1772.4425,60
v28,seed1,109,1857.7,10.833333333333334,-2.963166666666638,0.29589980840682983,0.8939393939393939,59,60,3437.9482065836587,4860.20654296875,66,1871.4965,0.9926280920108588,0.005788593958542447,0.0015833140305988487,1865.5701666666666,60
v28,seed1,110,1777.5333333333333,10.0,-2.7284999999999764,0.2897232174873352,0.8169014084507042,58,60,3382.766578351948,4851.41748046875,71,1790.2618333333332,0.9928901461434273,0.0055857751161352475,0.001524078740437489,1784.8048333333334,60
v28,seed1,111,1926.15,14.166666666666666,-3.422666666666628,0.3387492299079895,0.8507462686567164,57,60,3301.450261813491,4870.4873046875,67,1943.7393333333334,0.9909507756355533,0.007288357252292745,0.0017608671121539074,1936.8940000000002,60
v28,seed1,112,1677.5666666666666,10.833333333333334,-2.6993333333333065,0.2598944902420044,0.7532467532467533,58,60,3157.6332520323913,4857.8466796875,77,1691.099333333333,0.9919977103651314,0.0064060892933945545,0.0015962003414741101,1685.7006666666666,60
v28,seed1,113,1884.7666666666667,13.333333333333334,-3.3696666666666295,0.3069935739040375,0.8055555555555556,58,60,3044.775466071235,4874.58642578125,72,1901.4696666666666,0.9912157420689856,0.007012119923378566,0.0017721380076358285,1894.7303333333332,60
v28,seed1,114,1899.4666666666667,15.833333333333334,-3.76016666666662,0.30293142795562744,0.7307692307692307,57,60,2655.1300985874273,4871.6884765625,78,1919.0601666666666,0.989790054350389,0.008250566401383455,0.001959379248227472,1911.5398333333333,60
v28,seed1,115,2031.2833333333333,16.666666666666668,-3.5064999999999604,0.30975833535194397,0.725,58,60,2742.49847946167,4866.3994140625,80,2051.4565000000002,0.9901664175347287,0.008124309078289822,0.0017092733869813765,2044.4435,60
v28,seed1,116,1637.1166666666666,12.5,-2.8943333333333023,0.27525949478149414,0.6547619047619048,55,60,2700.7157541910806,4870.3779296875,84,1652.511,0.9906842778454525,0.007564246168406746,0.0017514759861406686,1646.7223333333332,60
v28,seed1,117,1860.6166666666666,14.166666666666666,-3.489499999999959,0.26852789521217346,0.717948717948718,56,60,2707.922900860126,4870.6171875,78,1878.2728333333332,0.9905997859558386,0.0075423902296054435,0.001857823814555851,1871.2938333333334,60
v28,seed1,118,1938.4333333333334,15.0,-3.4631666666666265,0.26314592361450195,0.7866666666666666,59,60,2847.698331298828,4865.77783203125,75,1956.8965,0.9905650775773442,0.007665198440489827,0.0017697239821659583,1949.9701666666667,60
v28,seed1,119,1807.4166666666667,14.166666666666666,-3.2204999999999635,0.27324312925338745,0.6395348837209303,55,60,2674.882988685785,4868.5166015625,86,1824.8038333333334,0.9904717612112279,0.0077633915535943905,0.001764847235177679,1818.3628333333336,60
v28,seed1,120,2257.45,20.0,-3.9904999999999538,0.2200205773115158,0.7564102564102564,59,60,2608.8198948395557,4879.77783203125,78,2281.4404999999997,0.9894844945550849,0.008766391233959423,0.0017491142109557335,2273.4595,60
v28,seed1,121,1843.4166666666667,15.833333333333334,-3.194999999999965,0.26368701457977295,0.6941176470588235,59,60,2639.017059326172,4886.7880859375,85,1862.445,0.9897831434843267,0.00850136961538909,0.001715486900284285,1856.055,60
v28,seed1,122,1475.55,8.333333333333334,-2.560999999999976,0.2665035128593445,0.7037037037037037,57,60,3041.70799123505,4874.8369140625,81,1486.4443333333331,0.9926708770123246,0.005606219584857198,0.0017229034028182978,1481.3223333333333,60
v28,seed1,123,2017.1,17.5,-3.9193333333332854,0.2763665020465851,0.75,57,60,2652.431248715049,4868.4365234375,76,2038.5193333333332,0.9894927004207956,0.008584662266305054,0.0019226373128993066,2030.6806666666666,60
v28,seed1,124,1444.5,8.333333333333334,-2.6334999999999744,0.2515864074230194,0.5824175824175825,53,60,2691.084660456731,4875.15673828125,91,1455.4668333333332,0.9924650750658353,0.00572553983538615,0.0018093850987787135,1450.1998333333333,60
v28,seed1,125,1601.2666666666667,10.0,-2.7324999999999733,0.2424452304840088,0.6987951807228916,58,60,2872.839232846915,4886.78076171875,83,1613.9991666666667,0.9921112103011205,0.006195790063914738,0.0016929996349646854,1608.5341666666666,60
v28,seed1,126,1953.8,15.833333333333334,-3.3789999999999623,0.25081297755241394,0.6436781609195402,56,60,2579.084642958367,4874.53662109375,87,1973.0123333333331,0.9902624362713057,0.008024954059249842,0.0017126096694445208,1966.2543333333333,60
v28,seed1,127,2064.4333333333334,14.166666666666666,-3.798666666666624,0.2623709440231323,0.7534246575342466,55,60,2766.7868995143945,4712.7822265625,73,2082.3986666666665,0.9913727694792993,0.006803052121303702,0.0018241783993970852,2074.8013333333333,60
v28,seed1,128,1765.4833333333333,13.333333333333334,-3.408833333333291,0.22901543974876404,0.5955056179775281,53,60,2477.262420311403,4876.20654296875,89,1782.2255,0.9906060334864097,0.007481282998887253,0.0019126835147029887,1775.4078333333332,60
v28,seed1,129,1954.4833333333333,18.333333333333332,-3.6048333333332883,0.17671656608581543,0.7662337662337663,59,60,2692.972345525568,4864.546875,77,1976.4215,0.9889000566596414,0.009276024032997685,0.0018239193073609492,1969.2118333333333,60
v28,seed1,130,1956.45,18.333333333333332,-3.7048333333332852,0.23278430104255676,0.7866666666666666,59,60,2777.37333597819,4879.78125,75,1978.4881666666665,0.9888611076689955,0.009266334589314787,0.0018725577416897796,1971.0785,60
v28,seed1,131,2056.8333333333335,20.0,-3.7143333333332893,0.22290757298469543,0.6404494382022472,57,60,2406.1396222060985,4867.79638671875,89,2080.547666666667,0.9886018793449096,0.009612853538723697,0.0017852671163666148,2073.119,60
v28,seed1,132,2120.75,24.166666666666668,-4.058999999999947,0.17842242121696472,0.6063829787234043,57,60,2184.575872218355,4869.79736328125,94,2148.9756666666663,0.9868655252339605,0.011245667897278815,0.0018888068687608597,2140.857666666667,60
v28,seed1,133,1760.7,15.833333333333334,-4.255999999999944,0.24663500487804413,0.5227272727272727,46,60,2111.2154341610994,4872.947265625,88,1780.7893333333332,0.9887188602507354,0.008891188326974107,0.0023899514222906087,1772.2773333333334,60
v28,seed1,134,2070.9333333333334,20.833333333333332,-3.962166666666617,0.204593226313591,0.35074626865671643,47,60,1604.6878729293596,4870.4873046875,134,2095.7288333333336,0.9881685552035079,0.00994085351213933,0.001890591284352683,2087.8045,60
v28,seed1,135,1893.0666666666666,19.166666666666668,-3.5548333333332893,0.2198893278837204,0.45614035087719296,52,60,2022.8313621387147,4868.078125,114,1915.7881666666667,0.9881398682822361,0.010004585580051517,0.0018555461377123144,1908.6785,60
v28,seed1,136,2379.866666666667,24.166666666666668,-4.56649999999994,0.2248411327600479,0.5,51,60,1974.4256751864564,4868.57666015625,102,2408.599833333333,0.9880705934339862,0.01003349179561376,0.0018959147704001227,2399.4668333333334,60
v28,seed1,137,2137.2,18.333333333333332,-3.9988333333332844,0.22903427481651306,0.3879310344827586,45,60,1892.0718636348329,4886.642578125,116,2159.5321666666664,0.9896587941539499,0.008489493056096333,0.0018517127899537894,2151.5345,60
v28,seed1,138,2064.45,18.333333333333332,-4.025666666666618,0.18371930718421936,0.33070866141732286,42,60,1664.2202576164186,4724.78173828125,127,2086.8089999999997,0.9892855551226778,0.00878534323617223,0.0019291016411500136,2078.757666666667,60
v28,seed1,139,2099.0833333333335,18.333333333333332,-3.7791666666666215,0.2082393616437912,0.3111111111111111,42,60,1601.882548127351,4864.8251953125,135,2121.1958333333337,0.9895754556686773,0.00864292350816265,0.0017816208231598706,2113.6375000000003,60
v28,seed1,140,1357.5166666666667,9.166666666666666,-2.9771666666666325,0.17151981592178345,0.21428571428571427,30,60,1647.2782476152693,4713.99267578125,140,1369.6605,0.9911336909158632,0.006692656075477585,0.002173653008659177,1363.7061666666668,60
v28,seed1,141,1409.2833333333333,11.666666666666666,-4.674666666666601,0.16385772824287415,0.23728813559322035,28,60,1405.820789919061,4846.8974609375,118,1425.6246666666666,0.9885374224258185,0.008183547142141668,0.0032790304320398037,1416.2753333333335,60
v28,seed1,142,1364.9333333333334,7.5,-5.794166666666585,0.2029133439064026,0.08,10,60,926.7683630371093,4085.51123046875,125,1378.2275,0.9903541565767142,0.0054417721312337766,0.00420407129205199,1366.6391666666668,60
v28,seed1,143,1254.6166666666666,5.833333333333333,-4.309666666666611,0.18254192173480988,0.12698412698412698,16,60,1175.8483380514479,4087.091796875,126,1264.7596666666664,0.991980294543443,0.0046122069568421305,0.0034074984997149223,1256.1403333333333,60
v28,seed1,144,1345.6166666666666,10.0,-3.895166666666619,0.16110606491565704,0.13513513513513514,20,60,1061.4124192933778,4709.17333984375,148,1359.5118333333332,0.9897792970050157,0.007355581433580755,0.002865121561403562,1351.7214999999999,60
v28,seed1,145,1384.15,8.333333333333334,-4.111166666666615,0.15228483080863953,0.06976744186046512,12,60,963.7035868445108,4710.830078125,172,1396.5945,0.9910893963852787,0.005966895425503491,0.0029437081892178547,1388.3721666666668,60
v28,seed1,146,1418.5833333333333,10.0,-3.5773333333332884,0.15979592502117157,0.14556962025316456,23,60,1109.999517223503,4159.283203125,158,1432.1606666666667,0.9905196856404844,0.006982456810013402,0.002497857549502096,1425.0059999999999,60
v28,seed1,147,1295.25,9.166666666666666,-3.2551666666666277,0.16628718376159668,0.10465116279069768,18,60,1061.7882794224938,4205.53515625,172,1307.6718333333333,0.9905008022527568,0.007009913674824889,0.002489284072418241,1301.1615000000002,60
v28,seed1,148,1331.1666666666667,7.5,-3.4216666666666287,0.18905800580978394,0.10734463276836158,19,60,1063.3310550323313,4351.291015625,177,1342.0883333333334,0.9918621849282151,0.005588305787125289,0.0025495092846595756,1335.2450000000001,60
v28,seed1,149,1408.9833333333333,10.0,-3.8021666666666176,0.1861637830734253,0.10857142857142857,19,60,1003.1396915108817,4444.32470703125,175,1422.7855,0.9902991936123424,0.007028466342958935,0.002672340044698669,1415.1811666666667,60
v28,seed1,150,1372.7666666666667,8.333333333333334,-2.8024999999999727,0.12578099966049194,0.09278350515463918,18,60,1161.8474882460132,4445.33154296875,194,1383.9025,0.9919533107763493,0.006021618815872747,0.002025070407777985,1378.2975,60
v28,seed1,151,1504.15,9.166666666666666,-3.0804999999999665,0.13103191554546356,0.07317073170731707,15,60,1094.8444609851372,4320.177734375,205,1516.3971666666669,0.9919235099247855,0.0060450301993222304,0.0020314598758922105,1510.2361666666668,60
v28,seed1,152,1484.2333333333333,10.833333333333334,-2.89699999999997,0.1546536087989807,0.10648148148148148,23,60,1140.4911694703278,4157.443359375,216,1497.9636666666665,0.9908340010917044,0.0072320401184630435,0.0019339587898326664,1492.1696666666667,60
v28,seed1,153,1064.1,5.833333333333333,-1.9101666666666512,0.10842684656381607,0.0967741935483871,21,60,1274.6443833733483,4319.54052734375,217,1071.8434999999997,0.9927755311293115,0.005442336808809621,0.0017821320618790445,1068.0231666666666,60
v28,seed1,154,1329.7333333333333,8.333333333333334,-2.618499999999972,0.1437310129404068,0.0966183574879227,20,60,1141.4027098135095,4090.702880859375,207,1340.6851666666666,0.9918311669244744,0.006215727256871518,0.0019531058186541474,1335.4481666666666,60
v28,seed1,155,1384.85,9.166666666666666,-2.7311666666666397,0.1601310521364212,0.05752212389380531,13,60,1082.0227181763776,3782.262939453125,226,1396.7478333333333,0.9914817599502271,0.006562864425420622,0.0019553756243521213,1391.2855,60
v28,seed1,156,1232.3833333333334,4.166666666666667,-2.281166666666648,0.18245652318000793,0.03375527426160337,8,60,1139.2705296383629,3620.75048828125,237,1238.8311666666668,0.9947952283516707,0.003363385406163094,0.0018413862421661556,1234.2688333333335,60
v28,seed1,157,1204.0666666666666,5.833333333333333,-2.404333333333312,0.11104285717010498,0.04741379310344827,11,60,1124.2048069526409,4316.8779296875,232,1212.3043333333333,0.9932049515619428,0.0048117730613847515,0.0019832753766724515,1207.4956666666665,60
v28,seed1,158,1498.0666666666666,11.666666666666666,-3.0216666666666345,0.11051325500011444,0.10880829015544041,21,60,1166.966668637923,4047.39208984375,193,1512.7549999999999,0.990290342234312,0.007712198384184264,0.0019974593815037032,1506.7116666666668,60
v28,seed1,159,1164.2666666666667,7.5,-2.3638333333333152,0.11358661949634552,0.07906976744186046,17,60,1201.753826407499,4205.044921875,215,1174.1305,0.991599031510268,0.006387705625567175,0.002013262864164857,1169.4028333333333,60
v28,seed1,160,1175.8333333333333,5.0,-2.4159999999999777,0.12062806636095047,0.03571428571428571,8,60,1149.192879813058,3603.922607421875,224,1183.2493333333332,0.9937325128431652,0.004225652074457117,0.00204183508237766,1178.4173333333333,60
v28,seed1,161,1211.4833333333333,5.833333333333333,-2.467666666666644,0.14476832747459412,0.04326923076923077,9,60,1155.2851141416108,4160.50390625,208,1219.7843333333333,0.9931946986256861,0.004782266154700025,0.0020230352196139406,1214.849,60
v28,seed1,162,975.15,2.5,-1.7839999999999898,0.10529929399490356,0.022123893805309734,5,60,1178.7444756431917,3763.042724609375,226,979.434,0.9956260452465403,0.0025524946040264072,0.0018214601494332338,975.866,60
v28,seed1,163,941.6833333333333,2.5,-1.9323333333333175,0.15480771660804749,0.022026431718061675,5,60,1169.0535662142715,3730.03173828125,227,946.1156666666666,0.9953152310129805,0.0026423830490070457,0.0020423859380124957,942.251,60
v28,seed1,164,1211.7333333333333,5.833333333333333,-2.4833333333333107,0.10130208730697632,0.03111111111111111,7,60,1108.8499976942273,4243.77294921875,225,1220.05,0.9931833394806224,0.004781224813190716,0.0020354357061868867,1215.0833333333333,60
v28,seed1,165,1396.5333333333333,10.0,-3.084999999999965,0.1200329065322876,0.06666666666666667,14,60,1077.8351359776088,3749.2109375,210,1409.6183333333333,0.9907173454753119,0.0070941188572320405,0.0021885356674560597,1403.4483333333333,60
v28,seed1,166,999.8333333333334,3.3333333333333335,-2.0849999999999835,0.10139119625091553,0.029914529914529916,7,60,1082.4330317831448,3709.602294921875,234,1005.2516666666668,0.9946099732902706,0.003315919230839375,0.0020741074788900127,1001.0816666666667,60
v28,seed1,167,1143.3333333333333,4.166666666666667,-2.2396666666666474,0.09204167127609253,0.031818181818181815,7,60,1139.643692224676,4043.281982421875,220,1149.7396666666666,0.9944280139938925,0.0036240087973538363,0.001947977208753617,1145.2603333333334,60
v28,seed1,168,1020.2666666666667,4.166666666666667,-2.1834999999999827,0.11640013754367828,0.026200873362445413,6,60,1161.80892357972,3925.750732421875,229,1026.6168333333335,0.9938144724881937,0.004058638560540519,0.002126888951265637,1022.2498333333334,60
v28,seed1,169,1018.05,4.166666666666667,-1.9438333333333195,0.10945503413677216,0.04245283018867924,9,60,1235.7681517690983,4137.9365234375,212,1024.1605,0.9940336499991944,0.004068372746914831,0.0018979772538906935,1020.2728333333332,60
v28,seed1,170,1225.0666666666666,2.5,-2.215999999999983,0.10553428530693054,0.026905829596412557,6,60,1243.6197138217533,3620.75048828125,223,1229.7826666666665,0.9961651760690508,0.002032879522343786,0.0018019444086055177,1225.3506666666667,60
v28,seed1,171,1149.7166666666667,6.666666666666667,-2.3956666666666466,0.09782879054546356,0.05188679245283019,11,60,1339.014058886834,3922.95166015625,212,1158.779,0.9921794118349285,0.005753182156965795,0.002067406008105641,1153.9876666666669,60
v28,seed1,172,1080.7666666666667,5.833333333333333,-2.7046666666666375,0.17207607626914978,0.04830917874396135,10,60,1341.3794073574784,3922.8525390625,207,1089.3046666666664,0.9921619724386874,0.005355098083976507,0.002482929477336281,1083.8953333333334,60
v28,seed1,173,1175.7,5.0,-2.056333333333318,0.11016100645065308,0.028688524590163935,7,60,1233.2115397218797,3779.75048828125,244,1182.7563333333333,0.9940339923495091,0.0042274134232776605,0.0017385942272133126,1178.6436666666668,60
v28,seed1,174,870.2,1.6666666666666667,-1.8728333333333196,0.1109452173113823,0.012552301255230125,3,60,1205.4418085329703,3270.664306640625,239,873.7395,0.9959490214188554,0.0019075098088923148,0.002143468772252278,869.9938333333333,60
v28,seed1,175,1011.4333333333333,0.8333333333333334,-1.7239999999999922,0.10384504497051239,0.008264462809917356,2,60,1228.74238170277,3430.032958984375,242,1013.9906666666667,0.9974779518023176,0.0008218353094637294,0.0017002128882185558,1010.5426666666666,60
v28,seed1,176,1265.85,4.166666666666667,-2.241499999999981,0.13002774119377136,0.025,6,60,1190.0488936742147,3620.781494140625,240,1272.2581666666667,0.9949631554077925,0.0032750166403595496,0.0017618279518478084,1267.7751666666666,60
v28,seed1,177,1064.5166666666667,,-2.325166666666647,0.09436476230621338,0.0,0,60,1147.2465420644219,2881.95263671875,218,1066.8418333333334,0.9978205141624398,0.0,0.0021794858375600947,1062.1915,60
v28,seed1,178,1048.9666666666667,,-2.1059999999999817,0.12855839729309082,0.0,0,60,1228.5417020051375,2868.445068359375,230,1051.0726666666667,0.997996332635422,0.0,0.0020036673645780104,1046.8606666666667,60
v28,seed1,179,1496.5333333333333,,-4.096166666666616,0.10470232367515564,0.0,0,60,1182.4158213464289,2804.204833984375,183,1500.6295,0.9972703677578865,0.0,0.0027296322421134704,1492.4371666666666,60
v28,seed1,180,1211.1,,-2.499666666666647,0.10695843398571014,0.0,0,60,1207.32692861557,2696.005615234375,224,1213.5996666666665,0.9979402872830937,0.0,0.0020597127169063555,1208.6003333333333,60
v28,seed1,181,1227.7666666666667,,-3.0448333333332998,0.11032658070325851,0.0,0,60,1169.894852729693,2864.581298828125,219,1230.8115,0.9975261578776821,0.0,0.0024738421223179175,1224.7218333333333,60
v28,seed1,182,1199.6,,-2.6619999999999764,0.08281172811985016,0.0,0,60,1229.9999110135166,2799.75048828125,220,1202.262,0.9977858403575925,0.0,0.002214159642407376,1196.9379999999999,60
v28,seed1,183,1274.65,,-3.1089999999999636,0.14497831463813782,0.0,0,60,1231.309029377682,2804.75537109375,213,1277.759,0.9975668338082534,0.0,0.002433166191746615,1271.5410000000002,60
v28,seed1,184,1048.2666666666667,,-2.326999999999978,0.10648687183856964,0.0,0,60,1283.6527316623265,2803.654296875,225,1050.5936666666666,0.997785061842812,0.0,0.002214938157187931,1045.9396666666667,60
v28,seed1,185,1259.5333333333333,,-2.5871666666666444,0.07752759754657745,0.0,0,60,1229.5268541002488,2883.463134765625,223,1262.1205,0.997950142901041,0.0,0.00204985709895897,1256.9461666666666,60
v28,seed1,186,1150.95,,-2.2191666666666476,0.11322090029716492,0.0,0,60,1258.172609638964,2932.745361328125,234,1153.1691666666668,0.9980755931299469,0.0,0.0019244068700530184,1148.7308333333333,60
v28,seed1,187,1264.0,,-2.9701666666666338,0.09528260678052902,0.0,0,60,1274.8451592581612,2864.75048828125,210,1266.9701666666667,0.9976556932871742,0.0,0.002344306712825756,1261.0298333333333,60
v28,seed1,188,1030.1833333333334,,-2.3906666666666427,0.0826847031712532,0.0,0,60,1265.2670543105514,2863.75048828125,216,1032.574,0.9976847502777848,0.0,0.0023152497222152044,1027.7926666666667,60
v28,seed1,189,1152.8666666666666,,-2.515333333333309,0.07612843811511993,0.0,0,60,1280.773103237152,2900.685302734375,224,1155.3819999999998,0.9978229422534424,0.0,0.0021770577465576833,1150.3513333333333,60
v28,seed1,190,1095.65,0.8333333333333334,-2.446833333333309,0.08849414438009262,0.0044444444444444444,1,60,1265.0180390760634,3269.504150390625,225,1098.9301666666668,0.9970151272881913,0.0007583132746833625,0.002226559437125267,1094.0365,60
v28,seed1,191,958.9,0.8333333333333334,-1.7701666666666553,0.11340642720460892,0.013100436681222707,3,60,1310.8795759709121,3597.862548828125,229,961.5035,0.9972922615466298,0.0008666981798124846,0.001841040273557668,957.9631666666667,60
v28,seed1,192,904.1833333333333,1.6666666666666667,-1.5658333333333234,0.08550174534320831,0.012048192771084338,3,60,1274.4183106939477,3878.75048828125,249,907.4158333333332,0.9964376861398533,0.0018367176386423353,0.001725596221504463,904.2841666666666,60
v28,seed1,193,1169.9833333333333,1.6666666666666667,-2.2568333333333137,0.10726778954267502,0.014218009478672985,3,60,1387.841910628911,3590.662353515625,211,1173.9068333333335,0.9966577415782994,0.0014197605971285909,0.0019224978245718082,1169.3931666666667,60
v28,seed1,194,1294.2666666666667,1.6666666666666667,-2.6538333333333086,0.09901822358369827,0.008968609865470852,2,60,1300.9125191042776,3270.0146484375,223,1298.5871666666667,0.9966729226108939,0.0012834461247178503,0.002043631264388214,1293.2795,60
v28,seed1,195,1327.4333333333334,2.5,-2.8719999999999697,0.07784892618656158,0.014705882352941176,3,60,1335.8754163255878,4120.31494140625,204,1332.8053333333335,0.995969403883938,0.0018757427941464818,0.0021548533219154556,1327.0613333333333,60
v28,seed1,196,1074.9166666666667,1.6666666666666667,-2.1449999999999823,0.10959608852863312,0.008583690987124463,2,60,1303.703593896694,3270.084716796875,233,1078.7283333333335,0.996466518446875,0.0015450291006231102,0.001988452452501926,1074.4383333333335,60
v28,seed1,197,1300.8,1.6666666666666667,-2.5959999999999748,0.12859153747558594,0.009950248756218905,2,60,1399.825910653641,3620.75048828125,201,1305.0626666666667,0.9967337456081291,0.001277077882339239,0.0019891765095315793,1299.8706666666667,60
v28,seed1,198,1280.0833333333333,,-2.598666666666642,0.09106508642435074,0.0,0,60,1322.818575279735,2868.87451171875,214,1282.6819999999998,0.9979740366929086,0.0,0.0020259633070914243,1277.4846666666667,60
v28,seed1,199,1168.9,,-2.7106666666666355,0.09319348633289337,0.0,0,60,1326.9850113725893,2869.646240234375,207,1171.6106666666667,0.9976863759064445,0.0,0.0023136240935555117,1166.1893333333335,60
v28,seed1,200,1360.5666666666666,,-2.7563333333333078,0.08410222083330154,0.0,0,60,1379.0593664986748,2865.91259765625,196,1363.3229999999999,0.9979782242848296,0.0,0.002021775715170439,1357.8103333333333,60
v28,seed1,201,1348.0666666666666,0.8333333333333334,-2.9093333333333025,0.110040083527565,0.00975609756097561,2,60,1338.8625755496141,3444.322998046875,205,1351.8093333333331,0.9972313649755341,0.0006164577450271587,0.0021521772794387936,1345.9906666666666,60
v28,seed1,202,1211.1166666666666,0.8333333333333334,-2.617499999999973,0.08752351254224777,0.005025125628140704,1,60,1386.1572804666644,3265.750732421875,199,1214.5674999999999,0.9971587965812247,0.0006861152906967571,0.0021550881280784917,1209.3324999999998,60
v28,seed1,203,1469.5333333333333,2.5,-3.6268333333332885,0.11333887279033661,0.01675977653631285,3,60,1376.9268690567442,3698.75048828125,179,1475.6601666666666,0.9958480729698268,0.0016941569993362295,0.0024577700308370154,1468.4065,60
v28,seed1,204,1570.4666666666667,0.8333333333333334,-3.834999999999953,0.07359234988689423,0.011428571428571429,2,60,1350.0309062848771,3918.9306640625,175,1575.135,0.9970362328731611,0.0005290551815135422,0.0024347119453252916,1567.465,60
v28,seed1,205,1480.2166666666667,1.6666666666666667,-3.3654999999999577,0.10266359895467758,0.0111731843575419,2,60,1422.3810849322954,3367.75048828125,179,1485.2488333333333,0.9966119033028472,0.0011221464237249584,0.00226595027342778,1478.5178333333336,60
v28,seed1,206,1343.5833333333333,,-2.83399999999997,0.08256692439317703,0.0,0,60,1295.5847658227992,2863.75048828125,216,1346.4173333333333,0.9978951548455011,0.0,0.00210484515449888,1340.7493333333332,60
v28,seed1,207,1727.8,1.6666666666666667,-4.1988333333332815,0.07422041147947311,0.012121212121212121,2,60,1372.7167030103278,3425.75048828125,165,1733.6655,0.9966167060485428,0.0009613542327898125,0.0024219397186673445,1725.2678333333333,60
v28,seed1,208,1672.7,,-3.765999999999956,0.08764269948005676,0.0,0,60,1363.1523303665929,2866.222900390625,179,1676.466,0.9977536078870672,0.0,0.002246392112932774,1668.9340000000002,60
v28,seed1,209,1487.35,,-3.728999999999954,0.09835521876811981,0.0,0,60,1375.0497029063465,2883.79443359375,182,1491.079,0.9974991264715015,0.0,0.002500873528498459,1483.6209999999999,60
v28,seed1,210,1739.5,0.8333333333333334,-3.540499999999962,0.0817304253578186,0.005434782608695652,1,60,1402.5745978148086,3269.042724609375,184,1743.8738333333333,0.997491886597683,0.0004778633163733271,0.0020302500859436957,1736.7928333333332,60
v28,seed1,211,1604.4833333333333,1.6666666666666667,-4.361833333333276,0.07300916314125061,0.011904761904761904,2,60,1298.2443230946858,3619.750732421875,168,1610.5118333333335,0.9962567800650538,0.0010348676937176598,0.0027083522412284515,1601.7881666666667,60
v28,seed1,212,1382.6666666666667,0.8333333333333334,-3.2591666666666286,0.08837452530860901,0.010752688172043012,2,60,1423.1066154562018,3924.8115234375,186,1386.7591666666667,0.9970488747445333,0.0006009214529559627,0.0023502038025107422,1380.2408333333333,60
v28,seed1,213,1728.3,0.8333333333333334,-4.4046666666666106,0.07535485923290253,0.00641025641025641,1,60,1440.8565063476562,4069.75048828125,156,1733.5379999999998,0.9969784337003286,0.0004807124697199216,0.0025408538299515854,1724.7286666666666,60
v28,seed1,214,1526.6,0.8333333333333334,-3.719166666666619,0.08964450657367706,0.011695906432748537,2,60,1487.2658034653691,3903.4013671875,171,1531.1524999999997,0.997026749458333,0.0005442523415096364,0.002428998200157476,1523.7141666666666,60
v28,seed1,215,1517.5833333333333,1.6666666666666667,-3.330999999999961,0.08369326591491699,0.015873015873015872,3,60,1368.2600301914115,3443.402099609375,189,1522.581,0.9967176349457489,0.0010946325132565472,0.0021877325409945096,1515.919,60
v28,seed1,216,1402.2833333333333,,-3.5349999999999584,0.09096259623765945,0.0,0,60,1418.7156921558167,3105.75048828125,178,1405.8183333333332,0.9974854503486108,0.0,0.0025145496513892564,1398.7483333333334,60
v28,seed1,217,1492.6666666666667,0.8333333333333334,-3.7716666666666168,0.07138526439666748,0.005405405405405406,1,60,1346.5276212950012,3266.621337890625,185,1497.2716666666665,0.9969244058359484,0.0005565678907078765,0.0025190262733438156,1489.7283333333335,60
v28,seed1,218,1583.9,,-4.078166666666616,0.06484825909137726,0.006024096385542169,1,60,1351.0964410621,3435.43212890625,166,1587.9781666666668,0.9974318496612411,0.0,0.0025681503387588235,1579.8218333333334,60
v28,seed1,219,1574.3166666666666,1.6666666666666667,-3.937166666666617,0.07999232411384583,0.017241379310344827,3,60,1383.7445052574421,3725.75048828125,174,1579.9205,0.9964530915743335,0.001054905399775917,0.0024920030258906174,1572.0461666666667,60
v28,seed1,220,1710.25,3.3333333333333335,-4.393499999999942,0.06841228902339935,0.024096385542168676,4,60,1349.3852291796582,3779.75048828125,166,1717.9768333333332,0.9955023646515995,0.0019402667536940984,0.0025573685947064724,1709.1898333333334,60
v28,seed1,221,1772.4833333333333,3.3333333333333335,-4.389666666666609,0.07291559129953384,0.029940119760479042,5,60,1320.5072863002024,4036.041015625,167,1780.2063333333333,0.9956617388358915,0.0018724421270268484,0.0024658190370816244,1771.427,60
v28,seed1,222,1797.1,3.3333333333333335,-4.309333333333277,0.07871031761169434,0.024844720496894408,4,60,1430.732234125552,3381.75048828125,161,1804.7426666666665,0.9957652319037913,0.0018469853873904092,0.00238778270881829,1796.1239999999998,60
v28,seed1,223,1614.7166666666667,1.6666666666666667,-3.6463333333332897,0.07718916237354279,0.024242424242424242,4,60,1533.9822598544033,3710.760498046875,165,1620.0296666666668,0.9967204304283316,0.0010287877444219641,0.0022507818272463464,1612.737,60
v28,seed1,224,1472.2833333333333,4.166666666666667,-3.3416666666666273,0.06949543952941895,0.026595744680851064,5,60,1435.7222708032486,3428.533203125,188,1479.7916666666667,0.9949260875686329,0.002815711671124877,0.0022582007602421246,1473.1083333333333,60
v28,seed1,225,1685.7166666666667,1.6666666666666667,-4.084166666666616,0.043869584798812866,0.024242424242424242,4,60,1484.8386023319129,3599.502197265625,165,1691.4675,0.9966000923261409,0.0009853376826138645,0.002414569991245245,1683.299166666667,60
v28,seed1,226,1843.9333333333334,4.166666666666667,-4.851999999999934,0.08045636117458344,0.032679738562091505,5,60,1405.728618048375,3620.75146484375,153,1852.952,0.9951328114993445,0.002248664113623379,0.002618524387032116,1843.2480000000003,60
v28,seed1,227,1630.9833333333333,4.166666666666667,-3.9086666666666177,0.0601511225104332,0.043478260869565216,7,60,1534.9182093839468,4134.71630859375,161,1639.0586666666668,0.9950731883503864,0.002542109536042639,0.0023847021135708487,1631.2413333333334,60
v28,seed1,228,1521.8166666666666,3.3333333333333335,-3.69166666666662,0.0792710930109024,0.050314465408805034,8,60,1575.0615946451824,3895.75146484375,159,1528.8416666666665,0.9954050179602205,0.00218029990025128,0.002414682139528262,1521.4583333333333,60
v28,seed1,229,1467.6666666666667,5.833333333333333,-3.645833333333287,0.07250525802373886,0.0449438202247191,8,60,1450.5901676992353,3747.75048828125,178,1477.1458333333333,0.9935827821107711,0.003949057162602429,0.0024681607266264865,1469.8541666666667,60
v28,seed1,230,1513.2833333333333,4.166666666666667,-3.581833333333291,0.06731151044368744,0.034482758620689655,6,60,1433.604622237984,3927.8115234375,174,1521.0318333333332,0.9949057607933036,0.0027393684835217676,0.002354870723174624,1513.8681666666669,60
v28,seed1,231,1488.65,1.6666666666666667,-3.4823333333332918,0.0796273946762085,0.010869565217391304,2,60,1486.5447466477103,3270.63525390625,184,1493.7990000000002,0.9965530837816867,0.0011157235121101745,0.0023311927062029704,1486.8343333333335,60
v28,seed1,232,1718.7166666666667,1.6666666666666667,-4.512499999999941,0.06240801513195038,0.020134228187919462,3,60,1442.4099806203137,3888.661376953125,149,1724.8958333333335,0.9964176580711395,0.0009662419228214263,0.0026161000060389776,1715.8708333333334,60
v28,seed1,233,1588.7333333333333,2.5,-3.6229999999999563,0.10367757827043533,0.017543859649122806,3,60,1501.4250030517578,3268.63330078125,171,1594.8563333333334,0.9961607827162697,0.0015675393123184135,0.0022716779714118175,1587.6103333333333,60
v28,seed1,234,1873.3,2.5,-4.908666666666599,0.06183423101902008,0.02158273381294964,3,60,1443.6465847097713,3619.75048828125,139,1880.7086666666667,0.9960607047768872,0.0013292861591534823,0.0026100090639591877,1870.8913333333333,60
v28,seed1,235,1702.6166666666666,0.8333333333333334,-4.179166666666614,0.06565799564123154,0.006535947712418301,1,60,1473.562538994683,3267.942626953125,153,1707.6291666666664,0.9970646437189965,0.0004880060317545526,0.0024473502492490503,1699.2708333333333,60
v28,seed1,236,1760.8,1.6666666666666667,-4.270999999999945,0.07947024703025818,0.02027027027027027,3,60,1479.0309538970123,3595.801513671875,148,1766.7376666666667,0.9966391916702215,0.000943358314090396,0.0024174500156880175,1758.1956666666667,60
v28,seed1,237,1657.65,1.6666666666666667,-4.082333333333284,0.11686752736568451,0.013333333333333334,2,60,1509.6416787719727,3619.75048828125,150,1663.3990000000001,0.9965438238209834,0.001001964451503618,0.002454211727512932,1655.2343333333336,60
v28,seed1,238,1726.4333333333334,3.3333333333333335,-3.8961666666666215,0.07152019441127777,0.025,4,60,1463.5004762649537,3620.63134765625,160,1733.6628333333333,0.9958299273301605,0.0019227114230304491,0.002247361246809114,1725.8705,60
v28,seed1,239,1894.1666666666667,8.333333333333334,-4.335999999999941,0.08115464448928833,0.06493506493506493,10,60,1480.4057706362241,3587.75048828125,154,1906.836,0.9933558348314521,0.0043702412443090725,0.0022739239242388653,1898.164,60
v28,seed1,240,1577.0,4.166666666666667,-3.34599999999996,0.08352355659008026,0.03571428571428571,6,60,1517.6906946273077,3621.11083984375,168,1584.5126666666667,0.9952586894224891,0.0026296202954515144,0.0021116902820593588,1577.8206666666667,60
v28,seed1,241,1864.8833333333334,5.833333333333333,-4.7341666666666,0.04605439305305481,0.06766917293233082,9,60,1555.7097138139538,4082.621337890625,133,1875.4508333333333,0.9943653548191302,0.0031103632415494763,0.0025242819393203326,1865.9825,60
v28,seed1,242,1707.75,4.166666666666667,-4.041666666666616,0.08427300304174423,0.03680981595092025,6,60,1437.48353782607,3437.801513671875,163,1715.9583333333333,0.9952164728164534,0.0024281863875871114,0.0023553407959594685,1707.8750000000002,60
v28,seed1,243,1723.85,2.5,-3.9368333333332832,0.06162063777446747,0.031055900621118012,5,60,1373.3510432272965,3440.03271484375,161,1730.286833333333,0.9962799038810618,0.0014448471501016067,0.0022752489688366412,1722.4131666666667,60
v28,seed1,244,1777.75,4.166666666666667,-4.219499999999946,0.07908786833286285,0.032467532467532464,5,60,1459.633060901196,4056.160888671875,154,1786.1361666666667,0.9953048559101084,0.0023327822057612815,0.0023623618841303044,1777.6971666666668,60
v28,seed1,245,1724.9,8.333333333333334,-3.5944999999999565,0.07519429922103882,0.06179775280898876,11,60,1392.297560531102,3971.581298828125,178,1736.8278333333333,0.9931324031637372,0.004798019224127666,0.002069577612135202,1729.6388333333334,60
v28,seed1,246,1397.6166666666666,5.833333333333333,-2.8794999999999686,0.08962357044219971,0.06382978723404255,12,60,1449.5480246036611,3920.79150390625,188,1406.3294999999998,0.9938045576564146,0.004147913652762979,0.0020475286908224347,1400.5704999999998,60
v28,seed1,247,1883.5,14.166666666666666,-3.925833333333283,0.06961452960968018,0.14285714285714285,22,60,1499.2068524051022,3751.75048828125,154,1901.5925,0.9904856061432721,0.007449896161594383,0.00206449769513357,1893.7408333333335,60
v28,seed1,248,2081.233333333333,15.0,-4.737333333333272,0.07072846591472626,0.14492753623188406,20,60,1465.5477126854053,3890.75048828125,138,2100.9706666666666,0.9906056121361047,0.007139557080917519,0.0022548307829777436,2091.4959999999996,60
v28,seed1,249,1566.0833333333333,5.0,-3.154333333333297,0.09265781939029694,0.06857142857142857,12,60,1436.9630200195313,3921.130859375,175,1574.2376666666667,0.9948201383399753,0.003176140493822089,0.0020037211662025387,1567.9289999999999,60
v28,seed2,0,470.05,43.333333333333336,-3.0841666666666385,1.777167797088623,0.921875,118,60,718.2060931921005,1578.794921875,128,516.4675,0.9101250320688137,0.08390331111509115,0.005971656816095182,510.2991666666667,120
v28,seed2,1,670.2333333333333,35.0,-2.7656666666666405,1.7502224445343018,0.8098591549295775,115,60,732.6141654001156,1891.884765625,142,707.999,0.9466585875592103,0.04943509807217242,0.0039063143686172445,702.4676666666667,120
v28,seed2,2,631.4333333333333,23.333333333333332,-2.2016666666666485,1.7268481254577637,0.3181818181818182,77,60,529.8159517650762,2094.53369140625,242,656.9683333333332,0.961132068770438,0.03551667888609548,0.003351252343466553,652.565,120
v28,seed2,3,702.4666666666667,20.833333333333332,-2.7994999999999703,1.6769754886627197,0.2983425414364641,54,60,619.9522746386449,2091.3330078125,181,726.0995,0.9674523487024391,0.028692119101215923,0.0038555321963449503,720.5005000000001,120
v28,seed2,4,785.9,15.0,-2.3873333333333107,1.6352784633636475,0.17647058823529413,48,60,559.2814600888421,2570.624267578125,272,803.2873333333333,0.9783547771615138,0.01867326842781869,0.0029719544106674707,798.5126666666666,120
v28,seed2,5,770.2,15.0,-2.0928333333333127,1.633772373199463,0.0863157894736842,41,60,429.54707040331084,3151.15185546875,475,787.2928333333333,0.9782891033556553,0.019052631200123123,0.0026582654442215965,783.1071666666668,120
v28,seed2,6,862.6333333333333,12.5,-2.0823333333333136,1.6010948419570923,0.042879019908116385,28,60,382.25617748745367,2761.75048828125,653,877.2156666666666,0.9833765698819029,0.014249631504529294,0.002373798613567831,873.051,120
v28,seed2,7,531.75,4.166666666666667,-1.0324999999999935,1.633723497390747,0.012461059190031152,8,60,412.90236803155824,2829.002685546875,642,536.9491666666667,0.9903172087984741,0.007759890368268877,0.0019229008332570156,534.8841666666666,120
v28,seed2,8,574.8333333333334,6.666666666666667,-1.2348333333333243,1.6471388339996338,0.013136288998357963,8,60,343.1044347979165,2503.704345703125,609,582.7348333333333,0.9864406595452649,0.011440309185796057,0.002119031268939059,580.2651666666667,120
v28,seed2,9,399.76666666666665,0.8333333333333334,-0.7346666666666646,1.5797632932662964,0.00408997955010225,2,60,514.2707746579847,3056.67236328125,489,401.33466666666664,0.9960930362357601,0.0020764050617772035,0.0018305587024627775,399.8653333333333,120
v28,seed2,10,425.9166666666667,2.5,-0.884999999999995,1.5752699375152588,0.005758157389635317,3,60,494.0757206186452,2836.363037109375,521,429.3016666666667,0.9921151016573427,0.005823410888225451,0.002061487454431798,427.5316666666667,120
v28,seed2,11,569.4833333333333,1.6666666666666667,-1.0023333333333304,1.5736548900604248,0.0039447731755424065,2,60,523.9713580791766,2483.0146484375,507,572.1523333333333,0.9953351584106098,0.002912977138372823,0.0017518644510174104,570.1476666666666,120
v28,seed2,12,603.35,2.5,-1.0571666666666608,1.5045307874679565,0.01694915254237288,8,60,615.35113880998,2804.03271484375,472,606.9071666666667,0.994138861984109,0.004119246134018849,0.0017418918818720942,604.7928333333333,120
v28,seed2,13,701.8833333333333,5.0,-1.3938333333333224,1.4911905527114868,0.025522041763341066,11,60,636.9279182947429,3263.322265625,431,708.2771666666666,0.9909726959525967,0.0070593832969814314,0.0019679207504218416,705.4895,120
v28,seed2,14,786.0666666666667,1.6666666666666667,-1.3296666666666612,1.4297142028808594,0.008316008316008316,4,60,600.6737583367359,3443.751708984375,481,789.063,0.9962026690728962,0.0021122098826920877,0.0016851210444117405,786.4036666666667,120
v28,seed2,15,608.5333333333333,1.6666666666666667,-1.060499999999996,1.4516608715057373,0.010224948875255624,5,60,591.7400859928098,2753.273193359375,489,611.2605,0.9955384542814942,0.002726606195994452,0.0017349395225112632,609.1394999999999,120
v28,seed2,16,717.6666666666666,0.8333333333333334,-1.1401666666666637,1.3712785243988037,0.011210762331838564,5,60,654.2010770528055,3226.551513671875,446,719.6401666666667,0.9972576572411999,0.0011579861324212727,0.001584356626378781,717.3598333333333,120
v28,seed2,17,705.15,4.166666666666667,-1.2298333333333262,1.3539226055145264,0.025,11,60,668.5614813181234,3224.801513671875,440,710.5464999999999,0.9924051416761606,0.005864030948947982,0.0017308273748914763,708.0868333333333,120
v28,seed2,18,846.75,4.166666666666667,-1.4133333333333244,1.346814513206482,0.013452914798206279,6,60,678.9239373623557,3039.70263671875,446,852.3299999999999,0.993453239942276,0.004888560377631513,0.0016581996800925985,849.5033333333333,120
v28,seed2,19,1063.0166666666667,6.666666666666667,-1.9491666666666505,1.2786060571670532,0.034482758620689655,13,60,768.541720196081,2895.4931640625,377,1071.6325,0.9919600858192213,0.0062210381512940935,0.0018188760294845954,1067.7341666666669,120
v28,seed2,20,943.7,5.0,-1.6786666666666552,1.2244361639022827,0.02032520325203252,10,60,577.2317594696835,3379.542236328125,492,950.3786666666667,0.9929726256481627,0.005261060854340164,0.0017663134974971258,947.0213333333334,120
v28,seed2,21,925.0666666666667,4.166666666666667,-1.7463333333333204,1.2195656299591064,0.01483679525222552,5,60,820.2466039289707,2998.752685546875,337,930.9796666666666,0.9936486260530575,0.004475572148192281,0.0018758017987503348,927.4870000000001,120
v28,seed2,22,898.9,5.0,-1.7334999999999865,1.1376128196716309,0.04878048780487805,14,60,980.0568055508444,3279.90087890625,287,905.6334999999999,0.9925648730971194,0.00552099718042674,0.001914129722453936,902.1665,120
v28,seed2,23,1001.0333333333333,5.833333333333333,-2.0221666666666485,1.139258861541748,0.03178484107579462,13,60,676.979547570562,3751.7509765625,409,1008.8888333333333,0.9922137110249841,0.005781938644379881,0.0020043503306360136,1004.8445,120
v28,seed2,24,1230.1333333333334,7.5,-2.5171666666666415,1.173966884613037,0.0429042904290429,13,60,851.6677892452026,3780.75048828125,303,1240.1505000000002,0.9919226201443561,0.006047653087266423,0.0020297267683774198,1235.1161666666667,120
v28,seed2,25,888.7166666666667,3.3333333333333335,-1.6196666666666566,1.1159240007400513,0.011583011583011582,6,60,601.5800903497055,3620.8916015625,518,893.6696666666667,0.9944576836556684,0.003729938989387951,0.0018123773549435938,890.4303333333335,120
v28,seed2,26,948.1666666666666,2.5,-1.6281666666666559,1.0877898931503296,0.014705882352941176,6,60,770.9165592567593,3606.83251953125,408,952.2948333333333,0.99566503301061,0.002625237387090728,0.0017097296022992768,949.0385,120
v28,seed2,27,1184.3333333333333,5.0,-2.04616666666665,1.124253273010254,0.03205128205128205,10,60,974.0738071294932,3904.291259765625,312,1191.3795,0.9940857076467517,0.004196815540304328,0.0017174768129438603,1187.2871666666665,120
v28,seed2,28,1555.15,8.333333333333334,-2.851166666666637,1.118788480758667,0.064,16,60,1084.9894131469728,4170.84521484375,250,1566.3345,0.9928594434969032,0.0053202769480805885,0.0018202795550162736,1560.6321666666668,120
v28,seed2,29,1329.8666666666666,10.833333333333334,-2.582999999999971,1.1643444299697876,0.11055276381909548,22,60,1336.5188150837193,4297.46142578125,199,1343.283,0.9900122808571735,0.008064818309569417,0.001922900833257006,1338.1169999999997,120
v28,seed2,30,1843.95,14.166666666666666,-3.473833333333294,1.0847164392471313,0.09905660377358491,21,60,1208.6969074753094,4177.75537109375,212,1861.5905,0.9905239632454076,0.007609980103930841,0.0018660566506615143,1854.6428333333336,120
v28,seed2,31,1476.3833333333334,7.5,-2.6031666666666426,1.0411405563354492,0.06334841628959276,14,60,1265.5857704818518,4120.751953125,221,1486.4865,0.9932033243042123,0.005045454499586778,0.0017512211962010032,1481.280166666667,120
v28,seed2,32,1740.7833333333333,15.833333333333334,-3.3661666666666266,1.0532569885253906,0.14691943127962084,31,60,1163.8022507220082,4130.9345703125,211,1759.9828333333332,0.9890910867785927,0.008996299869212741,0.0019126133521946058,1753.2504999999999,120
v28,seed2,33,1456.5666666666666,10.0,-2.6081666666666403,0.9473027586936951,0.09803921568627451,20,60,1385.6948356628418,4085.821044921875,204,1469.1748333333333,0.9914181985829007,0.006806541858133744,0.0017752595589655648,1463.9585,120
v28,seed2,34,1454.5166666666667,10.833333333333334,-2.671499999999974,1.0274895429611206,0.1111111111111111,21,60,1474.5901683827556,4133.22314453125,189,1468.0214999999998,0.9908006569840202,0.007379546780025589,0.0018197962359542924,1462.6785,120
v28,seed2,35,1966.3833333333334,19.166666666666668,-3.817666666666618,1.0581833124160767,0.2088607594936709,33,60,1489.1859604074984,4302.13134765625,158,1989.3676666666668,0.988446412536781,0.009634552218686575,0.0019190352445324509,1981.7323333333336,120
v28,seed2,36,1953.3333333333333,18.333333333333332,-3.5528333333332913,1.0310429334640503,0.19760479041916168,33,60,1456.128532820833,4141.06494140625,167,1975.2194999999997,0.9889196280885915,0.009281668864312718,0.0017987030470959261,1968.1138333333333,120
v28,seed2,37,1926.7,17.5,-3.8571666666666173,0.9781621694564819,0.21476510067114093,32,60,1513.8505480465474,4197.75390625,149,1948.0571666666667,0.9890366838139504,0.00898330926804595,0.0019800069180036643,1940.3428333333334,120
v28,seed2,38,1795.9166666666667,14.166666666666666,-3.2376666666666316,0.9712306261062622,0.22077922077922077,34,60,1576.6788808649237,4288.88134765625,154,1813.3210000000001,0.9904019567780148,0.007812553136850378,0.0017854900851347508,1806.8456666666668,120
v28,seed2,39,1870.6666666666667,12.5,-3.3208333333332956,0.9537460803985596,0.15,24,60,1582.6096087455749,4305.92041015625,160,1886.4875,0.9916136028818991,0.00662607093871547,0.0017603261793853898,1879.8458333333335,120
v28,seed2,40,2008.2666666666667,16.666666666666668,-3.6924999999999555,0.9551970958709717,0.2900763358778626,38,60,1727.0524649583656,4403.77490234375,131,2028.6258333333333,0.989964060236178,0.008215742101282848,0.001820197662539193,2021.2408333333335,120
v28,seed2,41,1509.6,11.666666666666666,-2.640833333333307,0.9726925492286682,0.29411764705882354,40,60,1842.0565045300652,4307.83837890625,136,1523.9075,0.9906113067886337,0.007655757758700358,0.0017329354526657995,1518.6258333333333,120
v28,seed2,42,1662.2166666666667,14.166666666666666,-3.0821666666666303,0.9353946447372437,0.2878787878787879,38,60,1811.6454779885032,4346.76220703125,132,1679.4655,0.9897295697152854,0.008435223389028633,0.0018352068956859371,1673.3011666666669,120
v28,seed2,43,2087.266666666667,20.833333333333332,-4.076166666666617,0.9392585754394531,0.34146341463414637,42,60,1781.8529862814803,4615.849609375,123,2112.176166666667,0.9882067128712511,0.009863444944656997,0.0019298421840917858,2104.0238333333336,120
v28,seed2,44,1903.5166666666667,17.5,-3.475499999999958,0.9439606070518494,0.3728813559322034,44,60,1924.1764819904909,4300.28173828125,118,1924.4921666666667,0.9891007610405966,0.009093307992160356,0.001805930967243025,1917.5411666666666,120
v28,seed2,45,2103.983333333333,19.166666666666668,-3.9091666666666196,0.8919333219528198,0.47368421052631576,45,60,2195.5881570916426,4403.77197265625,95,2127.0591666666664,0.9891512969197299,0.009010876127485877,0.0018378269527841624,2119.240833333333,120
v28,seed2,46,1950.4833333333333,13.333333333333334,-3.3734999999999613,0.8897227048873901,0.46875,45,60,2274.5280871391296,4307.87158203125,96,1967.1901666666665,0.9915072606520587,0.0067778568433605945,0.0017148825045807527,1960.4431666666667,120
v28,seed2,47,1435.0166666666667,8.333333333333334,-2.316666666666646,0.8298115134239197,0.5714285714285714,52,60,2593.651348407452,4403.77099609375,91,1445.6666666666665,0.9926331565598341,0.005764353239566522,0.0016024902005994787,1441.0333333333333,120
v28,seed2,48,1722.6833333333334,17.5,-3.218666666666628,0.8695515394210815,0.5670103092783505,55,60,2213.7470075469655,4301.591796875,97,1743.402,0.988115955662167,0.01003784554566302,0.0018461987921699228,1736.9646666666667,120
v28,seed2,49,1707.7666666666667,15.833333333333334,-3.1228333333332965,0.8521653413772583,0.6292134831460674,56,60,2412.243800816911,4304.91162109375,89,1726.7228333333333,0.9890218822032527,0.009169585892814105,0.0018085319039332194,1720.4771666666666,120
v28,seed2,50,1939.6833333333334,17.5,-3.6041666666666226,0.759614884853363,0.5494505494505495,50,60,2364.577684339586,4403.77685546875,91,1960.7875,0.9892368924900498,0.008924985496898567,0.0018381220130517064,1953.5791666666669,120
v28,seed2,51,1740.7166666666667,18.333333333333332,-3.3536666666666255,0.7588515877723694,0.5346534653465347,54,60,2116.3816253359955,4304.30126953125,101,1762.4036666666666,0.9876946465726448,0.010402459822390292,0.0019028936049648628,1755.6963333333333,120
v28,seed2,52,1935.6666666666667,19.166666666666668,-3.719666666666618,0.7340670228004456,0.5714285714285714,52,60,2291.434280730866,4403.7978515625,91,1958.553,0.9883146724478055,0.009786136329558949,0.0018991912226355978,1951.1136666666669,120
v28,seed2,53,1684.9833333333333,15.833333333333334,-3.058833333333298,0.7277016043663025,0.632183908045977,55,60,2549.7457517426587,4403.77392578125,87,1703.8754999999999,0.9889122376214303,0.009292541229293651,0.0017952211492760464,1697.7578333333333,120
v28,seed2,54,1858.45,16.666666666666668,-3.4331666666666254,0.7071948051452637,0.5714285714285714,52,60,2374.596874698178,4301.11865234375,91,1878.5498333333335,0.9893003459494775,0.00887209185028274,0.0018275622002397196,1871.6835,120
v28,seed2,55,1980.0833333333333,20.833333333333332,-3.7516666666666185,0.7107956409454346,0.7866666666666666,59,60,2611.4331158447267,4404.77294921875,75,2004.668333333333,0.9877361259260676,0.010392409051871424,0.0018714650220609823,1997.165,120
v28,seed2,56,1633.85,13.333333333333334,-2.975333333333297,0.7333306670188904,0.5795454545454546,51,60,2570.4757071408358,4314.02099609375,88,1650.1586666666665,0.9901169099698697,0.008080031091959643,0.0018030589381707721,1644.2079999999999,120
v28,seed2,57,1664.1166666666666,15.0,-3.100166666666629,0.7316277623176575,0.7,56,60,2687.8793712615966,4367.03076171875,80,1682.2168333333332,0.9892402891779409,0.00891680531473301,0.0018429055073260747,1676.0165,120
v28,seed2,58,1806.3333333333333,14.166666666666666,-3.209333333333297,0.7001175284385681,0.5154639175257731,50,60,2335.504479477086,4313.16845703125,97,1823.7093333333332,0.9904721658860842,0.0077680507566264215,0.0017597833572893728,1817.2906666666668,120
v28,seed2,59,1229.4,7.5,-2.041999999999982,0.7455030679702759,0.632183908045977,55,60,2776.297071434986,4348.29296875,87,1238.942,0.9922982673926625,0.006053552143683885,0.0016481804636536512,1234.8580000000002,120
v28,seed2,60,2168.6833333333334,24.166666666666668,-4.33449999999994,0.6753721237182617,0.6,54,60,2174.8494183010525,4405.77490234375,90,2197.1845,0.9870283234445416,0.01099892460859189,0.0019727519468665197,2188.5155,120
v28,seed2,61,1763.85,15.0,-3.2041666666666306,0.6603984236717224,0.6666666666666666,54,60,2725.0078494225017,4374.67626953125,81,1782.0541666666666,0.9897847287657269,0.00841725256200125,0.0017980186722719132,1775.6458333333333,120
v28,seed2,62,1911.3,19.166666666666668,-3.7224999999999517,0.6907257437705994,0.6067415730337079,54,60,2393.4685403202357,4404.1513671875,89,1934.1891666666666,0.9881660144410211,0.009909406482561384,0.0019245790764174403,1926.7441666666668,120
v28,seed2,63,1660.35,12.5,-3.0399999999999636,0.6379187703132629,0.627906976744186,54,60,2584.2411992272664,4404.15869140625,86,1675.8899999999999,0.9907273150385766,0.007458723424568439,0.0018139615368550227,1669.81,120
v28,seed2,64,2085.8,20.0,-4.005333333333281,0.6745560765266418,0.7272727272727273,56,60,2505.489415354543,4550.771484375,77,2109.8053333333332,0.9886220150484659,0.00947954756015405,0.0018984373913801596,2101.794666666667,120
v28,seed2,65,1801.25,15.833333333333334,-3.4689999999999577,0.6438785791397095,0.9076923076923077,59,60,3052.51548039363,4404.78955078125,65,1820.5523333333333,0.9893975399773366,0.008696994337066572,0.001905465685596857,1813.6143333333332,120
v28,seed2,66,2500.15,26.666666666666668,-5.151333333333261,0.6215263605117798,0.8507462686567164,57,60,2403.1122782692983,4441.40478515625,67,2531.968,0.9874334904706538,0.01053199197883491,0.002034517550511405,2521.6653333333334,120
v28,seed2,67,2253.1,21.666666666666668,-4.378333333333277,0.6221686601638794,0.611764705882353,52,60,2280.5772690716913,4442.9814453125,85,2279.1449999999995,0.9885724690618632,0.00950648890994942,0.0019210420281874465,2270.3883333333333,120
v28,seed2,68,2192.866666666667,21.666666666666668,-4.344333333333277,0.625958263874054,0.8169014084507042,58,60,2559.592159647337,4453.13525390625,71,2218.8776666666668,0.9882774069112719,0.009764696356250976,0.0019578967324771893,2210.189,120
v28,seed2,69,2383.05,22.5,-4.883666666666598,0.6705025434494019,0.8888888888888888,56,60,2622.1017707945807,4542.53857421875,63,2410.433666666667,0.988639526967554,0.00933441990590628,0.0020260531265397187,2400.6663333333336,120
v28,seed2,70,2567.3,30.0,-5.562166666666585,0.6693680882453918,0.7671232876712328,56,60,2147.084561282641,4404.76904296875,73,2602.862166666667,0.986337283962981,0.011525773582709238,0.002136942454309721,2591.7378333333336,120
v28,seed2,71,2591.616666666667,30.0,-5.3676666666665875,0.6964892148971558,0.7837837837837838,58,60,2164.5473907058304,4600.7861328125,74,2626.9843333333333,0.9865367805137273,0.011419938680004817,0.002043280806267943,2616.2490000000003,120
v28,seed2,72,2513.483333333333,26.666666666666668,-5.092499999999929,0.5652738213539124,0.5425531914893617,51,60,1914.5418818047706,4436.8935546875,94,2545.2424999999994,0.9875221450739305,0.010477063252977535,0.0020007916730920257,2535.0575,120
v28,seed2,73,2584.2166666666667,28.333333333333332,-5.41166666666659,0.5961124897003174,0.6222222222222222,56,60,1819.5899441189235,4403.8046875,90,2617.9616666666666,0.9871102008751084,0.010822669290421237,0.0020671298344704272,2607.138333333334,120
v28,seed2,74,2764.2,31.666666666666668,-5.925333333333247,0.5806388854980469,0.9365079365079365,59,60,2255.443397400871,4405.7919921875,63,2801.7919999999995,0.9865828726757734,0.011302290343703841,0.0021148369805229113,2789.941333333333,120
v28,seed2,75,2754.75,30.0,-5.871333333333246,0.6121755838394165,0.95,57,60,2320.1624084472655,4711.81201171875,60,2790.621333333333,0.987145753920513,0.010750294080266952,0.0021039519992202146,2778.878666666667,120
v28,seed2,76,3081.733333333333,35.0,-6.613833333333233,0.604947030544281,0.8484848484848485,56,60,1910.8676651463363,4404.779296875,66,3123.3471666666665,0.9866765264593546,0.011205926889438004,0.0021175466512074357,3110.1195,120
v28,seed2,77,2871.616666666667,33.333333333333336,-6.209666666666575,0.5291832685470581,0.7808219178082192,57,60,1911.9317992746014,4450.66455078125,73,2911.159666666667,0.9864167532778174,0.011450190697200966,0.0021330560249815363,2898.7403333333336,120
v28,seed2,78,3087.5333333333333,37.5,-6.5718333333332355,0.47780534625053406,0.7763157894736842,59,60,1694.4446465341668,4405.166015625,76,3131.6051666666667,0.9859267592854803,0.011974689657290236,0.0020985510572293525,3118.4615,120
v28,seed2,79,2373.8,25.0,-4.726166666666601,0.4690002501010895,0.4766355140186916,51,60,1825.5322046012523,4403.79638671875,107,2403.526166666667,0.9876322683401892,0.010401384576840816,0.001966347082969806,2394.0738333333334,120
v28,seed2,80,2424.9333333333334,26.666666666666668,-4.89999999999993,0.44531407952308655,0.7631578947368421,58,60,2261.5707495839974,4403.7958984375,76,2456.5,0.9871497387882489,0.010855553293981954,0.0019947079177691555,2446.7,120
v28,seed2,81,2320.7,25.0,-4.431666666666607,0.49153628945350647,0.5490196078431373,56,60,1936.5226750093348,4404.15087890625,102,2350.131666666666,0.9874765881911582,0.010637701859257533,0.00188570994958436,2341.2683333333334,120
v28,seed2,82,2452.9166666666665,26.666666666666668,-4.916333333333266,0.47300636768341064,0.7195121951219512,59,60,2076.3705636001214,4404.65087890625,82,2484.499666666666,0.9872879838046535,0.010733214024715106,0.0019788021706315115,2474.667,120
v28,seed2,83,2156.0,20.833333333333332,-4.127333333333278,0.4163867235183716,0.5913978494623656,55,60,2151.4193797778057,4550.46533203125,93,2180.960666666667,0.9885551963186864,0.009552365456078833,0.0018924382252346644,2172.706,120
v28,seed2,84,2939.016666666667,32.5,-6.07066666666658,0.46825188398361206,0.7567567567567568,56,60,1903.698151459565,4724.7802734375,74,2977.5873333333334,0.9870463357246058,0.010914877167890514,0.0020387871075037865,2965.4460000000004,120
v28,seed2,85,2815.9166666666665,30.833333333333332,-5.976499999999912,0.46668851375579834,0.7012987012987013,54,60,1864.1688684240564,4404.7744140625,77,2852.7264999999998,0.9870966132458427,0.01080837343970175,0.0020950133144554558,2840.7735000000002,120
v28,seed2,86,3016.266666666667,35.0,-6.694166666666564,0.43486160039901733,0.8,56,60,1766.8155330113002,4404.7890625,70,3057.9608333333335,0.9863653692970233,0.011445535736914005,0.00218909496606259,3044.5725,120
v28,seed2,87,3003.5333333333333,35.0,-6.464666666666569,0.43992310762405396,0.5652173913043478,52,60,1572.2104604969854,4866.0986328125,92,3044.998,0.9863826949421094,0.011494260423159555,0.0021230446347309815,3032.0686666666666,120
v28,seed2,88,2477.7,24.166666666666668,-4.965499999999933,0.4243447780609131,0.7671232876712328,56,60,2373.2237166313275,4404.79052734375,73,2506.832166666666,0.9883788922712751,0.009640320954873128,0.0019807867738519396,2496.9011666666665,120
v28,seed2,89,2996.05,35.0,-6.529833333333236,0.4440603256225586,0.8888888888888888,56,60,2044.9086688813709,4404.79931640625,63,3037.579833333333,0.986327986221926,0.011522330908285045,0.0021496828697890142,3024.520166666667,120
v28,seed2,90,3346.85,37.5,-7.291833333333224,0.42225557565689087,0.6891891891891891,51,60,1569.0269249581002,4403.806640625,74,3391.641833333333,0.9867934659570726,0.011056592011410796,0.002149942031516562,3377.0581666666667,120
v28,seed2,91,3185.3,35.833333333333336,-6.8288333333332325,0.4349152147769928,1.0,56,60,2323.8467742321536,4403.7998046875,51,3227.9621666666667,0.9867835605053819,0.01110091490642729,0.0021155245881908772,3214.3045000000006,120
v28,seed2,92,3069.35,32.5,-6.5443333333332365,0.40880754590034485,0.9655172413793104,56,60,2148.743356112776,4404.16162109375,58,3108.394333333333,0.9874390668794382,0.010455558888227717,0.002105374232334069,3095.3056666666666,120
v28,seed2,93,3092.9333333333334,35.833333333333336,-6.872499999999897,0.43088656663894653,1.0,60,60,2090.2038113576064,4403.79833984375,53,3135.639166666667,0.986380501370401,0.011427760475203488,0.002191738154395389,3121.894166666667,120
v28,seed2,94,2767.3,30.0,-5.8798333333332495,0.41190168261528015,0.84375,54,60,2301.940938472748,4545.98583984375,64,2803.1798333333336,0.9872003098386065,0.010702131787358867,0.0020975583740346004,2791.420166666667,120
v28,seed2,95,3153.5833333333335,34.166666666666664,-6.583166666666569,0.41242682933807373,0.7222222222222222,52,60,1900.2004511091445,4404.640625,72,3194.333166666667,0.9872430860504584,0.010696024767610599,0.0020608891819309505,3181.166833333333,120
v28,seed2,96,3115.75,35.0,-7.288999999999889,0.390384703874588,0.9454545454545454,52,60,1864.1244606711648,4707.29248046875,55,3158.0389999999998,0.9866090950745068,0.011082827032851716,0.0023080778926415696,3143.4610000000002,120
v28,seed2,97,3063.2,35.0,-6.282666666666577,0.3788365125656128,0.8656716417910447,58,60,2041.3937815196477,4403.798828125,67,3104.4826666666663,0.9867022396001996,0.011274020105121112,0.002023740294679235,3091.9173333333333,120
v28,seed2,98,3044.5,31.666666666666668,-6.887833333333229,0.36415475606918335,1.0,55,60,2429.5814597088356,4437.1142578125,46,3083.0544999999997,0.9874947069537695,0.010271199119790672,0.0022340939264399087,3069.2788333333333,120
v28,seed2,99,2636.0,30.0,-5.39416666666659,0.36426758766174316,0.717948717948718,56,60,2186.154648805276,4404.79638671875,78,2671.3941666666665,0.9867506760670849,0.011230091154026005,0.002019232778889147,2660.6058333333335,120
v28,seed2,100,2795.0833333333335,30.0,-5.827333333333248,0.35936790704727173,0.7681159420289855,53,60,2129.6682310242586,4699.1328125,69,2830.9106666666667,0.9873442374020516,0.01059729660608624,0.002058465991862188,2819.2560000000003,120
v28,seed2,101,2829.9333333333334,31.666666666666668,-7.202499999999892,0.41526055335998535,0.8771929824561403,50,60,1888.6600430137232,4424.8251953125,57,2868.8025,0.9864510831029092,0.0110382874619869,0.0025106294351039827,2854.3975,120
v28,seed2,102,2786.55,29.166666666666668,-6.035666666666576,0.33934587240219116,0.859375,55,60,2213.337076187134,4406.8349609375,64,2821.7523333333334,0.9875246551876689,0.010336366633641483,0.0021389781786896405,2809.681,120
v28,seed2,103,2713.95,30.0,-5.612666666666587,0.3141186833381653,0.8235294117647058,56,60,2230.1641850191004,4404.79443359375,68,2749.5626666666662,0.9870478796143096,0.010910826061065713,0.0020412943246246873,2738.3373333333334,120
v28,seed2,104,2588.4333333333334,26.666666666666668,-5.184666666666595,0.31532782316207886,0.691358024691358,56,60,2094.968553519543,4404.61328125,81,2620.2846666666665,0.9878443232758172,0.010177011301825478,0.001978665422357391,2609.9153333333334,120
v28,seed2,105,2521.5,25.833333333333332,-5.153166666666595,0.3241451382637024,0.7671232876712328,56,60,2243.268649793651,4547.2158203125,73,2552.4865,0.9878602688006382,0.010120850133128356,0.0020188810662334924,2542.180166666667,120
v28,seed2,106,2238.1,21.666666666666668,-4.402833333333275,0.3300884962081909,0.8142857142857143,57,60,2637.0930271693637,4403.7919921875,70,2264.1694999999995,0.9884860651996241,0.009569366015515479,0.001944568784860531,2255.3638333333333,120
v28,seed2,107,2562.85,27.5,-5.131166666666596,0.3566439151763916,0.7916666666666666,57,60,2318.5173615349663,4899.7861328125,72,2595.4811666666665,0.9874277004642749,0.010595337910048408,0.001976961625676702,2585.2188333333334,120
v28,seed2,108,2938.05,30.833333333333332,-6.172166666666579,0.2638258934020996,1.0,59,60,2594.6953540039062,4404.80078125,50,2975.0555000000004,0.9875614085182612,0.010363952313942826,0.0020746391677958875,2962.711166666667,120
v28,seed2,109,2834.6833333333334,29.166666666666668,-5.688333333333252,0.2672819495201111,0.75,57,60,2042.1935557315223,4404.8017578125,76,2869.538333333333,0.9878534468088074,0.010164236639691753,0.0019823165515009972,2858.161666666667,120
v28,seed2,110,3055.5666666666666,35.0,-6.5011666666665695,0.29840028285980225,0.875,56,60,2013.929777622223,4404.7900390625,64,3097.067833333333,0.9865998522150549,0.011301011758056962,0.002099136026888197,3084.0655,120
v28,seed2,111,2943.6,32.5,-6.247999999999908,0.310932993888855,1.0,58,60,2311.7641548945985,4446.71484375,58,2982.348,0.9870075524385484,0.010897453952389191,0.002094993609062359,2969.852,120
v28,seed2,112,2903.0333333333333,30.833333333333332,-5.940333333333248,0.2962457835674286,0.7746478873239436,55,60,2163.209167265556,4404.8837890625,71,2939.8070000000002,0.9874911289527962,0.010488216856866225,0.0020206541903374092,2927.9263333333333,120
v28,seed2,113,2490.75,25.0,-4.989333333333264,0.24097533524036407,0.6506024096385542,54,60,2198.382553100586,4706.8427734375,83,2520.7393333333334,0.9881029613269545,0.009917725196496583,0.001979313476548784,2510.7606666666666,120
v28,seed2,114,2777.8,29.166666666666668,-6.049666666666579,0.2767259180545807,0.873015873015873,55,60,2278.752749004061,4403.79541015625,63,2813.0163333333335,0.9874809353518388,0.01036846687345932,0.0021505977747018337,2800.917,120
v28,seed2,115,2553.133333333333,24.166666666666668,-4.808166666666602,0.2716354429721832,0.5520833333333334,53,60,2006.4881601333618,4713.1728515625,96,2582.1081666666664,0.9887786136508999,0.009359277422473073,0.0018621089266270484,2572.491833333333,120
v28,seed2,116,2595.3166666666666,25.833333333333332,-5.154499999999929,0.25285404920578003,0.7088607594936709,56,60,2217.2357878866073,4404.78759765625,79,2626.3045,0.9882009746648442,0.00983638162799985,0.001962643707155788,2615.9955,120
v28,seed2,117,2716.4333333333334,28.333333333333332,-5.4953333333332575,0.27274787425994873,0.6585365853658537,54,60,2029.2453698879335,4404.7900390625,82,2750.262,0.9876998385365952,0.010302048798744749,0.001998112664660042,2739.2713333333336,120
v28,seed2,118,2562.6666666666665,25.833333333333332,-5.257666666666593,0.28579896688461304,0.7671232876712328,56,60,2243.340610033845,4405.19189453125,73,2593.7576666666664,0.9880131438647636,0.009959809917991568,0.002027046217244888,2583.2423333333336,120
v28,seed2,119,2484.0333333333333,26.666666666666668,-4.954333333333266,0.2890295088291168,0.5257731958762887,51,60,1973.6044885694366,4403.7900390625,97,2515.654333333333,0.9874303080590168,0.010600290474459729,0.00196940146652366,2505.7456666666667,120
v28,seed2,120,2724.85,30.833333333333332,-5.597333333333255,0.3158382773399353,0.8028169014084507,57,60,2228.693936200209,4440.974609375,71,2761.2806666666665,0.986806604954561,0.011166316305888017,0.0020270787395510158,2750.0860000000002,120
v28,seed2,121,2592.483333333333,27.5,-4.807666666666607,0.33312302827835083,0.5,51,60,1948.861011131137,4449.41455078125,102,2624.7909999999997,0.9876913374563283,0.010477024646914745,0.0018316378967569635,2615.1756666666665,120
v28,seed2,122,2831.633333333333,30.0,-5.682666666666586,0.2907091975212097,0.5319148936170213,50,60,1777.8015829857359,4406.40185546875,94,2867.316,0.9875553769913513,0.010462746345362702,0.001981876663286009,2855.9506666666666,120
v28,seed2,123,2746.4,30.833333333333332,-5.596999999999923,0.32050925493240356,0.6136363636363636,54,60,1791.5485411557283,4722.77685546875,88,2782.8303333333333,0.9869088916787477,0.011079846645339859,0.002011261675912422,2771.636333333334,120
v28,seed2,124,2706.85,26.666666666666668,-6.4861666666665725,0.47700291872024536,0.3829787234042553,36,60,1505.2616880700944,4404.810546875,94,2740.002833333333,0.9879004383024665,0.009732350033457996,0.0023672116640754957,2727.0305,120
v28,seed2,125,2371.3166666666666,25.833333333333332,-5.811666666666582,0.4102995693683624,0.4731182795698925,44,60,1740.8292808942897,4403.78857421875,93,2402.9616666666666,0.9868308344494329,0.010750622322314754,0.002418543228252323,2391.3383333333336,120
v28,seed2,126,2780.616666666667,29.166666666666668,-5.846666666666583,0.3266512155532837,0.5164835164835165,47,60,1657.1346943614246,4706.53369140625,91,2815.63,0.9875646539732374,0.01035884213006207,0.0020765038967004126,2803.9366666666665,120
v28,seed2,127,2481.7833333333333,24.166666666666668,-5.115666666666596,0.3621196448802948,0.38095238095238093,40,60,1661.7365514846076,4707.85302734375,105,2511.0656666666664,0.9883386827664271,0.009624067975389467,0.0020372492581834495,2500.8343333333332,120
v28,seed2,128,2356.6833333333334,24.166666666666668,-4.880833333333268,0.351662278175354,0.35398230088495575,40,60,1610.0727963067789,4403.791015625,113,2385.730833333333,0.9878244856485279,0.010129670258275157,0.002045844093197131,2375.9691666666668,120
v28,seed2,129,2061.9166666666665,19.166666666666668,-4.341333333333276,0.40196871757507324,0.2012987012987013,31,60,1278.5832664192496,4316.66845703125,154,2085.4246666666663,0.9887274758106823,0.009190773933494602,0.0020817502558231676,2076.7419999999997,120
v28,seed2,130,2012.5666666666666,20.0,-4.277333333333275,0.3380652666091919,0.21476510067114093,32,60,1244.2548348855653,4314.71875,149,2036.8439999999998,0.988080906867029,0.009819112312970458,0.002099980820000587,2028.2893333333334,120
v28,seed2,131,2187.516666666667,22.5,-4.697999999999936,0.295803427696228,0.22077922077922077,34,60,1205.9236194561054,4312.2587890625,154,2214.7146666666667,0.9877194112589974,0.010159322254303941,0.0021212664866986338,2205.318666666667,120
v28,seed2,132,2444.8333333333335,23.333333333333332,-5.4539999999999225,0.33095091581344604,0.2571428571428571,36,60,1209.504601396833,4404.732421875,140,2473.6206666666667,0.9883622684264982,0.009432866424412689,0.0022048651490891177,2462.7126666666672,120
v28,seed2,133,2190.55,21.666666666666668,-4.422333333333275,0.2809334397315979,0.2236024844720497,36,60,1275.9483633100617,4315.94677734375,161,2216.639,0.9882303794167657,0.009774558088469375,0.0019950624947649457,2207.7943333333333,120
v28,seed2,134,2153.5,20.833333333333332,-4.240166666666609,0.2502044141292572,0.18994413407821228,34,60,1215.4455342212868,4405.2001953125,179,2178.5735,0.9884908634021299,0.009562832437525442,0.0019463041603446519,2170.093166666667,120
v28,seed2,135,2042.1333333333334,16.666666666666668,-3.842666666666619,0.23949405550956726,0.13989637305699482,27,60,1219.325824243417,4317.23828125,193,2062.6426666666666,0.9900567685984711,0.00808024915609878,0.0018629822454301114,2054.9573333333337,120
v28,seed2,136,2288.3166666666666,22.5,-4.718833333333269,0.2742924392223358,0.26666666666666666,40,60,1264.8099037679037,4404.81298828125,150,2315.5355,0.9882451237161627,0.009716974755947383,0.002037901527889885,2306.0978333333333,120
v28,seed2,137,1785.3,14.166666666666666,-3.6224999999999565,0.2235514223575592,0.1085972850678733,24,60,1089.2383568535024,4312.87939453125,221,1803.0891666666666,0.99013406158967,0.007856886352911924,0.0020090520574181014,1795.8441666666668,120
v28,seed2,138,1707.0,11.666666666666666,-4.004833333333283,0.30677399039268494,0.11428571428571428,20,60,1197.0549310302733,4302.3798828125,175,1722.6715,0.9909027925521494,0.0067724268188489025,0.002324780629001689,1714.6618333333336,120
v28,seed2,139,1721.0166666666667,13.333333333333334,-3.4478333333332905,0.1823398619890213,0.08928571428571429,20,60,1216.2686414718628,4405.51611328125,224,1737.7978333333333,0.9903434298600327,0.007672545722857867,0.0019840244171094837,1730.9021666666665,120
v28,seed2,140,1614.7,7.5,-3.0643333333333014,0.20794951915740967,0.0861244019138756,18,60,1353.7374957509019,4086.31201171875,209,1625.2643333333333,0.9934999291397317,0.004614633968259112,0.0018854368920091366,1619.1356666666668,120
v28,seed2,141,1778.3333333333333,10.833333333333334,-3.8681666666666192,0.1936621218919754,0.08290155440414508,16,60,1264.4114297659287,3922.171875,193,1793.0348333333332,0.9918007727866228,0.006041897866085332,0.0021573293472918883,1785.2984999999999,120
v28,seed2,142,1686.45,9.166666666666666,-3.6121666666666217,0.16875694692134857,0.06635071090047394,14,60,1243.8911786553983,4086.7724609375,211,1699.2288333333333,0.9924796277684005,0.005394604003208121,0.0021257682283914213,1692.0045000000002,120
v28,seed2,143,1570.4833333333333,3.3333333333333335,-3.4569999999999594,0.18743956089019775,0.035555555555555556,8,60,1231.8965609402126,4159.12353515625,225,1577.2736666666665,0.9956948920933401,0.0021133512869569667,0.0021917566197030445,1570.3596666666667,120
v28,seed2,144,1484.7833333333333,5.0,-3.110833333333297,0.1450650990009308,0.052132701421800945,11,60,1281.1465851119344,3932.87158203125,211,1492.8941666666667,0.9945670406419744,0.003349199234373055,0.0020837601236524113,1486.6725,120
v28,seed2,145,1583.8666666666666,8.333333333333334,-3.177999999999964,0.15223340690135956,0.059907834101382486,13,60,1316.93995265697,3918.601318359375,217,1595.3779999999997,0.9927845731022158,0.005223422495065956,0.0019920044027183304,1589.022,120
v28,seed2,146,1591.2333333333333,7.5,-3.1018333333333,0.19267457723617554,0.05660377358490566,12,60,1301.949964703254,4404.80322265625,212,1601.8351666666667,0.9933814455107792,0.004682129694784451,0.0019364247944362774,1595.6315,120
v28,seed2,147,1513.35,4.166666666666667,-3.18316666666663,0.18356655538082123,0.03333333333333333,7,60,1319.1775050571987,3921.2119140625,210,1520.6998333333333,0.9951668086152,0.002739966543912512,0.0020932248408873787,1514.3335,120
v28,seed2,148,1488.4833333333333,4.166666666666667,-2.9071666666666354,0.16898825764656067,0.02666666666666667,6,60,1320.5675918240017,4151.0634765625,225,1495.5571666666667,0.995270101677825,0.0027860296881552396,0.0019438686340196526,1489.7428333333335,120
v28,seed2,149,1627.6,3.3333333333333335,-3.400166666666627,0.15941888093948364,0.03015075376884422,6,60,1364.308055781839,3619.75048828125,199,1634.3334999999997,0.9958799718662074,0.0020395674036745464,0.0020804607301181965,1627.5331666666666,120
v28,seed2,150,1598.8833333333334,5.833333333333333,-3.427333333333294,0.14450961351394653,0.05263157894736842,10,60,1425.1733146265933,3917.43115234375,190,1608.144,0.9942413946346431,0.00362737001993188,0.0021312353454250948,1601.2893333333334,120
v28,seed2,151,1406.0333333333333,4.166666666666667,-2.972333333333301,0.14755071699619293,0.04285714285714286,9,60,1273.73624500093,3922.810546875,210,1413.1723333333334,0.9949482452836018,0.0029484490804023195,0.0021033056359957753,1407.2276666666667,120
v28,seed2,152,1558.1666666666667,5.833333333333333,-3.787999999999951,0.12242906540632248,0.037383177570093455,8,60,1107.956072227977,3779.75048828125,214,1567.788,0.9938631158464453,0.0037207411546288996,0.002416142998925844,1560.212,120
v28,seed2,153,1283.3833333333334,5.0,-3.168166666666631,0.12578080594539642,0.03608247422680412,7,60,1284.2080741960979,3619.75048828125,194,1291.5515,0.993675694181249,0.003871312913190066,0.0024529929055609715,1285.2151666666668,120
v28,seed2,154,1500.65,6.666666666666667,-3.4674999999999603,0.12528863549232483,0.0582010582010582,11,60,1251.6843442563656,3780.4912109375,189,1510.7841666666668,0.993292114856468,0.004412719443158933,0.002295165700373014,1503.8491666666669,120
v28,seed2,155,1274.6666666666667,0.8333333333333334,-3.2241666666666324,0.13088706135749817,0.004878048780487805,1,60,1119.4718674822552,3360.862548828125,205,1278.7241666666666,0.996826915369421,0.0006516912365124353,0.002521393394066585,1272.2758333333334,120
v28,seed2,156,1266.9333333333334,3.3333333333333335,-3.6809999999999548,0.09192392230033875,0.03636363636363636,6,60,1214.2857667865176,3620.120849609375,165,1273.9476666666667,0.994494017676812,0.0026165386699558302,0.0028894436532321877,1266.5856666666666,120
v28,seed2,157,1264.2166666666667,5.833333333333333,-2.8316666666666364,0.12160488218069077,0.046153846153846156,9,60,1256.6828509990985,3932.462158203125,195,1272.8816666666667,0.9931926115153412,0.004582777398789361,0.0022246110858694405,1267.2183333333332,120
v28,seed2,158,1015.1333333333333,2.5,-2.231166666666648,0.12027771770954132,0.018691588785046728,4,60,1246.846261710764,3768.240966796875,214,1019.8645,0.9953609850458892,0.002451306031340438,0.0021877089227702777,1015.4021666666666,120
v28,seed2,159,1312.65,7.5,-2.798833333333304,0.11549954116344452,0.03982300884955752,9,60,1224.0672504796391,3620.8916015625,226,1322.9488333333334,0.9922152444041361,0.005669153493338681,0.002115602102525233,1317.3511666666668,120
v28,seed2,160,1338.7666666666667,3.3333333333333335,-2.651833333333309,0.12965115904808044,0.02727272727272727,6,60,1205.178986566717,3609.322265625,220,1344.7518333333333,0.9955492407459072,0.002478772105534714,0.0019719871485581234,1339.4481666666666,120
v28,seed2,161,1620.8166666666666,6.666666666666667,-3.4703333333332913,0.0987110584974289,0.04522613065326633,9,60,1290.9071162238192,3914.141845703125,199,1630.9536666666665,0.9937846180384033,0.004087588018543752,0.0021277939430529246,1624.0130000000001,120
v28,seed2,162,1310.15,3.3333333333333335,-3.2783333333332974,0.10945603251457214,0.04081632653061224,8,60,1263.6733803262516,3610.563232421875,196,1316.7616666666665,0.9949788432986483,0.0025314629197640175,0.0024896937815878837,1310.2050000000002,120
v28,seed2,163,1407.5,1.6666666666666667,-3.3599999999999626,0.10580667853355408,0.010582010582010581,2,60,1294.2480710953,3619.75048828125,189,1412.5266666666666,0.9964413651187707,0.0011799187271980707,0.0023787161540312837,1405.8066666666668,120
v28,seed2,164,1293.5666666666666,4.166666666666667,-3.4429999999999623,0.08491837233304977,0.023148148148148147,5,60,1188.263341833044,3619.75048828125,216,1301.1763333333333,0.9941517022161228,0.0032022305969803223,0.002646067186896751,1294.2903333333334,120
v28,seed2,165,1075.3833333333334,0.8333333333333334,-2.50233333333331,0.09329593181610107,0.0047169811320754715,1,60,1321.3084279906075,3308.062744140625,212,1078.719,0.9969077520033793,0.000772521234291167,0.0023197267623294945,1073.7143333333333,120
v28,seed2,166,1360.3666666666666,3.3333333333333335,-2.824833333333305,0.10640572011470795,0.01904761904761905,4,60,1246.265495227632,3566.662353515625,210,1366.5248333333332,0.995493556709361,0.00243927753965686,0.002067165750982185,1360.8751666666665,120
v28,seed2,167,1190.4833333333333,,-2.660499999999978,0.09605516493320465,0.0,0,60,1131.152552700499,2765.59521484375,209,1193.1438333333333,0.9977701766327978,0.0,0.0022298233672022874,1187.8228333333334,120
v28,seed2,168,878.7666666666667,3.3333333333333335,-2.5114999999999723,0.12165653705596924,0.022321428571428572,5,60,1131.209560394287,4084.990966796875,224,884.6115,0.9933927680870831,0.003768132489045568,0.002839099423871352,879.5885000000001,120
v28,seed2,169,1342.8666666666666,0.8333333333333334,-3.1216666666666346,0.0745975598692894,0.014285714285714285,3,60,1131.840855916341,3609.5732421875,210,1346.8216666666665,0.9970634568050956,0.0006187406647502207,0.0023178025301543027,1340.5783333333331,120
v28,seed2,170,1214.8166666666666,2.5,-2.731166666666637,0.07607042789459229,0.018018018018018018,4,60,1217.5636644105653,3628.67138671875,222,1220.0478333333333,0.9957123265795453,0.0020490999874731687,0.002238573432981497,1214.5855,120
v28,seed2,171,1198.7666666666667,0.8333333333333334,-3.8093333333332855,0.11306437849998474,0.005154639175257732,1,60,1140.4838831006866,3269.364013671875,194,1203.4093333333333,0.9961420719134637,0.0006924770402312541,0.0031654510463050693,1195.7906666666665,120
v28,seed2,172,1365.6333333333334,0.8333333333333334,-4.013666666666618,0.09874894469976425,0.0051813471502590676,1,60,1196.1199211160135,3269.814453125,193,1370.4803333333334,0.9964632837975785,0.0006080593154565516,0.002928656886964899,1362.453,120
v28,seed2,173,1034.0666666666666,,-2.705833333333305,0.08686761558055878,0.0,0,60,1226.557326299494,2776.786376953125,220,1036.7724999999998,0.9973901378235502,0.0,0.002609862176449805,1031.3608333333334,120
v28,seed2,174,1173.25,0.8333333333333334,-3.5219999999999607,0.0665571540594101,0.005376344086021506,1,60,1260.2022247314453,3165.775390625,186,1177.6053333333332,0.9963015339604442,0.0007076507805671171,0.0029908152589888303,1170.5613333333333,120
v28,seed2,175,1145.1833333333334,0.8333333333333334,-3.4281666666666255,0.08189824223518372,0.004901960784313725,1,60,1170.7646372178021,3268.262939453125,204,1149.4448333333332,0.9962925580450506,0.0007249876715846448,0.0029824542833648757,1142.5885,120
v28,seed2,176,1160.2,,-4.23933333333328,0.12343259900808334,0.005747126436781609,1,60,1243.0212077875246,3609.31298828125,174,1164.4393333333333,0.9963593351650208,0.0,0.003640664834979192,1155.9606666666668,120
v28,seed2,177,1171.7666666666667,,-3.2891666666666297,0.06402784585952759,0.0,0,60,1165.868722067939,2522.364990234375,216,1175.0558333333333,0.9972008422294827,0.0,0.002799157770517256,1168.4775,120
v28,seed2,178,1087.4666666666667,,-3.1259999999999635,0.08152563124895096,0.004694835680751174,1,60,1144.7598220753557,3916.7705078125,213,1090.5926666666667,0.9971336686046547,0.0,0.0028663313953452498,1084.3406666666667,120
v28,seed2,179,1027.5666666666666,,-3.3609999999999602,0.1499251425266266,0.0,0,60,1169.9297561645508,2898.503173828125,200,1030.9276666666665,0.9967398294675056,0.0,0.0032601705324944823,1024.2056666666667,120
v28,seed2,180,851.6166666666667,,-2.58166666666664,0.10048863291740417,0.0,0,60,1107.3929361146072,2338.55322265625,232,854.1983333333333,0.9969776730228539,0.0,0.003022326977146182,849.0350000000001,120
v28,seed2,181,1156.6333333333334,,-3.509166666666626,0.11021595448255539,0.004651162790697674,1,60,1128.8086363326672,3438.291015625,215,1160.1425000000002,0.9969752278994463,0.0,0.003024772100553704,1153.1241666666667,120
v28,seed2,182,1106.2333333333333,0.8333333333333334,-3.519999999999954,0.11046230047941208,0.0048543689320388345,1,60,1128.8471098223936,3265.75048828125,206,1110.5866666666666,0.9960801498307201,0.0007503541671669029,0.003169496002112956,1103.5466666666666,120
v28,seed2,183,996.7166666666667,,-2.8433333333333026,0.10158580541610718,0.0,0,60,1091.8466151208336,2882.102783203125,229,999.56,0.9971554150492884,0.0,0.002844584950711616,993.8733333333334,120
v28,seed2,184,1263.7833333333333,,-3.1268333333333,0.0920371264219284,0.0,0,60,1220.7713153431716,2883.764404296875,206,1266.9101666666666,0.9975319218239758,0.0,0.0024680781760242935,1260.6565,120
v28,seed2,185,1133.9666666666667,,-2.6046666666666436,0.08374783396720886,0.0,0,60,1165.3209713286003,2867.75341796875,226,1136.5713333333333,0.9977083121927529,0.0,0.0022916878072471564,1131.362,120
v28,seed2,186,1137.7,,-2.909166666666634,0.08371517807245255,0.0,0,60,1239.4798971322866,2863.75048828125,208,1140.6091666666666,0.997449462312171,0.0,0.0025505376878290627,1134.7908333333335,120
v28,seed2,187,1188.85,,-4.366666666666611,0.0962333083152771,0.0,0,60,1148.5920302594295,2853.385986328125,183,1193.2166666666665,0.9963404243431622,0.0,0.003659575656837913,1184.4833333333333,120
v28,seed2,188,1354.9,,-3.8954999999999536,0.11784452944993973,0.0,0,60,1289.0123485218394,2895.75048828125,165,1358.7955,0.9971331226810806,0.0,0.002866877318919553,1351.0045000000002,120
v28,seed2,189,1109.1833333333334,,-2.727833333333307,0.08896207809448242,0.0,0,60,1157.2669680547056,2865.862548828125,217,1111.9111666666668,0.9975467164867936,0.0,0.002453283513206292,1106.4555,120
v28,seed2,190,1046.6166666666666,,-2.9901666666666356,0.10438831150531769,0.0,0,60,1162.4358810334516,2354.7734375,169,1049.6068333333333,0.9971511554882216,0.0,0.0028488445117782696,1043.6264999999999,120
v28,seed2,191,917.3166666666667,,-2.11616666666665,0.09734511375427246,0.0,0,60,1122.117697778692,2309.726318359375,197,919.4328333333334,0.9976983999374976,0.0,0.0023016000625022816,915.2005,120
v28,seed2,192,1055.7666666666667,,-2.858666666666637,0.07582170516252518,0.0,0,60,1196.533918720967,2699.245849609375,185,1058.6253333333334,0.9972996426812633,0.0,0.0027003573187365975,1052.908,120
v28,seed2,193,1160.7333333333333,0.8333333333333334,-2.981333333333302,0.08714018762111664,0.005747126436781609,1,60,1337.7938975191664,3265.75048828125,174,1164.548,0.9967243371104784,0.0007155852170398587,0.0025600776724817717,1158.5853333333332,120
v28,seed2,194,1155.5833333333333,,-2.9813333333333025,0.11524014919996262,0.0,0,60,1278.0061483895906,2698.026611328125,186,1158.5646666666667,0.997426700969648,0.0,0.0025732990303518975,1152.6019999999999,120
v28,seed2,195,1279.9666666666667,,-3.2756666666666305,0.10550887882709503,0.0,0,60,1335.4090862488479,2705.466064453125,178,1283.2423333333334,0.9974473514615452,0.0,0.0025526485384547767,1276.691,120
v28,seed2,196,1367.9166666666667,,-3.5629999999999566,0.0994960367679596,0.0,0,60,1345.0975580705915,2882.162841796875,175,1371.4796666666666,0.9974020759573785,0.0,0.002597924042621575,1364.3536666666669,120
v28,seed2,197,1267.5666666666666,,-3.2246666666666313,0.09978625178337097,0.0,0,60,1403.9762878417969,2883.59326171875,179,1270.7913333333333,0.9974624735138787,0.0,0.0025375264861212184,1264.3419999999999,120
v28,seed2,198,1264.95,,-3.8254999999999537,0.12172512710094452,0.0,0,60,1237.5418916411747,2804.244873046875,151,1268.7755,0.9969848881854986,0.0,0.003015111814501426,1261.1245000000001,120
v28,seed2,199,1087.8666666666666,,-2.983833333333303,0.07841470837593079,0.0,0,60,1298.978285315441,2847.75048828125,171,1090.8504999999998,0.9972646725345653,0.0,0.0027353274654348175,1084.8828333333333,120
v28,seed2,200,1232.75,,-3.7773333333332864,0.0756494477391243,0.0,0,60,1220.7433615684508,2864.75048828125,160,1236.5273333333332,0.9969452083819688,0.0,0.00305479161803132,1228.9726666666668,120
v28,seed2,201,1351.1833333333334,,-3.4669999999999592,0.0858808159828186,0.0,0,60,1369.545625114441,2911.75048828125,160,1354.6503333333333,0.9974406679608097,0.0,0.002559332039190403,1347.7163333333335,120
v28,seed2,202,1486.0166666666667,,-3.994999999999951,0.12330794334411621,0.0,0,60,1365.4474213248805,2976.083984375,152,1490.0116666666665,0.9973188129399435,0.0,0.0026811870600565437,1482.0216666666668,120
v28,seed2,203,1667.7833333333333,0.8333333333333334,-5.081333333333265,0.07994446158409119,0.007575757575757576,1,60,1327.8503204114509,3747.75048828125,132,1673.6979999999999,0.9964661087802779,0.000497899461750766,0.003035991757971429,1663.5353333333333,120
v28,seed2,204,1386.3666666666666,,-3.5829999999999598,0.11040496081113815,0.0,0,60,1285.3273895778013,2933.205810546875,178,1389.9496666666664,0.9974222088137965,0.0,0.0025777911862035967,1382.7836666666667,120
v28,seed2,205,1490.5333333333333,,-4.339666666666611,0.10954824090003967,0.0,0,60,1422.7201674779255,2799.75048828125,144,1494.8729999999998,0.99709696631977,0.0,0.0029030336802301007,1486.1936666666668,120
v28,seed2,206,1375.0,,-3.7058333333332905,0.12487268447875977,0.0,0,60,1377.9422523592725,2879.75048828125,162,1378.7058333333332,0.9973120928020058,0.0,0.0026879071979942232,1371.2941666666668,120
v28,seed2,207,1413.7,0.8333333333333334,-3.5143333333332922,0.09080839157104492,0.005681818181818182,1,60,1326.8019892085683,3269.163818359375,176,1418.0476666666666,0.9969340475860826,0.0005876624269564987,0.0024782899869609173,1411.019,120
v28,seed2,208,1413.4,,-3.855833333333285,0.12497901916503906,0.0,0,60,1359.5979079737808,2799.75048828125,165,1417.2558333333334,0.9972793667574721,0.0,0.002720633242527926,1409.5441666666668,120
v28,seed2,209,1550.6666666666667,0.8333333333333334,-4.449499999999944,0.1078636422753334,0.006666666666666667,1,60,1357.3153568522137,3163.943603515625,150,1555.9495,0.9966047527035208,0.0005355786504210666,0.0028596686460582066,1547.0505,120
v28,seed2,210,1596.3333333333333,,-4.84083333333327,0.07140036672353745,0.0,0,60,1339.589774250114,2916.505126953125,137,1601.1741666666665,0.9969766978295617,0.0,0.003023302170438426,1591.4925,120
v28,seed2,211,1689.0,,-4.918833333333267,0.06333548575639725,0.0,0,60,1355.3992188771565,2884.685302734375,144,1693.9188333333332,0.9970961812121459,0.0,0.002903818787854121,1684.0811666666668,120
v28,seed2,212,1598.8333333333333,,-4.809499999999937,0.07249794900417328,0.0,0,60,1400.3965920522703,2895.75048828125,141,1603.642833333333,0.9970008907843881,0.0,0.0029991092156118745,1594.0238333333334,120
v28,seed2,213,1173.4833333333333,,-2.9173333333333042,0.09865899384021759,0.0,0,60,1338.6977812203254,2882.782470703125,181,1176.4006666666667,0.9975201192790891,0.0,0.0024798807209108213,1170.566,120
v28,seed2,214,1477.95,0.8333333333333334,-3.664499999999956,0.09628849476575851,0.005494505494505495,1,60,1333.3855621002533,3619.75048828125,182,1482.4478333333332,0.9969659415783828,0.0005621333274571663,0.0024719250941601136,1475.1188333333334,120
v28,seed2,215,1329.7166666666667,,-3.6868333333332894,0.08078280836343765,0.0,0,60,1308.2936561939327,2804.6455078125,172,1333.4035,0.9972350205070459,0.0,0.0027649794929541505,1326.0298333333335,120
v28,seed2,216,1507.6333333333334,0.8333333333333334,-3.9249999999999536,0.13577350974082947,0.006172839506172839,1,60,1421.165488349067,3268.343017578125,162,1512.3916666666667,0.9968537691404895,0.0005510036531542205,0.0025952272063563477,1504.5416666666667,120
v28,seed2,217,1393.9833333333333,,-3.1571666666666336,0.09923557937145233,0.0,0,60,1386.0201351331627,3077.783447265625,184,1397.1405,0.9977402654445515,0.0,0.0022597345554485277,1390.8261666666667,120
v28,seed2,218,1397.8166666666666,,-3.749999999999956,0.09517782926559448,0.0,0,60,1378.0688969681903,3095.333984375,164,1401.5666666666666,0.9973244226698694,0.0,0.002675577330130537,1394.0666666666666,120
v28,seed2,219,1210.9833333333333,,-2.5514999999999772,0.09434038400650024,0.0,0,60,1362.5264207443388,2805.255859375,202,1213.5348333333334,0.9978974645556802,0.0,0.0021025354443197364,1208.4318333333333,120
v28,seed2,220,1535.9,,-4.132833333333283,0.07975196093320847,0.0,0,60,1340.934704664277,3077.75048828125,164,1540.0328333333334,0.9973163992066403,0.0,0.002683600793359676,1531.7671666666668,120
v28,seed2,221,1399.3333333333333,,-3.773166666666619,0.08119839429855347,0.0,0,60,1401.887098702771,2911.75048828125,171,1403.1064999999999,0.997310847988612,0.0,0.0026891520113880305,1395.5601666666666,120
v28,seed2,222,1413.2666666666667,,-3.750833333333287,0.07166991382837296,0.005988023952095809,1,60,1350.373355065991,3442.022705078125,167,1417.0175,0.997353008460846,0.0,0.0026469915391540946,1409.5158333333334,120
v28,seed2,223,1197.2333333333333,,-4.678333333333271,0.14844492077827454,0.0,0,60,1204.4366816665188,2900.79541015625,165,1201.9116666666666,0.9961075897147184,0.0,0.0038924102852815894,1192.555,120
v28,seed2,224,1032.9,,-4.929999999999932,0.196330726146698,0.0,0,60,1294.6529924180772,2527.15576171875,135,1037.83,0.9952497037087,0.0,0.004750296291300052,1027.9700000000003,120
v28,seed2,225,932.4,,-4.460833333333273,0.16346073150634766,0.0,0,60,1270.1738419621627,2805.0556640625,161,936.8608333333333,0.9952385315143747,0.0,0.004761468485625246,927.9391666666667,120
v28,seed2,226,1104.5333333333333,,-4.8056666666666,0.15991704165935516,0.0,0,60,1310.1759701036426,2943.75048828125,146,1109.339,0.9956679908786524,0.0,0.004332009121347577,1099.7276666666667,120
v28,seed2,227,1053.4333333333334,,-6.2466666666665756,0.19161145389080048,0.0,0,60,1364.5209192240013,3102.31298828125,106,1059.68,0.9941051386582113,0.0,0.00589486134178863,1047.1866666666667,120
v28,seed2,228,1236.2333333333333,0.8333333333333334,-4.929999999999934,0.15216714143753052,0.006578947368421052,1,60,1253.6129121278461,3619.75048828125,152,1241.9966666666664,0.9953596225432706,0.0006709626166468511,0.003969414840082718,1232.1366666666668,120
v28,seed2,229,1101.4666666666667,,-5.343999999999924,0.15285621583461761,0.0,0,60,1333.2596737228278,2884.615234375,131,1106.8106666666665,0.9951717125964334,0.0,0.004828287403566697,1096.1226666666669,120
v28,seed2,230,1120.25,,-5.275333333333264,0.1256314516067505,0.0,0,60,1354.4245868512055,3079.75048828125,134,1125.5253333333333,0.9953130034686025,0.0,0.004686996531397425,1114.9746666666667,120
v28,seed2,231,951.95,,-5.935499999999915,0.17540311813354492,0.0,0,60,1378.6011647006922,3107.364013671875,114,957.8855,0.9938035391495122,0.0,0.006196460850487783,946.0145000000001,120
v28,seed2,232,1157.3166666666666,0.8333333333333334,-5.546833333333252,0.14921876788139343,0.008064516129032258,1,60,1365.5096371558404,3524.75048828125,124,1163.6968333333332,0.9945173291841046,0.0007161086199283578,0.004766562195967065,1152.6031666666665,120
v28,seed2,233,1276.3333333333333,,-4.743666666666601,0.1067405492067337,0.007518796992481203,1,60,1467.9846818966973,3509.931640625,133,1281.0769999999998,0.9962971260379614,0.0,0.003702873962038661,1271.5896666666667,120
v28,seed2,234,1055.5166666666667,,-4.6063333333332706,0.16565954685211182,0.0,0,60,1492.3628934317262,2877.305908203125,137,1060.1229999999998,0.9956549067105108,0.0,0.004345093289489306,1050.9103333333335,120
v28,seed2,235,1146.9,0.8333333333333334,-5.45616666666659,0.17825601994991302,0.007692307692307693,1,60,1401.6365548940805,3268.563232421875,130,1153.1895,0.9945459961263956,0.0007226334729316677,0.004731370400672734,1142.2771666666667,120
v28,seed2,236,1175.9833333333333,,-5.22533333333326,0.13434362411499023,0.0,0,60,1341.7251202618634,2799.75048828125,135,1181.2086666666667,0.9955762825986716,0.0,0.004423717401328408,1170.758,120
v28,seed2,237,898.5,0.8333333333333334,-5.323999999999924,0.24036148190498352,0.007692307692307693,1,60,1434.3678030160756,3393.2939453125,130,904.6573333333333,0.9931937396553834,0.0009211590981778737,0.005885101246438715,894.0093333333334,120
v28,seed2,238,874.4333333333333,,-5.961333333333249,0.26326489448547363,0.009433962264150943,1,60,1488.1894388738667,3440.182861328125,106,880.3946666666666,0.9932287943588937,0.0,0.006771205641106317,868.472,120
v28,seed2,239,1092.9166666666667,,-4.389999999999944,0.14213374257087708,0.0,0,60,1391.8914113554565,2545.75048828125,159,1097.3066666666666,0.995999295244113,0.0,0.004000704755887091,1088.5266666666669,120
v28,seed2,240,1289.4666666666667,0.8333333333333334,-4.719833333333272,0.16198047995567322,0.0064516129032258064,1,60,1355.1647765128844,3349.963623046875,155,1295.0198333333333,0.9957119060853509,0.0006434907882363192,0.003644603126412817,1285.5801666666666,120
v28,seed2,241,981.7666666666667,0.8333333333333334,-4.312333333333279,0.1705830842256546,0.007352941176470588,1,60,1204.809243258308,3307.75048828125,136,986.9123333333333,0.9947860954890624,0.0008443843543009731,0.00436952015663662,978.2876666666667,120
v28,seed2,242,1060.7166666666667,0.8333333333333334,-4.089833333333279,0.13581888377666473,0.011695906432748537,2,60,1127.4778354042455,3600.55322265625,171,1065.6398333333332,0.9953800838588525,0.0007820027998828249,0.0038379133412648767,1057.4601666666667,120
v28,seed2,243,983.65,,-4.427499999999942,0.14561821520328522,0.006329113924050633,1,60,1268.3986339327655,3511.212890625,158,988.0774999999999,0.9955190761858256,0.0,0.004480923814174437,979.2225000000001,120
v28,seed2,244,1127.4166666666667,,-4.654999999999939,0.14962974190711975,0.0070921985815602835,1,60,1348.543549016858,3510.402099609375,141,1132.0716666666667,0.995888069512678,0.0,0.0041119304873218614,1122.7616666666668,120
v28,seed2,245,1163.9666666666667,0.8333333333333334,-5.097499999999928,0.16520458459854126,0.007352941176470588,1,60,1349.722162695492,3523.75048828125,136,1169.8974999999998,0.9949304675552062,0.0007123131157501691,0.004357219329043723,1159.7025,120
v28,seed2,246,1084.5833333333333,,-4.986666666666597,0.11247403174638748,0.007246376811594203,1,60,1289.366362751394,3439.87255859375,138,1089.57,0.9954232709539849,0.0,0.004576729046015031,1079.5966666666666,120
v28,seed2,247,1168.4333333333334,2.5,-5.266999999999926,0.15930186212062836,0.021739130434782608,3,60,1235.5246009273806,3523.75048828125,138,1176.2003333333332,0.9933965330735893,0.0021254882600781444,0.004477978666332572,1165.6663333333336,120
v28,seed2,248,911.8833333333333,,-3.783833333333288,0.1192510798573494,0.0,0,60,1204.9850416719244,2545.75244140625,178,915.6671666666666,0.9958676760824485,0.0,0.004132323917551506,908.0995,120
v28,seed2,249,922.25,0.8333333333333334,-4.097166666666612,0.1402183473110199,0.00625,1,60,1298.4071659088136,3218.43505859375,160,927.1804999999999,0.9946822652115743,0.0008987822040404575,0.004418952584385255,918.9861666666668,120
v28,seed3,0,414.23333333333335,40.0,-2.8144999999999745,1.777597188949585,0.875,112,60,804.6889646053314,1909.54443359375,128,457.0478333333333,0.9063238092876494,0.08751819193250014,0.006157998779850485,451.4188333333334,90
v28,seed3,1,563.2833333333333,32.5,-2.7461666666666393,1.7604631185531616,1.0,127,60,1012.876542852166,1521.0755615234375,89,598.5295,0.9411120643733238,0.054299746294877695,0.004588189331798415,593.0371666666666,90
v28,seed3,2,723.6,28.333333333333332,-2.5878333333333097,1.7377241849899292,0.4144144144144144,92,60,550.0387539219212,2098.043701171875,222,754.5211666666667,0.9590188214291315,0.037551409536335074,0.0034297690345333493,749.3455000000001,90
v28,seed3,3,587.0666666666667,17.5,-2.1439999999999855,1.704759120941162,0.2680851063829787,63,60,573.416898232318,2115.9638671875,235,606.7106666666667,0.9676221285049655,0.028844061859249766,0.003533809635784633,602.4226666666667,90
v28,seed3,4,828.05,21.666666666666668,-2.889999999999972,1.688002109527588,0.3352601156069364,58,60,708.8945720430055,2167.97509765625,173,852.6066666666666,0.9711981296572864,0.025412265132026497,0.0033896052106871933,846.8266666666666,90
v28,seed3,5,841.45,15.833333333333334,-2.1919999999999806,1.6590622663497925,0.128,48,60,471.895496857961,2525.362060546875,375,859.4753333333334,0.9790275152360393,0.018422091617133863,0.0025503931468267623,855.0913333333334,90
v28,seed3,6,705.7666666666667,10.833333333333334,-1.7278333333333165,1.6266580820083618,0.03571428571428571,29,60,328.6860163528931,2679.383056640625,812,718.3278333333334,0.9825133231878572,0.015081321968358458,0.002405354843784163,714.8721666666667,90
v28,seed3,7,438.3833333333333,2.5,-0.8741666666666629,1.660441517829895,0.009259259259259259,6,60,391.55528650754763,3064.842529296875,648,441.7575,0.9923619482031054,0.005659213482510201,0.0019788383143843915,440.00916666666666,90
v28,seed3,8,452.1,2.5,-0.8593333333333286,1.6505426168441772,0.014975041597337771,9,60,412.28769513096864,3001.8525390625,601,455.45933333333335,0.9926242957658862,0.005488964254401051,0.0018867399797127776,453.7406666666667,90
v28,seed3,9,538.7,4.166666666666667,-1.1039999999999925,1.6346352100372314,0.014218009478672985,9,60,405.29637682343736,3155.762451171875,633,543.9706666666667,0.9903107520503557,0.0076597267499718125,0.0020295211996725175,541.7626666666666,90
v28,seed3,10,739.9666666666667,5.833333333333333,-1.5494999999999886,1.6417922973632812,0.019469026548672566,11,60,448.6837771761734,3367.83251953125,565,747.3495,0.9901213109350667,0.007805361926827185,0.0020733271381060516,744.2505000000001,90
v28,seed3,11,618.9833333333333,7.5,-1.3509999999999882,1.629459261894226,0.023131672597864767,13,60,382.1540026953212,3053.8427734375,562,627.8343333333333,0.9859023319846053,0.011945826473331872,0.002151841542062829,625.1323333333333,90
v28,seed3,12,517.2833333333333,3.3333333333333335,-1.0169999999999957,1.6220484972000122,0.013215859030837005,6,60,537.1946237664916,3033.572509765625,454,521.6336666666666,0.9916601753082144,0.006390180592893736,0.0019496440988918708,519.5996666666667,90
v28,seed3,13,548.6166666666667,4.166666666666667,-0.9939999999999946,1.5989389419555664,0.01276595744680851,6,60,553.0744159901395,3072.872802734375,470,553.7773333333333,0.9906809716540703,0.007524083085138913,0.0017949452607907291,551.7893333333333,90
v28,seed3,14,665.0,5.0,-1.4369999999999885,1.5894701480865479,0.017582417582417582,8,60,549.0517874916832,2750.87353515625,455,671.437,0.9904130990696074,0.007446715030598552,0.002140185899794007,668.563,90
v28,seed3,15,879.9,6.666666666666667,-1.777666666666653,1.54470956325531,0.03263403263403263,14,60,542.2307284489656,3462.7529296875,429,888.3443333333332,0.9904943015715003,0.007504597504045917,0.002001100924453828,884.789,90
v28,seed3,16,697.35,5.0,-1.461833333333325,1.5095314979553223,0.020454545454545454,9,60,539.5547197092664,3556.96142578125,440,703.8118333333333,0.9908188054998602,0.007104171545851152,0.00207702295428867,700.8881666666667,90
v28,seed3,17,585.55,3.3333333333333335,-1.2391666666666592,1.4806151390075684,0.01288659793814433,5,60,623.9709142741468,3242.79296875,388,590.1225,0.9922516087761439,0.005648544723058914,0.0020998465007971384,587.6441666666667,90
v28,seed3,18,717.2833333333333,5.0,-1.6049999999999875,1.4438066482543945,0.036036036036036036,12,60,738.3382418549454,3439.761474609375,333,723.8883333333333,0.9908756645246849,0.006907142676241502,0.0022171927990735046,720.6783333333333,90
v28,seed3,19,886.3166666666667,4.166666666666667,-1.6229999999999893,1.4656004905700684,0.028795811518324606,11,60,699.5881492405038,3842.172119140625,382,892.1063333333333,0.993510115946567,0.004670594200467134,0.0018192898529659463,888.8603333333334,90
v28,seed3,20,666.65,0.8333333333333334,-1.1178333333333306,1.4398276805877686,0.011627906976744186,4,60,864.3235641302065,3536.121337890625,344,668.6011666666667,0.9970817181244324,0.0012463833072382214,0.001671898568329346,666.3655,90
v28,seed3,21,1099.1,4.166666666666667,-1.938666666666652,1.4376493692398071,0.026578073089700997,8,60,917.9520980099903,4101.8212890625,301,1105.2053333333333,0.9944758379739993,0.0037700385086813434,0.0017541235173192421,1101.328,90
v28,seed3,22,1244.2666666666667,7.5,-2.332499999999976,1.402965784072876,0.040955631399317405,12,60,952.3761631571799,4065.020751953125,293,1254.0991666666666,0.9921597109213187,0.005980388313258056,0.0018599007654232363,1249.4341666666667,90
v28,seed3,23,1084.1333333333334,2.5,-1.8148333333333213,1.3472487926483154,0.024305555555555556,7,60,1028.6115899615818,4158.134765625,288,1088.4481666666668,0.9960357934668149,0.002296848004858293,0.0016673585283267856,1084.8185,90
v28,seed3,24,1183.5833333333333,5.833333333333333,-2.190833333333315,1.319110631942749,0.03088803088803089,8,60,1102.0953790377466,3999.750732421875,259,1191.6074999999998,0.9932660992259057,0.004895347950842315,0.0018385528232520486,1187.2258333333332,90
v28,seed3,25,1043.2833333333333,5.833333333333333,-1.8354999999999855,1.3169050216674805,0.04868913857677903,13,60,1131.5257267184024,4139.193359375,267,1050.9521666666665,0.9927029663417921,0.005550522201057994,0.0017465114571500345,1047.2811666666666,90
v28,seed3,26,1273.1833333333334,7.5,-2.3489999999999784,1.307267665863037,0.05150214592274678,12,60,1186.614552379166,3921.99072265625,233,1283.0323333333333,0.9923236540934147,0.005845526885916359,0.001830819020668987,1278.3343333333335,90
v28,seed3,27,1511.4666666666667,7.5,-2.6289999999999742,1.3087902069091797,0.053811659192825115,12,60,1231.9013669137998,4277.7607421875,223,1521.5956666666666,0.9933431724196551,0.004929036119319477,0.0017277914610254374,1516.3376666666668,90
v28,seed3,28,1680.3166666666666,10.833333333333334,-3.110166666666633,1.284847617149353,0.0761904761904762,16,60,1264.894736081078,4131.603515625,210,1694.2601666666665,0.991770154150863,0.006394138011665073,0.0018357078374720097,1688.0398333333333,90
v28,seed3,29,1492.9,10.833333333333334,-2.5804999999999745,1.2509491443634033,0.0821917808219178,18,60,1273.7401283298998,4138.052734375,219,1506.3138333333334,0.9910949278719364,0.007191949707691503,0.001713122420372099,1501.1528333333333,90
v28,seed3,30,1341.8,7.5,-2.3076666666666465,1.2373199462890625,0.06222222222222222,14,60,1302.6165958658855,4291.64306640625,225,1351.6076666666665,0.9927437029927078,0.005548947512628789,0.0017073494946635008,1346.9923333333334,90
v28,seed3,31,1638.6833333333334,9.166666666666666,-2.876166666666639,1.2119650840759277,0.10215053763440861,19,60,1419.6873121364142,4142.1748046875,186,1650.7261666666668,0.9927045238777237,0.00555311162551996,0.0017423644967563094,1644.9738333333335,90
v28,seed3,32,1593.8833333333334,10.0,-2.785499999999971,1.141479730606079,0.08823529411764706,18,60,1331.810727886125,4091.571533203125,204,1606.6688333333334,0.9920422306484442,0.006224057996602287,0.001733711354953549,1601.0978333333335,90
v28,seed3,33,1653.0333333333333,10.0,-2.9888333333333015,1.1196902990341187,0.12352941176470589,21,60,1528.1682252771714,4286.35400390625,170,1666.0221666666666,0.9922036851650533,0.00600232109756843,0.0017939937373782251,1660.0445,90
v28,seed3,34,1719.05,16.666666666666668,-3.220999999999963,1.0622024536132812,0.23776223776223776,34,60,1695.2136609270856,4311.9091796875,143,1738.9376666666667,0.9885633240064383,0.00958439568372491,0.0018522803098366548,1732.4956666666667,90
v28,seed3,35,1686.05,12.5,-3.103666666666633,1.050549864768982,0.17391304347826086,28,60,1563.3756277901787,4152.36328125,161,1701.6536666666666,0.9908302923371991,0.007345795589819393,0.0018239120729815368,1695.4463333333333,90
v28,seed3,36,1972.8833333333334,18.333333333333332,-3.8998333333332824,1.0775871276855469,0.2740740740740741,37,60,1654.7208591037327,4404.77587890625,135,1995.1165,0.9888562063084203,0.009189104161753628,0.001954689529826094,1987.3168333333333,90
v28,seed3,37,2077.233333333333,20.833333333333332,-3.959999999999952,0.9973512887954712,0.3893805309734513,44,60,1859.8310198488489,4177.92724609375,113,2102.0266666666666,0.9882050338720726,0.009911069951538832,0.0018838961763884784,2094.1066666666666,90
v28,seed3,38,2428.7833333333333,25.833333333333332,-4.929333333333265,0.9702963829040527,0.45098039215686275,46,60,1838.452324661554,4403.78125,102,2459.5460000000003,0.9874925426616672,0.010503293426239367,0.0020041639120932336,2449.6873333333333,90
v28,seed3,39,1816.7833333333333,16.666666666666668,-3.3834999999999575,0.9592410326004028,0.4,44,60,2066.830343905362,4339.0419921875,110,1836.8335,0.9890843853475741,0.00907358596555794,0.0018420286868678938,1830.0665000000001,90
v28,seed3,40,2061.3333333333335,18.333333333333332,-3.835999999999954,0.9534083604812622,0.30708661417322836,39,60,1841.208412230484,4285.07470703125,127,2083.5026666666668,0.9893595848529432,0.008799284794131931,0.001841130352924892,2075.830666666667,90
v28,seed3,41,2284.0,21.666666666666668,-4.703999999999936,0.954667866230011,0.4673913043478261,43,60,2123.0829915585723,4318.4794921875,92,2310.3706666666662,0.98858595850132,0.00937800456838672,0.002036036930293409,2300.962666666667,90
v28,seed3,42,2014.2333333333333,20.0,-3.9981666666666142,0.8491125702857971,0.5104166666666666,49,60,2187.46081606547,4403.77685546875,96,2038.2314999999999,0.9882259857790116,0.009812428077968572,0.001961586143019875,2030.2351666666668,90
v28,seed3,43,1936.85,16.666666666666668,-3.542499999999957,0.8963253498077393,0.3853211009174312,42,60,2172.1821580239393,4289.8720703125,109,1957.0591666666667,0.9896737068501165,0.008516179250244095,0.0018101138996393603,1949.9741666666666,90
v28,seed3,44,1930.35,17.5,-3.464333333333293,0.8385640382766724,0.5157894736842106,49,60,2366.486061818976,4313.73828125,95,1951.3143333333333,0.9892563012656598,0.00896831417729896,0.001775384557041276,1944.3856666666666,90
v28,seed3,45,2054.9666666666667,18.333333333333332,-3.753166666666623,0.9143234491348267,0.5543478260869565,51,60,2302.4294665792713,4389.75341796875,92,2077.0531666666666,0.9893664253017437,0.008826607632175038,0.00180696706608134,2069.546833333334,90
v28,seed3,46,1881.2,17.5,-3.3666666666666267,0.8451364040374756,0.5955056179775281,53,60,2490.071402217565,4428.37353515625,89,1902.0666666666666,0.9890294767095441,0.009200518734008623,0.001770004556447352,1895.3333333333335,90
v28,seed3,47,1814.4333333333334,16.666666666666668,-3.4978333333332885,0.8806160092353821,0.6794871794871795,53,60,2671.8490158472305,4403.7744140625,78,1834.5978333333335,0.9890087627742574,0.009084643164755364,0.0019065940609871836,1827.6021666666668,90
v28,seed3,48,1568.8833333333334,13.333333333333334,-2.739666666666637,0.9017256498336792,0.6626506024096386,55,60,2732.0805722891564,4316.76806640625,83,1584.9563333333333,0.9898590266104073,0.008412429448634653,0.0017285439409581865,1579.477,90
v28,seed3,49,1846.3666666666666,15.833333333333334,-3.4229999999999587,0.8335986137390137,0.8,56,60,2859.781019810268,4304.15966796875,70,1865.6229999999998,0.9896783362269155,0.008486887936808957,0.0018347758362755814,1858.7769999999998,90
v28,seed3,50,1612.2166666666667,11.666666666666666,-2.6956666666666393,0.8439569473266602,0.7088607594936709,56,60,2844.8102306897126,4403.7666015625,79,1626.5790000000002,0.9911702208541157,0.007172517699212067,0.0016572614466722115,1621.1876666666667,90
v28,seed3,51,1700.2333333333333,15.833333333333334,-3.208499999999962,0.7756062150001526,0.8285714285714286,58,60,2993.3974260602677,4317.498046875,70,1719.2751666666666,0.988924499287539,0.009209307294323937,0.0018661934181371368,1712.8581666666666,90
v28,seed3,52,1578.55,13.333333333333334,-2.968499999999965,0.8710862994194031,0.7466666666666667,56,60,2840.4326336669924,4403.7900390625,75,1594.8518333333332,0.9897784653140715,0.008360233254687923,0.0018613014312405607,1588.9148333333333,90
v28,seed3,53,2030.8833333333334,17.5,-3.6613333333332907,0.7745267748832703,0.7142857142857143,55,60,2648.246480372045,4304.04931640625,77,2052.0446666666667,0.9896876838613325,0.008528079473253831,0.001784236665413695,2044.722,90
v28,seed3,54,1941.4,15.833333333333334,-3.378833333333295,0.7629857063293457,0.7777777777777778,56,60,2902.7368036905923,4403.78271484375,72,1960.6121666666666,0.9902009346910613,0.008075709006872258,0.0017233563020665206,1953.8545000000001,90
v28,seed3,55,1945.9833333333333,16.666666666666668,-3.6566666666666228,0.7535618543624878,0.8142857142857143,57,60,2852.81017238072,4316.98779296875,70,1966.3066666666666,0.9896642097197453,0.008476127833569536,0.0018596624466851338,1958.9933333333336,90
v28,seed3,56,1767.2,13.333333333333334,-3.26566666666663,0.7599774599075317,0.7142857142857143,55,60,2738.366822676225,4346.0126953125,77,1783.799,0.9906945793780577,0.007474683713430344,0.0018307369085119062,1777.2676666666666,90
v28,seed3,57,1863.95,15.0,-3.4053333333332945,0.772438645362854,0.8787878787878788,58,60,3084.9033575346975,4403.763671875,66,1882.3553333333334,0.9902221790926474,0.007968739873059745,0.0018090810342928315,1875.5446666666667,90
v28,seed3,58,1598.7833333333333,10.0,-2.705166666666642,0.7649518251419067,0.9365079365079365,59,60,3423.756081717355,4344.97314453125,63,1611.4885,0.9921158812696047,0.006205442980201224,0.0016786757501940858,1606.0781666666667,90
v28,seed3,59,1975.1333333333334,17.5,-3.3826666666666316,0.7318207025527954,0.8055555555555556,58,60,2985.3237790001763,4317.9482421875,72,1996.016,0.9895378260160907,0.008767464789861403,0.0016947091940478591,1989.2506666666668,90
v28,seed3,60,1589.7,13.333333333333334,-2.7491666666666386,0.7425203919410706,0.8955223880597015,60,60,3301.0489142118995,4316.40087890625,67,1605.7825,0.9899846336599135,0.00830332459927377,0.001712041740812743,1600.2841666666666,90
v28,seed3,61,1915.6833333333334,17.5,-3.679833333333286,0.7280875444412231,0.8787878787878788,58,60,2971.0631501168914,4550.1376953125,66,1936.8631666666668,0.9890648788733053,0.009035227837037876,0.0018998932896567306,1929.5035,90
v28,seed3,62,1754.5166666666667,14.166666666666666,-3.292999999999962,0.6407648324966431,0.8529411764705882,58,60,3018.1896434110754,4404.78076171875,68,1771.9763333333333,0.9901467833750225,0.007994839660198622,0.0018583769647788535,1765.3903333333335,90
v28,seed3,63,1829.8833333333334,14.166666666666666,-3.3254999999999626,0.7269474864006042,0.9206349206349206,58,60,3197.7120913550966,4608.46142578125,63,1847.3755,0.9905313420760063,0.007668536616766145,0.001800121307227449,1840.7245000000003,90
v28,seed3,64,2164.9666666666667,20.833333333333332,-4.042499999999952,0.679451584815979,0.8055555555555556,58,60,2674.096151775784,4403.78955078125,72,2189.8425,0.9886403550331435,0.009513621793957022,0.0018460231728993986,2181.7575,90
v28,seed3,65,2058.133333333333,18.333333333333332,-3.8561666666666197,0.709531307220459,0.8615384615384616,56,60,3034.149523925781,4435.65576171875,65,2080.322833333333,0.9893336266638744,0.008812734754229251,0.001853638581896361,2072.6105000000002,90
v28,seed3,66,2140.1,21.666666666666668,-4.068499999999947,0.6290209889411926,0.6428571428571429,54,60,2389.5531352815174,4403.796875,84,2165.8351666666663,0.9881176706968545,0.010003839165661348,0.0018784901374842766,2157.6981666666666,90
v28,seed3,67,2164.45,19.166666666666668,-4.373166666666609,0.6457704305648804,0.7605633802816901,54,60,2589.9966718646842,4404.66796875,71,2187.989833333333,0.9892413424529166,0.008759943202051748,0.0019987143450315896,2179.2434999999996,90
v28,seed3,68,2268.15,21.666666666666668,-4.620333333333273,0.6501781344413757,1.0,59,60,3001.6712376730784,4403.794921875,56,2294.437,0.9885431589535909,0.009443129912334342,0.0020137111340748394,2285.1963333333333,90
v28,seed3,69,2174.266666666667,20.833333333333332,-4.020333333333285,0.648522138595581,0.9375,60,60,2966.446601629257,4514.5732421875,64,2199.1203333333337,0.9886983598441861,0.00947348492829178,0.0018281552275220129,2191.079666666667,90
v28,seed3,70,2437.383333333333,23.333333333333332,-4.4801666666666105,0.6098462343215942,0.6625,53,60,2429.814848327637,4722.77978515625,80,2465.1968333333334,0.9887175337790809,0.00946509950760524,0.0018173667133138092,2456.2365,90
v28,seed3,71,1804.0,15.833333333333334,-3.0443333333333014,0.649019181728363,0.6626506024096386,55,60,2790.9033317106314,4404.6875,83,1822.8776666666665,0.9896440298699877,0.00868590011434302,0.0016700700156693463,1816.789,90
v28,seed3,72,2206.633333333333,20.0,-4.185666666666614,0.6135336756706238,0.8088235294117647,55,60,2890.492919024299,4605.56103515625,68,2230.819,0.9891583913053158,0.008965317222060598,0.0018762914726235583,2222.4476666666665,90
v28,seed3,73,1947.8333333333333,15.833333333333334,-3.435833333333294,0.6003305315971375,0.691358024691358,56,60,2690.018478958695,4616.03076171875,81,1967.1024999999997,0.990204289473138,0.008049063703255593,0.0017466468236064438,1960.2308333333333,90
v28,seed3,74,2132.45,20.0,-3.773166666666624,0.5523310303688049,0.75,57,60,2794.7988915694386,4321.1298828125,76,2156.2231666666667,0.9889746260803709,0.009275477747008098,0.0017498961726209496,2148.676833333333,90
v28,seed3,75,2027.3,15.0,-3.6583333333332893,0.6409116387367249,0.835820895522388,56,60,3030.251786872522,4876.5390625,67,2045.9583333333333,0.9908803942732624,0.007331527605237969,0.0017880781214996832,2038.6416666666667,90
v28,seed3,76,1962.3333333333333,15.0,-3.6694999999999562,0.5997169017791748,0.6049382716049383,49,60,2636.796475822543,4547.015625,81,1981.0028333333332,0.9905757328127665,0.007571922537213265,0.0018523446500202498,1973.6638333333333,90
v28,seed3,77,2398.0,24.166666666666668,-4.711333333333274,0.5683534145355225,0.7971014492753623,55,60,2668.7688678243885,4403.79541015625,69,2426.8779999999997,0.9881007615545571,0.009957923993981845,0.0019413144514612082,2417.4553333333333,90
v28,seed3,78,2222.4666666666667,18.333333333333332,-4.1089999999999485,0.5838527679443359,0.7746478873239436,55,60,2818.139805753466,4442.384765625,71,2244.909,0.9900030097730761,0.008166626501712689,0.0018303637252111103,2236.6910000000003,90
v28,seed3,79,1946.0,14.166666666666666,-3.393999999999962,0.5227764844894409,0.8028169014084507,57,60,3075.2955425423634,4606.8603515625,71,1963.5606666666667,0.9910567231434323,0.007214784298320636,0.001728492558247056,1956.7726666666667,90
v28,seed3,80,2280.05,16.666666666666668,-3.9481666666666224,0.5547806024551392,0.8208955223880597,55,60,3087.1678280047518,4465.15869140625,67,2300.6648333333333,0.9910396190550428,0.007244282793908341,0.0017160981510489276,2292.7685,90
v28,seed3,81,2338.7,19.166666666666668,-4.235499999999948,0.5409024953842163,0.9365079365079365,59,60,2989.7699434795077,4464.013671875,63,2362.102166666666,0.9900926526392841,0.008114241177685444,0.0017931061830305881,2353.6311666666666,90
v28,seed3,82,2510.0333333333333,25.0,-4.9104999999999315,0.49166643619537354,0.8028169014084507,57,60,2621.267707072513,4442.9462890625,71,2539.9438333333333,0.9882239521963183,0.009842737336120884,0.0019333104675608372,2530.1228333333333,90
v28,seed3,83,2376.5,21.666666666666668,-4.304166666666614,0.5021357536315918,0.7702702702702703,57,60,2706.7117037386506,4614.05126953125,74,2402.4708333333333,0.9891899485425595,0.00901849311386021,0.001791558343580285,2393.8624999999997,90
v28,seed3,84,2511.1666666666665,22.5,-4.9098333333332675,0.4697078764438629,1.0,59,60,3228.4428041898286,4883.78173828125,52,2538.5764999999997,0.9892026758565939,0.008863234966525533,0.0019340891768805345,2528.7568333333334,90
v28,seed3,85,2369.3,20.833333333333332,-4.754999999999938,0.501983642578125,1.0,59,60,3187.994483803803,4614.84033203125,53,2394.888333333334,0.9893154378109487,0.008699083394980836,0.0019854787940704,2385.3783333333336,90
v28,seed3,86,2092.733333333333,14.166666666666666,-3.8154999999999535,0.465476930141449,1.0,57,60,3466.345122201102,4996.78955078125,56,2110.7155,0.9914805350760599,0.006711784068798788,0.0018076808551412797,2103.0844999999995,90
v28,seed3,87,2261.516666666667,21.666666666666668,-4.267833333333278,0.4875847399234772,0.8382352941176471,57,60,2938.0368158677047,4546.8349609375,68,2287.4511666666667,0.9886622716244508,0.009471969055514264,0.0018657593200350044,2278.9155,90
v28,seed3,88,2496.1,22.5,-4.895166666666601,0.47406160831451416,0.9655172413793104,56,60,3071.5544644059805,4612.59033203125,58,2523.4951666666666,0.9891439591291734,0.008916204911825008,0.0019398359590015466,2513.704833333333,90
v28,seed3,89,2466.45,22.5,-4.628333333333273,0.4602198898792267,0.8656716417910447,58,60,2790.598846891033,4609.48974609375,67,2493.578333333333,0.9891207214264375,0.009023177535362503,0.0018561010382000993,2484.3216666666667,90
v28,seed3,90,2421.0666666666666,20.0,-4.607999999999942,0.44901159405708313,1.0,59,60,3193.227939538788,4609.43017578125,57,2445.6746666666663,0.9899381547613857,0.00817770256714439,0.001884142671470044,2436.458666666667,90
v28,seed3,91,2297.983333333333,20.833333333333332,-4.371833333333279,0.44012483954429626,0.9365079365079365,59,60,3065.155491904607,4716.02392578125,63,2323.1884999999997,0.9891506149127948,0.008967560459830675,0.001881824627374524,2314.4448333333335,90
v28,seed3,92,2466.383333333333,24.166666666666668,-4.83683333333327,0.44430601596832275,0.8805970149253731,59,60,2730.1735525558242,4444.11474609375,67,2495.386833333333,0.9883771527473931,0.00968453722038153,0.0019383100322254393,2485.7131666666664,90
v28,seed3,93,2499.4,20.833333333333332,-4.7536666666666045,0.4513525366783142,1.0,58,60,3215.7980553763255,4806.3046875,56,2524.987,0.9898664824808999,0.008250867562222432,0.001882649956877641,2515.479666666667,90
v28,seed3,94,2116.4,15.0,-3.8834999999999544,0.39842912554740906,0.9666666666666667,58,60,3334.807884724935,4613.87109375,60,2135.2835,0.9911564436291481,0.007024828319049906,0.0018187280518019992,2127.5165,90
v28,seed3,95,2120.5,15.833333333333334,-3.7693333333332903,0.4245951771736145,0.8028169014084507,57,60,3032.2906683263645,4601.53125,71,2140.1026666666667,0.9908403148260176,0.007398398955314917,0.001761286218667371,2132.5640000000003,90
v28,seed3,96,2223.6833333333334,19.166666666666668,-4.385499999999941,0.43779149651527405,0.90625,58,60,3024.4152603149414,4606.54052734375,64,2247.2355,0.9895194933211644,0.00852899781383245,0.001951508865003219,2238.4645,90
v28,seed3,97,2416.7,20.0,-4.51349999999994,0.4406478703022003,0.8507462686567164,57,60,2828.4810827454526,4601.87109375,67,2441.2135,0.9899584776177913,0.008192646812742925,0.0018488755694657352,2432.1865,90
v28,seed3,98,2114.2833333333333,15.833333333333334,-4.175333333333282,0.47381529211997986,0.8333333333333334,55,60,3022.1952903053975,4406.57958984375,66,2134.292,0.9906251503230736,0.007418541293006456,0.001956308383919952,2125.9413333333337,90
v28,seed3,99,2440.2833333333333,19.166666666666668,-4.306333333333282,0.39922741055488586,0.8656716417910447,58,60,2940.6528857786266,4619.201171875,67,2463.7563333333333,0.9904726779663953,0.0077794489687765395,0.0017478730648282247,2455.1436666666664,90
v28,seed3,100,2357.1666666666665,19.166666666666668,-4.3416666666666135,0.41260796785354614,0.9206349206349206,58,60,3068.6654759967137,4617.5205078125,63,2380.6749999999997,0.9901253496032288,0.008050937934269344,0.0018237124625018594,2371.9916666666663,90
v28,seed3,101,2616.616666666667,26.666666666666668,-4.83183333333327,0.344606876373291,0.47572815533980584,49,60,2060.294049013008,4440.76416015625,103,2648.1151666666665,0.9881053133955466,0.010070055487893874,0.0018246311165595467,2638.4515,90
v28,seed3,102,2424.8166666666666,22.5,-4.59949999999994,0.4468565583229065,0.7777777777777778,56,60,2750.519556681315,4443.21728515625,72,2451.9161666666664,0.9889476237530417,0.009176496450361239,0.0018758797965971543,2442.717166666667,90
v28,seed3,103,2349.116666666667,21.666666666666668,-4.2811666666666115,0.43254438042640686,0.76,57,60,2744.5505834960936,4878.38916015625,75,2375.0645,0.9890748931941288,0.009122559268039529,0.0018025475378317564,2366.5021666666667,90
v28,seed3,104,2537.95,21.666666666666668,-4.588833333333278,0.36100393533706665,0.7777777777777778,56,60,2710.343953450521,4618.7314453125,72,2564.2054999999996,0.9897607660540468,0.008449660788367654,0.0017895731575855672,2555.027833333333,90
v28,seed3,105,2378.883333333333,21.666666666666668,-4.54999999999994,0.41138070821762085,0.8260869565217391,57,60,2755.2373347627945,4442.1044921875,69,2405.0999999999995,0.9890995523401662,0.009008634429614849,0.0018918132302190934,2396.0,90
v28,seed3,106,2429.5666666666666,20.833333333333332,-4.766499999999937,0.3849109411239624,1.0,59,60,3068.731253788389,4444.0458984375,58,2455.1665,0.9895730764763476,0.008485507330494016,0.001941416193158361,2445.6335000000004,90
v28,seed3,107,2599.733333333333,24.166666666666668,-5.208166666666598,0.44804269075393677,1.0,57,60,3076.1868735259436,4451.9951171875,53,2629.1081666666664,0.988827073109519,0.009191963637352566,0.001980963253128459,2618.691833333333,90
v28,seed3,108,1933.5333333333333,14.166666666666666,-3.435166666666628,0.3618302345275879,0.691358024691358,56,60,2846.253330560378,4519.86279296875,81,1951.1351666666667,0.9909786704509025,0.007260730526870212,0.001760599022227297,1944.2648333333334,90
v28,seed3,109,2309.45,20.833333333333332,-4.76233333333327,0.35081279277801514,1.0,58,60,3144.4233077199838,4600.90087890625,57,2335.0456666666664,0.9890384727664855,0.008922023937576096,0.0020395032959383682,2325.521,90
v28,seed3,110,2419.516666666667,20.0,-4.70249999999994,0.33554744720458984,0.873015873015873,55,60,2954.962386842758,4708.634765625,63,2444.2191666666668,0.9898935004123676,0.008182572280240826,0.0019239273073915998,2434.814166666667,90
v28,seed3,111,2455.7833333333333,21.666666666666668,-4.708166666666606,0.3970012366771698,0.9830508474576272,58,60,3047.642571918035,4551.205078125,59,2482.1581666666666,0.9893742334040089,0.008728962947499518,0.0018968036484916207,2472.741833333333,90
v28,seed3,112,2402.5833333333335,20.0,-4.675666666666604,0.3469736576080322,0.835820895522388,56,60,2900.373394866488,4614.712890625,67,2427.259,0.9898339375127803,0.008239746973849927,0.0019263155133698564,2417.907666666667,90
v28,seed3,113,2369.5666666666666,22.5,-4.551833333333272,0.33865928649902344,0.8169014084507042,58,60,2790.57050678092,4447.724609375,71,2396.6185,0.9887124991594058,0.009388227621542603,0.0018992732190514562,2387.514833333333,90
v28,seed3,114,2321.383333333333,20.0,-4.177499999999947,0.3615749478340149,0.8055555555555556,58,60,2893.2086825900606,4405.5400390625,72,2345.560833333333,0.9896922306783063,0.008526745380369231,0.0017810239413246004,2337.2058333333334,90
v28,seed3,115,2653.6,23.333333333333332,-5.0521666666666,0.3214123249053955,0.8208955223880597,55,60,2717.291933885261,4608.69091796875,67,2681.9855,0.9894162365903918,0.008700022178842255,0.0018837412307660128,2671.881166666667,90
v28,seed3,116,2480.7833333333333,22.5,-4.932333333333266,0.2804592251777649,0.7971014492753623,55,60,2686.325610616933,4868.5185546875,69,2508.2156666666665,0.9890630085371447,0.008970520477571905,0.0019664709852834023,2498.351,90
v28,seed3,117,2582.866666666667,27.5,-5.532833333333254,0.31046509742736816,0.7971014492753623,55,60,2508.31006213202,4616.609375,69,2615.8995,0.9873722850081461,0.01051263628438325,0.002115078707470701,2604.8338333333336,90
v28,seed3,118,2908.5,31.666666666666668,-5.9134999999999165,0.2964293956756592,0.8115942028985508,56,60,2435.713762808537,4447.4560546875,69,2946.0801666666666,0.9872440108412981,0.010748745748658911,0.0020072434100429546,2934.2531666666664,90
v28,seed3,119,2499.8166666666666,24.166666666666668,-4.993333333333263,0.2910435199737549,0.8636363636363636,57,60,2760.6817682439632,4441.2646484375,66,2528.9766666666665,0.9884696445070669,0.009555907330105855,0.001974448162827361,2518.99,90
v28,seed3,120,2992.05,32.5,-6.300833333333242,0.28506678342819214,0.95,57,60,2462.6417215983074,4404.8125,60,3030.8508333333334,0.9871980392744502,0.010723061538550368,0.0020788991869994397,3018.249166666667,90
v28,seed3,121,2671.866666666667,25.833333333333332,-5.255499999999927,0.3022904098033905,0.654320987654321,53,60,2340.5767671561534,4404.64453125,81,2702.9555,0.9884982074868294,0.009557439378241089,0.0019443531349294973,2692.4445000000005,90
v28,seed3,122,2942.483333333333,30.0,-6.342333333333242,0.32604268193244934,0.8,52,60,2317.0460036057693,4436.6552734375,65,2978.825666666666,0.9877997783690374,0.010071082821563802,0.0021291388093987967,2966.141,90
v28,seed3,123,2857.9666666666667,27.5,-5.5451666666665895,0.27445095777511597,0.5454545454545454,48,60,2133.944498235529,4435.7265625,88,2891.0118333333335,0.9885696882020141,0.009512240552918294,0.0019180712450675161,2879.9215,90
v28,seed3,124,2495.233333333333,24.166666666666668,-4.506499999999943,0.2699534296989441,0.4,44,60,2078.107031804865,4617.6201171875,110,2523.9064999999996,0.9886393704890944,0.00957510377926705,0.0017855257316386102,2514.8934999999997,90
v28,seed3,125,2929.85,28.333333333333332,-6.1499999999999115,0.2985420823097229,0.8095238095238095,51,60,2395.7845420231893,4598.1806640625,63,2964.3333333333335,0.9883672551444956,0.009558079388282919,0.0020746654672213804,2952.0333333333333,90
v28,seed3,126,2554.383333333333,24.166666666666668,-5.361833333333256,0.3229551911354065,0.7323943661971831,52,60,2518.227229588468,4595.2705078125,71,2583.911833333333,0.9885721719994187,0.009352744298357446,0.0020750837022238144,2573.1881666666663,90
v28,seed3,127,2219.15,20.0,-4.121499999999949,0.26360762119293213,0.5263157894736842,50,60,2474.112258429276,4444.716796875,95,2243.2715,0.9892471776153713,0.00891555034689292,0.0018372720377359357,2235.0285000000003,90
v28,seed3,128,2521.5833333333335,22.5,-4.737999999999938,0.2393377274274826,0.8,56,60,2801.510581752232,4602.2001953125,70,2548.8213333333333,0.9893134918309954,0.008827609729150624,0.001858898439854005,2539.3453333333337,90
v28,seed3,129,2637.85,23.333333333333332,-5.594999999999925,0.23987050354480743,0.7101449275362319,49,60,2510.50927026721,5320.8076171875,69,2666.778333333333,0.9891523292462129,0.00874963360909262,0.002098037144694538,2655.5883333333336,90
v28,seed3,130,2602.5666666666666,24.166666666666668,-4.933666666666602,0.24032744765281677,0.7777777777777778,56,60,2661.298824734158,4618.63037109375,72,2631.667,0.9889422433258717,0.009183026069281055,0.0018747306048472704,2621.7996666666663,90
v28,seed3,131,2495.0333333333333,22.5,-4.477999999999942,0.23391009867191315,0.7466666666666667,56,60,2774.3500748697916,4876.857421875,75,2522.0113333333334,0.9893029822493528,0.008921450789145278,0.0017755669615018683,2513.0553333333332,90
v28,seed3,132,2464.7,21.666666666666668,-4.6928333333332715,0.2193530648946762,0.6,51,60,2462.8121108111213,4803.75732421875,85,2491.0594999999994,0.9894183579316352,0.008697771637597045,0.0018838704307678209,2481.6738333333333,90
v28,seed3,133,2298.866666666667,20.833333333333332,-4.005666666666618,0.24284204840660095,0.6395348837209303,55,60,2688.4398604991825,4711.75341796875,86,2323.7056666666667,0.9893106083286223,0.008965564629025735,0.0017238270423520152,2315.694333333334,90
v28,seed3,134,2715.95,25.833333333333332,-5.135166666666601,0.2262662649154663,0.3925233644859813,42,60,1925.5751183055272,4605.94091796875,107,2746.9184999999998,0.988726094348995,0.009404477538497533,0.0018694281125073793,2736.648166666667,90
v28,seed3,135,2258.016666666667,21.666666666666668,-4.163499999999944,0.236424520611763,0.6470588235294118,55,60,2639.062333050896,4899.78369140625,85,2283.8468333333335,0.988690061745968,0.009486917577149255,0.0018230206768827873,2275.5198333333333,90
v28,seed3,136,2575.633333333333,25.833333333333332,-4.7439999999999385,0.20541837811470032,0.5257731958762887,51,60,2216.5157558795104,4995.79931640625,97,2606.210666666667,0.9882675127822871,0.00991221993821937,0.0018202672794933711,2596.7226666666666,90
v28,seed3,137,2329.6,23.333333333333332,-4.676666666666604,0.22917303442955017,0.46464646464646464,46,60,2249.3437598642677,4616.68310546875,99,2357.61,0.9881193242308948,0.009897028487889571,0.0019836472812155546,2348.2566666666667,90
v28,seed3,138,2539.116666666667,22.5,-4.80783333333327,0.21420994400978088,0.4,42,60,2181.894355701265,4660.60302734375,105,2566.4245,0.9893595804850939,0.00876706094412674,0.001873358570779413,2556.8088333333335,90
v28,seed3,139,2324.8333333333335,23.333333333333332,-4.3153333333332755,0.18465936183929443,0.31297709923664124,41,60,1930.4453108692896,4966.2880859375,131,2352.4820000000004,0.9882470230732193,0.009918602281901978,0.00183437464487859,2343.8513333333335,90
v28,seed3,140,2270.2,18.333333333333332,-4.489166666666608,0.20638756453990936,0.36036036036036034,40,60,2115.232177734375,4804.34716796875,111,2293.0225,0.9900469794779597,0.007995269707703841,0.001957750814336365,2284.0441666666666,90
v28,seed3,141,1937.3666666666666,15.0,-3.401166666666626,0.2093680500984192,0.23776223776223776,34,60,2050.618908862134,4615.58984375,143,1955.767833333333,0.9905913338214054,0.007669621999271046,0.0017390441793235817,1948.9655,90
v28,seed3,142,2565.8166666666666,26.666666666666668,-4.683166666666606,0.20911888778209686,0.2857142857142857,38,60,1806.6567084520384,4550.34912109375,133,2597.1665,0.9879292169626656,0.010267599965834562,0.0018031830714998853,2587.8001666666664,90
v28,seed3,143,2032.45,14.166666666666666,-3.3649999999999625,0.20850427448749542,0.1592356687898089,25,60,1800.924914317526,4551.515625,157,2049.9816666666666,0.9914478909973993,0.006910630908081292,0.0016414780945195264,2043.2516666666668,90
v28,seed3,144,1695.5166666666667,11.666666666666666,-3.1119999999999663,0.16477593779563904,0.11428571428571428,20,60,1689.1200280761718,4319.47900390625,175,1710.2953333333335,0.9913589972570038,0.006821433958969269,0.0018195687840267545,1704.0713333333333,90
v28,seed3,145,1365.8,5.0,-2.2244999999999826,0.20034372806549072,0.0319634703196347,7,60,1498.5785029163098,3894.97265625,219,1373.0245,0.9947382584942949,0.0036415956161015336,0.0016201458896035596,1368.5755,90
v28,seed3,146,1368.1166666666666,5.833333333333333,-2.285499999999982,0.21239161491394043,0.041666666666666664,9,60,1482.3766722502533,4317.341796875,216,1376.2354999999998,0.9941006947333264,0.00423861565359514,0.0016606896130785629,1371.6644999999999,90
v28,seed3,147,1343.55,3.3333333333333335,-2.966499999999969,0.2369886338710785,0.019704433497536946,4,60,1467.5775514799973,4154.97509765625,203,1349.8498333333332,0.9953329376514598,0.002469410486277548,0.0021976518622626806,1343.9168333333332,90
v28,seed3,148,1220.9666666666667,5.0,-2.940833333333302,0.23397761583328247,0.02926829268292683,6,60,1453.8131774902345,4199.81591796875,205,1228.9075,0.9935382985836335,0.00406865447562164,0.0023930469407447688,1223.0258333333334,90
v28,seed3,149,1424.5833333333333,4.166666666666667,-3.347833333333294,0.25814494490623474,0.03208556149732621,6,60,1497.476736466515,4378.70263671875,187,1432.0978333333333,0.994752802619281,0.0029094846522938903,0.0023377127284250673,1425.4021666666667,90
v28,seed3,150,1820.95,7.5,-3.6033333333332913,0.2103344202041626,0.06779661016949153,12,60,1507.8389366710253,4364.56494140625,177,1832.0533333333333,0.9939394049663766,0.004093767284795203,0.00196682774882825,1824.8466666666668,90
v28,seed3,151,1714.0333333333333,6.666666666666667,-3.704166666666624,0.19959673285484314,0.0783132530120482,13,60,1631.304468545569,4317.458984375,166,1724.4041666666667,0.9939858453523801,0.0038660696810734144,0.002148084966546391,1716.9958333333334,90
v28,seed3,152,1602.65,7.5,-3.0159999999999654,0.20647719502449036,0.09444444444444444,17,60,1789.0734307183159,4277.037109375,180,1613.1660000000002,0.9934811420523368,0.004649242545404502,0.0018696154022586424,1607.134,90
v28,seed3,153,1857.2833333333333,11.666666666666666,-3.833166666666619,0.14679080247879028,0.12048192771084337,20,60,1700.8814009700914,4613.12060546875,166,1872.7831666666666,0.9917236369862715,0.006229587532779867,0.0020467754809486054,1865.1168333333335,90
v28,seed3,154,2162.9166666666665,12.5,-4.645166666666608,0.24453476071357727,0.12,18,60,1682.9136242675781,4403.7705078125,150,2180.061833333333,0.9921354677172383,0.005733782321617637,0.0021307499611440415,2170.7715,90
v28,seed3,155,1633.35,6.666666666666667,-2.900999999999972,0.1967044472694397,0.08241758241758242,15,60,1616.144780756353,4600.27978515625,182,1642.9176666666667,0.994176417442708,0.004057821521995523,0.0017657610352963347,1637.1156666666666,90
v28,seed3,156,1667.55,8.333333333333334,-2.7133333333333085,0.18336254358291626,0.07692307692307693,15,60,1572.5489401792868,4314.58935546875,195,1678.5966666666666,0.9934191060389731,0.004964464364081903,0.0016164295969450526,1673.1699999999998,90
v28,seed3,157,1947.6333333333334,9.166666666666666,-3.650833333333293,0.21192480623722076,0.08982035928143713,15,60,1644.4871277951909,4456.26708984375,167,1960.4508333333335,0.9934619630433645,0.004675795235874741,0.0018622417207606375,1953.1491666666668,90
v28,seed3,158,1514.5,5.0,-2.3223333333333174,0.18961337208747864,0.051643192488262914,11,60,1501.871328147924,4604.63232421875,213,1521.8223333333333,0.9951884440299317,0.003285534645196209,0.001526021324872122,1517.1776666666667,90
v28,seed3,159,1587.4166666666667,4.166666666666667,-2.739333333333309,0.22554469108581543,0.03317535545023697,7,60,1435.9175516282212,4159.3740234375,211,1594.3226666666667,0.9956683799682541,0.002613440023014998,0.0017181800087309653,1588.8440000000003,90
v28,seed3,160,1664.5,7.5,-3.032666666666634,0.1399548053741455,0.04926108374384237,10,60,1561.045446837477,4310.509765625,203,1675.0326666666667,0.9937119634283749,0.0044775246174303465,0.0018105119541947047,1668.9673333333333,90
v28,seed3,161,1938.45,6.666666666666667,-3.5908333333332934,0.17349407076835632,0.061452513966480445,11,60,1651.4622608376615,4314.72802734375,179,1948.7075,0.9947362546713655,0.0034210709748213456,0.0018426743538131267,1941.5258333333336,90
v28,seed3,162,1987.3833333333334,2.5,-4.587166666666606,0.23216888308525085,0.05673758865248227,8,60,1772.6068643339981,4454.95556640625,141,1994.4705000000001,0.9964465923829574,0.0012534655187930832,0.0022999420982494382,1985.2961666666667,90
v28,seed3,163,1868.1666666666667,3.3333333333333335,-4.022499999999949,0.17693454027175903,0.028735632183908046,5,60,1600.6359284499597,3995.83251953125,174,1875.5225,0.9960779818246205,0.001777282508385441,0.002144735666994104,1867.4775,90
v28,seed3,164,1828.6666666666667,3.3333333333333335,-3.7789999999999546,0.18820185959339142,0.02247191011235955,4,60,1639.5170233222875,3781.762451171875,178,1835.779,0.9961257137523998,0.0018157595948822454,0.0020585266527179766,1828.221,90
v28,seed3,165,2005.2333333333333,9.166666666666666,-4.227333333333281,0.16022181510925293,0.0718562874251497,12,60,1634.5027202674728,4147.46484375,167,2018.6273333333334,0.9933647980591431,0.004541039604140239,0.0020941623367165744,2010.1726666666668,90
v28,seed3,166,1894.3333333333333,3.3333333333333335,-3.9908333333332857,0.13451094925403595,0.05555555555555555,9,60,1714.591303695867,4557.0166015625,162,1901.6574999999998,0.9961485353347453,0.0017528568279689344,0.0020986078372857817,1893.6758333333332,90
v28,seed3,167,1618.1666666666667,4.166666666666667,-3.279833333333294,0.1496732532978058,0.027472527472527472,5,60,1633.3684300013952,3708.8525390625,182,1625.6131666666668,0.9954192669248189,0.0025631354076754015,0.0020175976675057446,1619.0535000000002,90
v28,seed3,168,1105.0,1.6666666666666667,-3.783333333333287,0.07515639811754227,0.023076923076923078,3,60,1438.894396033654,4045.821533203125,130,1110.45,0.9950920797874735,0.0015008930313536555,0.003407027181172756,1102.8833333333334,90
v28,seed3,169,1458.7833333333333,1.6666666666666667,-3.9901666666666165,0.15269242227077484,0.01948051948051948,3,60,1475.7643064028257,3723.482177734375,154,1464.4401666666668,0.9961372041944128,0.0011380913366097465,0.0027247044689773597,1456.4598333333333,90
v28,seed3,170,893.45,0.8333333333333334,-1.567333333333323,0.10700535774230957,0.0028735632183908046,1,60,1022.6817867235205,3269.804443359375,348,895.8506666666667,0.9973202378967924,0.000930214559569452,0.0017495475436382138,892.7160000000001,90
v28,seed3,171,1335.2166666666667,0.8333333333333334,-3.4834999999999576,0.10646125674247742,0.006172839506172839,1,60,1424.5819472324702,3558.643310546875,162,1339.5335,0.996777360675688,0.0006221071241095003,0.0026005322002025017,1332.5665,90
v28,seed3,172,1410.1666666666667,,-3.2431666666666303,0.09357234090566635,0.0,0,60,1516.8396362953997,2933.35595703125,188,1413.4098333333334,0.9977054308027431,0.0,0.002294569197256868,1406.9235,90
v28,seed3,173,1525.5,,-3.297333333333296,0.11672589182853699,0.0,0,60,1510.368424331586,2946.943603515625,193,1528.7973333333332,0.9978431847953686,0.0,0.002156815204631416,1522.2026666666668,90
v28,seed3,174,1168.8166666666666,,-2.2778333333333123,0.09231353551149368,0.0,0,60,995.1009609685468,2898.543212890625,346,1171.0945,0.9980549534360094,0.0,0.0019450465639906194,1166.5388333333333,90
v28,seed3,175,1224.75,,-2.506166666666638,0.11068437993526459,0.0,0,60,1025.598373145388,2948.904541015625,342,1227.2561666666666,0.9979579107160051,0.0,0.0020420892839948827,1222.2438333333334,90
v28,seed3,176,1403.3833333333334,,-2.946499999999966,0.09321628510951996,0.0,0,60,968.1078491210938,2948.0947265625,316,1406.3298333333335,0.9979048300546849,0.0,0.00209516994531508,1400.4368333333334,90
v28,seed3,177,1145.4333333333334,0.8333333333333334,-2.741999999999973,0.10573065280914307,0.007462686567164179,2,60,1061.9282884740119,3747.75048828125,268,1149.0086666666666,0.9968883321448694,0.0007252628787830438,0.0023864049763477036,1143.5246666666667,90
v28,seed3,178,1045.7666666666667,,-1.931999999999985,0.10349701344966888,0.0,0,60,1205.2656536680279,2895.75048828125,264,1047.6986666666667,0.9981559583289852,0.0,0.0018440416710148067,1043.8346666666666,90
v28,seed3,179,992.05,,-3.0006666666666346,0.0795627236366272,0.0,0,60,1059.2623960781941,2944.75048828125,226,995.0506666666666,0.9969844081641404,0.0,0.0030155918358595823,989.0493333333333,90
v28,seed3,180,943.0166666666667,,-2.680166666666639,0.09717303514480591,0.0,0,60,978.6241203915756,2884.665283203125,226,945.6968333333333,0.9971659346080077,0.0,0.002834065391992225,940.3365,90
v28,seed3,181,965.7,,-2.3626666666666463,0.0827794000506401,0.0,0,60,967.2409288031031,2947.964599609375,249,968.0626666666667,0.9975593866512774,0.0,0.0024406133487225824,963.3373333333334,90
v28,seed3,182,939.6333333333333,,-2.0571666666666517,0.11513154208660126,0.0,0,60,1011.9485033671061,2949.11572265625,240,941.6904999999999,0.99781545352038,0.0,0.0021845464796200575,937.5761666666667,90
v28,seed3,183,864.4166666666666,0.8333333333333334,-2.109166666666652,0.0689382553100586,0.004784688995215311,1,60,1053.7021621631093,3265.75048828125,209,867.3591666666666,0.9966075184155737,0.0009607707687415153,0.0024317108156847586,863.1408333333334,90
v28,seed3,184,961.15,,-2.428166666666644,0.08221951127052307,0.0,0,60,1079.2206365690759,2941.775390625,199,963.5781666666667,0.997480052215103,0.0,0.00251994778489686,958.7218333333333,90
v28,seed3,185,1053.8333333333333,,-2.2811666666666475,0.1256420612335205,0.0,0,60,1206.8951328405353,3104.75048828125,209,1056.1145,0.997840038493301,0.0,0.002159961506698987,1051.5521666666666,90
v28,seed3,186,1284.9166666666667,,-3.3244999999999623,0.09058355540037155,0.0,0,60,1314.4876861572266,2916.765380859375,184,1288.2411666666667,0.9974193496636953,0.0,0.0025806503363047543,1281.5921666666668,90
v28,seed3,187,829.6666666666666,,-1.88533333333332,0.07559973001480103,0.0,0,60,1087.3022790419318,2895.75048828125,226,831.5519999999999,0.9977327535339543,0.0,0.0022672464660458036,827.7813333333334,90
v28,seed3,188,1199.6666666666667,,-3.3453333333332953,0.07528315484523773,0.0,0,60,1090.8477497930112,3105.55224609375,184,1203.012,0.9972192020251393,0.0,0.0027807979748608455,1196.3213333333335,90
v28,seed3,189,1076.4666666666667,0.8333333333333334,-2.352166666666646,0.07231228053569794,0.004975124378109453,1,60,1224.0912645634135,3619.75048828125,201,1079.6521666666665,0.9970495127057126,0.0007718535275172731,0.0021786337667702355,1074.9478333333334,90
v28,seed3,190,1227.85,0.8333333333333334,-2.924166666666636,0.09915938973426819,0.005434782608695652,1,60,1306.6613620260487,3268.182861328125,184,1231.6074999999998,0.9969491091926609,0.0006766224899842957,0.0023742683173548686,1225.7591666666665,90
v28,seed3,191,1255.1166666666666,,-2.7569999999999735,0.09626451879739761,0.0,0,60,1333.4124108516808,3103.75048828125,198,1257.8736666666666,0.9978082059645099,0.0,0.0021917940354900297,1252.3596666666665,90
v28,seed3,192,1180.5333333333333,0.8333333333333334,-2.714999999999972,0.07421068102121353,0.004672897196261682,1,60,1271.2903730445933,3165.004638671875,214,1184.0816666666665,0.9970033035446599,0.0007037802854251327,0.0022929161699150585,1178.6516666666666,90
v28,seed3,193,1386.15,0.8333333333333334,-2.986666666666635,0.08150821179151535,0.004830917874396135,1,60,1335.306538015172,3270.3349609375,207,1389.97,0.9972517392461708,0.0005995333232611735,0.002148727430568023,1383.9966666666667,90
v28,seed3,194,1092.05,,-2.782333333333304,0.0928758755326271,0.0,0,60,1285.250835963658,2896.75048828125,224,1094.8323333333333,0.9974586671870913,0.0,0.0025413328129086166,1089.2676666666666,90
v28,seed3,195,1041.4166666666667,,-2.4124999999999757,0.11194837838411331,0.0,0,60,1282.63627406529,3106.43310546875,231,1043.8291666666667,0.9976887980552375,0.0,0.0023112019447626493,1039.0041666666668,90
v28,seed3,196,1170.8333333333333,0.8333333333333334,-2.7074999999999734,0.08130455017089844,0.00425531914893617,1,60,1211.1476510555185,3560.75048828125,235,1174.3741666666665,0.9969849189178066,0.0007095978070589372,0.0023054832751344644,1168.9591666666665,90
v28,seed3,197,940.8833333333333,,-2.6361666666666403,0.11135363578796387,0.0,0,60,1183.426438817438,3105.95263671875,212,943.5195,0.9972060284215994,0.0,0.002793971578400489,938.2471666666667,90
v28,seed3,198,1050.85,,-2.153833333333317,0.08816374838352203,0.0,0,60,1257.6287535214753,2900.785400390625,217,1053.0038333333332,0.9979545816784776,0.0,0.002045418321522398,1048.6961666666666,90
v28,seed3,199,748.4166666666666,,-2.0456666666666488,0.07749174535274506,0.0,0,60,1258.0471084377778,2306.923583984375,211,750.4623333333333,0.9972741247950708,0.0,0.0027258752049292042,746.371,90
v28,seed3,200,971.6333333333333,,-1.8414999999999866,0.0800168514251709,0.0,0,60,1303.2314239920001,3107.3330078125,219,973.4748333333333,0.9981083229509956,0.0,0.0018916770490043347,969.7918333333333,90
v28,seed3,201,1142.0666666666666,0.8333333333333334,-2.71966666666664,0.08505600690841675,0.004975124378109453,1,60,1309.0020776245724,3428.453125,201,1145.6196666666665,0.996898621677526,0.0007274083690951536,0.0023739699533789197,1140.1803333333332,90
v28,seed3,202,1163.9833333333333,,-2.3739999999999783,0.06253648549318314,0.0,0,60,1309.7180383985287,3108.533203125,214,1166.3573333333334,0.9979646031862162,0.0,0.0020353968137837505,1161.6093333333333,90
v28,seed3,203,1052.8166666666666,,-2.122499999999983,0.09300275892019272,0.0,0,60,1365.9796223771682,3105.841552734375,218,1054.9391666666666,0.9979880356450254,0.0,0.0020119643549746393,1050.6941666666667,90
v28,seed3,204,1077.5666666666666,,-1.975333333333319,0.08047659695148468,0.004424778761061947,1,60,1386.7155826534845,3426.222900390625,226,1079.542,0.998170211688537,0.0,0.0018297883114629344,1075.5913333333333,90
v28,seed3,205,1220.3,0.8333333333333334,-3.2953333333332946,0.07924631237983704,0.005291005291005291,1,60,1354.693039021164,3719.75048828125,189,1224.4286666666665,0.9966280872221767,0.0006805895320974192,0.0026913232457260027,1217.838,90
v28,seed3,206,1101.9166666666667,,-2.473666666666642,0.08081582933664322,0.0,0,60,1424.8840247744606,3104.75048828125,210,1104.3903333333333,0.9977601518303765,0.0,0.00223984816962358,1099.4430000000002,90
v28,seed3,207,1048.8666666666666,,-2.0503333333333167,0.07729868590831757,0.0,0,60,1364.4941693310325,2899.51416015625,219,1050.917,0.99804900545587,0.0,0.001950994544129857,1046.8163333333332,90
v28,seed3,208,1146.45,,-3.0694999999999637,0.07127388566732407,0.0,0,60,1309.92513862023,2895.75048828125,208,1149.5195,0.9973297538667243,0.0,0.0026702461332756542,1143.3805,90
v28,seed3,209,1139.9166666666667,,-2.4278333333333095,0.10807080566883087,0.0,0,60,1333.1371300373603,3107.03271484375,218,1142.3445000000002,0.9978746925000879,0.0,0.0021253074999120747,1137.4888333333333,90
v28,seed3,210,1325.6,0.8333333333333334,-2.866333333333304,0.08838945627212524,0.0049261083743842365,1,60,1371.301598459629,3715.75048828125,203,1329.2996666666666,0.9972168302156098,0.0006268965186931766,0.0021562732656970284,1323.5669999999998,90
v28,seed3,211,1349.7666666666667,0.8333333333333334,-3.011666666666633,0.06477171927690506,0.0049504950495049506,1,60,1338.039364956393,3269.43408203125,202,1353.6116666666665,0.9971594511966136,0.0006156369318132849,0.0022249118715731864,1347.5883333333334,90
v28,seed3,212,1149.9,,-2.850333333333305,0.0788998082280159,0.005128205128205128,1,60,1239.46800005008,3443.541259765625,195,1152.7503333333334,0.9975273628201077,0.0,0.0024726371798923542,1147.0496666666668,90
v28,seed3,213,1025.95,,-2.274833333333315,0.07233277708292007,0.0,0,60,1220.3968627377333,3105.9326171875,221,1028.2248333333334,0.9977876109780788,0.0,0.0022123890219210955,1023.6751666666668,90
v28,seed3,214,1095.5166666666667,,-2.202833333333316,0.06035807728767395,0.0,0,60,1234.792252499833,3107.89453125,234,1097.7195,0.9979932639136562,0.0,0.0020067360863438395,1093.3138333333334,90
v28,seed3,215,1362.2166666666667,0.8333333333333334,-2.8283333333333047,0.0548684187233448,0.009615384615384616,2,60,1346.639156634991,3986.3720703125,208,1365.8783333333333,0.9973191853349554,0.0006101080257270352,0.0020707066393175367,1360.2216666666666,90
v28,seed3,216,1249.3,,-3.045499999999966,0.06521846354007721,0.0,0,60,1260.7474461923732,2932.3349609375,202,1252.3455,0.9975681630987615,0.0,0.002431836901238489,1246.2545,90
v28,seed3,217,1145.1,,-3.1249999999999627,0.04768301546573639,0.0,0,60,1144.9318698718787,2927.75048828125,209,1148.225,0.9972784079775305,0.0,0.0027215920224694314,1141.975,90
v28,seed3,218,771.2166666666667,,-1.790999999999989,0.08200394362211227,0.0,0,60,1183.09384765625,2694.766357421875,220,773.0076666666666,0.9976830760195134,0.0,0.002316923980486596,769.4256666666668,90
v28,seed3,219,980.85,,-2.704666666666641,0.095303013920784,0.0,0,60,1258.4067869828773,2928.83154296875,193,983.5546666666667,0.9972501104836065,0.0,0.002749889516393572,978.1453333333334,90
v28,seed3,220,1056.7166666666667,0.8333333333333334,-2.1669999999999834,0.07620581239461899,0.004149377593360996,1,60,1205.785212726514,3271.736328125,241,1059.7169999999999,0.9971687409626031,0.0007863734688915375,0.0020448855685055384,1055.383,90
v28,seed3,221,967.7,,-2.1296666666666484,0.08474599570035934,0.0,0,60,1213.521156957594,2803.4140625,236,969.8296666666666,0.9978040817476884,0.0,0.0021959182523116415,965.5703333333335,90
v28,seed3,222,1152.2166666666667,,-2.478166666666643,0.06603959202766418,0.004694835680751174,1,60,1215.9479579298709,3430.71142578125,213,1154.6948333333332,0.9978538341082616,0.0,0.0021461658917384754,1149.7385000000002,90
v28,seed3,223,996.6166666666667,,-2.053666666666651,0.0687699243426323,0.004629629629629629,1,60,1243.3260243733723,3444.463134765625,216,998.6703333333334,0.9979435990054776,0.0,0.0020564009945223676,994.563,90
v28,seed3,224,1176.8833333333334,2.5,-2.379333333333311,0.05780681595206261,0.0182648401826484,4,60,1238.7487765098815,3329.03369140625,219,1181.7626666666667,0.9958711393827525,0.002115483988888914,0.0020133766283585235,1177.0040000000001,90
v28,seed3,225,1088.8166666666666,,-2.4358333333333086,0.06019951403141022,0.004629629629629629,1,60,1204.6869114063404,3443.99267578125,216,1091.2524999999998,0.9977678554382847,0.0,0.0022321445617153766,1086.3808333333334,90
v28,seed3,226,907.4833333333333,,-2.262166666666652,0.1202891618013382,0.0,0,60,1173.2777158359793,2543.75048828125,187,909.7455,0.9975134071378571,0.0,0.002486592862142931,905.2211666666667,90
v28,seed3,227,924.7,,-1.8983333333333205,0.07226961106061935,0.0,0,60,1186.4715567355686,2881.902587890625,225,926.5983333333334,0.9979512877748179,0.0,0.002048712225182059,922.8016666666667,90
v28,seed3,228,1221.4666666666667,,-2.549166666666644,0.10726851969957352,0.0,0,60,1205.2581407861803,3106.703369140625,206,1224.0158333333334,0.9979173744348351,0.0,0.0020826255651649203,1218.9175,90
v28,seed3,229,1213.15,,-2.684666666666641,0.07775353640317917,0.0049504950495049506,1,60,1231.4966548504215,3442.483154296875,202,1215.8346666666666,0.9977919146901554,0.0,0.0022080853098447387,1210.4653333333335,90
v28,seed3,230,1166.8166666666666,0.8333333333333334,-2.282333333333314,0.08189316093921661,0.009174311926605505,2,60,1264.2071421212013,3734.322021484375,218,1169.9323333333332,0.9973368830163113,0.0007122919074806892,0.0019508250762080947,1165.3676666666665,90
v28,seed3,231,911.85,,-1.9334999999999825,0.07883791625499725,0.0,0,60,1179.0396295000417,2943.75048828125,258,913.7835,0.9978840721024181,0.0,0.002115927897581848,909.9165,90
v28,seed3,232,1035.75,,-2.1943333333333173,0.06450443714857101,0.0,0,60,1165.3730297778027,2882.03271484375,249,1037.9443333333334,0.9978858853381025,0.0,0.0021141146618973952,1033.5556666666666,90
v28,seed3,233,1041.5333333333333,,-2.270999999999981,0.0611317902803421,0.004366812227074236,1,60,1243.4780803830342,3433.453125,229,1043.8043333333333,0.9978243048745088,0.0,0.0021756951254912537,1039.2623333333333,90
v28,seed3,234,1345.9166666666667,,-3.1001666666666323,0.06671782582998276,0.0,0,60,1343.878290577424,3106.623291015625,195,1349.0168333333334,0.9977019066107528,0.0,0.0022980933892472796,1342.8165000000001,90
v28,seed3,235,1141.4333333333334,,-2.676333333333306,0.09525294601917267,0.004694835680751174,1,60,1230.6752041382408,3441.483154296875,213,1144.1096666666667,0.9976607720297209,0.0,0.0023392279702790487,1138.757,90
v28,seed3,236,1148.3833333333334,0.8333333333333334,-2.476499999999976,0.08716606348752975,0.00847457627118644,2,60,1212.7789397158865,4113.64501953125,236,1151.6931666666667,0.9971261153325127,0.0007235723519531172,0.002150312315534253,1146.7401666666667,90
v28,seed3,237,1295.5166666666667,0.8333333333333334,-3.2979999999999614,0.057704709470272064,0.004672897196261682,1,60,1139.4866994697356,3429.333984375,214,1299.648,0.996821190558264,0.0006411992580555146,0.002537610183680475,1293.052,90
v28,seed3,238,1201.2,0.8333333333333334,-2.861999999999973,0.0883786529302597,0.0047169811320754715,1,60,1233.5422988027897,3164.183837890625,212,1204.8953333333334,0.9969330669385944,0.0006916230068116566,0.002375310054593931,1199.1713333333332,90
v28,seed3,239,1018.0,0.8333333333333334,-2.0231666666666523,0.0715731680393219,0.00881057268722467,2,60,1197.3858785083116,3590.29296875,227,1020.8565,0.9972018594190271,0.000816308005418326,0.001981832575554598,1016.8101666666668,90
v28,seed3,240,1181.8333333333333,,-2.7851666666666404,0.0876874178647995,0.0,0,60,1236.9913914203644,2946.463134765625,192,1184.6184999999998,0.9976488914644955,0.0,0.002351108535504587,1179.0481666666667,90
v28,seed3,241,975.2666666666667,,-2.1239999999999837,0.06259964406490326,0.0,0,60,1197.3219300615026,3103.75048828125,235,977.3906666666667,0.997826866909581,0.0,0.002173133090418963,973.1426666666666,90
v28,seed3,242,1082.4833333333333,,-2.445166666666644,0.06688280403614044,0.0,0,60,1123.718354988924,3106.302978515625,231,1084.9285,0.9977462416494113,0.0,0.0022537583505886738,1080.0381666666667,90
v28,seed3,243,1184.25,,-2.977666666666633,0.061186280101537704,0.0,0,60,1208.9556628715702,2927.75048828125,205,1187.2276666666667,0.9974919160408156,0.0,0.002508083959184436,1181.2723333333333,90
v28,seed3,244,961.75,,-2.0304999999999844,0.04511363431811333,0.0,0,60,1181.0618210847158,2868.91552734375,227,963.7805,0.9978931924852185,0.0,0.002106807514781617,959.7195,90
v28,seed3,245,1028.6833333333334,,-2.393333333333312,0.04788476973772049,0.0,0,60,1256.3000957347729,3103.75048828125,216,1031.0766666666666,0.9976788017703179,0.0,0.002321198229682221,1026.2900000000002,90
v28,seed3,246,1087.5333333333333,,-2.7189999999999697,0.059815626591444016,0.0,0,60,1248.8821873276997,3105.75048828125,209,1090.2523333333334,0.9975060819253768,0.0,0.002493918074623064,1084.8143333333333,90
v28,seed3,247,930.2333333333333,,-1.904666666666653,0.06449761986732483,0.004310344827586207,1,60,1269.5106808892613,3596.322998046875,232,932.138,0.9979566687908157,0.0,0.002043331209184319,928.3286666666667,90
v28,seed3,248,1121.85,,-2.5728333333333087,0.058780111372470856,0.004830917874396135,1,60,1218.3313984893946,3425.843505859375,207,1124.4228333333333,0.997711863138081,0.0,0.0022881368619189152,1119.2771666666665,90
v28,seed3,249,1006.9833333333333,,-2.318499999999978,0.05219532549381256,0.0,0,60,1288.5967785063244,3103.75048828125,210,1009.3018333333333,0.9977028675432572,0.0,0.0022971324567427663,1004.6648333333334,90
