run,iter,avg_fitness,best_fitness,success_rate,episodes,vanilla_ppo_clears,vanilla_ppo_in_progress,vanilla_ppo_max_x,approx_mean_ep_len,ppo_entropy,reward_forward,reward_completion
v27_seed0,0,676.5354318891253,1499.2469482421875,0.8785714285714286,140,123,60,3267,438.85714285714283,1.7808125019073486,454.1,39.166666666666664
v27_seed0,1,660.2704912224071,1583.1812744140625,0.8120805369127517,149,121,60,3267,412.3489932885906,1.7513010501861572,682.95,35.0
v27_seed0,2,508.85642274759584,1956.8245849609375,0.3432203389830508,236,81,60,3267,260.33898305084745,1.7193636894226074,771.6333333333333,30.0
v27_seed0,3,665.6945702285363,2108.824462890625,0.2751322751322751,189,52,60,3267,325.07936507936506,1.6904658079147339,565.9833333333333,13.333333333333334
v27_seed0,4,582.3935491669853,2529.7509765625,0.16226415094339622,265,43,60,3267,231.8490566037736,1.6579792499542236,679.45,10.0
v27_seed0,5,424.1676566491564,2447.081787109375,0.0697211155378486,502,35,60,3267,122.39043824701196,1.5953627824783325,778.5333333333333,15.0
v27_seed0,6,357.8360709765413,2888.11279296875,0.026054590570719603,806,21,60,3266,76.22828784119106,1.5754636526107788,544.0166666666667,4.166666666666667
v27_seed0,7,359.8742656238102,3744.47119140625,0.03419972640218878,731,25,60,3267,84.04924760601915,1.5567786693572998,805.0166666666667,9.166666666666666
v27_seed0,8,420.7905279296676,3410.041748046875,0.017973856209150325,612,11,60,3266,100.3921568627451,1.5831985473632812,619.2333333333333,5.0
v27_seed0,9,345.361915637129,2876.79248046875,0.006389776357827476,626,4,60,3266,98.14696485623003,1.5918517112731934,430.51666666666665,1.6666666666666667
v27_seed0,10,371.83442727493235,3349.19189453125,0.009708737864077669,618,6,60,3266,99.41747572815534,1.5908303260803223,420.46666666666664,2.5
v27_seed0,11,376.1409768160831,2407.983642578125,0.004784688995215311,627,3,60,3266,97.99043062200957,1.5459840297698975,480.4,1.6666666666666667
v27_seed0,12,416.9048427280627,3049.55322265625,0.009868421052631578,608,6,60,3267,101.05263157894737,1.555145025253296,415.0,0.8333333333333334
v27_seed0,13,445.87658975382,3100.33203125,0.010291595197255575,583,6,60,3267,105.38593481989709,1.510322093963623,372.78333333333336,0.8333333333333334
v27_seed0,14,466.0182988263559,3104.443115234375,0.012681159420289856,552,7,60,3266,111.30434782608695,1.5381015539169312,650.5333333333333,5.0
v27_seed0,15,623.9592782097894,3009.892578125,0.015765765765765764,444,7,60,3266,138.3783783783784,1.492192029953003,649.75,2.5
v27_seed0,16,602.3254984271812,2841.71337890625,0.0196078431372549,459,9,60,3267,133.8562091503268,1.462151050567627,832.4166666666666,6.666666666666667
v27_seed0,17,592.8774505370243,3535.75048828125,0.014989293361884369,467,7,60,3267,131.56316916488223,1.389251470565796,702.4166666666666,4.166666666666667
v27_seed0,18,628.0487462402899,3122.793701171875,0.014767932489451477,474,7,60,3266,129.62025316455697,1.368236780166626,745.9,2.5
v27_seed0,19,692.2307448093281,3104.112060546875,0.023255813953488372,430,10,60,3266,142.88372093023256,1.3462905883789062,673.1333333333333,3.3333333333333335
v27_seed0,20,747.1547364876767,3333.78173828125,0.037333333333333336,375,14,60,3267,163.84,1.3266098499298096,957.9166666666666,6.666666666666667
v27_seed0,21,737.2876233595578,3484.80224609375,0.0374331550802139,374,14,60,3267,164.27807486631016,1.3003720045089722,914.5833333333334,6.666666666666667
v27_seed0,22,849.9947474824716,3633.121337890625,0.034161490683229816,322,11,60,3267,190.80745341614906,1.2503371238708496,761.95,1.6666666666666667
v27_seed0,23,853.8964760541196,3859.731689453125,0.04229607250755287,331,14,60,3267,185.619335347432,1.2443013191223145,1021.4833333333333,6.666666666666667
v27_seed0,24,868.5157820188899,3546.092041015625,0.013927576601671309,359,5,60,3267,171.14206128133705,1.2496849298477173,1072.6166666666666,2.5
v27_seed0,25,828.7769992397508,3917.33154296875,0.02203856749311295,363,8,60,3266,169.25619834710744,1.2234313488006592,1020.4833333333333,4.166666666666667
v27_seed0,26,913.2090670376422,4195.76953125,0.022792022792022793,351,8,60,3266,175.04273504273505,1.2548935413360596,1039.45,3.3333333333333335
v27_seed0,27,1017.3562257918843,4037.8115234375,0.015337423312883436,326,5,60,3266,188.46625766871165,1.2513203620910645,1032.6666666666667,2.5
v27_seed0,28,1017.1942756359393,4158.75244140625,0.019230769230769232,312,6,60,3267,196.92307692307693,1.2473219633102417,1368.9166666666667,4.166666666666667
v27_seed0,29,1083.2953415807583,4154.22314453125,0.05058365758754864,257,13,60,3267,239.06614785992218,1.2225488424301147,1584.5166666666667,8.333333333333334
v27_seed0,30,1105.7128298713712,4072.2109375,0.04059040590405904,271,11,60,3267,226.71586715867159,1.2059698104858398,1387.7666666666667,8.333333333333334
v27_seed0,31,1112.8482207055185,3957.75048828125,0.054901960784313725,255,14,60,3266,240.94117647058823,1.140861988067627,1444.0,10.0
v27_seed0,32,1235.5511024968253,3925.2509765625,0.022813688212927757,263,6,60,3267,233.61216730038024,1.1628953218460083,1107.3166666666666,0.8333333333333334
v27_seed0,33,1223.819729551977,4244.783203125,0.07346938775510205,245,18,60,3267,250.77551020408163,1.1448620557785034,1352.35,7.5
v27_seed0,34,1288.5206522493281,4141.54345703125,0.05555555555555555,234,13,60,3267,262.56410256410254,1.1259524822235107,1481.7,7.5
v27_seed0,35,1351.8016817193281,4085.961669921875,0.07017543859649122,228,16,60,3267,269.4736842105263,1.0525726079940796,1416.6333333333334,8.333333333333334
v27_seed0,36,1368.4106370103302,4243.76708984375,0.08056872037914692,211,17,60,3267,291.18483412322274,1.0580928325653076,1710.55,10.833333333333334
v27_seed0,37,1407.2516069232292,4243.7900390625,0.0660377358490566,212,14,60,3267,289.811320754717,1.0477728843688965,1572.7833333333333,7.5
v27_seed0,38,1407.9009405091751,4156.8134765625,0.09767441860465116,215,21,60,3267,285.7674418604651,0.9815990924835205,1358.8333333333333,10.0
v27_seed0,39,1460.7089291276602,4297.5615234375,0.08866995073891626,203,18,60,3267,302.6600985221675,1.0144853591918945,1594.9833333333333,7.5
v27_seed0,40,1677.4998779296875,4144.822265625,0.13793103448275862,174,24,60,3266,353.1034482758621,0.955450177192688,1524.7833333333333,8.333333333333334
v27_seed0,41,1592.643938455237,4296.5029296875,0.20481927710843373,166,34,60,3267,370.12048192771084,0.9935159683227539,1748.4166666666667,15.0
v27_seed0,42,1379.549716970774,4293.31201171875,0.18994413407821228,179,34,60,3267,343.24022346368713,0.9002273678779602,2079.6666666666665,20.0
v27_seed0,43,1646.3061867209042,4308.23193359375,0.19411764705882353,170,33,60,3267,361.4117647058824,0.9548588991165161,1678.6166666666666,14.166666666666666
v27_seed0,44,1593.5421080072242,4155.75537109375,0.18674698795180722,166,31,60,3267,370.12048192771084,0.9429055452346802,1817.7666666666667,16.666666666666668
v27_seed0,45,1595.7442383163277,4150.0126953125,0.20114942528735633,174,35,60,3267,353.1034482758621,0.8717554807662964,1628.2666666666667,13.333333333333334
v27_seed0,46,1690.9215961324758,4302.7431640625,0.25517241379310346,145,37,60,3267,423.7241379310345,0.8643757104873657,1998.4333333333334,15.833333333333334
v27_seed0,47,1602.5302595307555,4319.4775390625,0.2468354430379747,158,39,60,3267,388.8607594936709,0.849174976348877,1996.4666666666667,19.166666666666668
v27_seed0,48,1624.6278296250564,4315.72119140625,0.25,156,39,60,3267,393.84615384615387,0.8156019449234009,2072.266666666667,22.5
v27_seed0,49,1780.0873866860384,4364.3701171875,0.22875816993464052,153,35,60,3266,401.5686274509804,0.8132929801940918,1679.85,14.166666666666666
v27_seed0,50,1824.4442487276517,4310.53955078125,0.3,130,39,60,3267,472.61538461538464,0.7808772325515747,1968.2666666666667,15.833333333333334
v27_seed0,51,1724.0359117780413,4433.83740234375,0.25,140,35,60,3267,438.85714285714283,0.7951607704162598,2030.4,15.833333333333334
v27_seed0,52,1889.3474778483685,4333.33544921875,0.2932330827067669,133,39,60,3267,461.9548872180451,0.7807612419128418,2110.733333333333,17.5
v27_seed0,53,2370.4834222702752,4527.6884765625,0.44761904761904764,105,47,60,3267,585.1428571428571,0.7737111449241638,1683.9166666666667,11.666666666666666
v27_seed0,54,2102.748443282278,4520.2041015625,0.5263157894736842,95,50,60,3267,646.7368421052631,0.7565306425094604,2374.383333333333,25.833333333333332
v27_seed0,55,1828.2343913258374,4314.068359375,0.2867132867132867,143,41,60,3267,429.65034965034965,0.6812006831169128,1729.9833333333333,12.5
v27_seed0,56,2006.6262702941895,4366.28369140625,0.39166666666666666,120,47,60,3267,512.0,0.6443829536437988,1988.3333333333333,18.333333333333332
v27_seed0,57,2085.8310737941574,4529.31005859375,0.40869565217391307,115,47,60,3267,534.2608695652174,0.6664793491363525,1979.7333333333333,17.5
v27_seed0,58,2218.405033042214,4403.8134765625,0.43636363636363634,110,48,60,3267,558.5454545454545,0.7020666003227234,1924.0333333333333,15.0
v27_seed0,59,2129.862714441811,4529.6376953125,0.34146341463414637,123,42,60,3267,499.5121951219512,0.6748650670051575,1995.2166666666667,15.833333333333334
v27_seed0,60,2266.9477256108257,4527.3955078125,0.5145631067961165,103,53,60,3267,596.504854368932,0.6135563254356384,1957.4666666666667,20.0
v27_seed0,61,2124.133943890213,4451.2861328125,0.4954128440366973,109,54,60,3267,563.6697247706422,0.6579350233078003,1920.8833333333334,20.833333333333332
v27_seed0,62,2054.3574692773036,4524.9287109375,0.4016393442622951,122,49,60,3267,503.60655737704917,0.5912057161331177,2076.25,19.166666666666668
v27_seed0,63,2088.7207701416014,4363.48388671875,0.376,125,47,60,3267,491.52,0.5311443209648132,1770.8333333333333,14.166666666666666
v27_seed0,64,2244.9500861890388,4546.86083984375,0.5454545454545454,99,54,60,3267,620.6060606060606,0.5479595065116882,2118.95,19.166666666666668
v27_seed0,65,2328.161312421163,4403.81005859375,0.5625,96,54,60,3267,640.0,0.5560672283172607,2161.4666666666667,20.0
v27_seed0,66,2466.4010845820108,4404.80078125,0.5104166666666666,96,49,60,3267,640.0,0.5030864477157593,2002.3666666666666,15.833333333333334
v27_seed0,67,2156.2921365591196,4876.79541015625,0.46153846153846156,104,48,60,3267,590.7692307692307,0.4937284588813782,2281.1666666666665,19.166666666666668
v27_seed0,68,2144.785844058082,4556.140625,0.4666666666666667,105,49,60,3267,585.1428571428571,0.5936195850372314,2097.1833333333334,19.166666666666668
v27_seed0,69,2338.601598851821,4527.888671875,0.46078431372549017,102,47,60,3267,602.3529411764706,0.5946657061576843,1915.3333333333333,13.333333333333334
v27_seed0,70,2222.932640008167,4369.2890625,0.415929203539823,113,47,60,3267,543.7168141592921,0.5285608768463135,1881.25,15.833333333333334
v27_seed0,71,2007.4514454603195,4317.34814453125,0.34375,128,44,60,3267,480.0,0.5415063500404358,2039.6333333333334,15.833333333333334
v27_seed0,72,1922.8643491391783,4505.7666015625,0.3037037037037037,135,41,60,3267,455.1111111111111,0.5502294898033142,2245.2166666666667,20.0
v27_seed0,73,1949.4715853713628,4318.14794921875,0.36220472440944884,127,46,60,3266,483.7795275590551,0.5471750497817993,2124.5,17.5
v27_seed0,74,1981.0870222061399,4540.86767578125,0.36507936507936506,126,46,60,3267,487.6190476190476,0.5094613432884216,2028.7833333333333,18.333333333333332
v27_seed0,75,1975.1466304722117,5045.29736328125,0.3208955223880597,134,43,60,3267,458.5074626865672,0.46612676978111267,1998.65,15.0
v27_seed0,76,1725.3055593827191,4422.3125,0.3014705882352941,136,41,60,3267,451.7647058823529,0.46270912885665894,2355.116666666667,24.166666666666668
v27_seed0,77,1986.1815958831269,4301.30029296875,0.4152542372881356,118,49,60,3267,520.6779661016949,0.48996466398239136,1903.5166666666667,19.166666666666668
v27_seed0,78,1944.2781381112559,4422.7353515625,0.31851851851851853,135,43,60,3266,455.1111111111111,0.5110782384872437,1976.1666666666667,16.666666666666668
v27_seed0,79,1953.1416608727498,4303.88037109375,0.34782608695652173,115,40,60,3267,534.2608695652174,0.46604734659194946,1883.1333333333334,13.333333333333334
v27_seed0,80,1719.2703036023424,4350.0927734375,0.24675324675324675,154,38,60,3267,398.961038961039,0.4560531675815582,2029.2666666666667,16.666666666666668
v27_seed0,81,1694.15414488943,4318.51904296875,0.2631578947368421,152,40,60,3267,404.2105263157895,0.44766321778297424,1944.4333333333334,15.833333333333334
v27_seed0,82,1790.5576162957525,4320.7578125,0.24025974025974026,154,37,60,3267,398.961038961039,0.4014599919319153,1666.9333333333334,11.666666666666666
v27_seed0,83,2073.538135490795,4356.2705078125,0.40594059405940597,101,41,60,3267,608.3168316831683,0.4048466384410858,1853.1833333333334,11.666666666666666
v27_seed0,84,1680.6103591918945,4309.70849609375,0.325,120,39,60,3267,512.0,0.41349440813064575,1910.4666666666667,15.833333333333334
v27_seed0,85,1527.0368788371713,4146.833984375,0.17829457364341086,129,23,60,3266,476.27906976744185,0.4076139032840729,1572.1,10.0
v27_seed0,86,1405.925942036643,4317.12841796875,0.1865671641791045,134,25,60,3267,458.5074626865672,0.40393078327178955,1684.6666666666667,12.5
v27_seed0,87,1295.8510489908854,4188.26513671875,0.14,150,21,60,3267,409.6,0.4010229706764221,2068.133333333333,15.833333333333334
v27_seed0,88,1292.8691920979818,4129.51513671875,0.18,150,27,60,3267,409.6,0.3557019531726837,2027.6666666666667,18.333333333333332
v27_seed0,89,1364.7612086386575,4177.05712890625,0.145985401459854,137,20,60,3266,448.46715328467155,0.36849701404571533,1812.4666666666667,10.833333333333334
v27_seed0,90,1471.9986935515901,4317.45849609375,0.208955223880597,134,28,60,3267,458.5074626865672,0.34783512353897095,1742.45,14.166666666666666
v27_seed0,91,1306.9437321254186,4121.28466796875,0.18045112781954886,133,24,60,3267,461.9548872180451,0.3024389147758484,2042.8,15.0
v27_seed0,92,1346.5112371381545,4343.6943359375,0.152317880794702,151,23,60,3267,406.887417218543,0.3545234799385071,1899.1166666666666,14.166666666666666
v27_seed0,93,1338.2066934800007,4188.564453125,0.11834319526627218,169,20,60,3267,363.55029585798815,0.3528202772140503,1615.15,10.833333333333334
v27_seed0,94,1330.2746685336094,4116.75244140625,0.09937888198757763,161,16,60,3266,381.6149068322981,0.37284207344055176,1756.85,11.666666666666666
v27_seed0,95,1301.168404523064,4318.45751953125,0.11029411764705882,136,15,60,3267,451.7647058823529,0.3611292839050293,1859.0833333333333,9.166666666666666
v27_seed0,96,1255.6616851992724,4144.2041015625,0.08536585365853659,164,14,60,3267,374.6341463414634,0.32557904720306396,1580.15,8.333333333333334
v27_seed0,97,1369.051511806912,4167.427734375,0.08333333333333333,180,15,60,3267,341.3333333333333,0.3438482880592346,1474.8833333333334,8.333333333333334
v27_seed0,98,1247.0822315010973,4192.80615234375,0.12903225806451613,186,24,60,3267,330.3225806451613,0.33576688170433044,1755.3833333333334,14.166666666666666
v27_seed0,99,1407.996517248321,4375.35498046875,0.1695906432748538,171,29,60,3267,359.29824561403507,0.3278350234031677,1704.3,12.5
v27_seed0,100,1611.8980647495814,4607.08203125,0.2785714285714286,140,39,60,3267,438.85714285714283,0.3729146420955658,1855.2833333333333,20.0
v27_seed0,101,1459.2670846914316,4739.771484375,0.18181818181818182,154,28,60,3266,398.961038961039,0.292664498090744,1883.5833333333333,14.166666666666666
v27_seed0,102,1299.6131064891815,4283.24072265625,0.13020833333333334,192,25,60,3267,320.0,0.30214011669158936,1690.6,11.666666666666666
v27_seed0,103,1468.4423221588136,4534.41015625,0.2125,160,34,60,3267,384.0,0.3149715065956116,1770.8833333333334,16.666666666666668
v27_seed0,104,1411.4461671706529,4549.4072265625,0.17543859649122806,171,30,60,3267,359.29824561403507,0.2736002206802368,1783.6,15.833333333333334
v27_seed0,105,1409.0398448222393,4348.78662109375,0.20270270270270271,148,30,60,3267,415.13513513513516,0.24730443954467773,1963.3166666666666,14.166666666666666
v27_seed0,106,1616.4101520592058,4302.7763671875,0.2535211267605634,142,36,60,3267,432.67605633802816,0.25903114676475525,1741.8666666666666,16.666666666666668
v27_seed0,107,1396.6163945978337,4334.39208984375,0.2,165,33,60,3267,372.3636363636364,0.2311078906059265,1780.8166666666666,14.166666666666666
v27_seed0,108,1461.8334809387622,4442.80615234375,0.24489795918367346,147,36,60,3267,417.9591836734694,0.21889269351959229,1846.5666666666666,15.833333333333334
v27_seed0,109,1577.3317843675613,4391.95849609375,0.3203125,128,41,60,3267,480.0,0.29210972785949707,1789.1666666666667,15.0
v27_seed0,110,1745.592348692847,4605.78173828125,0.3442622950819672,122,42,60,3267,503.60655737704917,0.23266255855560303,1855.6333333333334,17.5
v27_seed0,111,1717.3910696340163,4318.767578125,0.3178294573643411,129,41,60,3267,476.27906976744185,0.2157425433397293,1848.75,16.666666666666668
v27_seed0,112,1514.5046618877013,4351.37255859375,0.17791411042944785,163,29,60,3267,376.9325153374233,0.20099863409996033,1792.4333333333334,15.0
v27_seed0,113,1424.3741461969191,4521.15869140625,0.22580645161290322,155,35,60,3267,396.38709677419354,0.2065347135066986,1962.1833333333334,17.5
v27_seed0,114,1433.356688817342,4699.78125,0.2361111111111111,144,34,60,3267,426.6666666666667,0.1810893714427948,2015.5166666666667,18.333333333333332
v27_seed0,115,1288.0098866549406,4376.64306640625,0.14772727272727273,176,26,60,3267,349.09090909090907,0.21105465292930603,1830.5166666666667,12.5
v27_seed0,116,1236.7249299754267,4365.40380859375,0.10326086956521739,184,19,60,3267,333.9130434782609,0.16293711960315704,1646.5,11.666666666666666
v27_seed0,117,1235.2648691595557,4435.7705078125,0.10695187165775401,187,20,60,3267,328.5561497326203,0.1433064341545105,1518.7666666666667,9.166666666666666
v27_seed0,118,1355.4064730130708,4390.67529296875,0.17307692307692307,156,27,60,3267,393.84615384615387,0.15475815534591675,1789.55,13.333333333333334
v27_seed0,119,1167.729639399237,4337.767578125,0.06735751295336788,193,13,60,3267,318.3419689119171,0.16260957717895508,1337.0,5.833333333333333
v27_seed0,120,1301.282113791923,4351.58349609375,0.1301775147928994,169,22,60,3267,363.55029585798815,0.18774057924747467,1602.2833333333333,11.666666666666666
v27_seed0,121,1277.1644876045093,4358.23046875,0.12280701754385964,171,21,60,3267,359.29824561403507,0.23584383726119995,1686.2666666666667,11.666666666666666
v27_seed0,122,1307.1147465647002,4263.41455078125,0.12962962962962962,162,21,60,3267,379.25925925925924,0.20896229147911072,1651.5833333333333,10.833333333333334
v27_seed0,123,1275.525640466711,4491.77783203125,0.1043956043956044,182,19,60,3267,337.5824175824176,0.21891552209854126,1346.5333333333333,6.666666666666667
v27_seed0,124,1266.4550073062671,4160.78369140625,0.11764705882352941,170,20,60,3267,361.4117647058824,0.20452305674552917,1779.9666666666667,10.833333333333334
v27_seed0,125,1117.4402349562872,4310.978515625,0.07936507936507936,189,15,60,3266,325.07936507936506,0.1854275017976761,1327.1,7.5
v27_seed0,126,1036.5134879467535,4152.40380859375,0.07352941176470588,204,15,60,3266,301.1764705882353,0.1923215687274933,1277.3333333333333,9.166666666666666
v27_seed0,127,967.1022971911308,4301.7509765625,0.06666666666666667,195,13,60,3267,315.0769230769231,0.20014555752277374,1614.9166666666667,9.166666666666666
v27_seed0,128,1070.676947331083,3909.33203125,0.06763285024154589,207,14,60,3266,296.81159420289856,0.21920375525951385,1301.5333333333333,8.333333333333334
v27_seed0,129,1191.9086074416703,4291.89306640625,0.08108108108108109,185,15,60,3267,332.1081081081081,0.1752592921257019,1523.35,10.833333333333334
v27_seed0,130,1180.8534718718977,4669.7705078125,0.09392265193370165,181,17,60,3267,339.4475138121547,0.15911699831485748,1467.15,10.0
v27_seed0,131,1168.1992519177888,4196.7529296875,0.10526315789473684,190,20,60,3267,323.36842105263156,0.1877593994140625,1743.4666666666667,12.5
v27_seed0,132,1187.1858110842497,4205.02392578125,0.07608695652173914,184,14,60,3266,333.9130434782609,0.17920541763305664,1648.6,7.5
v27_seed0,133,1199.0842775617327,4197.9248046875,0.07692307692307693,182,14,60,3267,337.5824175824176,0.17510831356048584,1654.6166666666666,8.333333333333334
v27_seed0,134,1175.2677133733575,3718.75048828125,0.12337662337662338,154,19,60,3267,398.961038961039,0.1425848752260208,2007.3166666666666,13.333333333333334
v27_seed0,135,1173.7106771804579,4120.76953125,0.05025125628140704,199,10,60,3266,308.7437185929648,0.16822543740272522,1532.4666666666667,7.5
v27_seed0,136,1109.7168976268129,4149.28271484375,0.05263157894736842,209,11,60,3267,293.9712918660287,0.11061994731426239,1267.5666666666666,7.5
v27_seed0,137,1049.233965481029,4311.470703125,0.029411764705882353,204,6,60,3267,301.1764705882353,0.11693505942821503,1111.0666666666666,4.166666666666667
v27_seed0,138,1004.4921691354397,3622.31298828125,0.04424778761061947,226,10,60,3267,271.85840707964604,0.13514885306358337,1192.5333333333333,7.5
v27_seed0,139,1201.0176699907352,4149.35302734375,0.08717948717948718,195,17,60,3266,315.0769230769231,0.14972886443138123,1437.8833333333334,8.333333333333334
v27_seed0,140,1181.5510493997149,4116.03662109375,0.04265402843601896,211,9,60,3267,291.18483412322274,0.17250555753707886,1160.6833333333334,3.3333333333333335
v27_seed0,141,1203.2859706235736,4287.32177734375,0.10112359550561797,178,18,60,3267,345.1685393258427,0.13122913241386414,1518.8166666666666,10.833333333333334
v27_seed0,142,1062.296726059332,4276.921875,0.03902439024390244,205,8,60,3266,299.7073170731707,0.13722312450408936,1204.45,5.833333333333333
v27_seed0,143,1239.2519013070819,4178.8662109375,0.05583756345177665,197,11,60,3267,311.8781725888325,0.14510953426361084,1196.1166666666666,5.0
v27_seed0,144,1036.0186613144413,3555.75048828125,0.03225806451612903,248,8,60,3267,247.74193548387098,0.12653115391731262,1250.3833333333334,5.833333333333333
v27_seed0,145,1068.3225388299852,4072.171875,0.031746031746031744,189,6,60,3267,325.07936507936506,0.13178402185440063,945.3,2.5
v27_seed0,146,945.4922219016336,3750.750732421875,0.045454545454545456,110,5,60,3267,558.5454545454545,0.12755531072616577,940.0,2.5
v27_seed0,147,972.9601178850446,3185.864501953125,0.007518796992481203,133,1,60,3182,461.9548872180451,0.1732512265443802,781.1833333333333,0.8333333333333334
v27_seed0,148,1018.5506193099484,3779.75048828125,0.03870967741935484,155,6,60,3266,396.38709677419354,0.16652153432369232,1035.5,5.0
v27_seed0,149,1042.9137017034716,3918.75048828125,0.04516129032258064,155,7,60,3266,396.38709677419354,0.16221609711647034,1113.6166666666666,4.166666666666667
v27_seed0,150,1158.3583045153885,3756.75048828125,0.049689440993788817,161,8,60,3267,381.6149068322981,0.15061883628368378,1165.0333333333333,5.0
v27_seed0,151,1109.835489622304,3781.201904296875,0.07042253521126761,142,10,60,3266,432.67605633802816,0.20311474800109863,1574.0333333333333,8.333333333333334
v27_seed0,152,1049.7634440771217,3620.741455078125,0.03278688524590164,183,6,60,3266,335.73770491803276,0.1563577651977539,1096.1,5.0
v27_seed0,153,1064.5063898598276,3587.75048828125,0.04390243902439024,205,9,60,3266,299.7073170731707,0.14466990530490875,1203.75,5.833333333333333
v27_seed0,154,1155.711633172959,3644.551513671875,0.02617801047120419,191,5,60,3267,321.67539267015707,0.16434958577156067,1122.9166666666667,2.5
v27_seed0,155,1046.5474806509876,3913.69140625,0.03317535545023697,211,7,60,3266,291.18483412322274,0.14794155955314636,1018.0666666666667,4.166666666666667
v27_seed0,156,1065.3042187526307,3780.91162109375,0.017241379310344827,232,4,60,3266,264.82758620689657,0.12968021631240845,957.75,3.3333333333333335
v27_seed0,157,1135.4254511860968,3660.19091796875,0.02912621359223301,206,6,60,3266,298.252427184466,0.17136865854263306,1201.4666666666667,4.166666666666667
v27_seed0,158,1165.166722288226,3619.75048828125,0.034653465346534656,202,7,60,3267,304.15841584158414,0.14908717572689056,1162.9333333333334,5.833333333333333
v27_seed0,159,1125.5033741551317,3716.75048828125,0.012448132780082987,241,3,60,3267,254.9377593360996,0.118309885263443,825.7666666666667,2.5
v27_seed0,160,1181.2945433450402,3620.75048828125,0.027522935779816515,218,6,60,3266,281.8348623853211,0.13397768139839172,1063.9333333333334,4.166666666666667
v27_seed0,161,1114.0389124172837,3734.4326171875,0.03980099502487562,201,8,60,3266,305.67164179104475,0.12932538986206055,1079.5,5.833333333333333
v27_seed0,162,1177.5259365325278,3758.75048828125,0.03723404255319149,188,7,60,3267,326.8085106382979,0.11523844301700592,1171.6,5.0
v27_seed0,163,1053.0173487428758,4006.750732421875,0.0273224043715847,183,5,60,3266,335.73770491803276,0.11798742413520813,1142.5666666666666,4.166666666666667
v27_seed0,164,1108.2493173747719,3443.43115234375,0.041916167664670656,167,7,60,3266,367.90419161676647,0.09583074599504471,1007.9,5.0
v27_seed0,165,1202.1227852183686,3779.75048828125,0.047337278106508875,169,8,60,3266,363.55029585798815,0.09562019258737564,1256.6833333333334,6.666666666666667
v27_seed0,166,1120.3473541259766,3555.75048828125,0.00909090909090909,220,2,60,3266,279.27272727272725,0.1187768280506134,1019.2,1.6666666666666667
v27_seed0,167,1178.1357274349266,3620.75048828125,0.023696682464454975,211,5,60,3267,291.18483412322274,0.11760279536247253,1069.3833333333334,4.166666666666667
v27_seed0,168,1203.9144117665846,3619.75048828125,0.03488372093023256,172,6,60,3266,357.2093023255814,0.18100880086421967,915.3,3.3333333333333335
v27_seed0,169,1165.840068384544,3920.75048828125,0.041237113402061855,194,8,60,3267,316.70103092783506,0.1311977207660675,1250.5,6.666666666666667
v27_seed0,170,1075.0289981050312,3652.75048828125,0.03773584905660377,212,8,60,3266,289.811320754717,0.1742001622915268,1164.3333333333333,5.833333333333333
v27_seed0,171,1149.4931433839224,3749.65234375,0.060109289617486336,183,11,60,3267,335.73770491803276,0.09320582449436188,1266.3333333333333,8.333333333333334
v27_seed0,172,1229.3943628132015,4452.20068359375,0.022099447513812154,181,4,60,3266,339.4475138121547,0.11757367849349976,790.1166666666667,2.5
v27_seed0,173,1223.2518079869888,4361.12841796875,0.03529411764705882,170,6,60,3267,361.4117647058824,0.09750679135322571,986.0333333333333,1.6666666666666667
v27_seed0,174,1125.7253481547039,3782.761474609375,0.05357142857142857,168,9,60,3267,365.7142857142857,0.10015296190977097,1083.2166666666667,5.833333333333333
v27_seed0,175,1225.8475036621094,3779.75048828125,0.03821656050955414,157,6,60,3266,391.3375796178344,0.12251304090023041,1091.55,3.3333333333333335
v27_seed0,176,1167.8083299313737,3592.041748046875,0.01092896174863388,183,2,60,3266,335.73770491803276,0.1292538195848465,1053.9666666666667,0.8333333333333334
v27_seed0,177,1213.7712291535877,3748.75048828125,0.03571428571428571,168,6,60,3267,365.7142857142857,0.08790531009435654,1097.8166666666666,4.166666666666667
v27_seed0,178,1120.7830720155137,3670.121826171875,0.016304347826086956,184,3,60,3266,333.9130434782609,0.07524805516004562,1104.2166666666667,1.6666666666666667
v27_seed0,179,1231.8159662882488,3588.75048828125,0.02976190476190476,168,5,60,3267,365.7142857142857,0.10719365626573563,888.4333333333333,2.5
v27_seed0,180,1204.5109944600545,3619.750732421875,0.029940119760479042,167,5,60,3266,367.90419161676647,0.10417862236499786,1089.8666666666666,3.3333333333333335
v27_seed0,181,1238.1905756843162,3717.18115234375,0.029585798816568046,169,5,60,3266,363.55029585798815,0.1359626054763794,1057.2333333333333,3.3333333333333335
v27_seed0,182,1183.001650303432,3587.75048828125,0.017142857142857144,175,3,60,3266,351.0857142857143,0.10385783016681671,987.7833333333333,2.5
v27_seed0,183,1125.1612440303047,3620.23095703125,0.053475935828877004,187,10,60,3267,328.5561497326203,0.10605021566152573,1171.8666666666666,6.666666666666667
v27_seed0,184,1129.4648949167004,3845.40234375,0.03804347826086957,184,7,60,3266,333.9130434782609,0.13761813938617706,1241.3166666666666,5.0
v27_seed0,185,1228.8076411921804,3442.7724609375,0.036585365853658534,164,6,60,3266,374.6341463414634,0.10499344766139984,1222.9833333333333,4.166666666666667
v27_seed0,186,1082.037509936292,3557.75048828125,0.03317535545023697,211,7,60,3266,291.18483412322274,0.07994906604290009,1147.35,4.166666666666667
v27_seed0,187,1125.4569836240826,3588.75048828125,0.030303030303030304,198,6,60,3266,310.3030303030303,0.06738381087779999,1211.8,5.0
v27_seed0,188,1108.9567225272194,3734.652587890625,0.013157894736842105,228,3,60,3266,269.4736842105263,0.07455922663211823,879.65,0.8333333333333334
v27_seed0,189,1175.1601244976066,3524.75048828125,0.017341040462427744,173,3,60,3266,355.1445086705202,0.08357930928468704,1216.2,0.8333333333333334
v27_seed0,190,1253.6623472224521,4117.75732421875,0.022598870056497175,177,4,60,3266,347.1186440677966,0.11094370484352112,1286.0166666666667,3.3333333333333335
v27_seed0,191,1212.472893608941,3340.363037109375,0.010582010582010581,189,2,60,3266,325.07936507936506,0.08862011134624481,1235.3833333333334,1.6666666666666667
v27_seed0,192,1168.9463988115442,3651.75048828125,0.0427807486631016,187,8,60,3266,328.5561497326203,0.07413101941347122,1533.2,6.666666666666667
v27_seed0,193,1283.7832304132048,3733.100830078125,0.031746031746031744,189,6,60,3267,325.07936507936506,0.07408301532268524,1209.8,3.3333333333333335
v27_seed0,194,1233.6322998046876,3812.75048828125,0.02564102564102564,195,5,60,3266,315.0769230769231,0.11891116946935654,1318.85,4.166666666666667
v27_seed0,195,1290.0109372933705,3603.722412109375,0.026041666666666668,192,5,60,3267,320.0,0.09009532630443573,1147.7666666666667,2.5
v27_seed0,196,1230.4025269349415,3619.75048828125,0.015625,192,3,60,3267,320.0,0.08833850920200348,1215.2666666666667,2.5
v27_seed0,197,1220.5257751120012,3671.281982421875,0.011299435028248588,177,2,60,3267,347.1186440677966,0.09601296484470367,1096.1,0.8333333333333334
v27_seed0,198,1207.7013232645563,3619.75048828125,0.031413612565445025,191,6,60,3266,321.67539267015707,0.06850794702768326,1379.7833333333333,5.0
v27_seed0,199,1205.8637205466246,3428.483154296875,0.010256410256410256,195,2,60,3266,315.0769230769231,0.09263232350349426,1164.55,1.6666666666666667
v27_seed0,200,1271.194735025622,3442.882568359375,0.010309278350515464,194,2,60,3266,316.70103092783506,0.10667329281568527,986.2333333333333,
v27_seed0,201,1227.1488071109939,3448.942626953125,0.016304347826086956,184,3,60,3266,333.9130434782609,0.10122385621070862,1106.2333333333333,0.8333333333333334
v27_seed0,202,1155.3638738641885,3268.8837890625,0.01015228426395939,197,2,60,3266,311.8781725888325,0.09195899963378906,1001.1833333333333,1.6666666666666667
v27_seed0,203,1265.4374223098257,4115.92724609375,0.013071895424836602,153,2,60,3267,401.5686274509804,0.1479334831237793,731.8166666666667,0.8333333333333334
v27_seed0,204,1215.17381587173,3523.75048828125,0.010101010101010102,198,2,60,3266,310.3030303030303,0.10178755223751068,1098.9666666666667,1.6666666666666667
v27_seed0,205,1169.571720921716,3620.75048828125,0.009302325581395349,215,2,60,3267,285.7674418604651,0.058272771537303925,973.05,0.8333333333333334
v27_seed0,206,1170.3050411091515,3748.750732421875,0.014925373134328358,201,3,60,3266,305.67164179104475,0.10662706196308136,1196.75,2.5
v27_seed0,207,1161.9509275862315,3268.703369140625,0.0048543689320388345,206,1,60,3266,298.252427184466,0.1091836541891098,1165.1166666666666,0.8333333333333334
v27_seed0,208,1222.6052099548945,2868.985595703125,0.0,202,0,60,2914,304.15841584158414,0.09422788769006729,932.05,
v27_seed0,209,1194.754863941727,3409.753662109375,0.014492753623188406,207,3,60,3266,296.81159420289856,0.06176866590976715,1027.7,2.5
v27_seed0,210,1207.7439177831013,3269.544189453125,0.015625,192,3,60,3266,320.0,0.088521309196949,1265.75,2.5
v27_seed0,211,1214.1740619194218,3228.665283203125,0.004878048780487805,205,1,60,3224,299.7073170731707,0.07788670808076859,1119.2166666666667,0.8333333333333334
v27_seed0,212,1262.027180037475,3434.142822265625,0.014778325123152709,203,3,60,3266,302.6600985221675,0.0921604186296463,1116.2833333333333,1.6666666666666667
v27_seed0,213,1191.882261881896,3594.71142578125,0.004739336492890996,211,1,60,3267,291.18483412322274,0.0808747336268425,1011.5333333333333,0.8333333333333334
v27_seed0,214,1264.4489473672438,3435.67236328125,0.010471204188481676,191,2,60,3267,321.67539267015707,0.11706442385911942,1089.0666666666666,0.8333333333333334
v27_seed0,215,1184.779520953143,3268.94384765625,0.009259259259259259,216,2,60,3266,284.44444444444446,0.09235184639692307,1092.8666666666666,1.6666666666666667
v27_seed0,216,1276.7473569123642,3599.30224609375,0.024844720496894408,161,4,60,3266,381.6149068322981,0.06980647146701813,1160.55,2.5
v27_seed0,217,1187.7852269460464,3599.281982421875,0.023668639053254437,169,4,60,3266,363.55029585798815,0.0702199637889862,1125.0666666666666,1.6666666666666667
v27_seed0,218,1220.9378549942119,3601.662353515625,0.019867549668874173,151,3,60,3266,406.887417218543,0.08135689795017242,1132.5333333333333,0.8333333333333334
v27_seed0,219,1177.8653367396764,3442.342041015625,0.011428571428571429,175,2,60,3266,351.0857142857143,0.06888186186552048,1035.3666666666666,0.8333333333333334
v27_seed0,220,1278.3175582373701,3557.75048828125,0.03355704697986577,149,5,60,3266,412.3489932885906,0.0841967761516571,1069.5166666666667,4.166666666666667
v27_seed0,221,1214.8555265679418,3444.992919921875,0.030120481927710843,166,5,60,3266,370.12048192771084,0.0987573117017746,1121.45,2.5
v27_seed0,222,1223.6382841812938,3587.75048828125,0.019736842105263157,152,3,60,3266,404.2105263157895,0.08710464835166931,1060.65,2.5
v27_seed0,223,1157.7680024646577,3620.601318359375,0.017857142857142856,168,3,60,3266,365.7142857142857,0.08286537230014801,924.8833333333333,2.5
v27_seed0,224,1171.9851593195006,3621.132080078125,0.011627906976744186,172,2,60,3266,357.2093023255814,0.08509780466556549,916.6666666666666,1.6666666666666667
v27_seed0,225,1275.8859628295897,3607.682373046875,0.03333333333333333,150,5,60,3266,409.6,0.08889232575893402,1163.9666666666667,3.3333333333333335
v27_seed0,226,1289.8195525524663,3748.75048828125,0.0196078431372549,153,3,60,3266,401.5686274509804,0.0716063529253006,1078.9333333333334,1.6666666666666667
v27_seed0,227,1177.8934561989524,3428.153076171875,0.006060606060606061,165,1,60,3266,372.3636363636364,0.08669637888669968,931.7666666666667,0.8333333333333334
v27_seed0,228,1267.0252857951375,3619.75048828125,0.03896103896103896,154,6,60,3267,398.961038961039,0.08053045719861984,1200.4666666666667,3.3333333333333335
v27_seed0,229,1224.736090766059,3620.750732421875,0.04938271604938271,162,8,60,3267,379.25925925925924,0.07075247913599014,1170.7,6.666666666666667
v27_seed0,230,1319.1823667896738,3605.6826171875,0.07913669064748201,139,11,60,3266,442.0143884892086,0.06064727157354355,1391.4166666666667,4.166666666666667
v27_seed0,231,1281.549127234034,3717.1708984375,0.04216867469879518,166,7,60,3266,370.12048192771084,0.061127543449401855,1141.3666666666666,5.0
v27_seed0,232,1210.0659964805425,3602.522216796875,0.029069767441860465,172,5,60,3266,357.2093023255814,0.05658742040395737,1103.2333333333333,1.6666666666666667
v27_seed0,233,1162.091251140469,3605.722412109375,0.023474178403755867,213,5,60,3266,288.4507042253521,0.051221814006567,955.5333333333333,3.3333333333333335
v27_seed0,234,1233.8687226315762,3447.372314453125,0.031914893617021274,188,6,60,3267,326.8085106382979,0.03502050042152405,860.75,2.5
v27_seed0,235,1297.1501413670983,3605.942626953125,0.04878048780487805,164,8,60,3267,374.6341463414634,0.04962433874607086,1280.0666666666666,4.166666666666667
v27_seed0,236,1105.2532524923677,3619.75048828125,0.019417475728155338,206,4,60,3266,298.252427184466,0.04964601621031761,1021.2333333333333,2.5
v27_seed0,237,1181.9364955881254,3322.683349609375,0.01639344262295082,183,3,60,3266,335.73770491803276,0.042363137006759644,1015.3166666666667,2.5
v27_seed0,238,1175.9629899510796,3653.75048828125,0.012578616352201259,159,2,60,3267,386.41509433962267,0.06363382935523987,1255.7166666666667,1.6666666666666667
v27_seed0,239,1167.3313902916268,3588.75048828125,0.023391812865497075,171,4,60,3266,359.29824561403507,0.06074034795165062,1087.2833333333333,3.3333333333333335
v27_seed0,240,1186.6608813741932,3555.75048828125,0.021739130434782608,184,4,60,3266,333.9130434782609,0.0500180721282959,1032.4,2.5
v27_seed0,241,1172.335238647461,3780.75048828125,0.01935483870967742,155,3,60,3266,396.38709677419354,0.03081251122057438,1158.2666666666667,1.6666666666666667
v27_seed0,242,1113.2840123438573,3619.75048828125,0.03296703296703297,182,6,60,3266,337.5824175824176,0.0833272635936737,1366.15,5.0
v27_seed0,243,1129.2929636056083,3605.10205078125,0.011428571428571429,175,2,60,3266,351.0857142857143,0.05348356068134308,976.2833333333333,
v27_seed0,244,1185.9530679270708,3348.023681640625,0.011049723756906077,181,2,60,3266,339.4475138121547,0.069149911403656,1107.35,1.6666666666666667
v27_seed0,245,1192.6664831622754,3604.8828125,0.013071895424836602,153,2,60,3266,401.5686274509804,0.0945126861333847,951.6166666666667,0.8333333333333334
v27_seed0,246,1088.5761404452116,3556.75048828125,0.005434782608695652,184,1,60,3266,333.9130434782609,0.07089176774024963,1100.5833333333333,0.8333333333333334
v27_seed0,247,1180.0387732726706,2521.142822265625,0.0,177,0,60,2584,347.1186440677966,0.05469390004873276,953.6333333333333,
v27_seed0,248,1180.5289999231115,2529.426025390625,0.0,154,0,60,2589,398.961038961039,0.06785645335912704,915.2666666666667,
v27_seed0,249,1151.4119343597617,2866.67333984375,0.0,149,0,60,2914,412.3489932885906,0.10045621544122696,911.3833333333333,
v27_seed1,0,736.7551438426243,1725.235107421875,0.8778625954198473,131,115,60,3267,469.00763358778624,1.7819414138793945,436.7,38.333333333333336
v27_seed1,1,911.3738154975736,1866.5726318359375,1.0,98,136,60,3267,626.9387755102041,1.7623069286346436,501.3,36.666666666666664
v27_seed1,2,528.9569142548934,2058.343994140625,0.40869565217391307,230,94,60,3267,267.1304347826087,1.7462239265441895,650.3,26.666666666666668
v27_seed1,3,638.0051375902616,2130.01220703125,0.3076923076923077,208,64,60,3267,295.38461538461536,1.7041351795196533,470.43333333333334,10.833333333333334
v27_seed1,4,712.5152873447963,2132.423828125,0.32,175,56,60,3267,351.0857142857143,1.6804454326629639,651.7833333333333,16.666666666666668
v27_seed1,5,407.0150341828958,2822.992919921875,0.066543438077634,541,36,60,3267,113.56746765249538,1.6313762664794922,672.8833333333333,8.333333333333334
v27_seed1,6,339.65893812807735,2761.23291015625,0.023952095808383235,835,20,60,3267,73.58083832335329,1.6240630149841309,682.6166666666667,6.666666666666667
v27_seed1,7,389.659619170662,2965.642333984375,0.014173228346456693,635,9,60,3267,96.75590551181102,1.660840392112732,530.5,5.833333333333333
v27_seed1,8,335.8408768799928,1708.376953125,0.0,666,0,60,2732,92.25225225225225,1.66951322555542,257.0,
v27_seed1,9,356.37313473530304,3077.212890625,0.00641025641025641,624,4,60,3267,98.46153846153847,1.6402467489242554,363.6333333333333,0.8333333333333334
v27_seed1,10,350.77077333964996,3126.402099609375,0.006349206349206349,630,4,60,3267,97.52380952380952,1.6521668434143066,399.0833333333333,2.5
v27_seed1,11,372.81093445779385,2874.79248046875,0.003129890453834116,639,2,60,3266,96.15023474178403,1.634041428565979,308.05,
v27_seed1,12,395.65765821835873,1967.257080078125,0.0,609,0,60,3042,100.88669950738917,1.634310245513916,400.81666666666666,
v27_seed1,13,426.21005844036875,2904.322998046875,0.010398613518197574,577,6,60,3266,106.48180242634315,1.6018693447113037,547.4333333333333,3.3333333333333335
v27_seed1,14,448.03110236572707,2576.683349609375,0.01079136690647482,556,6,60,3266,110.50359712230215,1.5520950555801392,598.75,3.3333333333333335
v27_seed1,15,519.9807020321921,3111.412109375,0.029045643153526972,482,14,60,3267,127.4688796680498,1.51630699634552,619.3166666666667,3.3333333333333335
v27_seed1,16,536.6644907762229,3087.122802734375,0.0379746835443038,474,18,60,3267,129.62025316455697,1.4995371103286743,779.8833333333333,9.166666666666666
v27_seed1,17,653.4481113028527,3456.27294921875,0.03,400,12,60,3266,153.6,1.5143431425094604,599.8833333333333,4.166666666666667
v27_seed1,18,574.0030550179274,3575.3720703125,0.026570048309178744,414,11,60,3266,148.40579710144928,1.4254188537597656,722.4833333333333,4.166666666666667
v27_seed1,19,406.03196432799785,3460.452392578125,0.026717557251908396,524,14,60,3267,117.25190839694656,1.4256656169891357,769.4666666666667,8.333333333333334
v27_seed1,20,614.6166983191433,3282.982421875,0.03278688524590164,366,12,60,3267,167.86885245901638,1.409283995628357,653.7333333333333,5.833333333333333
v27_seed1,21,592.1905662434896,3868.251220703125,0.06133333333333333,375,23,60,3267,163.84,1.3927408456802368,1386.4166666666667,14.166666666666666
v27_seed1,22,729.8734057524324,3398.201904296875,0.016706443914081145,419,7,60,3267,146.6348448687351,1.3513684272766113,991.7833333333333,4.166666666666667
v27_seed1,23,822.0406635705878,3743.8115234375,0.04815864022662889,353,17,60,3267,174.05099150141643,1.3558480739593506,914.3666666666667,5.833333333333333
v27_seed1,24,848.4357014946315,4035.761474609375,0.02717391304347826,368,10,60,3267,166.95652173913044,1.298461675643921,1076.95,5.0
v27_seed1,25,977.811293204886,3967.75048828125,0.022950819672131147,305,7,60,3266,201.44262295081967,1.3412270545959473,1351.9833333333333,5.0
v27_seed1,26,998.112774750062,4089.832763671875,0.043478260869565216,299,13,60,3267,205.48494983277592,1.2887219190597534,1337.6333333333334,7.5
v27_seed1,27,1002.8792684170888,4278.75927734375,0.06007067137809187,283,17,60,3266,217.10247349823322,1.2747799158096313,1505.8833333333334,10.833333333333334
v27_seed1,28,1274.574364126986,4318.73779296875,0.05907172995780591,237,14,60,3266,259.24050632911394,1.2394156455993652,1323.9,6.666666666666667
v27_seed1,29,1148.8698931301342,4315.3291015625,0.03676470588235294,272,10,60,3267,225.88235294117646,1.2475425004959106,1204.5,5.0
v27_seed1,30,1195.759747937261,4539.330078125,0.07755102040816327,245,19,60,3267,250.77551020408163,1.2685966491699219,1395.5666666666666,6.666666666666667
v27_seed1,31,1301.5496621400248,4023.100830078125,0.07792207792207792,231,18,60,3267,265.97402597402595,1.1960718631744385,1358.4833333333333,8.333333333333334
v27_seed1,32,1333.8423547789107,4295.4599609375,0.08372093023255814,215,18,60,3266,285.7674418604651,1.2165968418121338,1425.8833333333334,10.0
v27_seed1,33,1369.6262258610254,4244.5546875,0.0892018779342723,213,19,60,3267,288.4507042253521,1.234525203704834,1381.5,6.666666666666667
v27_seed1,34,1405.4589311333114,4307.17822265625,0.13978494623655913,186,26,60,3267,330.3225806451613,1.1093428134918213,1735.6666666666667,11.666666666666666
v27_seed1,35,1415.226408938144,4358.1240234375,0.14361702127659576,188,27,60,3267,326.8085106382979,1.079245924949646,1770.2833333333333,15.0
v27_seed1,36,1708.7177457873454,4315.607421875,0.2080536912751678,149,31,60,3267,412.3489932885906,1.1220390796661377,1958.45,15.0
v27_seed1,37,1694.6576031238048,4194.9638671875,0.26573426573426573,143,38,60,3267,429.65034965034965,1.1016114950180054,1849.1833333333334,17.5
v27_seed1,38,1973.83023583889,4311.482421875,0.296875,128,38,60,3266,480.0,1.0860679149627686,1672.25,12.5
v27_seed1,39,1822.9263085793323,4281.8779296875,0.36220472440944884,127,46,60,3267,483.7795275590551,1.0789544582366943,1917.2666666666667,20.0
v27_seed1,40,1725.473238776712,4311.52783203125,0.29411764705882354,136,40,60,3267,451.7647058823529,1.0018787384033203,2230.2,21.666666666666668
v27_seed1,41,2030.2426913031215,4331.77197265625,0.3448275862068966,116,40,60,3267,529.6551724137931,1.0196137428283691,1905.6833333333334,14.166666666666666
v27_seed1,42,1780.791037241618,4344.58447265625,0.3106060606060606,132,41,60,3267,465.45454545454544,1.0250017642974854,2186.3,20.833333333333332
v27_seed1,43,1809.7752520525896,4158.2939453125,0.31851851851851853,135,43,60,3267,455.1111111111111,1.0225989818572998,1970.7333333333333,17.5
v27_seed1,44,1927.7066860511654,4310.98974609375,0.36065573770491804,122,44,60,3267,503.60655737704917,0.9886866807937622,2207.133333333333,21.666666666666668
v27_seed1,45,1922.547621443465,4266.5341796875,0.42342342342342343,111,47,60,3267,553.5135135135135,1.0158753395080566,2154.366666666667,20.0
v27_seed1,46,2202.550870857987,4308.7587890625,0.4803921568627451,102,49,60,3267,602.3529411764706,0.9657201766967773,2103.45,18.333333333333332
v27_seed1,47,2110.503141817839,4321.240234375,0.5869565217391305,92,54,60,3267,667.8260869565217,0.9372088313102722,2561.6,27.5
v27_seed1,48,2329.6674696180557,4537.41162109375,0.6222222222222222,90,56,60,3267,682.6666666666666,0.948477566242218,2048.266666666667,20.0
v27_seed1,49,2394.705492521587,4315.84716796875,0.5789473684210527,95,55,60,3267,646.7368421052631,0.9856774806976318,1976.05,17.5
v27_seed1,50,2780.0640147644795,4318.4482421875,0.7037037037037037,81,57,60,3267,758.5185185185185,0.9723348617553711,1812.95,15.0
v27_seed1,51,2180.493195443783,4308.4501953125,0.4716981132075472,106,50,60,3267,579.622641509434,0.8787315487861633,1859.0,14.166666666666666
v27_seed1,52,2074.4694963473717,4302.70166015625,0.5048543689320388,103,52,60,3267,596.504854368932,0.8879297375679016,2197.4333333333334,21.666666666666668
v27_seed1,53,2018.244779814274,4314.7763671875,0.47706422018348627,109,52,60,3267,563.6697247706422,0.8930481672286987,2147.9,22.5
v27_seed1,54,2154.2867024739585,4316.8173828125,0.4444444444444444,108,48,60,3267,568.8888888888889,0.9176324605941772,1847.1166666666666,15.0
v27_seed1,55,2024.067539046296,4320.4482421875,0.40707964601769914,113,46,60,3267,543.7168141592921,0.85081946849823,1979.1333333333334,15.833333333333334
v27_seed1,56,2278.644426512487,4319.439453125,0.5048543689320388,103,52,60,3267,596.504854368932,0.8159489035606384,1824.0833333333333,16.666666666666668
v27_seed1,57,2870.645391922963,4316.42041015625,0.7341772151898734,79,58,60,3267,777.7215189873418,0.8580950498580933,1590.8666666666666,10.833333333333334
v27_seed1,58,2765.566392707825,4380.10595703125,0.675,80,54,60,3267,768.0,0.7627602219581604,1890.1666666666667,14.166666666666666
v27_seed1,59,2841.13006804261,4320.42822265625,0.7088607594936709,79,56,60,3267,777.7215189873418,0.7231700420379639,1930.6333333333334,15.0
v27_seed1,60,2306.204330444336,4303.2197265625,0.52,100,52,60,3267,614.4,0.7067946195602417,1680.8166666666666,14.166666666666666
v27_seed1,61,2059.002409595554,4311.3115234375,0.3983050847457627,118,47,60,3266,520.6779661016949,0.7248647212982178,1669.15,14.166666666666666
v27_seed1,62,2452.112794664171,4314.95068359375,0.7037037037037037,81,57,60,3267,758.5185185185185,0.7849372625350952,2154.9666666666667,23.333333333333332
v27_seed1,63,2502.5621230754446,4317.69921875,0.574468085106383,94,54,60,3267,653.6170212765958,0.805334210395813,1739.7333333333333,15.0
v27_seed1,64,2720.7751689237707,4319.7705078125,0.6588235294117647,85,56,60,3267,722.8235294117648,0.8061173558235168,1674.1166666666666,12.5
v27_seed1,65,2499.9167153731637,4317.1611328125,0.5652173913043478,92,52,60,3267,667.8260869565217,0.7684289216995239,1798.0,15.0
v27_seed1,66,3008.45182972223,4689.767578125,0.8309859154929577,71,59,60,3267,865.3521126760563,0.7150039076805115,1816.7833333333333,14.166666666666666
v27_seed1,67,3054.57476826718,4876.05712890625,0.7236842105263158,76,55,60,3267,808.421052631579,0.7283696532249451,1653.2,11.666666666666666
v27_seed1,68,3254.2729079555456,4436.63037109375,0.8169014084507042,71,58,60,3267,865.3521126760563,0.7153319120407104,1574.5166666666667,10.0
v27_seed1,69,3185.908036702474,4317.59033203125,0.7733333333333333,75,58,60,3267,819.2,0.7325325012207031,1464.3333333333333,10.833333333333334
v27_seed1,70,3085.4598384602864,4886.1259765625,0.7733333333333333,75,58,60,3267,819.2,0.6517684459686279,1637.15,11.666666666666666
v27_seed1,71,3147.08979448591,4319.31982421875,0.8428571428571429,70,59,60,3267,877.7142857142857,0.6956402063369751,1770.9666666666667,14.166666666666666
v27_seed1,72,3146.1010797119143,4354.05224609375,0.7466666666666667,75,56,60,3267,819.2,0.6993675827980042,1640.25,9.166666666666666
v27_seed1,73,3051.962825076681,4403.765625,0.7887323943661971,71,56,60,3267,865.3521126760563,0.6440258026123047,1827.4,15.0
v27_seed1,74,3290.539483388265,4403.78076171875,0.8055555555555556,72,58,60,3267,853.3333333333334,0.7204015851020813,1607.5666666666666,6.666666666666667
v27_seed1,75,2874.009906005859,4605.42041015625,0.7466666666666667,75,56,60,3267,819.2,0.6655430793762207,2058.5,15.833333333333334
v27_seed1,76,3022.2386866675483,4703.9228515625,0.8333333333333334,72,60,60,3267,853.3333333333334,0.5919833183288574,2015.7666666666667,16.666666666666668
v27_seed1,77,3021.0416605096116,4316.18994140625,0.7631578947368421,76,58,60,3267,808.421052631579,0.5783025622367859,1823.8833333333334,15.0
v27_seed1,78,3308.122154343296,4316.41845703125,0.8309859154929577,71,59,60,3267,865.3521126760563,0.6361219882965088,1582.9333333333334,7.5
v27_seed1,79,2981.3994282467265,4317.31103515625,0.7746478873239436,71,55,60,3267,865.3521126760563,0.5535579919815063,2211.383333333333,16.666666666666668
v27_seed1,80,2955.1606825791396,4720.77783203125,0.7272727272727273,77,56,60,3267,797.922077922078,0.6342718601226807,1942.7166666666667,11.666666666666666
v27_seed1,81,2347.125303445403,4368.3291015625,0.5567010309278351,97,54,60,3267,633.4020618556701,0.6014173030853271,2043.6166666666666,17.5
v27_seed1,82,2588.5826254658314,4317.62841796875,0.6436781609195402,87,56,60,3267,706.2068965517242,0.5670148134231567,2040.65,17.5
v27_seed1,83,2946.854631668482,4453.892578125,0.7435897435897436,78,58,60,3267,787.6923076923077,0.5404727458953857,1946.7166666666667,15.0
v27_seed1,84,2840.9059286235292,4317.3603515625,0.7037037037037037,81,57,60,3266,758.5185185185185,0.5256583094596863,2059.5833333333335,15.0
v27_seed1,85,2793.4308000395567,4317.47802734375,0.7215189873417721,79,57,60,3267,777.7215189873418,0.5141575336456299,2158.383333333333,16.666666666666668
v27_seed1,86,2882.0780052771934,4319.71826171875,0.7307692307692307,78,57,60,3267,787.6923076923077,0.5244974493980408,2178.9666666666667,18.333333333333332
v27_seed1,87,2807.524086389786,4443.4345703125,0.717948717948718,78,56,60,3267,787.6923076923077,0.4955863952636719,2147.2833333333333,16.666666666666668
v27_seed1,88,2770.518524169922,4317.85107421875,0.7125,80,57,60,3267,768.0,0.49581480026245117,2098.016666666667,16.666666666666668
v27_seed1,89,2401.4986874159945,4871.49658203125,0.5913978494623656,93,55,60,3267,660.6451612903226,0.4625101089477539,2110.7833333333333,20.0
v27_seed1,90,2474.3297860057082,4550.4365234375,0.5773195876288659,97,56,60,3267,633.4020618556701,0.47458142042160034,2051.85,19.166666666666668
v27_seed1,91,2671.609433260831,4708.89892578125,0.625,88,55,60,3267,698.1818181818181,0.4629114270210266,2012.25,15.0
v27_seed1,92,2710.9317522915926,4706.01953125,0.6590909090909091,88,58,60,3267,698.1818181818181,0.48363661766052246,1858.25,14.166666666666666
v27_seed1,93,2713.9437325371637,4360.19970703125,0.5888888888888889,90,53,60,3267,682.6666666666666,0.4418520927429199,2049.5333333333333,13.333333333333334
v27_seed1,94,2636.6232113893006,4365.52099609375,0.6551724137931034,87,57,60,3266,706.2068965517242,0.43821144104003906,2117.2,16.666666666666668
v27_seed1,95,2518.5517299777857,4405.76953125,0.5384615384615384,91,49,60,3267,675.1648351648352,0.37520885467529297,2013.1833333333334,13.333333333333334
v27_seed1,96,2764.29250201057,4440.80126953125,0.6588235294117647,85,56,60,3267,722.8235294117648,0.4580799341201782,1877.0,14.166666666666666
v27_seed1,97,2634.6117448352634,4368.8525390625,0.6904761904761905,84,58,60,3267,731.4285714285714,0.3812491297721863,2115.5833333333335,19.166666666666668
v27_seed1,98,2447.2145154167624,4369.529296875,0.6588235294117647,85,56,60,3267,722.8235294117648,0.42824649810791016,2309.2166666666667,20.833333333333332
v27_seed1,99,2100.188121762483,4367.6181640625,0.45217391304347826,115,52,60,3267,534.2608695652174,0.37101972103118896,2018.3666666666666,17.5
v27_seed1,100,2537.730105751439,4368.89990234375,0.5684210526315789,95,54,60,3267,646.7368421052631,0.38514846563339233,1914.6333333333334,14.166666666666666
v27_seed1,101,2338.248445043024,4454.7451171875,0.5094339622641509,106,54,60,3267,579.622641509434,0.3756355941295624,2102.733333333333,18.333333333333332
v27_seed1,102,2255.618746054293,4710.21923828125,0.5252525252525253,99,52,60,3267,620.6060606060606,0.3800509572029114,2233.45,21.666666666666668
v27_seed1,103,2529.1348037719727,4370.4892578125,0.5510204081632653,98,54,60,3267,626.9387755102041,0.36359238624572754,2070.9666666666667,16.666666666666668
v27_seed1,104,2537.890380516481,4875.05517578125,0.5842696629213483,89,52,60,3267,690.3370786516854,0.33700141310691833,2158.016666666667,15.833333333333334
v27_seed1,105,2083.083270130987,4454.70068359375,0.41739130434782606,115,48,60,3267,534.2608695652174,0.34317657351493835,1916.05,16.666666666666668
v27_seed1,106,2382.9546798234132,4718.4892578125,0.5670103092783505,97,55,60,3267,633.4020618556701,0.3461238443851471,2140.516666666667,18.333333333333332
v27_seed1,107,1882.8078575134277,4317.837890625,0.43103448275862066,116,50,60,3267,529.6551724137931,0.3778938055038452,2272.6666666666665,21.666666666666668
v27_seed1,108,1950.2831275753858,4379.08154296875,0.37398373983739835,123,46,60,3267,499.5121951219512,0.32729092240333557,2248.0833333333335,17.5
v27_seed1,109,2230.7227453366672,4368.45947265625,0.5252525252525253,99,52,60,3267,620.6060606060606,0.33556830883026123,2114.15,18.333333333333332
v27_seed1,110,1863.0241564734508,4707.52099609375,0.3728813559322034,118,44,60,3267,520.6779661016949,0.3675260543823242,2299.4666666666667,21.666666666666668
v27_seed1,111,2002.1083117229182,4875.3564453125,0.34146341463414637,123,42,60,3267,499.5121951219512,0.27416756749153137,2068.5833333333335,18.333333333333332
v27_seed1,112,2078.9668725536717,4378.33154296875,0.33064516129032256,124,41,60,3267,495.48387096774195,0.3408089280128479,1895.5166666666667,14.166666666666666
v27_seed1,113,2233.332867460431,4367.65966796875,0.46226415094339623,106,49,60,3267,579.622641509434,0.2849900424480438,2164.2166666666667,19.166666666666668
v27_seed1,114,1974.7437381581362,4367.35888671875,0.41025641025641024,117,48,60,3267,525.1282051282051,0.2782933712005615,2240.15,21.666666666666668
v27_seed1,115,1949.0240297059754,4403.8037109375,0.43243243243243246,111,48,60,3267,553.5135135135135,0.2819461226463318,2310.7,21.666666666666668
v27_seed1,116,1995.5483469831834,4373.62109375,0.42201834862385323,109,46,60,3267,563.6697247706422,0.32073158025741577,1876.7666666666667,17.5
v27_seed1,117,1891.5312032613667,4318.5283203125,0.35135135135135137,111,39,60,3267,553.5135135135135,0.2988608479499817,2271.0333333333333,19.166666666666668
v27_seed1,118,1786.1311574083693,4880.53662109375,0.24822695035460993,141,35,60,3267,435.74468085106383,0.23643094301223755,1930.1,17.5
v27_seed1,119,1862.6985043024613,4614.0908203125,0.3050847457627119,118,36,60,3267,520.6779661016949,0.29588040709495544,2114.65,15.833333333333334
v27_seed1,120,1893.0296586914062,4363.33203125,0.368,125,46,60,3267,491.52,0.2913467288017273,2316.366666666667,21.666666666666668
v27_seed1,121,2016.9880131667223,4428.22509765625,0.34146341463414637,123,42,60,3267,499.5121951219512,0.24611826241016388,2168.7,15.0
v27_seed1,122,1653.7274320447766,4365.939453125,0.20270270270270271,148,30,60,3267,415.13513513513516,0.2505325675010681,1793.9,11.666666666666666
v27_seed1,123,1643.5529142739117,4315.8876953125,0.2318840579710145,138,32,60,3267,445.2173913043478,0.25165534019470215,1996.7666666666667,15.833333333333334
v27_seed1,124,1671.6169368007727,4443.173828125,0.2894736842105263,114,33,60,3267,538.9473684210526,0.33257484436035156,2182.25,18.333333333333332
v27_seed1,125,1845.6103764648437,4712.3994140625,0.336,125,42,60,3267,491.52,0.29476818442344666,1793.7,16.666666666666668
v27_seed1,126,1752.8646245424438,4708.72021484375,0.24489795918367346,147,36,60,3267,417.9591836734694,0.2504473924636841,1974.8666666666666,15.0
v27_seed1,127,1734.9672252188484,4458.09033203125,0.2446043165467626,139,34,60,3267,442.0143884892086,0.29902318120002747,2080.366666666667,19.166666666666668
v27_seed1,128,1815.7487797065069,4709.58935546875,0.24161073825503357,149,36,60,3267,412.3489932885906,0.26911014318466187,1729.2666666666667,13.333333333333334
v27_seed1,129,1917.092903958834,4403.79248046875,0.33076923076923076,130,43,60,3267,472.61538461538464,0.28233590722084045,1960.45,16.666666666666668
v27_seed1,130,1757.0588017881307,4706.81982421875,0.21568627450980393,153,33,60,3267,401.5686274509804,0.24200791120529175,1744.4,15.0
v27_seed1,131,1755.4932839987162,4450.9013671875,0.22377622377622378,143,32,60,3267,429.65034965034965,0.27738213539123535,2084.866666666667,16.666666666666668
v27_seed1,132,1908.3546775403872,4712.10986328125,0.3488372093023256,129,45,60,3267,476.27906976744185,0.2903684079647064,2092.516666666667,19.166666666666668
v27_seed1,133,1846.706703407177,4707.47119140625,0.2318840579710145,138,32,60,3267,445.2173913043478,0.2618628144264221,1770.3,10.833333333333334
v27_seed1,134,1893.0396277065936,4367.81982421875,0.2413793103448276,145,35,60,3267,423.7241379310345,0.23617686331272125,1680.1166666666666,10.833333333333334
v27_seed1,135,1834.309639094426,4404.7939453125,0.3,130,39,60,3267,472.61538461538464,0.271268755197525,2257.766666666667,19.166666666666668
v27_seed1,136,2072.6824914655117,4319.6181640625,0.38461538461538464,117,45,60,3267,525.1282051282051,0.2575909495353699,2066.016666666667,16.666666666666668
v27_seed1,137,1783.8031377998188,4707.2919921875,0.2949640287769784,139,41,60,3267,442.0143884892086,0.23286226391792297,2166.15,19.166666666666668
v27_seed1,138,1627.9502199986937,4403.818359375,0.2229299363057325,157,35,60,3267,391.3375796178344,0.24892182648181915,1906.7,15.833333333333334
v27_seed1,139,1809.0573814572313,4316.54736328125,0.31496062992125984,127,40,60,3267,483.7795275590551,0.23778808116912842,1983.3166666666666,17.5
v27_seed1,140,1743.7766521998815,4406.353515625,0.2642857142857143,140,37,60,3267,438.85714285714283,0.23467190563678741,2172.95,20.0
v27_seed1,141,1793.5995181771211,4435.4013671875,0.26356589147286824,129,34,60,3267,476.27906976744185,0.27361732721328735,2148.2833333333333,15.0
v27_seed1,142,1694.3896283301237,4366.1787109375,0.2616822429906542,107,28,60,3267,574.2056074766355,0.3133087754249573,2162.4,15.0
v27_seed1,143,1746.093227575321,4403.80224609375,0.22772277227722773,101,23,60,3267,608.3168316831683,0.2964467406272888,2212.9,13.333333333333334
v27_seed1,144,1743.792338507516,4342.45263671875,0.19642857142857142,112,22,60,3267,548.5714285714286,0.2963070869445801,2168.65,10.833333333333334
v27_seed1,145,1729.3372298346626,4366.0498046875,0.12037037037037036,108,13,60,3267,568.8888888888889,0.32919514179229736,2171.2,5.0
v27_seed1,146,1622.9373182330214,4374.68212890625,0.12280701754385964,114,14,60,3267,538.9473684210526,0.41734686493873596,2006.9666666666667,4.166666666666667
v27_seed1,147,1614.704119873047,4612.9912109375,0.08181818181818182,110,9,60,3266,558.5454545454545,0.4110143184661865,1979.1333333333334,0.8333333333333334
v27_seed1,148,1584.9289055832294,4195.51708984375,0.05042016806722689,119,6,60,3266,516.3025210084033,0.3219737410545349,2056.4666666666667,3.3333333333333335
v27_seed1,149,1567.7742473057338,4283.849609375,0.06349206349206349,126,8,60,3266,487.6190476190476,0.3359612822532654,1910.4666666666667,4.166666666666667
v27_seed1,150,1537.0412529365167,3546.682373046875,0.013986013986013986,143,2,60,3266,429.65034965034965,0.30889996886253357,1621.5166666666667,
v27_seed1,151,1508.1531002695967,3716.75048828125,0.024390243902439025,164,4,60,3267,374.6341463414634,0.2561168372631073,1613.35,1.6666666666666667
v27_seed1,152,1421.7052602075332,3444.4423828125,0.0223463687150838,179,4,60,3266,343.24022346368713,0.17687371373176575,1672.1166666666666,3.3333333333333335
v27_seed1,153,1520.6352026742263,3949.75048828125,0.0223463687150838,179,4,60,3266,343.24022346368713,0.24232959747314453,1653.6666666666667,3.3333333333333335
v27_seed1,154,1511.6926196063007,4144.5556640625,0.04938271604938271,162,8,60,3266,379.25925925925924,0.1801435947418213,1497.9166666666667,3.3333333333333335
v27_seed1,155,1476.0871437766334,3982.542236328125,0.030303030303030304,165,5,60,3266,372.3636363636364,0.20334021747112274,1386.85,0.8333333333333334
v27_seed1,156,1620.2088578542073,4158.7646484375,0.09722222222222222,144,14,60,3267,426.6666666666667,0.1981191188097,1690.8,7.5
v27_seed1,157,1655.347037615095,4354.76171875,0.05,140,7,60,3267,438.85714285714283,0.17725780606269836,1533.4333333333334,2.5
v27_seed1,158,1677.1576245530207,4297.47119140625,0.09774436090225563,133,13,60,3267,461.9548872180451,0.1934104561805725,1784.75,5.0
v27_seed1,159,1597.5802264404297,4068.962646484375,0.06,150,9,60,3266,409.6,0.1743469387292862,1520.55,3.3333333333333335
v27_seed1,160,1493.9777481363426,3608.5732421875,0.055900621118012424,161,9,60,3266,381.6149068322981,0.17227092385292053,1674.7166666666667,5.833333333333333
v27_seed1,161,1566.4675069365112,4285.15234375,0.06289308176100629,159,10,60,3266,386.41509433962267,0.1714596152305603,1864.05,5.0
v27_seed1,162,1546.3867779243283,4154.13427734375,0.08536585365853659,164,14,60,3266,374.6341463414634,0.18957510590553284,1858.4666666666667,8.333333333333334
v27_seed1,163,1469.0696127248366,4298.78955078125,0.05232558139534884,172,9,60,3266,357.2093023255814,0.21408703923225403,1674.95,6.666666666666667
v27_seed1,164,1477.8693862737612,4149.103515625,0.05813953488372093,172,10,60,3267,357.2093023255814,0.15234893560409546,1669.9333333333334,7.5
v27_seed1,165,1549.6099298825054,4159.39404296875,0.0880503144654088,159,14,60,3266,386.41509433962267,0.14666834473609924,1628.0333333333333,7.5
v27_seed1,166,1332.256690979004,4301.0498046875,0.09239130434782608,184,17,60,3267,333.9130434782609,0.20136505365371704,1811.85,11.666666666666666
v27_seed1,167,1619.7652827537863,4595.26220703125,0.12269938650306748,163,20,60,3267,376.9325153374233,0.1566399335861206,1841.4166666666667,10.0
v27_seed1,168,1441.3744591947775,4048.6923828125,0.06532663316582915,199,13,60,3267,308.7437185929648,0.16817879676818848,1336.6333333333334,5.833333333333333
v27_seed1,169,1536.7794389204546,4054.922607421875,0.08484848484848485,165,14,60,3267,372.3636363636364,0.2131965309381485,1496.1,9.166666666666666
v27_seed1,170,1439.818158830915,3805.0126953125,0.08163265306122448,196,16,60,3267,313.46938775510205,0.19013532996177673,1563.3,10.833333333333334
v27_seed1,171,1336.9109122958885,3715.75048828125,0.04568527918781726,197,9,60,3266,311.8781725888325,0.23819021880626678,1403.25,5.833333333333333
v27_seed1,172,1488.2878871608425,4362.79833984375,0.07027027027027027,185,13,60,3267,332.1081081081081,0.19754497706890106,1312.5,5.0
v27_seed1,173,1464.8021730246003,4266.5732421875,0.06701030927835051,194,13,60,3267,316.70103092783506,0.25361889600753784,1346.85,5.0
v27_seed1,174,1398.9942537477502,4052.11279296875,0.08376963350785341,191,16,60,3267,321.67539267015707,0.18897056579589844,1717.1666666666667,7.5
v27_seed1,175,1520.6422218322755,4550.04736328125,0.15,160,24,60,3267,384.0,0.19934797286987305,1841.0833333333333,15.0
v27_seed1,176,1569.6318323360467,4144.56591796875,0.12422360248447205,161,20,60,3267,381.6149068322981,0.18962660431861877,1849.8166666666666,11.666666666666666
v27_seed1,177,1500.5930294016894,3566.212890625,0.08376963350785341,191,16,60,3266,321.67539267015707,0.2009580284357071,1603.6,9.166666666666666
v27_seed1,178,1600.6680110051082,4604.4599609375,0.1301775147928994,169,22,60,3267,363.55029585798815,0.18080341815948486,1641.4833333333333,9.166666666666666
v27_seed1,179,1517.2341373080299,4145.1142578125,0.13690476190476192,168,23,60,3267,365.7142857142857,0.22283008694648743,1505.0833333333333,13.333333333333334
v27_seed1,180,1560.9690693248401,4437.5537109375,0.18181818181818182,165,30,60,3266,372.3636363636364,0.2044714242219925,1745.8333333333333,15.833333333333334
v27_seed1,181,1584.9258885618117,4139.1435546875,0.08743169398907104,183,16,60,3266,335.73770491803276,0.15556810796260834,1538.1833333333334,5.833333333333333
v27_seed1,182,1643.366453370848,4137.61328125,0.1958041958041958,143,28,60,3267,429.65034965034965,0.14997674524784088,1885.8833333333334,13.333333333333334
v27_seed1,183,1532.9481646380848,4433.30224609375,0.12025316455696203,158,19,60,3267,388.8607594936709,0.1366720199584961,1588.6333333333334,8.333333333333334
v27_seed1,184,1447.5121689391651,3763.97265625,0.07194244604316546,139,10,60,3267,442.0143884892086,0.12247439473867416,1520.1166666666666,6.666666666666667
v27_seed1,185,1417.1818881330819,3909.402099609375,0.10344827586206896,145,15,60,3267,423.7241379310345,0.09405335783958435,1561.25,8.333333333333334
v27_seed1,186,1392.4616288949321,4142.5849609375,0.09271523178807947,151,14,60,3267,406.887417218543,0.15466612577438354,1689.3833333333334,9.166666666666666
v27_seed1,187,1484.2774851181928,3734.942626953125,0.10294117647058823,136,14,60,3267,451.7647058823529,0.1492912769317627,1411.45,6.666666666666667
v27_seed1,188,1331.9771371439201,4602.02734375,0.034013605442176874,147,5,60,3267,417.9591836734694,0.10290500521659851,1289.5833333333333,2.5
v27_seed1,189,1304.1440325927733,4266.19287109375,0.07,100,7,60,3266,614.4,0.09483743458986282,1107.6333333333334,4.166666666666667
v27_seed1,190,1198.6503303929378,4133.3974609375,0.08421052631578947,95,8,60,3267,646.7368421052631,0.11294044554233551,1164.4333333333334,3.3333333333333335
v27_seed1,191,1233.362063030864,4135.01318359375,0.08527131782945736,129,11,60,3267,476.27906976744185,0.09879880398511887,1118.95,5.0
v27_seed1,192,1222.291386726575,3441.383056640625,0.02564102564102564,156,4,60,3267,393.84615384615387,0.13769643008708954,1075.5833333333333,1.6666666666666667
v27_seed1,193,1374.4526834690826,3607.423095703125,0.03723404255319149,188,7,60,3267,326.8085106382979,0.16236436367034912,1270.7833333333333,3.3333333333333335
v27_seed1,194,1478.2126393037684,4141.2734375,0.0427807486631016,187,8,60,3266,328.5561497326203,0.13603457808494568,1335.0333333333333,5.0
v27_seed1,195,1298.1637349048806,3619.75048828125,0.01675977653631285,179,3,60,3266,343.24022346368713,0.16600781679153442,1232.1333333333334,2.5
v27_seed1,196,1208.6816551443765,3270.7255859375,0.004405286343612335,227,1,60,3266,270.66079295154185,0.12182368338108063,1042.35,0.8333333333333334
v27_seed1,197,1338.4620333099365,3441.242919921875,0.005,200,1,60,3266,307.2,0.12640661001205444,966.8166666666667,
v27_seed1,198,1266.8915083821614,3360.824462890625,0.0044444444444444444,225,1,60,3266,273.06666666666666,0.11910219490528107,1196.2333333333333,0.8333333333333334
v27_seed1,199,1385.468162611419,3654.75048828125,0.00980392156862745,204,2,60,3266,301.1764705882353,0.135639488697052,1157.7333333333333,1.6666666666666667
v27_seed1,200,1377.2774169628437,3781.67236328125,0.014423076923076924,208,3,60,3266,295.38461538461536,0.11004412174224854,1157.1666666666667,2.5
v27_seed1,201,1354.2831211767825,3949.07177734375,0.015228426395939087,197,3,60,3266,311.8781725888325,0.09966689348220825,1027.2333333333333,0.8333333333333334
v27_seed1,202,1298.7212876373867,3270.85546875,0.009433962264150943,212,2,60,3266,289.811320754717,0.0845198705792427,978.6166666666667,1.6666666666666667
v27_seed1,203,1300.9021333188427,3621.702392578125,0.025510204081632654,196,5,60,3266,313.46938775510205,0.10365822911262512,1293.4333333333334,3.3333333333333335
v27_seed1,204,1266.8499319647665,4315.35986328125,0.01694915254237288,177,3,60,3267,347.1186440677966,0.10186611115932465,1054.5,0.8333333333333334
v27_seed1,205,1326.578911709426,3386.8935546875,0.010050251256281407,199,2,60,3266,308.7437185929648,0.09748142957687378,1188.7166666666667,1.6666666666666667
v27_seed1,206,1305.565802482179,3426.052734375,0.015228426395939087,197,3,60,3266,311.8781725888325,0.1142822653055191,1107.75,2.5
v27_seed1,207,1372.9229627336774,3620.791748046875,0.04081632653061224,147,6,60,3266,417.9591836734694,0.17249174416065216,1447.6833333333334,4.166666666666667
v27_seed1,208,1319.7129152606985,3651.75048828125,0.0335195530726257,179,6,60,3267,343.24022346368713,0.16110515594482422,1293.4333333333334,4.166666666666667
v27_seed1,209,1301.500385984161,3620.75048828125,0.01775147928994083,169,3,60,3266,363.55029585798815,0.1202944666147232,1145.9166666666667,2.5
v27_seed1,210,1277.002097247398,3442.03076171875,0.02054794520547945,146,3,60,3266,420.82191780821915,0.0998508483171463,1194.7833333333333,1.6666666666666667
v27_seed1,211,1278.9443052455358,3068.75048828125,0.0,175,0,60,3119,351.0857142857143,0.08447756618261337,1065.0166666666667,
v27_seed1,212,1212.6882532683896,2805.19482421875,0.0,142,0,60,2851,432.67605633802816,0.09329783171415329,1294.7333333333333,
v27_seed1,213,1226.6213051535867,3619.75048828125,0.01818181818181818,165,3,60,3266,372.3636363636364,0.08896131813526154,1020.6666666666666,1.6666666666666667
v27_seed1,214,1252.0248623657226,2543.75048828125,0.0,150,0,60,2594,409.6,0.08105991035699844,1094.8,
v27_seed1,215,1294.219736619429,2865.081787109375,0.0,132,0,60,2914,465.45454545454544,0.11607250571250916,1217.8833333333334,
v27_seed1,216,1286.2241041499412,3269.3740234375,0.012269938650306749,163,2,60,3266,376.9325153374233,0.10304025560617447,1205.0333333333333,1.6666666666666667
v27_seed1,217,1250.8636809318295,4039.8115234375,0.03225806451612903,155,5,60,3266,396.38709677419354,0.0629250779747963,1025.9166666666667,3.3333333333333335
v27_seed1,218,1291.412544077093,2309.986572265625,0.0,176,0,60,2355,349.09090909090907,0.06368058919906616,989.6666666666666,
v27_seed1,219,1289.1058917575413,2900.264892578125,0.0,162,0,60,2946,379.25925925925924,0.10567761957645416,1248.35,
v27_seed1,220,1326.6200455047272,4133.35595703125,0.016483516483516484,182,3,60,3266,337.5824175824176,0.08608109503984451,1085.3166666666666,1.6666666666666667
v27_seed1,221,1295.362910923205,3441.15185546875,0.013157894736842105,152,2,60,3266,404.2105263157895,0.09043539315462112,1150.0166666666667,0.8333333333333334
v27_seed1,222,1305.4477667512194,3265.75048828125,0.005649717514124294,177,1,60,3266,347.1186440677966,0.07477313280105591,1085.85,0.8333333333333334
v27_seed1,223,1306.0798921088951,3443.462158203125,0.023121387283236993,173,4,60,3266,355.1445086705202,0.06858241558074951,1189.8333333333333,1.6666666666666667
v27_seed1,224,1357.2678025563557,3598.881591796875,0.011904761904761904,168,2,60,3266,365.7142857142857,0.0707813948392868,1052.4333333333334,0.8333333333333334
v27_seed1,225,1307.0284625857903,4109.578125,0.0223463687150838,179,4,60,3266,343.24022346368713,0.08939267694950104,997.5666666666667,1.6666666666666667
v27_seed1,226,1358.143827091564,3341.1728515625,0.022727272727272728,176,4,60,3266,349.09090909090907,0.05639123171567917,1122.1333333333334,3.3333333333333335
v27_seed1,227,1249.8204662322999,2947.464111328125,0.0,160,0,60,2995,384.0,0.11907827854156494,1005.0,
v27_seed1,228,1277.9574716018021,3599.55322265625,0.018404907975460124,163,3,60,3266,376.9325153374233,0.0876518115401268,1209.9333333333334,1.6666666666666667
v27_seed1,229,1280.3967133294968,3619.75048828125,0.01904761904761905,210,4,60,3266,292.57142857142856,0.09863417595624924,1032.3833333333334,2.5
v27_seed1,230,1333.4088663260143,3440.603271484375,0.020833333333333332,192,4,60,3266,320.0,0.09044498950242996,1072.0833333333333,0.8333333333333334
v27_seed1,231,1220.8723609368533,3586.002685546875,0.006622516556291391,151,1,60,3266,406.887417218543,0.07190711796283722,970.85,
v27_seed1,232,1268.4465883407124,4365.85791015625,0.03067484662576687,163,5,60,3266,376.9325153374233,0.049991436302661896,1033.4166666666667,2.5
v27_seed1,233,1284.9877003774593,4099.75048828125,0.03664921465968586,191,7,60,3267,321.67539267015707,0.0721534714102745,1214.1833333333334,3.3333333333333335
v27_seed1,234,1277.6135903470342,3442.182861328125,0.0335195530726257,179,6,60,3266,343.24022346368713,0.11102408170700073,961.0166666666667,1.6666666666666667
v27_seed1,235,1145.5710849402085,3602.55322265625,0.0047169811320754715,212,1,60,3266,289.811320754717,0.08596592396497726,1021.2333333333333,
v27_seed1,236,1260.0086285656034,3270.23486328125,0.005235602094240838,191,1,60,3266,321.67539267015707,0.07096443325281143,944.4833333333333,0.8333333333333334
v27_seed1,237,1359.9300834211722,3511.022705078125,0.005291005291005291,189,1,60,3266,325.07936507936506,0.08551619946956635,1074.1166666666666,
v27_seed1,238,1224.4139896890392,2929.97265625,0.0,184,0,60,2978,333.9130434782609,0.10360487550497055,990.1,
v27_seed1,239,1167.6348223005023,3684.75048828125,0.009523809523809525,210,2,60,3266,292.57142857142856,0.06531178206205368,885.6,1.6666666666666667
v27_seed1,240,1257.1197286068814,3029.586181640625,0.0,206,0,60,3074,298.252427184466,0.09621980041265488,1113.3833333333334,
v27_seed1,241,1166.9652254509203,3270.294921875,0.010101010101010102,198,2,60,3266,310.3030303030303,0.08958931267261505,1144.9666666666667,1.6666666666666667
v27_seed1,242,1192.1022576841049,3308.493408203125,0.02072538860103627,193,4,60,3267,318.3419689119171,0.09643106162548065,1122.05,3.3333333333333335
v27_seed1,243,1233.3850835026922,3430.75048828125,0.021621621621621623,185,4,60,3266,332.1081081081081,0.11079055070877075,1322.7833333333333,3.3333333333333335
v27_seed1,244,1146.130743394518,3442.4130859375,0.02242152466367713,223,5,60,3267,275.5156950672646,0.09636206179857254,1021.2166666666667,2.5
v27_seed1,245,1202.6180728970446,3709.83251953125,0.015228426395939087,197,3,60,3266,311.8781725888325,0.08490770310163498,1087.7166666666667,1.6666666666666667
v27_seed1,246,1201.254824863391,3440.03271484375,0.0056179775280898875,178,1,60,3266,345.1685393258427,0.04622693359851837,950.5,
v27_seed1,247,1229.9183507760365,3444.6923828125,0.010416666666666666,192,2,60,3267,320.0,0.04868048429489136,872.0666666666667,0.8333333333333334
v27_seed1,248,1256.161577652061,4312.48828125,0.04371584699453552,183,8,60,3266,335.73770491803276,0.09424662590026855,1386.8,5.0
v27_seed1,249,1232.488256769595,3271.345947265625,0.004347826086956522,230,1,60,3266,267.1304347826087,0.10148156434297562,1086.3666666666666,0.8333333333333334
v27_seed2,0,696.4999214730611,1594.82373046875,0.926829268292683,123,114,60,3267,499.5121951219512,1.776741623878479,471.1333333333333,42.5
v27_seed2,1,926.5057126558744,1704.1849365234375,1.0,91,134,60,3267,675.1648351648352,1.7520997524261475,622.5166666666667,41.666666666666664
v27_seed2,2,500.8465599975586,1916.8248291015625,0.376,250,94,60,3267,245.76,1.7126507759094238,658.4833333333333,27.5
v27_seed2,3,567.3267687435808,2383.363525390625,0.27155172413793105,232,63,60,3267,264.82758620689657,1.6830888986587524,564.7,19.166666666666668
v27_seed2,4,785.9611042551911,3171.860595703125,0.34104046242774566,173,59,60,3267,355.1445086705202,1.6515393257141113,619.9333333333333,13.333333333333334
v27_seed2,5,414.54154806651854,3073.162109375,0.07954545454545454,528,42,60,3267,116.36363636363636,1.627772331237793,721.5833333333334,11.666666666666666
v27_seed2,6,352.4227190706952,2964.762451171875,0.0328515111695138,761,25,60,3267,80.73587385019711,1.5875442028045654,776.6833333333333,11.666666666666666
v27_seed2,7,383.6026119580579,2816.892578125,0.015479876160990712,646,10,60,3267,95.10835913312694,1.648542881011963,619.8166666666667,6.666666666666667
v27_seed2,8,354.56618862121286,3058.95263671875,0.011308562197092083,619,7,60,3267,99.25686591276252,1.6276352405548096,402.5,2.5
v27_seed2,9,365.34794644861415,3268.8935546875,0.010067114093959731,596,6,60,3266,103.08724832214764,1.6297134160995483,411.3333333333333,2.5
v27_seed2,10,391.73561346612007,3219.75048828125,0.013605442176870748,588,8,60,3266,104.48979591836735,1.5964105129241943,480.53333333333336,4.166666666666667
v27_seed2,11,561.5460125711672,3252.55224609375,0.006276150627615063,478,3,60,3267,128.53556485355648,1.5675733089447021,416.85,0.8333333333333334
v27_seed2,12,534.7960281074047,3187.423095703125,0.0078125,512,4,60,3267,120.0,1.5425995588302612,447.51666666666665,2.5
v27_seed2,13,598.0836062321373,3167.002685546875,0.008385744234800839,477,4,60,3266,128.80503144654088,1.5178622007369995,511.43333333333334,1.6666666666666667
v27_seed2,14,625.0758874427338,3195.19287109375,0.029953917050691243,434,13,60,3267,141.5668202764977,1.4630383253097534,908.85,7.5
v27_seed2,15,585.6439434230833,3561.422119140625,0.01646090534979424,486,8,60,3266,126.41975308641975,1.3853130340576172,691.1166666666667,1.6666666666666667
v27_seed2,16,650.8900809144014,3347.14306640625,0.03009259259259259,432,13,60,3266,142.22222222222223,1.369264006614685,883.3333333333334,5.0
v27_seed2,17,722.0452915062775,3689.392578125,0.03783783783783784,370,14,60,3267,166.05405405405406,1.3027479648590088,886.2333333333333,6.666666666666667
v27_seed2,18,827.8176268860935,3641.54150390625,0.04472843450479233,313,14,60,3267,196.29392971246006,1.3163976669311523,864.8166666666667,5.0
v27_seed2,19,774.6222755568368,3791.011962890625,0.02040816326530612,392,8,60,3267,156.73469387755102,1.2881240844726562,824.6666666666666,4.166666666666667
v27_seed2,20,890.120566508613,4012.482177734375,0.03761755485893417,319,12,60,3267,192.60188087774296,1.3260072469711304,1274.0,6.666666666666667
v27_seed2,21,991.7242326534766,4305.23681640625,0.01812688821752266,331,6,60,3266,185.619335347432,1.2973201274871826,902.6666666666666,1.6666666666666667
v27_seed2,22,998.4809122550778,3986.71142578125,0.024390243902439025,328,8,60,3267,187.3170731707317,1.3373310565948486,848.0166666666667,1.6666666666666667
v27_seed2,23,1016.1250818270845,4290.49267578125,0.025559105431309903,313,8,60,3266,196.29392971246006,1.304518461227417,1039.8833333333334,4.166666666666667
v27_seed2,24,1098.032323108,4311.28759765625,0.04044117647058824,272,11,60,3267,225.88235294117646,1.3286107778549194,1247.4166666666667,5.833333333333333
v27_seed2,25,1198.87753865805,4130.07373046875,0.028112449799196786,249,7,60,3267,246.74698795180723,1.3218196630477905,1322.5,3.3333333333333335
v27_seed2,26,1238.8310174160317,4082.721435546875,0.04918032786885246,244,12,60,3267,251.80327868852459,1.2921830415725708,1314.0333333333333,6.666666666666667
v27_seed2,27,1273.232373005635,4157.0830078125,0.08558558558558559,222,19,60,3266,276.7567567567568,1.2635008096694946,1456.4666666666667,10.833333333333334
v27_seed2,28,1250.2911525507855,3921.741455078125,0.06167400881057269,227,14,60,3267,270.66079295154185,1.2551966905593872,1557.2333333333333,9.166666666666666
v27_seed2,29,1374.725001766807,4317.5078125,0.11052631578947368,190,21,60,3267,323.36842105263156,1.2664934396743774,1628.0833333333333,12.5
v27_seed2,30,1338.1513024124445,4303.7197265625,0.11764705882352941,204,24,60,3267,301.1764705882353,1.2107484340667725,1452.4833333333333,10.0
v27_seed2,31,1416.4441954622564,4267.1044921875,0.08762886597938144,194,17,60,3267,316.70103092783506,1.2163152694702148,1572.95,10.0
v27_seed2,32,1503.4875237220942,4142.0947265625,0.12790697674418605,172,22,60,3267,357.2093023255814,1.1818184852600098,1837.0166666666667,12.5
v27_seed2,33,1673.3350932500134,4260.9736328125,0.2054794520547945,146,30,60,3267,420.82191780821915,1.1581708192825317,1903.8166666666666,15.833333333333334
v27_seed2,34,1634.922961027726,4158.43310546875,0.2318840579710145,138,32,60,3267,445.2173913043478,1.2140717506408691,1947.6333333333334,17.5
v27_seed2,35,1563.1546446443335,4154.31298828125,0.17791411042944785,163,29,60,3267,376.9325153374233,1.0949721336364746,1917.2,17.5
v27_seed2,36,1578.0940641572204,4154.873046875,0.1962025316455696,158,31,60,3267,388.8607594936709,1.063014268875122,1737.5333333333333,15.833333333333334
v27_seed2,37,1659.795001386785,4304.140625,0.23129251700680273,147,34,60,3267,417.9591836734694,1.0591291189193726,1702.3333333333333,15.833333333333334
v27_seed2,38,1679.089684840611,4159.94384765625,0.25,140,35,60,3267,438.85714285714283,1.0034172534942627,1962.1333333333334,17.5
v27_seed2,39,1743.5707959493002,4154.763671875,0.30833333333333335,120,37,60,3267,512.0,1.0610557794570923,2243.7166666666667,19.166666666666668
v27_seed2,40,1773.8922020778184,4156.86376953125,0.3305785123966942,121,40,60,3267,507.7685950413223,1.0807485580444336,2157.55,24.166666666666668
v27_seed2,41,2003.2113552649043,4319.54931640625,0.4368932038834951,103,45,60,3267,596.504854368932,1.034391164779663,2028.7333333333333,20.833333333333332
v27_seed2,42,1938.541775127789,4280.26123046875,0.4144144144144144,111,46,60,3267,553.5135135135135,1.0164467096328735,2029.9166666666667,20.0
v27_seed2,43,2127.7494382769146,4319.23779296875,0.411214953271028,107,44,60,3267,574.2056074766355,0.9730534553527832,1909.9833333333333,14.166666666666666
v27_seed2,44,2109.8009187301786,4305.14892578125,0.46534653465346537,101,47,60,3267,608.3168316831683,1.0328459739685059,1793.3833333333334,13.333333333333334
v27_seed2,45,2198.424099173597,4315.197265625,0.5591397849462365,93,52,60,3267,660.6451612903226,0.9973897337913513,1954.3,20.0
v27_seed2,46,2160.988478088379,4315.57958984375,0.4,110,44,60,3267,558.5454545454545,0.9459742307662964,1854.85,15.0
v27_seed2,47,2181.428815591215,4319.11083984375,0.5151515151515151,99,51,60,3267,620.6060606060606,0.9505782723426819,2020.9833333333333,19.166666666666668
v27_seed2,48,2273.7033337402345,4317.9873046875,0.54,100,54,60,3267,614.4,0.8920714855194092,1759.6833333333334,17.5
v27_seed2,49,2633.8624922051486,4322.1884765625,0.6385542168674698,83,53,60,3267,740.2409638554217,0.924994945526123,1769.2333333333333,16.666666666666668
v27_seed2,50,2506.596360983308,4340.7421875,0.5463917525773195,97,53,60,3267,633.4020618556701,0.883699357509613,1414.3333333333333,10.0
v27_seed2,51,2326.1539042663576,4317.0673828125,0.51,100,51,60,3267,614.4,0.8357114791870117,1751.0333333333333,16.666666666666668
v27_seed2,52,2581.6273428109976,4321.68994140625,0.6923076923076923,78,54,60,3267,787.6923076923077,0.8121556043624878,2110.4333333333334,21.666666666666668
v27_seed2,53,2412.95236155751,4303.13232421875,0.6043956043956044,91,55,60,3267,675.1648351648352,0.8533205389976501,1781.8,15.833333333333334
v27_seed2,54,2390.1200214254445,4314.0087890625,0.6436781609195402,87,56,60,3267,706.2068965517242,0.8351800441741943,1911.8833333333334,20.0
v27_seed2,55,2403.618414573299,4321.38818359375,0.4854368932038835,103,50,60,3267,596.504854368932,0.7635965943336487,1746.55,11.666666666666666
v27_seed2,56,2637.110610189317,4394.1337890625,0.7341772151898734,79,58,60,3267,777.7215189873418,0.8587564826011658,2014.8166666666666,18.333333333333332
v27_seed2,57,2373.8605997274212,4594.79736328125,0.5934065934065934,91,54,60,3267,675.1648351648352,0.8221707344055176,1920.2,17.5
v27_seed2,58,2588.958541355776,4318.720703125,0.6292134831460674,89,56,60,3267,690.3370786516854,0.8178643584251404,1661.15,13.333333333333334
v27_seed2,59,2378.2410544118575,4406.76708984375,0.5376344086021505,93,50,60,3267,660.6451612903226,0.7889477014541626,1880.2833333333333,14.166666666666666
v27_seed2,60,2563.5720488385455,4320.10986328125,0.7195121951219512,82,59,60,3267,749.2682926829268,0.8350051045417786,1915.75,18.333333333333332
v27_seed2,61,2805.539844191218,4447.1064453125,0.6626506024096386,83,55,60,3267,740.2409638554217,0.8137872219085693,1642.2333333333333,12.5
v27_seed2,62,3029.5500363631986,4368.08251953125,0.8169014084507042,71,58,60,3267,865.3521126760563,0.79266357421875,1712.7,14.166666666666666
v27_seed2,63,2387.609777076957,4296.74169921875,0.5257731958762887,97,51,60,3267,633.4020618556701,0.7313485145568848,1817.0666666666666,16.666666666666668
v27_seed2,64,2681.76583597819,4320.296875,0.7333333333333333,75,55,60,3267,819.2,0.7297284007072449,2175.4,20.833333333333332
v27_seed2,65,2627.5886187669707,4610.63134765625,0.7073170731707317,82,58,60,3267,749.2682926829268,0.7257014513015747,1845.4166666666667,16.666666666666668
v27_seed2,66,2689.4164761134557,4316.767578125,0.6547619047619048,84,55,60,3267,731.4285714285714,0.6786119937896729,1994.85,17.5
v27_seed2,67,3019.3361977132163,4317.16796875,0.7333333333333333,75,55,60,3267,819.2,0.6923031806945801,1756.4666666666667,12.5
v27_seed2,68,2974.190253592826,4404.791015625,0.7702702702702703,74,57,60,3267,830.2702702702703,0.7100268602371216,1903.2833333333333,16.666666666666668
v27_seed2,69,2978.5184940291037,4314.0810546875,0.6666666666666666,81,54,60,3267,758.5185185185185,0.7123630046844482,1571.5666666666666,10.0
v27_seed2,70,2756.023111141429,4352.9501953125,0.611764705882353,85,52,60,3267,722.8235294117648,0.6307913064956665,1837.4166666666667,14.166666666666666
v27_seed2,71,2837.6904376983643,4319.98974609375,0.725,80,58,60,3267,768.0,0.7079527974128723,1786.0166666666667,15.0
v27_seed2,72,2862.660495654957,4403.79052734375,0.7837837837837838,74,58,60,3267,830.2702702702703,0.6502479314804077,1935.2833333333333,17.5
v27_seed2,73,3115.2854972507644,4358.02001953125,0.8260869565217391,69,57,60,3267,890.4347826086956,0.6355113387107849,1917.7,15.833333333333334
v27_seed2,74,2992.120756312779,4435.31494140625,0.8142857142857143,70,57,60,3267,877.7142857142857,0.6207925081253052,1940.6833333333334,18.333333333333332
v27_seed2,75,2757.474639892578,4403.7900390625,0.8405797101449275,69,58,60,3267,890.4347826086956,0.6334747672080994,2170.7166666666667,20.833333333333332
v27_seed2,76,2846.5255753800675,4403.79638671875,0.7432432432432432,74,55,60,3267,830.2702702702703,0.6188899874687195,2070.616666666667,18.333333333333332
v27_seed2,77,2729.6990252600776,4319.248046875,0.7777777777777778,72,56,60,3267,853.3333333333334,0.5604333877563477,2335.55,20.833333333333332
v27_seed2,78,2714.9731696141907,4403.77734375,0.726027397260274,73,53,60,3267,841.6438356164383,0.521915078163147,2305.3333333333335,20.833333333333332
v27_seed2,79,3087.2216139573316,4403.791015625,0.8769230769230769,65,57,60,3267,945.2307692307693,0.5954777002334595,1998.3,15.833333333333334
v27_seed2,80,2809.7674648400507,4404.791015625,0.8787878787878788,66,58,60,3267,930.9090909090909,0.5760547518730164,2373.5,24.166666666666668
v27_seed2,81,2852.735283516549,4319.54833984375,0.7432432432432432,74,55,60,3267,830.2702702702703,0.5678862929344177,2081.483333333333,18.333333333333332
v27_seed2,82,2935.8793239308825,4403.79248046875,0.8208955223880597,67,55,60,3267,917.0149253731344,0.5378962159156799,2114.25,17.5
v27_seed2,83,3036.578961824116,4353.9609375,0.7105263157894737,76,54,60,3267,808.421052631579,0.5524166226387024,1857.45,15.0
v27_seed2,84,3059.655305724213,4403.77685546875,0.8405797101449275,69,58,60,3267,890.4347826086956,0.5294972658157349,1996.9333333333334,18.333333333333332
v27_seed2,85,2762.6544563802086,4404.78759765625,0.72,75,54,60,3267,819.2,0.5477442145347595,2202.8166666666666,21.666666666666668
v27_seed2,86,2760.7027048304462,4404.79248046875,0.7681159420289855,69,53,60,3267,890.4347826086956,0.5264886617660522,2345.35,24.166666666666668
v27_seed2,87,2796.690486459171,4403.791015625,0.8235294117647058,68,56,60,3267,903.5294117647059,0.5301389098167419,2336.133333333333,23.333333333333332
v27_seed2,88,3169.806579127456,4318.32958984375,0.8333333333333334,66,55,60,3267,930.9090909090909,0.5191018581390381,1929.4333333333334,15.0
v27_seed2,89,2773.869192154681,4403.80517578125,0.9344262295081968,61,57,60,3267,1007.2131147540983,0.5446330308914185,2605.8333333333335,25.833333333333332
v27_seed2,90,2559.703476376004,4403.791015625,0.7638888888888888,72,55,60,3267,853.3333333333334,0.5284087061882019,2543.3333333333335,25.833333333333332
v27_seed2,91,2826.357466400647,4404.79541015625,0.9016393442622951,61,55,60,3267,1007.2131147540983,0.500220537185669,2469.05,23.333333333333332
v27_seed2,92,2891.043416149211,4870.0146484375,1.0,53,55,60,3267,1159.245283018868,0.4772549271583557,2534.633333333333,22.5
v27_seed2,93,2697.7276784962623,4404.166015625,0.9655172413793104,58,56,60,3267,1059.3103448275863,0.48743078112602234,2562.5666666666666,23.333333333333332
v27_seed2,94,2854.4373296922254,4404.80029296875,0.9032258064516129,62,56,60,3267,990.9677419354839,0.41347959637641907,2554.7166666666667,24.166666666666668
v27_seed2,95,2959.538289794922,4404.12841796875,1.0,50,59,60,3267,1228.8,0.4552484452724457,2781.516666666667,27.5
v27_seed2,96,2942.056001281738,4405.1533203125,0.9166666666666666,60,55,60,3267,1024.0,0.4707537293434143,2373.266666666667,21.666666666666668
v27_seed2,97,2828.6171904343823,4405.8017578125,1.0,52,57,60,3267,1181.5384615384614,0.450537770986557,2759.9666666666667,28.333333333333332
v27_seed2,98,2818.3074267750053,4404.787109375,0.7605633802816901,71,54,60,3267,865.3521126760563,0.3658779561519623,2245.7,18.333333333333332
v27_seed2,99,3099.3458862304688,4404.802734375,0.9821428571428571,56,55,60,3267,1097.142857142857,0.43424466252326965,2288.2833333333333,18.333333333333332
v27_seed2,100,3223.139393356611,4404.80615234375,1.0,53,57,60,3267,1159.245283018868,0.44386106729507446,2492.383333333333,23.333333333333332
v27_seed2,101,2770.588408946991,4404.80712890625,0.828125,64,53,60,3267,960.0,0.3936556875705719,2442.6,22.5
v27_seed2,102,2851.9371497521033,4404.72607421875,0.8769230769230769,65,57,60,3267,945.2307692307693,0.43308225274086,2362.3333333333335,21.666666666666668
v27_seed2,103,3072.6561762029473,4404.791015625,1.0,55,55,60,3267,1117.090909090909,0.4214281737804413,2363.0,20.833333333333332
v27_seed2,104,3034.839037068685,4403.8017578125,0.95,60,57,60,3267,1024.0,0.4188460409641266,2367.5333333333333,20.0
v27_seed2,105,2840.7382167469373,4403.8076171875,1.0,44,57,60,3267,1396.3636363636363,0.3738568425178528,3046.983333333333,31.666666666666668
v27_seed2,106,2820.9901101248606,4549.7734375,1.0,49,58,60,3267,1253.8775510204082,0.3955554962158203,2834.2,30.833333333333332
v27_seed2,107,2668.377239900477,4403.80322265625,0.7941176470588235,68,54,60,3267,903.5294117647059,0.3620237112045288,2593.3,22.5
v27_seed2,108,2900.7680615743,4403.80810546875,0.9833333333333333,60,59,60,3267,1024.0,0.3745995759963989,2445.133333333333,22.5
v27_seed2,109,2632.6409368999934,4405.8017578125,0.9322033898305084,59,55,60,3267,1041.3559322033898,0.3478502631187439,2855.8333333333335,30.0
v27_seed2,110,2714.441580418178,4404.8017578125,0.7285714285714285,70,51,60,3267,877.7142857142857,0.3674684166908264,2511.5666666666666,21.666666666666668
v27_seed2,111,2772.4587451482225,4404.79296875,0.9152542372881356,59,54,60,3267,1041.3559322033898,0.3767543435096741,2573.7833333333333,23.333333333333332
v27_seed2,112,2587.625204756453,4404.78759765625,0.7432432432432432,74,55,60,3267,830.2702702702703,0.4028676748275757,2380.4666666666667,22.5
v27_seed2,113,2525.3037154586227,4592.8955078125,1.0,54,58,60,3267,1137.7777777777778,0.34237587451934814,2971.1833333333334,32.5
v27_seed2,114,2663.5689086914062,4403.80078125,1.0,51,58,60,3267,1204.7058823529412,0.33510255813598633,2981.116666666667,30.0
v27_seed2,115,2480.8149844578334,4404.7890625,1.0,56,58,60,3267,1097.142857142857,0.34221526980400085,2922.8333333333335,30.0
v27_seed2,116,2882.0753252301897,4405.77685546875,0.7857142857142857,70,55,60,3267,877.7142857142857,0.38305574655532837,2325.75,20.833333333333332
v27_seed2,117,2458.880383066031,4404.13330078125,0.8307692307692308,65,54,60,3267,945.2307692307693,0.29390203952789307,2614.0666666666666,25.0
v27_seed2,118,2682.517596745895,4404.14208984375,0.9491525423728814,59,56,60,3267,1041.3559322033898,0.3586916923522949,2660.5833333333335,25.833333333333332
v27_seed2,119,2644.068977217241,4404.79248046875,0.9454545454545454,55,52,60,3267,1117.090909090909,0.3848661184310913,2765.5666666666666,25.0
v27_seed2,120,2395.484499867757,4406.18505859375,0.9,60,54,60,3267,1024.0,0.3225274980068207,2926.7,32.5
v27_seed2,121,2593.2901391601563,4550.404296875,1.0,50,57,60,3267,1228.8,0.3498515486717224,2859.3333333333335,30.0
v27_seed2,122,2639.989314638335,4601.2744140625,0.9827586206896551,58,57,60,3267,1059.3103448275863,0.3589087426662445,2728.633333333333,27.5
v27_seed2,123,2639.2055655216827,4403.8017578125,0.8260869565217391,69,57,60,3267,890.4347826086956,0.3208308815956116,2418.0333333333333,24.166666666666668
v27_seed2,124,2790.660317451723,4405.8095703125,0.9193548387096774,62,57,60,3267,990.9677419354839,0.34800663590431213,2606.0,25.0
v27_seed2,125,2478.561457726263,4550.43408203125,0.9354838709677419,62,58,60,3267,990.9677419354839,0.3215848505496979,2937.0,33.333333333333336
v27_seed2,126,2661.769320452655,4406.53662109375,1.0,54,57,60,3267,1137.7777777777778,0.3192041218280792,2914.883333333333,29.166666666666668
v27_seed2,127,2723.1216524909523,4404.79931640625,0.8088235294117647,68,55,60,3267,903.5294117647059,0.3257737159729004,2480.383333333333,23.333333333333332
v27_seed2,128,2519.3220054081507,4406.12548828125,1.0,56,56,60,3267,1097.142857142857,0.36924469470977783,2988.233333333333,30.0
v27_seed2,129,2485.3650743961334,4404.79736328125,0.875,64,56,60,3267,960.0,0.34902244806289673,2749.0,26.666666666666668
v27_seed2,130,2640.410489400228,4406.58251953125,1.0,48,57,60,3267,1280.0,0.3234981894493103,2813.4166666666665,28.333333333333332
v27_seed2,131,2470.8533068670745,4550.7646484375,0.7971014492753623,69,55,60,3267,890.4347826086956,0.34806323051452637,2733.35,25.0
v27_seed2,132,2334.866044813587,4406.505859375,0.9354838709677419,62,58,60,3267,990.9677419354839,0.29973721504211426,2781.2833333333333,28.333333333333332
v27_seed2,133,2658.7995494719476,4404.15087890625,0.8870967741935484,62,55,60,3267,990.9677419354839,0.3226606845855713,2603.616666666667,23.333333333333332
v27_seed2,134,2642.8525144932632,4551.45458984375,0.9322033898305084,59,55,60,3267,1041.3559322033898,0.3199807405471802,2792.116666666667,26.666666666666668
v27_seed2,135,2309.3415236253004,4550.70458984375,0.8923076923076924,65,58,60,3267,945.2307692307693,0.3158802092075348,2890.633333333333,31.666666666666668
v27_seed2,136,2803.5874198631004,4406.125,1.0,54,59,60,3267,1137.7777777777778,0.2867923378944397,2807.733333333333,25.0
v27_seed2,137,2646.8300784024327,4404.818359375,1.0,55,59,60,3267,1117.090909090909,0.326705664396286,2867.1833333333334,30.0
v27_seed2,138,2445.1034947148078,4403.810546875,1.0,54,55,60,3267,1137.7777777777778,0.27952826023101807,3092.2833333333333,30.833333333333332
v27_seed2,139,2500.843257246346,4550.564453125,0.9827586206896551,58,57,60,3267,1059.3103448275863,0.33204779028892517,2978.1,30.833333333333332
v27_seed2,140,2510.5536382147607,4403.79931640625,1.0,47,55,60,3267,1307.2340425531916,0.30530691146850586,3090.05,31.666666666666668
v27_seed2,141,2750.145698793473,4552.443359375,0.9516129032258065,62,59,60,3267,990.9677419354839,0.2844242453575134,2562.4166666666665,26.666666666666668
v27_seed2,142,2527.5328290303546,4404.80322265625,0.9166666666666666,60,55,60,3267,1024.0,0.2943604588508606,2810.75,27.5
v27_seed2,143,2936.7992077338986,4404.8125,1.0,41,60,60,3267,1498.5365853658536,0.2801196277141571,3081.95,31.666666666666668
v27_seed2,144,2543.3875033569334,4405.7978515625,1.0,50,58,60,3267,1228.8,0.31908783316612244,3202.15,33.333333333333336
v27_seed2,145,2037.5243673778716,4405.81494140625,0.6309523809523809,84,53,60,3267,731.4285714285714,0.3042238652706146,2851.7833333333333,31.666666666666668
v27_seed2,146,2455.698960763437,4550.07373046875,1.0,54,59,60,3267,1137.7777777777778,0.2866867184638977,3052.5833333333335,31.666666666666668
v27_seed2,147,2597.8103053206105,4404.8154296875,0.9491525423728814,59,56,60,3267,1041.3559322033898,0.2898038625717163,3006.983333333333,30.0
v27_seed2,148,2776.548064650151,4605.87451171875,1.0,57,59,60,3267,1077.8947368421052,0.31889814138412476,2709.9333333333334,23.333333333333332
v27_seed2,149,2622.5301653887773,4405.78076171875,0.7702702702702703,74,57,60,3267,830.2702702702703,0.2921764850616455,2525.4,25.0
v27_seed2,150,2467.0293860599913,4404.81005859375,1.0,58,58,60,3267,1059.3103448275863,0.2682904601097107,2891.8333333333335,29.166666666666668
v27_seed2,151,2526.6708756831654,4407.67431640625,1.0,57,58,60,3267,1077.8947368421052,0.2958407998085022,2881.8333333333335,30.833333333333332
v27_seed2,152,2306.9606416346664,4550.71484375,0.9491525423728814,59,56,60,3267,1041.3559322033898,0.31429022550582886,3089.9333333333334,31.666666666666668
v27_seed2,153,2364.959906606963,4404.8017578125,0.8333333333333334,66,55,60,3267,930.9090909090909,0.293917715549469,2903.1,28.333333333333332
v27_seed2,154,2155.975345914326,4406.15625,0.8888888888888888,63,56,60,3267,975.2380952380952,0.31710463762283325,3062.883333333333,31.666666666666668
v27_seed2,155,2451.7375160073334,4405.9140625,1.0,53,58,60,3267,1159.245283018868,0.2536018192768097,3187.6833333333334,33.333333333333336
v27_seed2,156,2255.9945086854877,4404.7919921875,0.8787878787878788,66,58,60,3267,930.9090909090909,0.2600301504135132,2946.9333333333334,30.833333333333332
v27_seed2,157,2332.050419147198,4404.80712890625,1.0,52,58,60,3267,1181.5384615384614,0.2960772216320038,3118.3,32.5
v27_seed2,158,2379.2195587158203,4609.8544921875,1.0,58,58,60,3267,1059.3103448275863,0.26770108938217163,2845.85,28.333333333333332
v27_seed2,159,2293.1281154237945,4406.166015625,1.0,58,58,60,3267,1059.3103448275863,0.2560018301010132,3070.55,34.166666666666664
v27_seed2,160,2527.6729703417013,4405.80517578125,1.0,51,60,60,3267,1204.7058823529412,0.304351806640625,3157.2,33.333333333333336
v27_seed2,161,2278.2992433117283,4404.798828125,0.8709677419354839,62,54,60,3267,990.9677419354839,0.29633331298828125,3089.133333333333,33.333333333333336
v27_seed2,162,2637.664360951569,4593.7861328125,0.9661016949152542,59,57,60,3267,1041.3559322033898,0.2820606827735901,2726.233333333333,25.833333333333332
v27_seed2,163,2269.4357727050783,4552.484375,0.9166666666666666,60,55,60,3267,1024.0,0.2651492953300476,3133.95,32.5
v27_seed2,164,2348.9773067898223,4405.8017578125,0.8888888888888888,63,56,60,3267,975.2380952380952,0.2903347313404083,2742.0666666666666,28.333333333333332
v27_seed2,165,2207.273505412357,4873.4736328125,0.8169014084507042,71,58,60,3267,865.3521126760563,0.25031551718711853,2880.4666666666667,31.666666666666668
v27_seed2,166,2440.8422085376496,4404.81005859375,1.0,47,56,60,3267,1307.2340425531916,0.25202226638793945,3306.5666666666666,35.833333333333336
v27_seed2,167,1934.309092445979,4405.14111328125,0.873015873015873,63,55,60,3267,975.2380952380952,0.24994584918022156,3221.866666666667,35.833333333333336
v27_seed2,168,2097.1021626790366,4550.4443359375,0.7333333333333333,75,55,60,3267,819.2,0.2318945974111557,2930.0333333333333,31.666666666666668
v27_seed2,169,2350.6673505147296,4405.95361328125,0.9,60,54,60,3267,1024.0,0.250151664018631,2778.1,25.833333333333332
v27_seed2,170,2263.1018949939357,4404.8046875,0.9193548387096774,62,57,60,3267,990.9677419354839,0.24606113135814667,2920.1666666666665,29.166666666666668
v27_seed2,171,1919.413654493249,4404.80908203125,0.7971014492753623,69,55,60,3267,890.4347826086956,0.24039138853549957,3061.9,31.666666666666668
v27_seed2,172,2103.5209874333564,4404.80322265625,0.7297297297297297,74,54,60,3267,830.2702702702703,0.25572529435157776,2786.983333333333,28.333333333333332
v27_seed2,173,2217.161089658737,4609.65576171875,0.859375,64,55,60,3267,960.0,0.24661734700202942,2720.05,26.666666666666668
v27_seed2,174,1569.2059884673183,4404.79833984375,0.4854368932038835,103,50,60,3267,596.504854368932,0.22998365759849548,2767.8,31.666666666666668
v27_seed2,175,1602.101812985864,4403.80029296875,0.39603960396039606,101,40,60,3267,608.3168316831683,0.23847061395645142,2572.9333333333334,24.166666666666668
v27_seed2,176,1505.2982359855405,4364.26904296875,0.3387096774193548,124,42,60,3267,495.48387096774195,0.22251594066619873,2125.233333333333,21.666666666666668
v27_seed2,177,1162.4957436575016,4405.77294921875,0.31690140845070425,142,45,60,3267,432.67605633802816,0.22488883137702942,2507.2166666666667,28.333333333333332
v27_seed2,178,1228.445284873561,4441.0810546875,0.12105263157894737,190,23,60,3267,323.36842105263156,0.24656261503696442,1573.4,10.0
v27_seed2,179,1161.6835085800271,4366.43896484375,0.13725490196078433,153,21,60,3267,401.5686274509804,0.2905573844909668,1531.6833333333334,11.666666666666666
v27_seed2,180,1180.8201607465744,4404.14453125,0.15625,128,20,60,3267,480.0,0.22053085267543793,1370.7166666666667,9.166666666666666
v27_seed2,181,1073.180765030232,4207.9140625,0.09929078014184398,141,14,60,3266,435.74468085106383,0.3016604483127594,1235.15,8.333333333333334
v27_seed2,182,1058.660422092014,4403.7685546875,0.1037037037037037,135,14,60,3266,455.1111111111111,0.2780953049659729,1630.4666666666667,10.833333333333334
v27_seed2,183,1063.767664448599,4302.77880859375,0.06741573033707865,178,12,60,3266,345.1685393258427,0.3088391125202179,1221.0666666666666,5.833333333333333
v27_seed2,184,1259.1288521137644,4143.67333984375,0.05851063829787234,188,11,60,3267,326.8085106382979,0.28136003017425537,1284.8166666666666,3.3333333333333335
v27_seed2,185,1230.6118716398876,3619.75048828125,0.08333333333333333,192,16,60,3267,320.0,0.24280457198619843,1687.25,11.666666666666666
v27_seed2,186,1148.1111750003681,4132.75146484375,0.06030150753768844,199,12,60,3267,308.7437185929648,0.2216355800628662,1492.9166666666667,9.166666666666666
v27_seed2,187,1204.3095440380075,4302.08935546875,0.0427807486631016,187,8,60,3267,328.5561497326203,0.2718539237976074,1522.6666666666667,5.0
v27_seed2,188,1249.5476337092937,4230.88671875,0.054455445544554455,202,11,60,3266,304.15841584158414,0.23539602756500244,1167.0333333333333,5.0
v27_seed2,189,1254.8869851733011,4319.98779296875,0.0582010582010582,189,11,60,3266,325.07936507936506,0.15487051010131836,1365.0,6.666666666666667
v27_seed2,190,1170.3888432429387,4150.69287109375,0.038461538461538464,208,8,60,3267,295.38461538461536,0.16882988810539246,1339.1833333333334,5.0
v27_seed2,191,1109.6555877839676,3894.69140625,0.03535353535353535,198,7,60,3267,310.3030303030303,0.14783000946044922,1152.3,4.166666666666667
v27_seed2,192,1126.9087676292243,3443.19287109375,0.013953488372093023,215,3,60,3267,285.7674418604651,0.14574456214904785,907.7333333333333,1.6666666666666667
v27_seed2,193,1216.418464445125,4145.34521484375,0.03954802259887006,177,7,60,3267,347.1186440677966,0.13569766283035278,1022.1333333333333,1.6666666666666667
v27_seed2,194,977.022942482157,3747.75048828125,0.026595744680851064,188,5,60,3267,326.8085106382979,0.14494872093200684,1177.3333333333333,3.3333333333333335
v27_seed2,195,1001.8519753848805,4159.59326171875,0.016042780748663103,187,3,60,3266,328.5561497326203,0.11695820093154907,948.45,0.8333333333333334
v27_seed2,196,1056.167741034441,4142.80517578125,0.025477707006369428,157,4,60,3266,391.3375796178344,0.17918068170547485,863.9666666666667,1.6666666666666667
v27_seed2,197,1063.17733318485,4317.177734375,0.011695906432748537,171,2,60,3266,359.29824561403507,0.13477516174316406,786.3333333333334,0.8333333333333334
v27_seed2,198,1047.0756784150094,3598.401123046875,0.030303030303030304,165,5,60,3266,372.3636363636364,0.15818627178668976,1076.4166666666667,2.5
v27_seed2,199,1086.8919139241063,3756.750732421875,0.029069767441860465,172,5,60,3266,357.2093023255814,0.17023582756519318,923.9666666666667,2.5
v27_seed2,200,1080.1467395271222,3893.940673828125,0.020618556701030927,194,4,60,3266,316.70103092783506,0.1539057493209839,891.5166666666667,1.6666666666666667
v27_seed2,201,1041.6202819271864,3334.97265625,0.004524886877828055,221,1,60,3266,278.00904977375563,0.13169708847999573,908.1166666666667,0.8333333333333334
v27_seed2,202,1089.3183233781294,3733.75146484375,0.013636363636363636,220,3,60,3266,279.27272727272725,0.14756342768669128,933.3666666666667,1.6666666666666667
v27_seed2,203,1062.4349695709702,3748.75048828125,0.02072538860103627,193,4,60,3267,318.3419689119171,0.10391834378242493,1034.5333333333333,1.6666666666666667
v27_seed2,204,1167.271381419192,4366.78759765625,0.021505376344086023,186,4,60,3266,330.3225806451613,0.1533105969429016,787.8333333333334,1.6666666666666667
v27_seed2,205,1245.3295351225754,4156.80322265625,0.022988505747126436,174,4,60,3266,353.1034482758621,0.1313086897134781,1000.4,1.6666666666666667
v27_seed2,206,1206.387188916136,3780.75048828125,0.014778325123152709,203,3,60,3266,302.6600985221675,0.12609483301639557,865.9666666666667,2.5
v27_seed2,207,1139.074032203824,3428.282958984375,0.004901960784313725,204,1,60,3266,301.1764705882353,0.15104486048221588,996.9333333333333,0.8333333333333334
v27_seed2,208,1183.5798467535722,3934.75048828125,0.005263157894736842,190,1,60,3266,323.36842105263156,0.1726115643978119,887.7833333333333,0.8333333333333334
v27_seed2,209,1165.0089814322334,3908.890625,0.015306122448979591,196,3,60,3266,313.46938775510205,0.17166724801063538,957.3666666666667,1.6666666666666667
v27_seed2,210,1220.902276958534,4142.1142578125,0.023952095808383235,167,4,60,3267,367.90419161676647,0.22846511006355286,984.0,2.5
v27_seed2,211,1167.6666561929803,3977.75048828125,0.06578947368421052,152,10,60,3266,404.2105263157895,0.2667886018753052,1031.25,6.666666666666667
v27_seed2,212,1237.613588101602,3600.702392578125,0.023121387283236993,173,4,60,3267,355.1445086705202,0.15290114283561707,842.0666666666667,0.8333333333333334
v27_seed2,213,1256.5470181900935,3733.8115234375,0.039735099337748346,151,6,60,3266,406.887417218543,0.21988895535469055,877.8666666666667,2.5
v27_seed2,214,1181.3691376974416,3920.75048828125,0.011627906976744186,172,2,60,3266,357.2093023255814,0.17449921369552612,909.4333333333333,1.6666666666666667
v27_seed2,215,1184.07171330827,4448.759765625,0.02247191011235955,178,4,60,3266,345.1685393258427,0.1622912436723709,952.25,1.6666666666666667
v27_seed2,216,1133.867693942526,3266.661376953125,0.005434782608695652,184,1,60,3266,333.9130434782609,0.13796421885490417,877.7333333333333,0.8333333333333334
v27_seed2,217,1127.446946393093,3268.383056640625,0.0049261083743842365,203,1,60,3266,302.6600985221675,0.11916310340166092,927.3666666666667,0.8333333333333334
v27_seed2,218,1131.1396202736712,3265.75048828125,0.005319148936170213,188,1,60,3266,326.8085106382979,0.12904465198516846,1020.9,0.8333333333333334
v27_seed2,219,1135.9429601794945,2690.7763671875,0.0,167,0,60,2750,367.90419161676647,0.17448538541793823,1118.5666666666666,
v27_seed2,220,1114.6181835281516,3268.453125,0.004672897196261682,214,1,60,3266,287.10280373831773,0.12968604266643524,898.25,0.8333333333333334
v27_seed2,221,1151.0634767744277,3619.75048828125,0.013888888888888888,216,3,60,3267,284.44444444444446,0.11668659746646881,1049.65,2.5
v27_seed2,222,1136.5600867696328,3556.861572265625,0.01485148514851485,202,3,60,3267,304.15841584158414,0.11306597292423248,1066.5666666666666,2.5
v27_seed2,223,1208.7771402744236,3749.662353515625,0.019704433497536946,203,4,60,3266,302.6600985221675,0.10923357307910919,1086.3833333333334,3.3333333333333335
v27_seed2,224,1148.4469893171981,3587.75048828125,0.018018018018018018,222,4,60,3266,276.7567567567568,0.091313935816288,881.2833333333333,2.5
v27_seed2,225,1174.491660447554,2694.245849609375,0.0,220,0,60,2754,279.27272727272725,0.1265496015548706,788.25,
v27_seed2,226,1178.7606662731266,3589.6923828125,0.004975124378109453,201,1,60,3266,305.67164179104475,0.13783317804336548,956.4666666666667,0.8333333333333334
v27_seed2,227,1177.142218961844,2526.706298828125,0.0,223,0,60,2586,275.5156950672646,0.1190871149301529,778.3166666666667,
v27_seed2,228,1166.3917598724365,3589.171875,0.014423076923076924,208,3,60,3266,295.38461538461536,0.1297278106212616,1081.4,2.5
v27_seed2,229,1187.5449556421352,3596.902587890625,0.023148148148148147,216,5,60,3266,284.44444444444446,0.09667156636714935,1084.7166666666667,2.5
v27_seed2,230,1140.9086778251287,3268.483154296875,0.005235602094240838,191,1,60,3266,321.67539267015707,0.09903258830308914,750.6333333333333,0.8333333333333334
v27_seed2,231,1160.043032536741,3585.801513671875,0.00546448087431694,183,1,60,3266,335.73770491803276,0.11092509329319,871.25,
v27_seed2,232,1166.830704436905,3747.75048828125,0.017241379310344827,174,3,60,3266,353.1034482758621,0.1672603189945221,1084.6666666666667,1.6666666666666667
v27_seed2,233,1249.1370593681538,3910.8916015625,0.026455026455026454,189,5,60,3267,325.07936507936506,0.11440350860357285,1299.3833333333334,2.5
v27_seed2,234,1228.5608796619233,3337.412353515625,0.011904761904761904,168,2,60,3266,365.7142857142857,0.09549187123775482,795.8333333333334,1.6666666666666667
v27_seed2,235,1240.144484111241,3322.26318359375,0.011904761904761904,168,2,60,3266,365.7142857142857,0.09858937561511993,862.2,1.6666666666666667
v27_seed2,236,1101.3540058482777,3433.542236328125,0.00909090909090909,220,2,60,3266,279.27272727272725,0.11935576796531677,898.9333333333333,0.8333333333333334
v27_seed2,237,1207.0092005411784,3750.750732421875,0.01904761904761905,210,4,60,3266,292.57142857142856,0.11519010365009308,1025.15,3.3333333333333335
v27_seed2,238,1144.5312866983534,3588.75048828125,0.012658227848101266,237,3,60,3267,259.24050632911394,0.12270097434520721,860.9166666666666,1.6666666666666667
v27_seed2,239,1257.4337874432,3555.75048828125,0.05102040816326531,196,10,60,3267,313.46938775510205,0.11374950408935547,1235.5,5.833333333333333
v27_seed2,240,1165.0327561826123,3587.75048828125,0.02040816326530612,196,4,60,3266,313.46938775510205,0.1180012971162796,1055.3,3.3333333333333335
v27_seed2,241,1120.75083760862,3779.75048828125,0.032407407407407406,216,7,60,3266,284.44444444444446,0.13457685708999634,1101.8833333333334,5.833333333333333
v27_seed2,242,1141.7284806513153,3593.682373046875,0.01327433628318584,226,3,60,3266,271.85840707964604,0.12837788462638855,923.3833333333333,1.6666666666666667
v27_seed2,243,1282.1027724828475,3555.75048828125,0.005128205128205128,195,1,60,3266,315.0769230769231,0.1298290640115738,1154.4666666666667,0.8333333333333334
v27_seed2,244,1255.916807418751,3555.75048828125,0.03317535545023697,211,7,60,3267,291.18483412322274,0.10906293988227844,1228.45,5.833333333333333
v27_seed2,245,1209.3904277305433,3602.382080078125,0.026905829596412557,223,6,60,3266,275.5156950672646,0.107655368745327,1010.5,4.166666666666667
v27_seed2,246,1240.9403979689987,3587.75048828125,0.013888888888888888,216,3,60,3266,284.44444444444446,0.08655950427055359,1073.7166666666667,2.5
v27_seed2,247,1262.582455927012,3588.75048828125,0.030612244897959183,196,6,60,3267,313.46938775510205,0.10728856921195984,1269.6166666666666,5.0
v27_seed2,248,1281.4930793243705,3414.803466796875,0.024271844660194174,206,5,60,3267,298.252427184466,0.10412421822547913,1111.2333333333333,3.3333333333333335
v27_seed2,249,1255.689200124433,3433.362060546875,0.009216589861751152,217,2,60,3266,283.1336405529954,0.0803508311510086,999.8666666666667,0.8333333333333334
v27_seed3,0,788.7707165133569,1610.953857421875,0.9032258064516129,124,112,60,3267,495.48387096774195,1.7765569686889648,431.3333333333333,41.666666666666664
v27_seed3,1,903.5950739870789,1899.994140625,1.0,93,134,60,3267,660.6451612903226,1.7587215900421143,584.55,37.5
v27_seed3,2,545.1537839667742,2358.503173828125,0.4511627906976744,215,97,60,3267,285.7674418604651,1.7347925901412964,698.0833333333334,30.833333333333332
v27_seed3,3,568.5126903715587,2324.735595703125,0.3,210,63,60,3267,292.57142857142856,1.7092442512512207,666.7833333333333,19.166666666666668
v27_seed3,4,658.3098976715752,2153.69482421875,0.29891304347826086,184,55,60,3267,333.9130434782609,1.6697499752044678,778.9,20.833333333333332
v27_seed3,5,407.75825485399076,2641.4521484375,0.0745697896749522,523,39,60,3267,117.47609942638623,1.6640739440917969,711.1,13.333333333333334
v27_seed3,6,345.496195746539,2940.43212890625,0.02774108322324967,757,21,60,3267,81.16248348745046,1.642311692237854,741.9666666666667,8.333333333333334
v27_seed3,7,388.3224390866046,2769.853515625,0.0124804992199688,641,8,60,3266,95.85023400936038,1.675537347793579,485.3333333333333,1.6666666666666667
v27_seed3,8,412.21167582738065,3086.072998046875,0.01824212271973466,603,11,60,3267,101.8905472636816,1.658642292022705,501.3666666666667,3.3333333333333335
v27_seed3,9,367.488215637207,2852.99267578125,0.0048,625,3,60,3266,98.304,1.6590105295181274,373.3666666666667,1.6666666666666667
v27_seed3,10,365.13267842045536,3368.481201171875,0.011784511784511785,594,7,60,3266,103.43434343434343,1.6524183750152588,465.35,3.3333333333333335
v27_seed3,11,386.9906811508836,2516.305908203125,0.0,627,0,60,2762,97.99043062200957,1.631394863128662,265.85,
v27_seed3,12,399.7160013542801,2577.524169921875,0.003278688524590164,610,2,60,3267,100.72131147540983,1.578594446182251,362.03333333333336,
v27_seed3,13,433.737711009545,2252.235107421875,0.0070052539404553416,571,4,60,3266,107.60070052539405,1.5708656311035156,543.3666666666667,3.3333333333333335
v27_seed3,14,475.4384836756197,3234.4931640625,0.018796992481203006,532,10,60,3266,115.48872180451127,1.5376017093658447,660.2833333333333,5.0
v27_seed3,15,585.9231197822497,3031.91162109375,0.016908212560386472,414,7,60,3266,148.40579710144928,1.5078985691070557,709.8,4.166666666666667
v27_seed3,16,581.0276288413519,3428.011962890625,0.023310023310023312,429,10,60,3267,143.21678321678323,1.464855670928955,775.2166666666667,4.166666666666667
v27_seed3,17,581.5540853100902,3302.9609375,0.024608501118568233,447,11,60,3267,137.4496644295302,1.4208498001098633,793.9166666666666,5.0
v27_seed3,18,603.4498076823638,3613.431640625,0.029339853300733496,409,12,60,3267,150.2200488997555,1.3966668844223022,875.2166666666667,5.0
v27_seed3,19,769.0178535461425,3485.3623046875,0.036923076923076927,325,12,60,3266,189.04615384615386,1.3574068546295166,768.0666666666667,2.5
v27_seed3,20,668.1454530390298,3633.940673828125,0.02926829268292683,410,12,60,3267,149.85365853658536,1.335039496421814,899.15,5.0
v27_seed3,21,911.3899671876585,3841.821533203125,0.032467532467532464,308,10,60,3267,199.4805194805195,1.2478926181793213,1098.2333333333333,5.0
v27_seed3,22,1019.6342872230374,4017.750732421875,0.08571428571428572,245,21,60,3267,250.77551020408163,1.2790212631225586,1414.9833333333333,8.333333333333334
v27_seed3,23,939.3276277918394,4143.08251953125,0.047619047619047616,294,14,60,3267,208.9795918367347,1.3208084106445312,1536.6166666666666,9.166666666666666
v27_seed3,24,1033.2732130905677,3922.3310546875,0.03793103448275862,290,11,60,3267,211.86206896551724,1.2714626789093018,1119.1,4.166666666666667
v27_seed3,25,1104.635176989497,4193.51611328125,0.06938775510204082,245,17,60,3267,250.77551020408163,1.2659181356430054,1396.4166666666667,8.333333333333334
v27_seed3,26,1267.005559767592,4356.22021484375,0.11848341232227488,211,25,60,3267,291.18483412322274,1.2651686668395996,1362.7666666666667,11.666666666666666
v27_seed3,27,1256.3562820634468,4190.15478515625,0.06550218340611354,229,15,60,3266,268.29694323144105,1.2219727039337158,1285.0666666666666,6.666666666666667
v27_seed3,28,1389.5980940339316,4208.755859375,0.16574585635359115,181,30,60,3267,339.4475138121547,1.275456190109253,1441.3833333333334,13.333333333333334
v27_seed3,29,1349.2588560316299,4192.1953125,0.13131313131313133,198,26,60,3267,310.3030303030303,1.2120882272720337,1553.5333333333333,11.666666666666666
v27_seed3,30,1372.1702458775458,4197.68408203125,0.11940298507462686,201,24,60,3267,305.67164179104475,1.2107601165771484,1373.9166666666667,10.0
v27_seed3,31,1458.184237882581,4300.810546875,0.13872832369942195,173,24,60,3267,355.1445086705202,1.161692500114441,1786.2,13.333333333333334
v27_seed3,32,1314.808642015959,4158.373046875,0.13157894736842105,190,25,60,3266,323.36842105263156,1.150018572807312,1790.5,15.0
v27_seed3,33,1391.1150479997907,4141.474609375,0.19642857142857142,168,33,60,3267,365.7142857142857,1.1109260320663452,1836.45,17.5
v27_seed3,34,1718.0325870237489,4226.75732421875,0.2463768115942029,138,34,60,3267,445.2173913043478,1.1255587339401245,1877.5,15.833333333333334
v27_seed3,35,1591.8780190883538,4312.58056640625,0.23717948717948717,156,37,60,3267,393.84615384615387,1.038116455078125,1698.3,16.666666666666668
v27_seed3,36,1638.1087349083773,4312.95849609375,0.18471337579617833,157,29,60,3267,391.3375796178344,1.066678762435913,1719.6,14.166666666666666
v27_seed3,37,1808.0473835408186,4309.8779296875,0.35294117647058826,119,42,60,3267,516.3025210084033,1.0420253276824951,1892.0666666666666,17.5
v27_seed3,38,1835.093098640442,4347.853515625,0.41964285714285715,112,47,60,3267,548.5714285714286,1.0311830043792725,1967.8666666666666,17.5
v27_seed3,39,1683.279205918312,4299.01171875,0.3359375,128,43,60,3267,480.0,1.0089173316955566,2130.6666666666665,22.5
v27_seed3,40,1966.4789396654658,4339.232421875,0.3445378151260504,119,41,60,3267,516.3025210084033,0.9658142924308777,1733.7333333333333,15.0
v27_seed3,41,1954.35159380008,4321.4892578125,0.358974358974359,117,42,60,3267,525.1282051282051,0.9354581832885742,1888.8666666666666,15.0
v27_seed3,42,1894.132131591797,4434.95068359375,0.32,125,40,60,3267,491.52,0.8912146091461182,1748.2333333333333,14.166666666666666
v27_seed3,43,1837.812616418909,4314.9599609375,0.4537037037037037,108,49,60,3267,568.8888888888889,0.9050785303115845,2143.6,24.166666666666668
v27_seed3,44,1808.6519052054136,4306.73876953125,0.31297709923664124,131,41,60,3267,469.00763358778624,0.9030782580375671,1962.5,19.166666666666668
v27_seed3,45,2181.23761376275,4296.54150390625,0.5888888888888889,90,53,60,3267,682.6666666666666,0.8945860862731934,1992.6,20.833333333333332
v27_seed3,46,1829.3050852899967,4312.00830078125,0.3565217391304348,115,41,60,3266,534.2608695652174,0.8382552862167358,2095.116666666667,18.333333333333332
v27_seed3,47,2019.0264147494702,4309.94921875,0.44680851063829785,94,42,60,3267,653.6170212765958,0.8313361406326294,2177.266666666667,20.0
v27_seed3,48,2141.647903442383,4311.0,0.5730337078651685,89,51,60,3267,690.3370786516854,0.8858281373977661,2106.5833333333335,21.666666666666668
v27_seed3,49,2326.8402138175547,4330.21337890625,0.5494505494505495,91,50,60,3267,675.1648351648352,0.8849760293960571,1990.25,17.5
v27_seed3,50,2438.891205180775,4306.900390625,0.6022727272727273,88,53,60,3267,698.1818181818181,0.8531796932220459,1749.9166666666667,15.0
v27_seed3,51,2208.5738233049337,4307.65966796875,0.45794392523364486,107,49,60,3267,574.2056074766355,0.8306494355201721,1754.4,16.666666666666668
v27_seed3,52,2318.8402210871377,4310.05029296875,0.5208333333333334,96,50,60,3267,640.0,0.7786882519721985,1745.45,15.833333333333334
v27_seed3,53,2338.1959677706946,4314.099609375,0.5393258426966292,89,48,60,3267,690.3370786516854,0.807370662689209,2121.2166666666667,17.5
v27_seed3,54,2692.8459313964845,4296.611328125,0.72,75,54,60,3267,819.2,0.8168524503707886,1940.9666666666667,16.666666666666668
v27_seed3,55,2423.945622253418,4346.0908203125,0.51,100,51,60,3267,614.4,0.7991387844085693,1477.8333333333333,11.666666666666666
v27_seed3,56,2330.726267863795,4308.279296875,0.5257731958762887,97,51,60,3267,633.4020618556701,0.7259200811386108,1869.3,15.833333333333334
v27_seed3,57,2470.737445831299,4311.39208984375,0.5795454545454546,88,51,60,3267,698.1818181818181,0.7020720839500427,1980.7666666666667,17.5
v27_seed3,58,2309.9340250651044,4304.90966796875,0.5888888888888889,90,53,60,3267,682.6666666666666,0.7270241975784302,2069.4,19.166666666666668
v27_seed3,59,2489.164323743883,4340.37255859375,0.5824175824175825,91,53,60,3267,675.1648351648352,0.7414305210113525,1761.55,15.833333333333334
v27_seed3,60,2552.1598834302054,4305.58984375,0.6626506024096386,83,55,60,3267,740.2409638554217,0.7556552886962891,2134.8333333333335,21.666666666666668
v27_seed3,61,2632.2045909083167,4361.63232421875,0.6162790697674418,86,53,60,3267,714.4186046511628,0.6703370809555054,1673.6833333333334,13.333333333333334
v27_seed3,62,2498.962278226527,4403.7841796875,0.6585365853658537,82,54,60,3267,749.2682926829268,0.6769192218780518,2061.2,20.0
v27_seed3,63,3022.1981654575893,4316.6279296875,0.8142857142857143,70,57,60,3266,877.7142857142857,0.6380546689033508,1807.9166666666667,14.166666666666666
v27_seed3,64,2609.35127112979,4308.0595703125,0.6309523809523809,84,53,60,3267,731.4285714285714,0.6574640274047852,2086.3,18.333333333333332
v27_seed3,65,2303.509740964331,4309.41015625,0.5151515151515151,99,51,60,3267,620.6060606060606,0.6418818831443787,1973.2,18.333333333333332
v27_seed3,66,2469.861421064897,4347.43212890625,0.5681818181818182,88,50,60,3267,698.1818181818181,0.6496020555496216,2016.4666666666667,17.5
v27_seed3,67,2652.4193937413834,4311.11962890625,0.6470588235294118,85,55,60,3267,722.8235294117648,0.6808369755744934,1890.45,15.833333333333334
v27_seed3,68,2752.1761878291263,4306.662109375,0.7215189873417721,79,57,60,3267,777.7215189873418,0.6171551942825317,1815.2166666666667,14.166666666666666
v27_seed3,69,2562.273835717178,4306.91015625,0.6585365853658537,82,54,60,3267,749.2682926829268,0.6547247171401978,2005.3,17.5
v27_seed3,70,2782.241966923581,4304.6513671875,0.7215189873417721,79,57,60,3267,777.7215189873418,0.6451736092567444,1862.3333333333333,15.833333333333334
v27_seed3,71,2581.8308875505313,4304.8232421875,0.5697674418604651,86,49,60,3267,714.4186046511628,0.5944743752479553,1907.0833333333333,13.333333333333334
v27_seed3,72,2857.9310603997646,4311.74951171875,0.7051282051282052,78,55,60,3267,787.6923076923077,0.5959299802780151,1878.9666666666667,14.166666666666666
v27_seed3,73,2458.025957148126,4342.7958984375,0.5531914893617021,94,52,60,3267,653.6170212765958,0.59588223695755,1808.4833333333333,15.0
v27_seed3,74,2673.987419404179,4355.97314453125,0.6746987951807228,83,56,60,3267,740.2409638554217,0.5893108248710632,1732.6666666666667,15.0
v27_seed3,75,2608.9816982014972,4307.39990234375,0.7466666666666667,75,56,60,3267,819.2,0.5564283132553101,2135.133333333333,20.0
v27_seed3,76,2720.2142348516554,4304.47998046875,0.6428571428571429,84,54,60,3267,731.4285714285714,0.5241059064865112,1853.2666666666667,13.333333333333334
v27_seed3,77,2583.860171200184,4347.21142578125,0.6292134831460674,89,56,60,3267,690.3370786516854,0.5551760196685791,1858.8666666666666,15.833333333333334
v27_seed3,78,2228.5945231660885,4352.39453125,0.574468085106383,94,54,60,3267,653.6170212765958,0.5607964992523193,1932.3166666666666,17.5
v27_seed3,79,2151.1130789120994,4302.9697265625,0.5416666666666666,96,52,60,3267,640.0,0.5236364603042603,2018.3166666666666,17.5
v27_seed3,80,2412.204241300884,4307.08837890625,0.5263157894736842,95,50,60,3267,646.7368421052631,0.5151229500770569,1777.9666666666667,15.0
v27_seed3,81,2695.0904853457496,4375.8857421875,0.6666666666666666,84,56,60,3267,731.4285714285714,0.49484652280807495,1751.7166666666667,13.333333333333334
v27_seed3,82,2416.6321097479927,4306.10986328125,0.6333333333333333,90,57,60,3267,682.6666666666666,0.48318374156951904,1934.8833333333334,16.666666666666668
v27_seed3,83,2817.985510063171,4307.3203125,0.7125,80,57,60,3267,768.0,0.5205971002578735,1697.6333333333334,12.5
v27_seed3,84,2649.140771559727,4383.2333984375,0.7160493827160493,81,58,60,3267,758.5185185185185,0.47017309069633484,1900.3333333333333,15.833333333333334
v27_seed3,85,2657.517265227904,4305.6201171875,0.6746987951807228,83,56,60,3267,740.2409638554217,0.49405038356781006,1986.6333333333334,17.5
v27_seed3,86,2622.2102290807147,4306.111328125,0.6404494382022472,89,57,60,3267,690.3370786516854,0.5257251262664795,1824.9666666666667,15.0
v27_seed3,87,2556.705483943858,4308.27978515625,0.5851063829787234,94,55,60,3267,653.6170212765958,0.5202938318252563,1612.8,10.833333333333334
v27_seed3,88,2349.4382221952396,4377.79638671875,0.6170212765957447,94,58,60,3267,653.6170212765958,0.450791597366333,1765.05,16.666666666666668
v27_seed3,89,2755.9853221348353,4304.35205078125,0.6904761904761905,84,58,60,3267,731.4285714285714,0.44663548469543457,1806.0833333333333,15.0
v27_seed3,90,2910.389072907277,4305.07958984375,0.7307692307692307,78,57,60,3267,787.6923076923077,0.4263974130153656,1607.3833333333334,11.666666666666666
v27_seed3,91,2344.1556593153214,4372.8134765625,0.6222222222222222,90,56,60,3267,682.6666666666666,0.47261515259742737,1992.8166666666666,17.5
v27_seed3,92,1958.9601543079723,4306.02099609375,0.4909090909090909,110,54,60,3267,558.5454545454545,0.38207370042800903,1859.35,16.666666666666668
v27_seed3,93,2568.5928319009504,4404.1513671875,0.6629213483146067,89,59,60,3267,690.3370786516854,0.36980533599853516,1535.1166666666666,11.666666666666666
v27_seed3,94,2460.62226370878,4382.86328125,0.6162790697674418,86,53,60,3267,714.4186046511628,0.42390453815460205,2095.5333333333333,18.333333333333332
v27_seed3,95,2534.504298909505,4304.79052734375,0.6444444444444445,90,58,60,3267,682.6666666666666,0.3511675000190735,1735.75,14.166666666666666
v27_seed3,96,2543.7892449420433,4387.9853515625,0.5978260869565217,92,55,60,3267,667.8260869565217,0.39627307653427124,1624.3333333333333,10.833333333333334
v27_seed3,97,1877.8676905138739,4308.85009765625,0.4396551724137931,116,51,60,3267,529.6551724137931,0.32708585262298584,2000.3833333333334,19.166666666666668
v27_seed3,98,2059.1287355243035,4305.2021484375,0.46226415094339623,106,49,60,3267,579.622641509434,0.33569493889808655,2034.0,19.166666666666668
v27_seed3,99,1997.8949934126022,4692.28662109375,0.4774774774774775,111,53,60,3267,553.5135135135135,0.3140610158443451,1943.2333333333333,16.666666666666668
v27_seed3,100,2039.3389858518328,4354.31298828125,0.42857142857142855,112,48,60,3267,548.5714285714286,0.3033221662044525,1899.7833333333333,15.833333333333334
v27_seed3,101,2128.717440114438,4355.92333984375,0.49514563106796117,103,51,60,3267,596.504854368932,0.33894163370132446,1796.8333333333333,15.0
v27_seed3,102,1908.6667368570963,4306.4599609375,0.5142857142857142,105,54,60,3267,585.1428571428571,0.28685060143470764,2153.483333333333,22.5
v27_seed3,103,1921.4367208394917,4387.1728515625,0.45045045045045046,111,50,60,3267,553.5135135135135,0.31974276900291443,1938.0,19.166666666666668
v27_seed3,104,1463.4333428775562,4323.7587890625,0.3161764705882353,136,43,60,3267,451.7647058823529,0.3112815022468567,2222.866666666667,21.666666666666668
v27_seed3,105,2054.8559199067736,4376.4912109375,0.5051546391752577,97,49,60,3267,633.4020618556701,0.30319228768348694,1888.6333333333334,15.833333333333334
v27_seed3,106,2081.9555413482385,4355.04443359375,0.44954128440366975,109,49,60,3267,563.6697247706422,0.27181476354599,1741.8166666666666,11.666666666666666
v27_seed3,107,1857.758714330478,4350.482421875,0.3543307086614173,127,45,60,3267,483.7795275590551,0.281459242105484,1722.9333333333334,15.833333333333334
v27_seed3,108,1532.9229338940956,4319.3447265625,0.302158273381295,139,42,60,3267,442.0143884892086,0.2544638514518738,2271.85,20.0
v27_seed3,109,1763.8471856924205,4343.9130859375,0.3230769230769231,130,42,60,3267,472.61538461538464,0.263443261384964,1632.45,12.5
v27_seed3,110,1502.5422834738706,4306.97021484375,0.2692307692307692,156,42,60,3267,393.84615384615387,0.30422404408454895,1771.8166666666666,14.166666666666666
v27_seed3,111,1304.9923249301532,4303.5302734375,0.2119205298013245,151,32,60,3267,406.887417218543,0.28503066301345825,2424.6,22.5
v27_seed3,112,1255.211104657573,4352.44140625,0.2064516129032258,155,32,60,3267,396.38709677419354,0.23799030482769012,2250.133333333333,20.833333333333332
v27_seed3,113,1626.4054647272283,4286.86279296875,0.34545454545454546,110,38,60,3267,558.5454545454545,0.3166112005710602,2144.4666666666667,20.0
v27_seed3,114,1479.9509031772614,4287.7607421875,0.2421875,128,31,60,3267,480.0,0.3263183534145355,1596.6333333333334,13.333333333333334
v27_seed3,115,1392.2562907484712,4389.39990234375,0.30327868852459017,122,37,60,3266,503.60655737704917,0.26572293043136597,2307.7166666666667,24.166666666666668
v27_seed3,116,1319.8424552207769,4302.0986328125,0.09302325581395349,172,16,60,3267,357.2093023255814,0.27910009026527405,1756.4666666666667,5.833333333333333
v27_seed3,117,1361.4667095715486,4450.7626953125,0.18354430379746836,158,29,60,3267,388.8607594936709,0.2011730819940567,1860.7333333333333,14.166666666666666
v27_seed3,118,1170.82253334739,4134.826171875,0.08021390374331551,187,15,60,3266,328.5561497326203,0.29937970638275146,1603.9333333333334,9.166666666666666
v27_seed3,119,1184.5579833984375,4302.1396484375,0.1678832116788321,137,23,60,3267,448.46715328467155,0.2478145956993103,1651.7666666666667,13.333333333333334
v27_seed3,120,1027.3535858501089,4141.6337890625,0.07954545454545454,176,14,60,3266,349.09090909090907,0.22731731832027435,1711.75,10.833333333333334
v27_seed3,121,995.401813182425,3840.75048828125,0.010638297872340425,188,2,60,3266,326.8085106382979,0.23228026926517487,1232.1166666666666,1.6666666666666667
v27_seed3,122,944.887193137721,4404.17919921875,0.05789473684210526,190,11,60,3267,323.36842105263156,0.1819353699684143,1372.7833333333333,7.5
v27_seed3,123,958.8532410488334,4128.35302734375,0.021505376344086023,186,4,60,3266,330.3225806451613,0.2090531885623932,978.6,0.8333333333333334
v27_seed3,124,1063.1933488942157,4150.75244140625,0.03535353535353535,198,7,60,3267,310.3030303030303,0.21204155683517456,1041.8166666666666,2.5
v27_seed3,125,948.8675162703903,3920.180908203125,0.023148148148148147,216,5,60,3266,284.44444444444446,0.1760806441307068,1067.8833333333334,2.5
v27_seed3,126,954.3357744793559,3164.984619140625,0.004651162790697674,215,1,60,3161,285.7674418604651,0.19679465889930725,814.0166666666667,0.8333333333333334
v27_seed3,127,969.6487906743022,4149.25537109375,0.024271844660194174,206,5,60,3267,298.252427184466,0.17770975828170776,976.4333333333333,3.3333333333333335
v27_seed3,128,898.3430036423523,3709.441162109375,0.005780346820809248,173,1,60,3266,355.1445086705202,0.2517630457878113,722.9166666666666,
v27_seed3,129,852.1776043362088,2867.57421875,0.0,180,0,60,2914,341.3333333333333,0.19619220495224,847.4,
v27_seed3,130,901.5440855176037,2538.9736328125,0.0,191,0,60,2586,321.67539267015707,0.19390968978405,753.5833333333334,
v27_seed3,131,970.1188837687174,2879.75048828125,0.0,198,0,60,2930,310.3030303030303,0.18936432898044586,821.2833333333333,
v27_seed3,132,966.5925169103286,3268.413330078125,0.011764705882352941,170,2,60,3266,361.4117647058824,0.2219158113002777,974.9166666666666,1.6666666666666667
v27_seed3,133,910.7897618087296,3750.11083984375,0.010309278350515464,194,2,60,3266,316.70103092783506,0.2323547899723053,1063.7166666666667,1.6666666666666667
v27_seed3,134,979.1872297793019,3432.881591796875,0.02040816326530612,196,4,60,3266,313.46938775510205,0.2297866940498352,976.4333333333333,2.5
v27_seed3,135,1162.8076735166746,3103.75048828125,0.0,214,0,60,3154,287.10280373831773,0.20271903276443481,910.7666666666667,
v27_seed3,136,1119.3073482752843,3440.23291015625,0.008368200836820083,239,2,60,3266,257.07112970711296,0.23134954273700714,1042.6666666666667,0.8333333333333334
v27_seed3,137,1228.8209488057644,2882.43310546875,0.0,214,0,60,2930,287.10280373831773,0.23772527277469635,975.9333333333333,
v27_seed3,138,1216.7834387585126,3606.722412109375,0.01327433628318584,226,3,60,3267,271.85840707964604,0.17676664888858795,1215.6833333333334,1.6666666666666667
v27_seed3,139,1236.6810381535633,3397.162841796875,0.009389671361502348,213,2,60,3267,288.4507042253521,0.1965826004743576,1217.9833333333333,0.8333333333333334
v27_seed3,140,1239.3550810111585,3722.162841796875,0.011627906976744186,258,3,60,3267,238.13953488372093,0.17228950560092926,714.8833333333333,0.8333333333333334
v27_seed3,141,1292.4698263511498,3441.241943359375,0.012552301255230125,239,3,60,3266,257.07112970711296,0.20193102955818176,937.25,1.6666666666666667
v27_seed3,142,1277.10311798745,3907.75048828125,0.00851063829787234,235,2,60,3266,261.4468085106383,0.17063213884830475,1066.55,1.6666666666666667
v27_seed3,143,1246.5075512669116,3267.95263671875,0.004291845493562232,233,1,60,3266,263.6909871244635,0.19353483617305756,998.75,0.8333333333333334
v27_seed3,144,1313.9224900894512,4157.7333984375,0.0136986301369863,219,3,60,3266,280.54794520547944,0.20044568181037903,1160.8166666666666,0.8333333333333334
v27_seed3,145,1333.0722398429082,3683.75048828125,0.014778325123152709,203,3,60,3266,302.6600985221675,0.1975332796573639,1482.9333333333334,1.6666666666666667
v27_seed3,146,1214.527146911621,3911.362060546875,0.016,250,4,60,3266,245.76,0.19498221576213837,1062.5166666666667,1.6666666666666667
v27_seed3,147,1273.862335452184,3268.383056640625,0.004048582995951417,247,1,60,3266,248.74493927125505,0.19358451664447784,999.7166666666667,0.8333333333333334
v27_seed3,148,1358.0331305018012,3926.701416015625,0.009433962264150943,212,2,60,3266,289.811320754717,0.14954335987567902,1182.7333333333333,0.8333333333333334
v27_seed3,149,1319.0503704726434,3601.840576171875,0.030837004405286344,227,7,60,3267,270.66079295154185,0.1861870139837265,1223.2,4.166666666666667
v27_seed3,150,1359.4567514818768,3903.03173828125,0.013953488372093023,215,3,60,3267,285.7674418604651,0.12169896811246872,1249.6166666666666,1.6666666666666667
v27_seed3,151,1493.9623999384237,3923.8515625,0.014778325123152709,203,3,60,3267,302.6600985221675,0.14090096950531006,994.3,0.8333333333333334
v27_seed3,152,1409.3818924937082,3604.55322265625,0.014925373134328358,201,3,60,3266,305.67164179104475,0.168785959482193,1417.6333333333334,0.8333333333333334
v27_seed3,153,1443.8287369662492,4157.27294921875,0.037037037037037035,189,7,60,3266,325.07936507936506,0.14742672443389893,1402.1666666666667,3.3333333333333335
v27_seed3,154,1412.7747276793134,4105.10986328125,0.031914893617021274,188,6,60,3267,326.8085106382979,0.18256457149982452,1467.7166666666667,3.3333333333333335
v27_seed3,155,1387.5918596611648,3905.091796875,0.02185792349726776,183,4,60,3267,335.73770491803276,0.15995311737060547,1481.5833333333333,0.8333333333333334
v27_seed3,156,1447.0896799448374,3268.483154296875,0.005405405405405406,185,1,60,3266,332.1081081081081,0.15401992201805115,1425.6166666666666,0.8333333333333334
v27_seed3,157,1407.6299981953184,3907.75048828125,0.018518518518518517,162,3,60,3267,379.25925925925924,0.12405360490083694,1741.55,2.5
v27_seed3,158,1461.230584517769,2900.104736328125,0.0,184,0,60,2948,333.9130434782609,0.14251863956451416,1389.2833333333333,
v27_seed3,159,1491.0589733338088,2886.19580078125,0.0,178,0,60,2932,345.1685393258427,0.13365834951400757,1331.8333333333333,
v27_seed3,160,1399.1470931480671,2895.75048828125,0.0,174,0,60,2946,353.1034482758621,0.14319616556167603,1396.95,
v27_seed3,161,1380.4829132080079,2900.483154296875,0.0,165,0,60,2948,372.3636363636364,0.13700522482395172,1679.4333333333334,
v27_seed3,162,1370.054214292584,3867.750732421875,0.006060606060606061,165,1,60,3267,372.3636363636364,0.1309947967529297,1750.15,0.8333333333333334
v27_seed3,163,1410.8341883906612,2901.025634765625,0.0,189,0,60,2946,325.07936507936506,0.14070352911949158,1446.6833333333334,
v27_seed3,164,1349.7079806660497,2900.87548828125,0.0,172,0,60,2946,357.2093023255814,0.15730935335159302,1621.9666666666667,
v27_seed3,165,1273.121656719007,2885.39599609375,0.0,228,0,60,2930,269.4736842105263,0.13914629817008972,1140.25,
v27_seed3,166,1422.518240408464,2902.03662109375,0.0,176,0,60,2946,349.09090909090907,0.13950245082378387,1544.25,
v27_seed3,167,1358.2650271622592,3016.305908203125,0.0,189,0,60,3061,325.07936507936506,0.1192837804555893,1411.7,
v27_seed3,168,1381.2271243364382,2882.353271484375,0.0,195,0,60,2930,315.0769230769231,0.11249644309282303,1328.55,
v27_seed3,169,1311.8203725994758,2869.54541015625,0.0,212,0,60,2915,289.811320754717,0.14731019735336304,1315.5833333333333,
v27_seed3,170,1442.0995557204537,2884.985595703125,0.0,184,0,60,2930,333.9130434782609,0.14381563663482666,1406.4166666666667,
v27_seed3,171,1306.4682605160867,2899.964599609375,0.0,203,0,60,2946,302.6600985221675,0.11572075635194778,1229.3333333333333,
v27_seed3,172,1346.49261466493,2900.134765625,0.0,188,0,60,2946,326.8085106382979,0.139970600605011,1370.2,
v27_seed3,173,1302.7208959139311,2885.675537109375,0.0,208,0,60,2931,295.38461538461536,0.12850061058998108,1211.4333333333334,
v27_seed3,174,1337.3048070807206,2897.0517578125,0.0,190,0,60,2946,323.36842105263156,0.15796984732151031,1327.4166666666667,
v27_seed3,175,1361.5862088508793,3165.425048828125,0.0049261083743842365,203,1,60,3161,302.6600985221675,0.12443588674068451,1279.5666666666666,0.8333333333333334
v27_seed3,176,1356.3797246271643,2897.892578125,0.0,199,0,60,2946,308.7437185929648,0.1290528029203415,1251.25,
v27_seed3,177,1337.930000149474,2896.75048828125,0.0,196,0,60,2947,313.46938775510205,0.13157206773757935,1284.55,
v27_seed3,178,1400.422172712243,2885.486083984375,0.0,184,0,60,2930,333.9130434782609,0.13278397917747498,1382.2833333333333,
v27_seed3,179,1348.7990302853468,2900.084716796875,0.0,205,0,60,2946,299.7073170731707,0.14084595441818237,1291.4,
v27_seed3,180,1385.7785217003889,2898.19287109375,0.0,217,0,60,2946,283.1336405529954,0.12410518527030945,1176.25,
v27_seed3,181,1299.1699645233155,2897.75048828125,0.0,200,0,60,2948,307.2,0.14400750398635864,1305.5,
v27_seed3,182,1356.5960659208752,2882.642333984375,0.0,210,0,60,2931,292.57142857142856,0.16600793600082397,1151.0666666666666,
v27_seed3,183,1280.8418604141627,2900.8154296875,0.0,195,0,60,2946,315.0769230769231,0.1013251543045044,1405.6,
v27_seed3,184,1200.3275676172736,2895.75048828125,0.0,227,0,60,2946,270.66079295154185,0.11235678195953369,1204.4166666666667,
v27_seed3,185,1233.962995485628,2896.75048828125,0.0,219,0,60,2947,280.54794520547944,0.09929686784744263,1209.2333333333333,
v27_seed3,186,1368.5892276154261,2901.045654296875,0.0,219,0,60,2946,280.54794520547944,0.11062213033437729,952.5833333333334,
v27_seed3,187,1350.6919550601906,2900.63525390625,0.0,211,0,60,2946,291.18483412322274,0.10660110414028168,1058.0,
v27_seed3,188,1268.6928902378788,2897.962646484375,0.0,216,0,60,2946,284.44444444444446,0.12612438201904297,1210.9,
v27_seed3,189,1270.3473921446043,2898.11279296875,0.0,214,0,60,2946,287.10280373831773,0.12298215925693512,1188.7666666666667,
v27_seed3,190,1326.7076171735011,2895.75048828125,0.0,218,0,60,2946,281.8348623853211,0.11933265626430511,959.5666666666667,
v27_seed3,191,1288.7870211459622,2885.15576171875,0.0,202,0,60,2931,304.15841584158414,0.10660278797149658,1245.1833333333334,
v27_seed3,192,1237.6414585377215,2879.75048828125,0.0,217,0,60,2930,283.1336405529954,0.09734471142292023,1111.5666666666666,
v27_seed3,193,1334.376425394198,2879.75048828125,0.0,205,0,60,2930,299.7073170731707,0.08950944989919662,970.6333333333333,
v27_seed3,194,1265.2560502511483,2898.002685546875,0.0,216,0,60,2946,284.44444444444446,0.0941758081316948,1132.2333333333333,
v27_seed3,195,1302.5366534651996,2882.212890625,0.0,214,0,60,2930,287.10280373831773,0.11037037521600723,1253.5833333333333,
v27_seed3,196,1309.013468469292,2896.4912109375,0.0,227,0,60,2946,270.66079295154185,0.09572097659111023,1043.9333333333334,
v27_seed3,197,1317.531751571163,2896.75048828125,0.0,217,0,60,2947,283.1336405529954,0.07834415882825851,1053.5166666666667,
v27_seed3,198,1234.7177650188578,3524.75048828125,0.004310344827586207,232,1,60,3266,264.82758620689657,0.12137596309185028,1172.6333333333334,0.8333333333333334
v27_seed3,199,1312.980371263292,3269.664306640625,0.004273504273504274,234,1,60,3266,262.56410256410254,0.1123989075422287,901.5333333333333,0.8333333333333334
v27_seed3,200,1289.9981358176783,2897.75048828125,0.0,228,0,60,2948,269.4736842105263,0.10118243098258972,1048.7166666666667,
v27_seed3,201,1284.7694235646252,3270.364990234375,0.004405286343612335,227,1,60,3266,270.66079295154185,0.0982416495680809,1116.0833333333333,0.8333333333333334
v27_seed3,202,1311.4760923083552,2863.75048828125,0.0,221,0,60,2914,278.00904977375563,0.0908019095659256,1137.6833333333334,
v27_seed3,203,1239.776622790469,4204.58447265625,0.009569377990430622,209,2,60,3267,293.9712918660287,0.10231176018714905,1321.25,0.8333333333333334
v27_seed3,204,1298.5679463425727,2884.6552734375,0.0,219,0,60,2930,280.54794520547944,0.12437311559915543,1132.2166666666667,
v27_seed3,205,1301.3172882637477,2898.563232421875,0.0,219,0,60,2946,280.54794520547944,0.0786096528172493,1265.2333333333333,
v27_seed3,206,1322.5597474801593,2901.95556640625,0.0,221,0,60,2947,278.00904977375563,0.09211307018995285,1092.5,
v27_seed3,207,1257.699804980682,3557.63232421875,0.008733624454148471,229,2,60,3266,268.29694323144105,0.09893707931041718,1106.05,1.6666666666666667
v27_seed3,208,1258.1681621446521,3179.4951171875,0.0045871559633027525,218,1,60,3175,281.8348623853211,0.11144518852233887,1314.3166666666666,0.8333333333333334
v27_seed3,209,1323.9601885876848,2900.625244140625,0.0,223,0,60,2946,275.5156950672646,0.06869132071733475,946.55,
v27_seed3,210,1292.9100264833685,2883.67333984375,0.0,228,0,60,2931,269.4736842105263,0.09480215609073639,1072.7333333333333,
v27_seed3,211,1281.054072380066,2898.15283203125,0.0,224,0,60,2946,274.2857142857143,0.09409092366695404,980.75,
v27_seed3,212,1264.9538013442157,2899.55419921875,0.0,237,0,60,2946,259.24050632911394,0.09296788275241852,1000.3166666666667,
v27_seed3,213,1350.6265061633421,2867.99462890625,0.0,202,0,60,2915,304.15841584158414,0.08380143344402313,1158.5833333333333,
v27_seed3,214,1261.8916890740938,2898.583251953125,0.0,219,0,60,2946,280.54794520547944,0.09932198375463486,995.0833333333334,
v27_seed3,215,1319.1828144822166,3587.75048828125,0.004672897196261682,214,1,60,3266,287.10280373831773,0.09657468646764755,1182.6333333333334,0.8333333333333334
v27_seed3,216,1342.3727769302448,2900.264892578125,0.0,191,0,60,2947,321.67539267015707,0.06894338876008987,1414.65,
v27_seed3,217,1349.8653871103186,3395.75048828125,0.00966183574879227,207,2,60,3266,296.81159420289856,0.08377429842948914,1033.35,1.6666666666666667
v27_seed3,218,1378.1508695814346,2899.263916015625,0.0,216,0,60,2947,284.44444444444446,0.07760000973939896,1192.6166666666666,
v27_seed3,219,1353.9588071649725,3268.643310546875,0.004545454545454545,220,1,60,3266,279.27272727272725,0.09274481981992722,1296.8166666666666,0.8333333333333334
v27_seed3,220,1338.8477630615234,2898.4931640625,0.0,223,0,60,2946,275.5156950672646,0.08115661144256592,1153.2666666666667,
v27_seed3,221,1336.4410257647114,3536.140869140625,0.004608294930875576,217,1,60,3266,283.1336405529954,0.10246555507183075,1214.3,0.8333333333333334
v27_seed3,222,1368.7934605167602,3621.75048828125,0.01015228426395939,197,2,60,3267,311.8781725888325,0.088274747133255,1332.9333333333334,1.6666666666666667
v27_seed3,223,1348.3394352565301,3440.4921875,0.009345794392523364,214,2,60,3266,287.10280373831773,0.10329432785511017,1269.05,0.8333333333333334
v27_seed3,224,1360.2457589421954,3446.022705078125,0.004464285714285714,224,1,60,3267,274.2857142857143,0.07394278049468994,1079.9333333333334,
v27_seed3,225,1390.3923787287467,3525.03173828125,0.00966183574879227,207,2,60,3266,296.81159420289856,0.08058050274848938,1265.5,1.6666666666666667
v27_seed3,226,1394.2646121423222,3587.75048828125,0.009708737864077669,206,2,60,3266,298.252427184466,0.06991593539714813,1346.1333333333334,1.6666666666666667
v27_seed3,227,1395.5405066651724,3620.47119140625,0.01092896174863388,183,2,60,3266,335.73770491803276,0.08991800993680954,1491.3333333333333,1.6666666666666667
v27_seed3,228,1351.14550296844,3443.102783203125,0.015873015873015872,189,3,60,3266,325.07936507936506,0.08123275637626648,1538.0166666666667,1.6666666666666667
v27_seed3,229,1345.2769827371114,3558.75048828125,0.01098901098901099,182,2,60,3266,337.5824175824176,0.0908021628856659,1452.55,1.6666666666666667
v27_seed3,230,1292.525452041626,3188.425048828125,0.005,200,1,60,3184,307.2,0.0906425416469574,1515.2,0.8333333333333334
v27_seed3,231,1342.4423987240714,2902.125732421875,0.0,187,0,60,2947,328.5561497326203,0.10674017667770386,1447.2166666666667,
v27_seed3,232,1318.7887444632395,2933.03564453125,0.0,210,0,60,2978,292.57142857142856,0.07840146869421005,1251.2333333333333,
v27_seed3,233,1406.467700979563,2898.39306640625,0.0,179,0,60,2947,343.24022346368713,0.0784047394990921,1374.4666666666667,
v27_seed3,234,1362.0394748805725,2898.262939453125,0.0,194,0,60,2948,316.70103092783506,0.09502582252025604,1410.95,
v27_seed3,235,1401.8939050470742,2943.75048828125,0.0,206,0,60,2994,298.252427184466,0.09181703627109528,1143.3,
v27_seed3,236,1337.605376793594,3588.75048828125,0.010582010582010581,189,2,60,3266,325.07936507936506,0.06993314623832703,1448.2833333333333,1.6666666666666667
v27_seed3,237,1385.8375280612852,3529.1728515625,0.00975609756097561,205,2,60,3266,299.7073170731707,0.08676140010356903,1435.15,1.6666666666666667
v27_seed3,238,1454.8577258639866,3524.75048828125,0.016666666666666666,180,3,60,3267,341.3333333333333,0.062023360282182693,1461.7666666666667,0.8333333333333334
v27_seed3,239,1423.1752964474376,3747.75048828125,0.0051813471502590676,193,1,60,3266,318.3419689119171,0.07228630036115646,1354.65,0.8333333333333334
v27_seed3,240,1457.3998731986555,3526.212890625,0.021164021164021163,189,4,60,3266,325.07936507936506,0.05281531810760498,1422.8666666666666,2.5
v27_seed3,241,1471.183308783998,3438.382080078125,0.010638297872340425,188,2,60,3266,326.8085106382979,0.06661605089902878,1371.8,0.8333333333333334
v27_seed3,242,1494.5634019546087,3715.75048828125,0.022099447513812154,181,4,60,3266,339.4475138121547,0.09880049526691437,1433.25,2.5
v27_seed3,243,1471.5848066819822,3270.31494140625,0.01092896174863388,183,2,60,3266,335.73770491803276,0.06277333199977875,1475.4333333333334,1.6666666666666667
v27_seed3,244,1449.139335095043,3702.75244140625,0.02112676056338028,142,3,60,3267,432.67605633802816,0.12170618027448654,1252.5,2.5
v27_seed3,245,1426.373512150691,3619.75048828125,0.015384615384615385,195,3,60,3266,315.0769230769231,0.06733504682779312,1274.0,2.5
v27_seed3,246,1473.1060493344166,4307.23828125,0.03278688524590164,183,6,60,3267,335.73770491803276,0.08942891657352448,1408.9666666666667,4.166666666666667
v27_seed3,247,1361.709684202657,3619.75048828125,0.011834319526627219,169,2,60,3266,363.55029585798815,0.06207271292805672,1721.9666666666667,1.6666666666666667
v27_seed3,248,1395.625659942627,3715.75048828125,0.021739130434782608,184,4,60,3267,333.9130434782609,0.09759490191936493,1568.6166666666666,3.3333333333333335
v27_seed3,249,1334.6499638027615,3587.750732421875,0.022222222222222223,180,4,60,3266,341.3333333333333,0.0812029093503952,1648.75,2.5
v28_seed0,0,691.4746856689453,1501.4552001953125,0.936,125,117,60,3267,491.52,1.7792243957519531,488.15,43.333333333333336
v28_seed0,1,854.7494752213762,1646.3447265625,1.0,111,120,60,3267,553.5135135135135,1.7514870166778564,698.85,35.0
v28_seed0,2,487.14432653264043,1964.5736083984375,0.26765799256505574,269,72,60,3267,228.40148698884758,1.7238496541976929,625.1333333333333,21.666666666666668
v28_seed0,3,659.2048386857316,2297.374267578125,0.2918918918918919,185,54,60,3267,332.1081081081081,1.690051794052124,591.65,15.833333333333334
v28_seed0,4,560.5384985942715,2264.78369140625,0.16556291390728478,302,50,60,3267,203.4437086092715,1.658313512802124,646.05,9.166666666666666
v28_seed0,5,343.6312414291978,2734.483154296875,0.034047919293820936,793,27,60,3267,77.47793190416141,1.6401066780090332,676.1833333333333,8.333333333333334
v28_seed0,6,400.41328657326375,2843.022705078125,0.014084507042253521,639,9,60,3267,96.15023474178403,1.6510834693908691,622.5333333333333,6.666666666666667
v28_seed0,7,338.00471536545524,3149.2919921875,0.011111111111111112,630,7,60,3267,97.52380952380952,1.6671222448349,469.01666666666665,4.166666666666667
v28_seed0,8,344.919791723781,2835.463134765625,0.0030349013657056147,659,2,60,3266,93.23216995447648,1.6521334648132324,358.8833333333333,0.8333333333333334
v28_seed0,9,368.47285822176707,3034.1328125,0.004792332268370607,626,3,60,3267,98.14696485623003,1.6521075963974,295.93333333333334,0.8333333333333334
v28_seed0,10,379.78019142461017,3078.632568359375,0.0032520325203252032,615,2,60,3266,99.90243902439025,1.6343973875045776,466.8833333333333,0.8333333333333334
v28_seed0,11,410.24534546595675,3065.823486328125,0.015817223198594025,569,9,60,3266,107.97891036906854,1.6222552061080933,502.45,3.3333333333333335
v28_seed0,12,437.9718129798849,2685.872802734375,0.012345679012345678,567,7,60,3266,108.35978835978835,1.5988116264343262,585.8666666666667,4.166666666666667
v28_seed0,13,433.71100636603126,3087.702392578125,0.014084507042253521,568,8,60,3267,108.16901408450704,1.5869861841201782,495.03333333333336,3.3333333333333335
v28_seed0,14,490.69765854628355,3269.572265625,0.023483365949119372,511,12,60,3267,120.23483365949119,1.5450820922851562,567.7333333333333,4.166666666666667
v28_seed0,15,634.9724603715098,3434.19287109375,0.042606516290726815,399,17,60,3267,153.98496240601503,1.514548420906067,787.6333333333333,5.833333333333333
v28_seed0,16,612.277779650176,3382.7509765625,0.03125,416,13,60,3266,147.69230769230768,1.489840030670166,1005.95,9.166666666666666
v28_seed0,17,717.6171454227332,3450.521728515625,0.024793388429752067,363,9,60,3267,169.25619834710744,1.3968729972839355,845.2,3.3333333333333335
v28_seed0,18,700.4888063998058,3567.312255859375,0.04597701149425287,348,16,60,3266,176.55172413793105,1.4063557386398315,988.4833333333333,10.0
v28_seed0,19,789.8326054315074,3449.17236328125,0.02735562310030395,329,9,60,3267,186.74772036474164,1.3587944507598877,877.3166666666667,4.166666666666667
v28_seed0,20,675.8539415787089,3698.200927734375,0.04030226700251889,397,16,60,3267,154.76070528967256,1.302907109260559,1015.55,6.666666666666667
v28_seed0,21,926.9925186769018,3925.94091796875,0.03459119496855346,318,11,60,3266,193.20754716981133,1.3059852123260498,982.5,3.3333333333333335
v28_seed0,22,880.3746813433712,4119.17333984375,0.02359882005899705,339,8,60,3267,181.23893805309734,1.292776107788086,1009.2666666666667,4.166666666666667
v28_seed0,23,935.4842525142254,4020.940673828125,0.036303630363036306,303,11,60,3267,202.77227722772278,1.318975567817688,1148.5833333333333,4.166666666666667
v28_seed0,24,977.2246149464657,4110.853515625,0.04276315789473684,304,13,60,3266,202.10526315789474,1.3365519046783447,1159.35,5.0
v28_seed0,25,1112.7767506842245,4288.37060546875,0.04797047970479705,271,13,60,3267,226.71586715867159,1.2796034812927246,1318.5666666666666,7.5
v28_seed0,26,1128.40608426422,3621.1318359375,0.05928853754940711,253,15,60,3266,242.84584980237153,1.2447757720947266,1427.75,8.333333333333334
v28_seed0,27,1310.2070858993195,3922.431396484375,0.048458149779735685,227,11,60,3266,270.66079295154185,1.2679316997528076,1274.7333333333333,3.3333333333333335
v28_seed0,28,1272.9649504234349,4157.28271484375,0.09502262443438914,221,21,60,3267,278.00904977375563,1.2134720087051392,1343.1833333333334,7.5
v28_seed0,29,1313.7734091315472,4269.2548828125,0.08450704225352113,213,18,60,3267,288.4507042253521,1.2025666236877441,1584.7666666666667,7.5
v28_seed0,30,1524.3151719376847,4130.6533203125,0.10270270270270271,185,19,60,3266,332.1081081081081,1.1847442388534546,1500.3833333333334,6.666666666666667
v28_seed0,31,1498.3782387173053,4318.26806640625,0.0979381443298969,194,19,60,3266,316.70103092783506,1.151136875152588,1419.9333333333334,5.833333333333333
v28_seed0,32,1515.4744754645342,4133.5263671875,0.12021857923497267,183,22,60,3267,335.73770491803276,1.1785359382629395,1606.85,10.833333333333334
v28_seed0,33,1644.9527138374947,4867.88330078125,0.22297297297297297,148,33,60,3267,415.13513513513516,1.141408920288086,1872.9166666666667,16.666666666666668
v28_seed0,34,1664.6427656046549,4289.3017578125,0.20666666666666667,150,31,60,3267,409.6,1.1295170783996582,1652.0,10.833333333333334
v28_seed0,35,1660.2247439297762,4328.77685546875,0.24475524475524477,143,35,60,3267,429.65034965034965,1.111427903175354,2111.55,20.0
v28_seed0,36,1545.12696296938,4439.7685546875,0.2129032258064516,155,33,60,3266,396.38709677419354,1.1701862812042236,1979.3,16.666666666666668
v28_seed0,37,1599.5784855130353,4327.76513671875,0.20253164556962025,158,32,60,3267,388.8607594936709,1.1446492671966553,1718.1333333333334,13.333333333333334
v28_seed0,38,1699.5785154633174,4297.01904296875,0.2052980132450331,151,31,60,3267,406.887417218543,1.0686664581298828,1582.9666666666667,9.166666666666666
v28_seed0,39,1702.336591551904,4378.7734375,0.21768707482993196,147,32,60,3267,417.9591836734694,1.0720360279083252,1818.7,14.166666666666666
v28_seed0,40,1777.0568585917897,4264.3232421875,0.26277372262773724,137,36,60,3267,448.46715328467155,1.0228559970855713,1930.1166666666666,15.0
v28_seed0,41,1881.14978515625,4292.38134765625,0.272,125,34,60,3267,491.52,1.0169594287872314,2074.3333333333335,15.833333333333334
v28_seed0,42,2142.9875970217263,4484.77880859375,0.46534653465346537,101,47,60,3267,608.3168316831683,0.9899662733078003,1912.0166666666667,19.166666666666668
v28_seed0,43,2008.066648891994,4732.78564453125,0.36607142857142855,112,41,60,3267,548.5714285714286,0.9239834547042847,2195.35,19.166666666666668
v28_seed0,44,2195.7628634498233,4718.77734375,0.4,105,42,60,3267,585.1428571428571,0.888347327709198,1898.8333333333333,17.5
v28_seed0,45,2183.2122951968686,4321.38720703125,0.5714285714285714,91,52,60,3267,675.1648351648352,0.9232607483863831,2253.3166666666666,22.5
v28_seed0,46,2087.298465237759,4698.77001953125,0.48514851485148514,101,49,60,3267,608.3168316831683,0.9042506217956543,2027.3333333333333,20.0
v28_seed0,47,2474.2181230770643,4322.8193359375,0.5376344086021505,93,50,60,3267,660.6451612903226,0.8824684023857117,1922.8833333333334,15.833333333333334
v28_seed0,48,2571.4144753542814,4307.74853515625,0.5795454545454546,88,51,60,3267,698.1818181818181,0.8856072425842285,1946.6833333333334,18.333333333333332
v28_seed0,49,2590.848162596253,4366.42626953125,0.5977011494252874,87,52,60,3267,706.2068965517242,0.8273640871047974,1900.1166666666666,17.5
v28_seed0,50,2578.4529546381355,4444.2607421875,0.5824175824175825,91,53,60,3267,675.1648351648352,0.8064727783203125,1809.5166666666667,15.833333333333334
v28_seed0,51,2709.58331580784,4294.5810546875,0.5760869565217391,92,53,60,3267,667.8260869565217,0.8408144116401672,1585.15,9.166666666666666
v28_seed0,52,2561.35217171527,4312.64794921875,0.5638297872340425,94,53,60,3267,653.6170212765958,0.8373505473136902,1862.8666666666666,14.166666666666666
v28_seed0,53,2890.044309728286,4365.673828125,0.6470588235294118,85,55,60,3267,722.8235294117648,0.8558729887008667,1651.3833333333334,11.666666666666666
v28_seed0,54,2641.3701654193046,4321.63818359375,0.6436781609195402,87,56,60,3267,706.2068965517242,0.8103291988372803,2052.05,16.666666666666668
v28_seed0,55,2798.6197564768236,4319.3798828125,0.6744186046511628,86,58,60,3267,714.4186046511628,0.789306640625,1733.2666666666667,13.333333333333334
v28_seed0,56,2668.593817277388,4313.93798828125,0.625,88,55,60,3267,698.1818181818181,0.8014427423477173,2080.9,15.833333333333334
v28_seed0,57,2783.725341796875,4386.58837890625,0.6867469879518072,83,57,60,3267,740.2409638554217,0.8057637810707092,2003.2333333333333,15.0
v28_seed0,58,2706.5135767618817,4428.8798828125,0.6222222222222222,90,56,60,3267,682.6666666666666,0.7840590476989746,1776.35,13.333333333333334
v28_seed0,59,2817.804508806711,4311.1650390625,0.6626506024096386,83,55,60,3267,740.2409638554217,0.758246660232544,1991.2333333333333,13.333333333333334
v28_seed0,60,2797.9489735194616,4330.1650390625,0.6309523809523809,84,53,60,3267,731.4285714285714,0.7696310877799988,2115.733333333333,11.666666666666666
v28_seed0,61,3154.481268717448,4711.92333984375,0.7733333333333333,75,58,60,3267,819.2,0.7784270644187927,2002.3833333333334,11.666666666666666
v28_seed0,62,3212.292244054094,4390.56103515625,0.7468354430379747,79,59,60,3267,777.7215189873418,0.7459925413131714,1813.6333333333334,10.833333333333334
v28_seed0,63,3246.8913217519785,4320.96875,0.7142857142857143,77,55,60,3267,797.922077922078,0.6943668723106384,1839.8166666666666,10.0
v28_seed0,64,3098.402554562217,4381.8154296875,0.7894736842105263,76,60,60,3267,808.421052631579,0.7739837169647217,1924.4833333333333,12.5
v28_seed0,65,3017.4082962427383,4363.64697265625,0.7435897435897436,78,58,60,3267,787.6923076923077,0.808276891708374,2096.75,15.0
v28_seed0,66,3032.187958556336,4706.72705078125,0.7792207792207793,77,60,60,3267,797.922077922078,0.7500724792480469,1991.3,12.5
v28_seed0,67,3077.4261561264225,4849.38330078125,0.7037037037037037,81,57,60,3267,758.5185185185185,0.727983295917511,1834.9,9.166666666666666
v28_seed0,68,2893.9308549790157,4354.521484375,0.6904761904761905,84,58,60,3267,731.4285714285714,0.6991214752197266,2019.6666666666667,15.0
v28_seed0,69,3097.0044436764406,4359.45849609375,0.7142857142857143,77,55,60,3267,797.922077922078,0.745257556438446,2086.3333333333335,11.666666666666666
v28_seed0,70,2868.9957998770255,4322.0302734375,0.691358024691358,81,56,60,3267,758.5185185185185,0.6882297992706299,1864.7833333333333,12.5
v28_seed0,71,2966.1436971028647,4879.43701171875,0.7435897435897436,78,58,60,3267,787.6923076923077,0.7276706695556641,1922.6166666666666,15.0
v28_seed0,72,2689.0032422517475,4317.5185546875,0.5578947368421052,95,53,60,3267,646.7368421052631,0.7300487756729126,1684.5166666666667,10.833333333333334
v28_seed0,73,3230.664826221955,4321.6181640625,0.7051282051282052,78,55,60,3267,787.6923076923077,0.6555110216140747,1845.7166666666667,6.666666666666667
v28_seed0,74,3210.351340332031,4335.38623046875,0.7733333333333333,75,58,60,3267,819.2,0.7195127606391907,2018.6333333333334,14.166666666666666
v28_seed0,75,2991.6155014038086,4319.96875,0.8333333333333334,72,60,60,3267,853.3333333333334,0.6936545372009277,2263.866666666667,18.333333333333332
v28_seed0,76,3037.9568693909464,4361.99560546875,0.7215189873417721,79,57,60,3267,777.7215189873418,0.721470057964325,1916.1,12.5
v28_seed0,77,2983.627839355469,4546.1103515625,0.7866666666666666,75,59,60,3267,819.2,0.7010599970817566,2059.266666666667,16.666666666666668
v28_seed0,78,2765.347662062872,4405.65576171875,0.6785714285714286,84,57,60,3267,731.4285714285714,0.6763695478439331,2067.0,17.5
v28_seed0,79,3157.179539730674,4706.27734375,0.75,76,57,60,3267,808.421052631579,0.6094264984130859,2002.0,11.666666666666666
v28_seed0,80,3227.2848084278594,4317.73828125,0.7564102564102564,78,59,60,3267,787.6923076923077,0.5908538103103638,1809.6666666666667,8.333333333333334
v28_seed0,81,3526.2614534166123,4704.66748046875,0.8194444444444444,72,59,60,3267,853.3333333333334,0.5945241451263428,1726.9833333333333,5.833333333333333
v28_seed0,82,2949.8013478973767,4389.13720703125,0.691358024691358,81,56,60,3267,758.5185185185185,0.6212165951728821,2100.7166666666667,14.166666666666666
v28_seed0,83,3128.924567464193,4599.044921875,0.7733333333333333,75,58,60,3267,819.2,0.6020442843437195,2053.4333333333334,13.333333333333334
v28_seed0,84,3472.3721313476562,4713.53662109375,0.8571428571428571,70,60,60,3267,877.7142857142857,0.587020754814148,1867.0166666666667,7.5
v28_seed0,85,3662.0665110118352,4732.7861328125,0.8955223880597015,67,60,60,3267,917.0149253731344,0.5175796747207642,1858.4666666666667,6.666666666666667
v28_seed0,86,3499.9167872186918,4874.017578125,0.8656716417910447,67,58,60,3267,917.0149253731344,0.5139312744140625,1942.8333333333333,10.0
v28_seed0,87,2968.496501404562,4696.0478515625,0.7160493827160493,81,58,60,3267,758.5185185185185,0.5218056440353394,2063.2166666666667,16.666666666666668
v28_seed0,88,3437.9094985278684,4404.8212890625,0.8507462686567164,67,57,60,3267,917.0149253731344,0.5390932559967041,1899.2,9.166666666666666
v28_seed0,89,3274.5579367501396,4364.85009765625,0.8285714285714286,70,58,60,3267,877.7142857142857,0.48165571689605713,2072.516666666667,11.666666666666666
v28_seed0,90,3080.678576325717,4405.8212890625,0.7945205479452054,73,58,60,3267,841.6438356164383,0.4927564263343811,2301.883333333333,16.666666666666668
v28_seed0,91,3246.180923461914,4403.79931640625,0.7763157894736842,76,59,60,3267,808.421052631579,0.5035149455070496,1894.3,10.0
v28_seed0,92,3293.9617135736007,4366.169921875,0.7468354430379747,79,59,60,3267,777.7215189873418,0.4771774411201477,1826.95,7.5
v28_seed0,93,3410.1810888671876,4403.7939453125,0.7866666666666666,75,59,60,3267,819.2,0.5163511633872986,1811.6833333333334,6.666666666666667
v28_seed0,94,2718.918883905178,4403.8017578125,0.7073170731707317,82,58,60,3267,749.2682926829268,0.49844861030578613,2399.4333333333334,21.666666666666668
v28_seed0,95,3059.8572731555346,4714.02734375,0.8309859154929577,71,59,60,3267,865.3521126760563,0.4748407006263733,2271.9,15.833333333333334
v28_seed0,96,3359.9830058083608,4403.81982421875,0.8955223880597015,67,60,60,3267,917.0149253731344,0.44245660305023193,2144.4,12.5
v28_seed0,97,2804.8647129388505,4605.11083984375,0.7160493827160493,81,58,60,3267,758.5185185185185,0.46032458543777466,2474.1666666666665,21.666666666666668
v28_seed0,98,2995.314602500514,4451.60595703125,0.7631578947368421,76,58,60,3267,808.421052631579,0.4336245656013489,2197.0333333333333,18.333333333333332
v28_seed0,99,3216.1801684570314,4875.10546875,0.76,75,57,60,3267,819.2,0.48134565353393555,1999.2666666666667,11.666666666666666
v28_seed0,100,3054.5035443987167,4716.54443359375,0.8571428571428571,70,60,60,3267,877.7142857142857,0.45436084270477295,2232.0833333333335,18.333333333333332
v28_seed0,101,3013.5460867745537,4602.70751953125,0.8,70,56,60,3267,877.7142857142857,0.397043913602829,2331.133333333333,20.0
v28_seed0,102,3184.9158593932193,4703.94580078125,0.8656716417910447,67,58,60,3267,917.0149253731344,0.4120718538761139,2163.266666666667,15.0
v28_seed0,103,3268.05905538892,4996.81494140625,0.9523809523809523,63,60,60,3267,975.2380952380952,0.4406871199607849,2185.8333333333335,15.833333333333334
v28_seed0,104,2958.080057480756,4595.9404296875,0.8382352941176471,68,57,60,3267,903.5294117647059,0.45387953519821167,2456.9166666666665,19.166666666666668
v28_seed0,105,2913.1105479045086,4714.6240234375,0.6867469879518072,83,57,60,3267,740.2409638554217,0.3826230466365814,2050.4666666666667,15.0
v28_seed0,106,3081.3564870733962,4562.59716796875,0.75,76,57,60,3267,808.421052631579,0.39815956354141235,2137.7166666666667,14.166666666666666
v28_seed0,107,2977.1920605171017,4713.2060546875,0.7073170731707317,82,58,60,3267,749.2682926829268,0.3617625832557678,2123.8,16.666666666666668
v28_seed0,108,3082.07900117573,4718.16455078125,0.7631578947368421,76,58,60,3267,808.421052631579,0.35009247064590454,2194.2166666666667,16.666666666666668
v28_seed0,109,3027.0955951397236,4707.66845703125,0.7435897435897436,78,58,60,3267,787.6923076923077,0.32690972089767456,1960.5166666666667,13.333333333333334
v28_seed0,110,3075.5279342849535,4738.333984375,0.7402597402597403,77,57,60,3267,797.922077922078,0.3564625680446625,2201.8166666666666,15.0
v28_seed0,111,2880.515882946196,4406.00439453125,0.6666666666666666,84,56,60,3266,731.4285714285714,0.3496222496032715,2183.233333333333,16.666666666666668
v28_seed0,112,3060.988606017313,4870.33935546875,0.7037037037037037,81,57,60,3267,758.5185185185185,0.30731090903282166,1944.2833333333333,13.333333333333334
v28_seed0,113,2831.3823137981135,4717.08056640625,0.6829268292682927,82,56,60,3267,749.2682926829268,0.3189893960952759,2172.383333333333,16.666666666666668
v28_seed0,114,3099.1880551993127,4404.8212890625,0.7108433734939759,83,59,60,3267,740.2409638554217,0.2933270037174225,1770.1833333333334,10.833333333333334
v28_seed0,115,2677.801449659394,4722.71337890625,0.7317073170731707,82,60,60,3267,749.2682926829268,0.3268197178840637,2406.133333333333,23.333333333333332
v28_seed0,116,2567.7856260935464,4871.07958984375,0.5520833333333334,96,53,60,3267,640.0,0.29094189405441284,2175.633333333333,18.333333333333332
v28_seed0,117,2611.090965270996,4404.81591796875,0.5520833333333334,96,53,60,3267,640.0,0.30046510696411133,2102.4333333333334,17.5
v28_seed0,118,2536.006740154606,4599.1064453125,0.504950495049505,101,51,60,3267,608.3168316831683,0.30571264028549194,2037.5166666666667,15.0
v28_seed0,119,2733.173523702739,4708.83740234375,0.691358024691358,81,56,60,3267,758.5185185185185,0.28346237540245056,2459.266666666667,22.5
v28_seed0,120,2585.225299750434,4704.89697265625,0.6222222222222222,90,56,60,3267,682.6666666666666,0.2875784635543823,2215.483333333333,20.833333333333332
v28_seed0,121,2880.150851092761,4706.77001953125,0.7215189873417721,79,57,60,3267,777.7215189873418,0.28698843717575073,2170.5833333333335,18.333333333333332
v28_seed0,122,2721.89286222912,4407.90869140625,0.6904761904761905,84,58,60,3267,731.4285714285714,0.3252221941947937,2248.266666666667,20.0
v28_seed0,123,2644.0991182549055,4596.27734375,0.6395348837209303,86,55,60,3267,714.4186046511628,0.29037702083587646,2379.4,22.5
v28_seed0,124,2863.8234069167925,4548.90087890625,0.6344086021505376,93,59,60,3267,660.6451612903226,0.29878556728363037,1796.4,13.333333333333334
v28_seed0,125,2390.863686879476,4704.9873046875,0.5625,96,54,60,3267,640.0,0.277490496635437,2344.7,24.166666666666668
v28_seed0,126,2682.147971911308,4715.6884765625,0.7051282051282052,78,55,60,3267,787.6923076923077,0.2781675159931183,2358.8166666666666,20.0
v28_seed0,127,2735.51100822117,4523.109375,0.5978260869565217,92,55,60,3266,667.8260869565217,0.2937694787979126,2041.3166666666666,15.0
v28_seed0,128,2438.905835445796,4407.544921875,0.4953271028037383,107,53,60,3267,574.2056074766355,0.28469201922416687,2093.85,16.666666666666668
v28_seed0,129,2351.9952588351266,4550.916015625,0.4716981132075472,106,50,60,3267,579.622641509434,0.23812401294708252,2324.516666666667,22.5
v28_seed0,130,2551.065447218875,4519.2890625,0.5851063829787234,94,55,60,3267,653.6170212765958,0.27805331349372864,2120.8333333333335,19.166666666666668
v28_seed0,131,2418.859923723832,4706.23828125,0.47572815533980584,103,49,60,3267,596.504854368932,0.2505492568016052,2183.4,15.833333333333334
v28_seed0,132,2330.464854313777,4407.1748046875,0.5096153846153846,104,53,60,3267,590.7692307692307,0.25598299503326416,2283.633333333333,23.333333333333332
v28_seed0,133,2614.310540335519,4432.046875,0.6428571428571429,84,54,60,3267,731.4285714285714,0.24637314677238464,2388.733333333333,20.0
v28_seed0,134,2416.9918654421544,4439.9814453125,0.5531914893617021,94,52,60,3266,653.6170212765958,0.24965713918209076,2209.55,20.833333333333332
v28_seed0,135,2599.180032078224,4406.70068359375,0.6962025316455697,79,55,60,3267,777.7215189873418,0.22112953662872314,2604.516666666667,22.5
v28_seed0,136,2204.3047682989213,4361.46337890625,0.49523809523809526,105,52,60,3267,585.1428571428571,0.2327033132314682,2410.733333333333,22.5
v28_seed0,137,2565.9969374338784,4403.8193359375,0.5104166666666666,96,49,60,3267,640.0,0.20980122685432434,2270.633333333333,13.333333333333334
v28_seed0,138,2509.5326336799785,4597.681640625,0.6063829787234043,94,57,60,3267,653.6170212765958,0.2059122622013092,2203.016666666667,22.5
v28_seed0,139,2218.706326120268,4705.86328125,0.3333333333333333,123,41,60,3267,499.5121951219512,0.18973153829574585,2153.383333333333,15.833333333333334
v28_seed0,140,2488.378374966708,4386.17431640625,0.5454545454545454,99,54,60,3267,620.6060606060606,0.19865605235099792,2185.516666666667,16.666666666666668
v28_seed0,141,2616.2323366940677,4403.8037109375,0.5934065934065934,91,54,60,3267,675.1648351648352,0.20258736610412598,2150.266666666667,16.666666666666668
v28_seed0,142,2341.0572276597613,4520.26806640625,0.6067415730337079,89,54,60,3267,690.3370786516854,0.1868935227394104,2787.8333333333335,29.166666666666668
v28_seed0,143,2349.134268701604,4608.67578125,0.4247787610619469,113,48,60,3267,543.7168141592921,0.19077706336975098,2014.9666666666667,18.333333333333332
v28_seed0,144,2342.624311244234,4866.54931640625,0.5319148936170213,94,50,60,3267,653.6170212765958,0.20017153024673462,2610.8166666666666,25.0
v28_seed0,145,2317.203980819039,4597.71044921875,0.532608695652174,92,49,60,3267,667.8260869565217,0.1700638234615326,2597.5333333333333,25.0
v28_seed0,146,2096.8688930108297,4502.33251953125,0.3333333333333333,123,41,60,3267,499.5121951219512,0.19529777765274048,2125.1666666666665,19.166666666666668
v28_seed0,147,2247.609001879422,4361.53369140625,0.4528301886792453,106,48,60,3267,579.622641509434,0.16337761282920837,2339.0333333333333,22.5
v28_seed0,148,2108.056062342757,4484.7626953125,0.3644067796610169,118,43,60,3267,520.6779661016949,0.1799784004688263,2105.366666666667,19.166666666666668
v28_seed0,149,2400.103204345703,4871.48828125,0.6125,80,49,60,3267,768.0,0.1873096376657486,2464.7833333333333,24.166666666666668
v28_seed0,150,2339.6345448213465,4403.81640625,0.45098039215686275,102,46,60,3267,602.3529411764706,0.162802591919899,2232.5333333333333,18.333333333333332
v28_seed0,151,2344.740965393768,4404.80322265625,0.5862068965517241,87,51,60,3267,706.2068965517242,0.1333388090133667,2410.95,23.333333333333332
v28_seed0,152,2186.704781367861,4407.1376953125,0.33620689655172414,116,39,60,3267,529.6551724137931,0.1444130390882492,2286.733333333333,17.5
v28_seed0,153,2525.156751679211,4711.0078125,0.6097560975609756,82,50,60,3267,749.2682926829268,0.1089240163564682,2332.95,20.0
v28_seed0,154,2184.096384300376,4514.02734375,0.46226415094339623,106,49,60,3267,579.622641509434,0.13227349519729614,2475.8333333333335,25.0
v28_seed0,155,2094.4366548084076,4406.5205078125,0.4666666666666667,105,49,60,3267,585.1428571428571,0.11658646911382675,2764.983333333333,28.333333333333332
v28_seed0,156,2483.1271640777586,4406.5009765625,0.65,80,52,60,3267,768.0,0.15573640167713165,2546.616666666667,25.833333333333332
v28_seed0,157,2217.7346092763573,4403.80615234375,0.46464646464646464,99,46,60,3267,620.6060606060606,0.15135134756565094,2440.5333333333333,24.166666666666668
v28_seed0,158,2278.6012847277584,4602.46826171875,0.46938775510204084,98,46,60,3267,626.9387755102041,0.10878955572843552,2349.0666666666666,20.833333333333332
v28_seed0,159,2029.223135662894,4404.81396484375,0.37606837606837606,117,44,60,3267,525.1282051282051,0.12074996531009674,2484.5666666666666,24.166666666666668
v28_seed0,160,2188.3766705322264,4317.36865234375,0.36,100,36,60,3267,614.4,0.14237311482429504,2319.883333333333,19.166666666666668
v28_seed0,161,2061.250344209893,4359.98974609375,0.21705426356589147,129,28,60,3267,476.27906976744185,0.10742902755737305,2135.7166666666667,15.0
v28_seed0,162,2200.4779357910156,4520.69775390625,0.23076923076923078,130,30,60,3267,472.61538461538464,0.11925362050533295,1893.1666666666667,10.833333333333334
v28_seed0,163,2129.102308485243,4613.150390625,0.3333333333333333,126,42,60,3267,487.6190476190476,0.11092856526374817,2085.1833333333334,20.0
v28_seed0,164,2248.09204321509,4716.5654296875,0.42342342342342343,111,47,60,3267,553.5135135135135,0.12468083947896957,2220.633333333333,19.166666666666668
v28_seed0,165,2010.7796275212215,4404.7958984375,0.3076923076923077,130,40,60,3266,472.61538461538464,0.08239979296922684,2219.8166666666666,17.5
v28_seed0,166,2045.2431658576515,4600.2900390625,0.27205882352941174,136,37,60,3267,451.7647058823529,0.09220996499061584,1878.4166666666667,14.166666666666666
v28_seed0,167,2032.0821631295341,4891.4814453125,0.3482142857142857,112,39,60,3267,548.5714285714286,0.10851328819990158,2520.616666666667,21.666666666666668
v28_seed0,168,2216.831336291083,4612.77734375,0.27586206896551724,145,40,60,3267,423.7241379310345,0.0894773080945015,1694.5166666666667,10.833333333333334
v28_seed0,169,1761.539411438836,4810.5546875,0.2847222222222222,144,41,60,3267,426.6666666666667,0.08636932820081711,2327.516666666667,21.666666666666668
v28_seed0,170,1726.3670828683037,4319.03857421875,0.18857142857142858,175,33,60,3267,351.0857142857143,0.07372747361660004,1820.7333333333333,15.0
v28_seed0,171,1882.7421358548677,4360.140625,0.24475524475524477,143,35,60,3266,429.65034965034965,0.100760817527771,2037.1166666666666,11.666666666666666
v28_seed0,172,1576.1153651506472,4405.86669921875,0.23717948717948717,156,37,60,3267,393.84615384615387,0.12440703809261322,2220.2,20.833333333333332
v28_seed0,173,1579.4452403761586,4403.77880859375,0.18012422360248448,161,29,60,3267,381.6149068322981,0.10173994302749634,2155.0833333333335,14.166666666666666
v28_seed0,174,1656.0978016756019,4404.79541015625,0.19047619047619047,147,28,60,3267,417.9591836734694,0.14990432560443878,2044.6,12.5
v28_seed0,175,1615.4325241913666,4295.01220703125,0.18243243243243243,148,27,60,3266,415.13513513513516,0.0920843854546547,2117.25,15.833333333333334
v28_seed0,176,1570.9598411849781,4317.9990234375,0.1962025316455696,158,31,60,3267,388.8607594936709,0.0844525545835495,2185.633333333333,19.166666666666668
v28_seed0,177,1537.1051381429036,4545.77001953125,0.15384615384615385,156,24,60,3267,393.84615384615387,0.14317646622657776,1983.9166666666667,14.166666666666666
v28_seed0,178,1468.2411126752272,4359.04541015625,0.1347517730496454,141,19,60,3266,435.74468085106383,0.13488712906837463,2130.95,10.0
v28_seed0,179,1057.7472103158223,3966.732421875,0.05154639175257732,194,10,60,3266,316.70103092783506,0.11139579117298126,1876.25,6.666666666666667
v28_seed0,180,1027.2182900656217,4316.67041015625,0.016736401673640166,239,4,60,3266,257.07112970711296,0.0763610303401947,1725.5666666666666,1.6666666666666667
v28_seed0,181,1237.3862647784533,4865.7080078125,0.047337278106508875,169,8,60,3266,363.55029585798815,0.07136492431163788,1681.0,4.166666666666667
v28_seed0,182,1263.642006967582,3387.1328125,0.00980392156862745,204,2,60,3266,301.1764705882353,0.08597377687692642,1176.75,1.6666666666666667
v28_seed0,183,953.804731473641,3685.662353515625,0.02531645569620253,237,6,60,3266,259.24050632911394,0.08258314430713654,1397.3,4.166666666666667
v28_seed0,184,1124.2445515734084,4098.15087890625,0.03404255319148936,235,8,60,3267,261.4468085106383,0.08827248215675354,1302.4666666666667,5.0
v28_seed0,185,1229.503139817571,4285.39111328125,0.03614457831325301,166,6,60,3266,370.12048192771084,0.10040085017681122,1438.0833333333333,2.5
v28_seed0,186,1171.351040047659,3734.75146484375,0.014084507042253521,142,2,60,3267,432.67605633802816,0.06379402428865433,1091.4833333333333,0.8333333333333334
v28_seed0,187,1115.0648459598935,3442.362060546875,0.027586206896551724,145,4,60,3267,423.7241379310345,0.0817280262708664,1001.0,1.6666666666666667
v28_seed0,188,977.9010745650487,3203.804443359375,0.0070921985815602835,141,1,60,3200,435.74468085106383,0.06723522394895554,953.2166666666667,0.8333333333333334
v28_seed0,189,1106.1284543169222,3446.103759765625,0.008130081300813009,123,1,60,3266,499.5121951219512,0.06382465362548828,808.7333333333333,
v28_seed0,190,1106.7777688455262,4135.7158203125,0.013422818791946308,149,2,60,3266,412.3489932885906,0.0637982189655304,969.6666666666666,0.8333333333333334
v28_seed0,191,1166.3083404980118,3594.892578125,0.02877697841726619,139,4,60,3266,442.0143884892086,0.06761716306209564,1122.7166666666667,2.5
v28_seed0,192,1123.2063295143084,3110.23583984375,0.0,181,0,60,3155,339.4475138121547,0.08049264550209045,995.6166666666667,
v28_seed0,193,1234.0679586501349,3734.2119140625,0.011904761904761904,168,2,60,3266,365.7142857142857,0.11662375926971436,1066.1166666666666,0.8333333333333334
v28_seed0,194,1107.909024647304,3267.652587890625,0.005952380952380952,168,1,60,3266,365.7142857142857,0.09387033432722092,1170.8833333333334,0.8333333333333334
v28_seed0,195,1205.8562110813184,4125.75341796875,0.028735632183908046,174,5,60,3267,353.1034482758621,0.08371251821517944,1023.8833333333333,0.8333333333333334
v28_seed0,196,1108.7425850223256,3445.533447265625,0.011560693641618497,173,2,60,3266,355.1445086705202,0.08323383331298828,967.2666666666667,0.8333333333333334
v28_seed0,197,993.4307625906808,3210.565185546875,0.007142857142857143,140,1,60,3206,438.85714285714283,0.05827794224023819,925.0833333333334,0.8333333333333334
v28_seed0,198,911.6233662350077,2522.982666015625,0.0,142,0,60,2586,432.67605633802816,0.0554911307990551,808.9833333333333,
v28_seed0,199,971.8792886476259,2912.75048828125,0.0,148,0,60,2963,415.13513513513516,0.06808561831712723,855.2,
v28_seed0,200,928.3029134576971,2687.412109375,0.0,110,0,60,2751,558.5454545454545,0.040435370057821274,718.0833333333334,
v28_seed0,201,999.1610854630618,2799.75048828125,0.0,97,0,60,2850,633.4020618556701,0.05554880201816559,887.4166666666666,
v28_seed0,202,943.9609016690936,2176.771484375,0.0,112,0,60,2226,548.5714285714286,0.07893692702054977,781.7833333333333,
v28_seed0,203,849.1361762152778,2305.75048828125,0.0,99,0,60,2356,620.6060606060606,0.04228480905294418,828.2833333333333,
v28_seed0,204,988.0116842394677,2175.75048828125,0.0,107,0,60,2226,574.2056074766355,0.06215856969356537,742.7333333333333,
v28_seed0,205,1028.0116912243413,3307.75048828125,0.00980392156862745,102,1,60,3266,602.3529411764706,0.07994268834590912,949.0333333333333,0.8333333333333334
v28_seed0,206,912.5667216837907,2895.750732421875,0.0,119,0,60,2946,516.3025210084033,0.08882807195186615,1025.3166666666666,
v28_seed0,207,1008.1934290824177,3411.75048828125,0.014388489208633094,139,2,60,3266,442.0143884892086,0.06813795864582062,876.5333333333333,1.6666666666666667
v28_seed0,208,1038.9497084281813,3779.75048828125,0.007042253521126761,142,1,60,3266,432.67605633802816,0.07404579967260361,876.2666666666667,0.8333333333333334
v28_seed0,209,1159.3764356825086,2863.75048828125,0.0,180,0,60,2914,341.3333333333333,0.07063210010528564,952.7666666666667,
v28_seed0,210,1121.5977659225464,2898.8134765625,0.0,208,0,60,2946,295.38461538461536,0.11612462997436523,814.7833333333333,
v28_seed0,211,1099.335179974956,3436.97265625,0.013824884792626729,217,3,60,3266,283.1336405529954,0.12329084426164627,1083.9666666666667,1.6666666666666667
v28_seed0,212,1043.149208438554,2692.486083984375,0.0,227,0,60,2752,270.66079295154185,0.09644158184528351,838.3166666666667,
v28_seed0,213,1017.2267976342177,2209.07666015625,0.0,205,0,60,2253,299.7073170731707,0.15900173783302307,875.9,
v28_seed0,214,1015.0658680097706,3005.11572265625,0.0,197,0,60,3050,311.8781725888325,0.13943681120872498,1081.1,
v28_seed0,215,1088.440089718731,3429.343017578125,0.004830917874396135,207,1,60,3266,296.81159420289856,0.1376926600933075,819.0666666666667,
v28_seed0,216,1051.4457165229612,2323.03369140625,0.0,205,0,60,2370,299.7073170731707,0.13023361563682556,784.4,
v28_seed0,217,1094.8270130335727,2322.29296875,0.0,214,0,60,2370,287.10280373831773,0.10640223324298859,1003.8833333333333,
v28_seed0,218,1052.223690423733,2879.75048828125,0.0,205,0,60,2930,299.7073170731707,0.12700003385543823,840.3666666666667,
v28_seed0,219,1117.2084164089626,3255.264892578125,0.004273504273504274,234,1,60,3251,262.56410256410254,0.12216643989086151,729.4666666666667,0.8333333333333334
v28_seed0,220,938.4374452816543,2322.99365234375,0.0,186,0,60,2371,330.3225806451613,0.10879965871572495,780.3333333333334,
v28_seed0,221,1035.4552529945533,2322.55322265625,0.0,239,0,60,2370,257.07112970711296,0.12245871871709824,836.1166666666667,
v28_seed0,222,1102.6084063004473,2867.15380859375,0.0,196,0,60,2914,313.46938775510205,0.09959027171134949,1185.9333333333334,
v28_seed0,223,982.5796035963067,2324.845458984375,0.0,233,0,60,2370,263.6909871244635,0.10646820813417435,959.65,
v28_seed0,224,1028.3600712235357,2322.7734375,0.0,231,0,60,2370,265.97402597402595,0.08836600929498672,1003.7833333333333,
v28_seed0,225,1045.2361418719784,2537.506103515625,0.0,223,0,60,2597,275.5156950672646,0.1033809706568718,892.9166666666666,
v28_seed0,226,1080.4327541650166,2698.467041015625,0.0,217,0,60,2757,283.1336405529954,0.09205009788274765,1086.3166666666666,
v28_seed0,227,1099.0112771698923,2880.291015625,0.0,231,0,60,2930,265.97402597402595,0.11134785413742065,1017.7,
v28_seed0,228,1080.511293153505,2519.845458984375,0.0,222,0,60,2580,276.7567567567568,0.08095631003379822,1083.55,
v28_seed0,229,1026.7736930503502,3268.333251953125,0.0045045045045045045,222,1,60,3266,276.7567567567568,0.0922597348690033,1116.0833333333333,0.8333333333333334
v28_seed0,230,1081.743709252805,2520.91650390625,0.0,196,0,60,2580,313.46938775510205,0.11629634350538254,1102.35,
v28_seed0,231,1113.6261895613236,3179.284912109375,0.004545454545454545,220,1,60,3175,279.27272727272725,0.10359720885753632,878.9,0.8333333333333334
v28_seed0,232,986.3576253030152,2319.75048828125,0.0,226,0,60,2370,271.85840707964604,0.10198812931776047,975.9333333333333,
v28_seed0,233,953.7050724920825,2688.525146484375,0.0,214,0,60,2749,287.10280373831773,0.0803523063659668,1117.1666666666667,
v28_seed0,234,1058.5540462184597,2547.51416015625,0.0,222,0,60,2594,276.7567567567568,0.10679206252098083,1054.9666666666667,
v28_seed0,235,904.6967804311314,2868.124755859375,0.0,257,0,60,2914,239.06614785992218,0.09221997112035751,889.3666666666667,
v28_seed0,236,939.8641652808999,2522.60546875,0.0,265,0,60,2583,231.8490566037736,0.09267820417881012,893.3166666666667,
v28_seed0,237,920.6035559850794,2540.27587890625,0.0,262,0,60,2585,234.50381679389312,0.07111357152462006,882.3,
v28_seed0,238,963.2602157947629,2545.602294921875,0.0,215,0,60,2594,285.7674418604651,0.09398798644542694,721.9666666666667,
v28_seed0,239,983.0634699906453,2525.983642578125,0.0,202,0,60,2588,304.15841584158414,0.082218237221241,850.9333333333333,
v28_seed0,240,1005.7784272527896,2544.75048828125,0.0,237,0,60,2595,259.24050632911394,0.10049267113208771,825.4833333333333,
v28_seed0,241,1012.7849375152588,2178.022705078125,0.0,200,0,60,2226,307.2,0.1314595341682434,908.2,
v28_seed0,242,1035.447089929149,2310.8173828125,0.0,243,0,60,2354,252.8395061728395,0.10298383235931396,877.5666666666667,
v28_seed0,243,941.9408660315572,2335.75048828125,0.0,213,0,60,2386,288.4507042253521,0.12730304896831512,869.7666666666667,
v28_seed0,244,961.5758652423494,2532.143798828125,0.0,199,0,60,2594,308.7437185929648,0.1118062362074852,965.1833333333333,
v28_seed0,245,902.8637913083567,3428.453125,0.009708737864077669,103,1,60,3266,596.504854368932,0.11292101442813873,755.5,0.8333333333333334
v28_seed0,246,926.0981178283691,2180.6953125,0.0,136,0,60,2226,451.7647058823529,0.10021078586578369,655.2,
v28_seed0,247,841.7620094245207,2129.75048828125,0.0,141,0,60,2180,435.74468085106383,0.09711867570877075,743.0166666666667,
v28_seed0,248,858.114142116112,2319.75048828125,0.0,158,0,60,2370,388.8607594936709,0.0660821869969368,762.5166666666667,
v28_seed0,249,940.1595199281807,2521.291015625,0.0,151,0,60,2586,406.887417218543,0.08830080926418304,974.9833333333333,
v28_seed1,0,705.9843930006027,1776.9552001953125,0.9296875,128,119,60,3267,480.0,1.777540683746338,482.31666666666666,45.0
v28_seed1,1,803.5222470513705,1762.023193359375,1.0,116,119,60,3267,529.6551724137931,1.7506356239318848,741.7666666666667,38.333333333333336
v28_seed1,2,496.89848717711027,2116.06396484375,0.2631578947368421,266,70,60,3266,230.97744360902254,1.7209069728851318,594.6333333333333,18.333333333333332
v28_seed1,3,632.6782616165084,2228.613525390625,0.25888324873096447,197,51,60,3267,311.8781725888325,1.6902930736541748,492.93333333333334,12.5
v28_seed1,4,548.7004030202564,2391.234130859375,0.15789473684210525,285,45,60,3267,215.57894736842104,1.6543073654174805,769.9333333333333,12.5
v28_seed1,5,411.36877206462776,2622.74169921875,0.06457564575645756,542,35,60,3267,113.35793357933579,1.6268361806869507,704.3333333333334,9.166666666666666
v28_seed1,6,380.5879892162811,2791.682373046875,0.045112781954887216,665,30,60,3267,92.39097744360902,1.5986354351043701,834.2833333333333,11.666666666666666
v28_seed1,7,398.15637620873406,2808.2529296875,0.009174311926605505,654,6,60,3266,93.94495412844037,1.626704216003418,595.7166666666667,3.3333333333333335
v28_seed1,8,403.87674213750677,2434.743408203125,0.019169329073482427,626,12,60,3266,98.14696485623003,1.6294529438018799,641.3333333333334,9.166666666666666
v28_seed1,9,367.8124344531088,2961.27294921875,0.009966777408637873,602,6,60,3266,102.05980066445183,1.6199195384979248,460.28333333333336,3.3333333333333335
v28_seed1,10,371.45999619734266,3158.522216796875,0.004830917874396135,621,3,60,3266,98.93719806763285,1.59961998462677,340.68333333333334,0.8333333333333334
v28_seed1,11,411.37238721470004,3090.322998046875,0.012048192771084338,581,7,60,3266,105.7487091222031,1.5679607391357422,546.1166666666667,3.3333333333333335
v28_seed1,12,413.17860260009763,2702.633544921875,0.008333333333333333,600,5,60,3267,102.4,1.535884976387024,543.2333333333333,2.5
v28_seed1,13,426.13826474276453,2874.322021484375,0.0196078431372549,561,11,60,3266,109.5187165775401,1.5140405893325806,746.8,7.5
v28_seed1,14,593.7898165572365,3222.322998046875,0.0330188679245283,424,14,60,3266,144.9056603773585,1.467484474182129,843.0833333333334,7.5
v28_seed1,15,552.9291796465973,3086.663330078125,0.01016260162601626,492,5,60,3266,124.8780487804878,1.4609476327896118,555.4,2.5
v28_seed1,16,664.6794548390003,3299.4423828125,0.03125,416,13,60,3267,147.69230769230768,1.3998260498046875,638.7666666666667,2.5
v28_seed1,17,658.2325154891828,3764.342529296875,0.03414634146341464,410,14,60,3267,149.85365853658536,1.4025158882141113,815.3833333333333,6.666666666666667
v28_seed1,18,716.1911022663116,3450.441650390625,0.0364741641337386,329,12,60,3266,186.74772036474164,1.3352936506271362,964.6166666666667,6.666666666666667
v28_seed1,19,597.8079524323276,3867.601318359375,0.03881278538812785,438,17,60,3267,140.27397260273972,1.3285984992980957,1007.4166666666666,8.333333333333334
v28_seed1,20,790.4664842578727,3798.681396484375,0.03380281690140845,355,12,60,3266,173.07042253521126,1.320188283920288,1106.0333333333333,6.666666666666667
v28_seed1,21,940.8632618993212,4149.2431640625,0.06920415224913495,289,20,60,3267,212.59515570934255,1.3385438919067383,1363.2833333333333,9.166666666666666
v28_seed1,22,986.636172635438,4135.75341796875,0.029508196721311476,305,9,60,3267,201.44262295081967,1.3540347814559937,1056.2166666666667,3.3333333333333335
v28_seed1,23,1154.8021155331385,4146.55322265625,0.0622568093385214,257,16,60,3267,239.06614785992218,1.3319077491760254,1048.2666666666667,3.3333333333333335
v28_seed1,24,1155.3732591108842,4152.17333984375,0.06611570247933884,242,16,60,3267,253.88429752066116,1.2862114906311035,1464.95,10.833333333333334
v28_seed1,25,1261.787853289665,4135.13671875,0.059574468085106386,235,14,60,3267,261.4468085106383,1.2730035781860352,1341.6833333333334,7.5
v28_seed1,26,1322.7443814745136,4313.19970703125,0.09803921568627451,204,20,60,3267,301.1764705882353,1.2814271450042725,1718.4833333333333,12.5
v28_seed1,27,1333.7971182180006,4151.7236328125,0.06976744186046512,215,15,60,3267,285.7674418604651,1.1708524227142334,1548.3166666666666,7.5
v28_seed1,28,1413.6412073516847,4135.943359375,0.125,200,25,60,3266,307.2,1.2013895511627197,1515.9666666666667,10.0
v28_seed1,29,1495.550258768016,4201.755859375,0.16091954022988506,174,28,60,3267,353.1034482758621,1.1649385690689087,1639.5833333333333,10.833333333333334
v28_seed1,30,1403.6870939835258,4155.97314453125,0.1358695652173913,184,25,60,3267,333.9130434782609,1.1501998901367188,1711.3,12.5
v28_seed1,31,1574.5855318329038,4284.841796875,0.17159763313609466,169,29,60,3267,363.55029585798815,1.174413800239563,1528.9833333333333,9.166666666666666
v28_seed1,32,1685.1191953834912,4709.9326171875,0.24113475177304963,141,34,60,3267,435.74468085106383,1.1961036920547485,1873.8333333333333,14.166666666666666
v28_seed1,33,1716.413833618164,4297.97119140625,0.2080536912751678,149,31,60,3267,412.3489932885906,1.1515774726867676,1736.3333333333333,12.5
v28_seed1,34,1686.990238833737,4152.37353515625,0.21428571428571427,154,33,60,3267,398.961038961039,1.1053595542907715,1498.0666666666666,11.666666666666666
v28_seed1,35,1896.1948940070101,4315.6982421875,0.2868217054263566,129,37,60,3267,476.27906976744185,1.0867832899093628,1857.9833333333333,14.166666666666666
v28_seed1,36,1715.3565140909222,4528.880859375,0.291044776119403,134,39,60,3267,458.5074626865672,1.1220518350601196,1994.6,16.666666666666668
v28_seed1,37,2097.480348568871,4404.78173828125,0.42857142857142855,105,45,60,3267,585.1428571428571,1.1137287616729736,2062.3,20.0
v28_seed1,38,1817.1220448420597,4370.7646484375,0.3153846153846154,130,41,60,3267,472.61538461538464,1.077926516532898,1744.6166666666666,15.0
v28_seed1,39,1884.6074696478443,4244.62060546875,0.4392523364485981,107,47,60,3267,574.2056074766355,1.0506980419158936,2219.8333333333335,21.666666666666668
v28_seed1,40,2113.265770612444,4319.83154296875,0.47619047619047616,105,50,60,3267,585.1428571428571,1.0784785747528076,1774.4666666666667,17.5
v28_seed1,41,2184.682279134534,4317.5986328125,0.5051546391752577,97,49,60,3267,633.4020618556701,1.0370635986328125,1957.1666666666667,17.5
v28_seed1,42,2399.5804865026985,4522.04345703125,0.5591397849462365,93,52,60,3267,660.6451612903226,1.0331330299377441,1698.9,15.0
v28_seed1,43,2037.1164228265936,4347.71044921875,0.625,88,55,60,3267,698.1818181818181,0.9959664344787598,2340.116666666667,25.833333333333332
v28_seed1,44,2105.027361691653,4404.775390625,0.6263736263736264,91,57,60,3267,675.1648351648352,1.0392091274261475,2083.9333333333334,20.833333333333332
v28_seed1,45,2197.6454514294137,4349.5166015625,0.6707317073170732,82,55,60,3267,749.2682926829268,1.027801752090454,2311.05,23.333333333333332
v28_seed1,46,2414.2917954818063,4315.33056640625,0.5978260869565217,92,55,60,3267,667.8260869565217,0.964999794960022,1666.45,12.5
v28_seed1,47,2432.522025119053,4404.798828125,0.6067415730337079,89,54,60,3267,690.3370786516854,0.9238052368164062,1795.2166666666667,15.833333333333334
v28_seed1,48,3143.4751697887073,4403.7998046875,0.8939393939393939,66,59,60,3267,930.9090909090909,0.9578908681869507,1704.45,14.166666666666666
v28_seed1,49,2442.040667967363,4369.10791015625,0.5909090909090909,88,52,60,3267,698.1818181818181,0.9286230802536011,1875.5666666666666,14.166666666666666
v28_seed1,50,2646.927412751433,4430.3720703125,0.7402597402597403,77,57,60,3267,797.922077922078,0.895794153213501,1943.0666666666666,16.666666666666668
v28_seed1,51,2637.0028317473657,4437.79296875,0.6744186046511628,86,58,60,3267,714.4186046511628,0.8054593205451965,1622.6666666666667,14.166666666666666
v28_seed1,52,3052.2840052065644,4451.4326171875,0.855072463768116,69,59,60,3267,890.4347826086956,0.8946885466575623,1769.5833333333333,15.0
v28_seed1,53,2736.621145506163,4438.91162109375,0.7972972972972973,74,59,60,3267,830.2702702702703,0.8359777927398682,1853.2,18.333333333333332
v28_seed1,54,2776.139118248308,4436.1103515625,0.7887323943661971,71,56,60,3267,865.3521126760563,0.8197647333145142,2097.4166666666665,19.166666666666668
v28_seed1,55,2867.4978251737707,4404.78466796875,0.8676470588235294,68,59,60,3267,903.5294117647059,0.8735888004302979,2077.7,20.0
v28_seed1,56,3275.817650349935,4403.7998046875,0.9833333333333333,60,59,60,3267,1024.0,0.7946162819862366,2003.8833333333334,15.833333333333334
v28_seed1,57,2879.956485577484,4403.796875,0.8507462686567164,67,57,60,3267,917.0149253731344,0.814673662185669,2083.366666666667,16.666666666666668
v28_seed1,58,3046.5522587299347,4717.14501953125,0.90625,64,58,60,3267,960.0,0.7751920223236084,2040.3166666666666,16.666666666666668
v28_seed1,59,3059.0911371707916,4439.5107421875,0.921875,64,59,60,3267,960.0,0.7398760318756104,2007.25,15.833333333333334
v28_seed1,60,2910.902147565569,4403.80517578125,0.9365079365079365,63,59,60,3267,975.2380952380952,0.6450783014297485,2234.65,20.833333333333332
v28_seed1,61,2983.1663473160543,4437.07470703125,0.9508196721311475,61,58,60,3267,1007.2131147540983,0.7074071764945984,2321.95,19.166666666666668
v28_seed1,62,2869.233482837677,4678.08154296875,0.875,64,56,60,3267,960.0,0.6949124932289124,2357.5666666666666,20.0
v28_seed1,63,2841.0422315597534,4607.30810546875,0.90625,64,58,60,3267,960.0,0.7086088061332703,2353.5833333333335,20.0
v28_seed1,64,2746.4573706993688,4597.76025390625,0.9076923076923077,65,59,60,3267,945.2307692307693,0.5633987188339233,2395.366666666667,20.833333333333332
v28_seed1,65,3081.468203011206,4604.2890625,1.0,59,59,60,3267,1041.3559322033898,0.5685617923736572,2167.7833333333333,17.5
v28_seed1,66,3181.2268692275225,4707.0927734375,1.0,59,60,60,3267,1041.3559322033898,0.5959475040435791,2348.883333333333,19.166666666666668
v28_seed1,67,3284.436772184552,4344.4716796875,1.0,53,60,60,3267,1159.245283018868,0.6419311761856079,2363.116666666667,19.166666666666668
v28_seed1,68,2861.134082191869,4621.5185546875,1.0,57,60,60,3267,1077.8947368421052,0.6184744834899902,2497.1666666666665,25.0
v28_seed1,69,2972.6875205204406,4601.26806640625,0.9827586206896551,58,57,60,3267,1059.3103448275863,0.5776110887527466,2464.4166666666665,20.0
v28_seed1,70,3005.9048630934494,4712.18310546875,0.8923076923076924,65,58,60,3267,945.2307692307693,0.6116015911102295,2252.133333333333,17.5
v28_seed1,71,2941.276594543457,4720.70361328125,1.0,60,60,60,3267,1024.0,0.5603162050247192,2458.5666666666666,21.666666666666668
v28_seed1,72,3166.3552519699624,4603.181640625,1.0,58,58,60,3267,1059.3103448275863,0.6093438863754272,2272.0333333333333,17.5
v28_seed1,73,3017.930320046165,4887.61181640625,1.0,55,59,60,3267,1117.090909090909,0.5872732400894165,2518.1666666666665,22.5
v28_seed1,74,3236.13415035959,4862.8994140625,1.0,59,60,60,3267,1041.3559322033898,0.5821689963340759,2190.45,19.166666666666668
v28_seed1,75,2752.5550537109375,4862.7822265625,0.8208955223880597,67,55,60,3267,917.0149253731344,0.5559171438217163,2421.3,17.5
v28_seed1,76,2759.129129900251,4711.44287109375,0.8,70,56,60,3267,877.7142857142857,0.5431485176086426,2319.2166666666667,19.166666666666668
v28_seed1,77,2626.7845452152083,4877.5595703125,0.8805970149253731,67,59,60,3267,917.0149253731344,0.4792954623699188,2458.383333333333,25.0
v28_seed1,78,3069.7974065965223,4729.77294921875,0.9516129032258065,62,59,60,3267,990.9677419354839,0.49396759271621704,2329.516666666667,21.666666666666668
v28_seed1,79,2956.7242572118366,4866.32666015625,0.9206349206349206,63,58,60,3267,975.2380952380952,0.5014239549636841,2441.7166666666667,22.5
v28_seed1,80,2600.6201889514923,4873.50830078125,0.921875,64,59,60,3267,960.0,0.4809170961380005,2610.85,26.666666666666668
v28_seed1,81,2913.425543613121,4730.7119140625,0.9672131147540983,61,59,60,3267,1007.2131147540983,0.5016595721244812,2516.116666666667,24.166666666666668
v28_seed1,82,3158.472397395543,4885.78564453125,1.0,56,59,60,3267,1097.142857142857,0.5007346272468567,2405.0,20.833333333333332
v28_seed1,83,3165.2173194362695,4883.357421875,0.7671232876712328,73,56,60,3267,841.6438356164383,0.4587804675102234,1821.0,13.333333333333334
v28_seed1,84,2995.757980145906,4878.607421875,0.75,76,57,60,3267,808.421052631579,0.40038880705833435,1906.4166666666667,14.166666666666666
v28_seed1,85,3179.662066607408,4858.3564453125,0.8450704225352113,71,60,60,3267,865.3521126760563,0.4297354519367218,1755.5,10.0
v28_seed1,86,3402.6508583858094,4714.3134765625,1.0,58,58,60,3267,1059.3103448275863,0.37512531876564026,2293.266666666667,18.333333333333332
v28_seed1,87,3268.9384803771973,4704.5029296875,0.890625,64,57,60,3267,960.0,0.3620402216911316,1981.8333333333333,14.166666666666666
v28_seed1,88,3306.3413795702386,4863.29638671875,0.9090909090909091,66,60,60,3267,930.9090909090909,0.3869016766548157,2012.35,15.0
v28_seed1,89,3310.8777412746263,4872.15673828125,0.855072463768116,69,59,60,3267,890.4347826086956,0.32868900895118713,1743.8333333333333,13.333333333333334
v28_seed1,90,3216.2108387802587,4995.806640625,0.8484848484848485,66,56,60,3267,930.9090909090909,0.38451656699180603,2123.6,15.0
v28_seed1,91,3338.869011341442,4875.45849609375,1.0,55,60,60,3267,1117.090909090909,0.3740464746952057,2316.3166666666666,18.333333333333332
v28_seed1,92,3505.1534322102866,5464.97216796875,0.9090909090909091,66,60,60,3267,930.9090909090909,0.3686610162258148,1757.3833333333334,11.666666666666666
v28_seed1,93,3626.185312740138,4872.5771484375,0.9672131147540983,61,59,60,3267,1007.2131147540983,0.3601114749908447,1984.0333333333333,12.5
v28_seed1,94,3513.2698845297605,4863.947265625,0.9152542372881356,59,54,60,3267,1041.3559322033898,0.4175502061843872,2147.616666666667,11.666666666666666
v28_seed1,95,3594.80779838562,4717.9638671875,0.9375,64,60,60,3267,960.0,0.3805183470249176,1832.0666666666666,9.166666666666666
v28_seed1,96,3510.4092298235214,4870.3896484375,0.8285714285714286,70,58,60,3267,877.7142857142857,0.3380933403968811,1602.3666666666666,6.666666666666667
v28_seed1,97,2646.9355533306416,4875.7978515625,0.7051282051282052,78,55,60,3267,787.6923076923077,0.3788761794567108,1866.8166666666666,15.0
v28_seed1,98,2431.2924300745913,4721.77734375,0.7368421052631579,76,56,60,3267,808.421052631579,0.30375826358795166,2465.483333333333,23.333333333333332
v28_seed1,99,3029.6525613363688,4715.4921875,0.7402597402597403,77,57,60,3267,797.922077922078,0.30377909541130066,1934.95,15.0
v28_seed1,100,3221.730379441205,4873.87744140625,0.8823529411764706,68,60,60,3267,903.5294117647059,0.3428145945072174,2068.0833333333335,17.5
v28_seed1,101,3047.768986577573,5400.06884765625,0.7681159420289855,69,53,60,3267,890.4347826086956,0.3380820155143738,1922.6,14.166666666666666
v28_seed1,102,2885.221705183198,4868.73828125,0.7341772151898734,79,58,60,3267,777.7215189873418,0.30938851833343506,1927.8333333333333,15.0
v28_seed1,103,3207.49237203598,4897.78564453125,0.828125,64,53,60,3267,960.0,0.26271140575408936,1850.6333333333334,13.333333333333334
v28_seed1,104,3275.680073765346,4864.91845703125,0.8285714285714286,70,58,60,3267,877.7142857142857,0.31045323610305786,1613.4833333333333,9.166666666666666
v28_seed1,105,2978.286424294496,4873.4873046875,0.7435897435897436,78,58,60,3267,787.6923076923077,0.3402784466743469,1758.4666666666667,11.666666666666666
v28_seed1,106,3305.91934114344,4869.388671875,0.8529411764705882,68,58,60,3267,903.5294117647059,0.29431116580963135,1718.35,11.666666666666666
v28_seed1,107,3049.059257617895,5322.80517578125,0.8405797101449275,69,58,60,3267,890.4347826086956,0.3043937683105469,1994.85,15.0
v28_seed1,108,3594.5609220064603,4883.4365234375,0.8923076923076924,65,58,60,3267,945.2307692307693,0.30722302198410034,1763.6833333333334,11.666666666666666
v28_seed1,109,3437.9482065836587,4860.20654296875,0.8939393939393939,66,59,60,3267,930.9090909090909,0.29589980840682983,1857.7,10.833333333333334
v28_seed1,110,3382.766578351948,4851.41748046875,0.8169014084507042,71,58,60,3267,865.3521126760563,0.2897232174873352,1777.5333333333333,10.0
v28_seed1,111,3301.450261813491,4870.4873046875,0.8507462686567164,67,57,60,3267,917.0149253731344,0.3387492299079895,1926.15,14.166666666666666
v28_seed1,112,3157.6332520323913,4857.8466796875,0.7532467532467533,77,58,60,3267,797.922077922078,0.2598944902420044,1677.5666666666666,10.833333333333334
v28_seed1,113,3044.775466071235,4874.58642578125,0.8055555555555556,72,58,60,3267,853.3333333333334,0.3069935739040375,1884.7666666666667,13.333333333333334
v28_seed1,114,2655.1300985874273,4871.6884765625,0.7307692307692307,78,57,60,3267,787.6923076923077,0.30293142795562744,1899.4666666666667,15.833333333333334
v28_seed1,115,2742.49847946167,4866.3994140625,0.725,80,58,60,3267,768.0,0.30975833535194397,2031.2833333333333,16.666666666666668
v28_seed1,116,2700.7157541910806,4870.3779296875,0.6547619047619048,84,55,60,3267,731.4285714285714,0.27525949478149414,1637.1166666666666,12.5
v28_seed1,117,2707.922900860126,4870.6171875,0.717948717948718,78,56,60,3267,787.6923076923077,0.26852789521217346,1860.6166666666666,14.166666666666666
v28_seed1,118,2847.698331298828,4865.77783203125,0.7866666666666666,75,59,60,3267,819.2,0.26314592361450195,1938.4333333333334,15.0
v28_seed1,119,2674.882988685785,4868.5166015625,0.6395348837209303,86,55,60,3267,714.4186046511628,0.27324312925338745,1807.4166666666667,14.166666666666666
v28_seed1,120,2608.8198948395557,4879.77783203125,0.7564102564102564,78,59,60,3267,787.6923076923077,0.2200205773115158,2257.45,20.0
v28_seed1,121,2639.017059326172,4886.7880859375,0.6941176470588235,85,59,60,3267,722.8235294117648,0.26368701457977295,1843.4166666666667,15.833333333333334
v28_seed1,122,3041.70799123505,4874.8369140625,0.7037037037037037,81,57,60,3267,758.5185185185185,0.2665035128593445,1475.55,8.333333333333334
v28_seed1,123,2652.431248715049,4868.4365234375,0.75,76,57,60,3267,808.421052631579,0.2763665020465851,2017.1,17.5
v28_seed1,124,2691.084660456731,4875.15673828125,0.5824175824175825,91,53,60,3267,675.1648351648352,0.2515864074230194,1444.5,8.333333333333334
v28_seed1,125,2872.839232846915,4886.78076171875,0.6987951807228916,83,58,60,3266,740.2409638554217,0.2424452304840088,1601.2666666666667,10.0
v28_seed1,126,2579.084642958367,4874.53662109375,0.6436781609195402,87,56,60,3267,706.2068965517242,0.25081297755241394,1953.8,15.833333333333334
v28_seed1,127,2766.7868995143945,4712.7822265625,0.7534246575342466,73,55,60,3267,841.6438356164383,0.2623709440231323,2064.4333333333334,14.166666666666666
v28_seed1,128,2477.262420311403,4876.20654296875,0.5955056179775281,89,53,60,3267,690.3370786516854,0.22901543974876404,1765.4833333333333,13.333333333333334
v28_seed1,129,2692.972345525568,4864.546875,0.7662337662337663,77,59,60,3267,797.922077922078,0.17671656608581543,1954.4833333333333,18.333333333333332
v28_seed1,130,2777.37333597819,4879.78125,0.7866666666666666,75,59,60,3267,819.2,0.23278430104255676,1956.45,18.333333333333332
v28_seed1,131,2406.1396222060985,4867.79638671875,0.6404494382022472,89,57,60,3267,690.3370786516854,0.22290757298469543,2056.8333333333335,20.0
v28_seed1,132,2184.575872218355,4869.79736328125,0.6063829787234043,94,57,60,3267,653.6170212765958,0.17842242121696472,2120.75,24.166666666666668
v28_seed1,133,2111.2154341610994,4872.947265625,0.5227272727272727,88,46,60,3267,698.1818181818181,0.24663500487804413,1760.7,15.833333333333334
v28_seed1,134,1604.6878729293596,4870.4873046875,0.35074626865671643,134,47,60,3266,458.5074626865672,0.204593226313591,2070.9333333333334,20.833333333333332
v28_seed1,135,2022.8313621387147,4868.078125,0.45614035087719296,114,52,60,3267,538.9473684210526,0.2198893278837204,1893.0666666666666,19.166666666666668
v28_seed1,136,1974.4256751864564,4868.57666015625,0.5,102,51,60,3267,602.3529411764706,0.2248411327600479,2379.866666666667,24.166666666666668
v28_seed1,137,1892.0718636348329,4886.642578125,0.3879310344827586,116,45,60,3267,529.6551724137931,0.22903427481651306,2137.2,18.333333333333332
v28_seed1,138,1664.2202576164186,4724.78173828125,0.33070866141732286,127,42,60,3267,483.7795275590551,0.18371930718421936,2064.45,18.333333333333332
v28_seed1,139,1601.882548127351,4864.8251953125,0.3111111111111111,135,42,60,3267,455.1111111111111,0.2082393616437912,2099.0833333333335,18.333333333333332
v28_seed1,140,1647.2782476152693,4713.99267578125,0.21428571428571427,140,30,60,3266,438.85714285714283,0.17151981592178345,1357.5166666666667,9.166666666666666
v28_seed1,141,1405.820789919061,4846.8974609375,0.23728813559322035,118,28,60,3267,520.6779661016949,0.16385772824287415,1409.2833333333333,11.666666666666666
v28_seed1,142,926.7683630371093,4085.51123046875,0.08,125,10,60,3267,491.52,0.2029133439064026,1364.9333333333334,7.5
v28_seed1,143,1175.8483380514479,4087.091796875,0.12698412698412698,126,16,60,3266,487.6190476190476,0.18254192173480988,1254.6166666666666,5.833333333333333
v28_seed1,144,1061.4124192933778,4709.17333984375,0.13513513513513514,148,20,60,3267,415.13513513513516,0.16110606491565704,1345.6166666666666,10.0
v28_seed1,145,963.7035868445108,4710.830078125,0.06976744186046512,172,12,60,3267,357.2093023255814,0.15228483080863953,1384.15,8.333333333333334
v28_seed1,146,1109.999517223503,4159.283203125,0.14556962025316456,158,23,60,3267,388.8607594936709,0.15979592502117157,1418.5833333333333,10.0
v28_seed1,147,1061.7882794224938,4205.53515625,0.10465116279069768,172,18,60,3267,357.2093023255814,0.16628718376159668,1295.25,9.166666666666666
v28_seed1,148,1063.3310550323313,4351.291015625,0.10734463276836158,177,19,60,3267,347.1186440677966,0.18905800580978394,1331.1666666666667,7.5
v28_seed1,149,1003.1396915108817,4444.32470703125,0.10857142857142857,175,19,60,3267,351.0857142857143,0.1861637830734253,1408.9833333333333,10.0
v28_seed1,150,1161.8474882460132,4445.33154296875,0.09278350515463918,194,18,60,3267,316.70103092783506,0.12578099966049194,1372.7666666666667,8.333333333333334
v28_seed1,151,1094.8444609851372,4320.177734375,0.07317073170731707,205,15,60,3267,299.7073170731707,0.13103191554546356,1504.15,9.166666666666666
v28_seed1,152,1140.4911694703278,4157.443359375,0.10648148148148148,216,23,60,3267,284.44444444444446,0.1546536087989807,1484.2333333333333,10.833333333333334
v28_seed1,153,1274.6443833733483,4319.54052734375,0.0967741935483871,217,21,60,3267,283.1336405529954,0.10842684656381607,1064.1,5.833333333333333
v28_seed1,154,1141.4027098135095,4090.702880859375,0.0966183574879227,207,20,60,3266,296.81159420289856,0.1437310129404068,1329.7333333333333,8.333333333333334
v28_seed1,155,1082.0227181763776,3782.262939453125,0.05752212389380531,226,13,60,3267,271.85840707964604,0.1601310521364212,1384.85,9.166666666666666
v28_seed1,156,1139.2705296383629,3620.75048828125,0.03375527426160337,237,8,60,3267,259.24050632911394,0.18245652318000793,1232.3833333333334,4.166666666666667
v28_seed1,157,1124.2048069526409,4316.8779296875,0.04741379310344827,232,11,60,3266,264.82758620689657,0.11104285717010498,1204.0666666666666,5.833333333333333
v28_seed1,158,1166.966668637923,4047.39208984375,0.10880829015544041,193,21,60,3267,318.3419689119171,0.11051325500011444,1498.0666666666666,11.666666666666666
v28_seed1,159,1201.753826407499,4205.044921875,0.07906976744186046,215,17,60,3267,285.7674418604651,0.11358661949634552,1164.2666666666667,7.5
v28_seed1,160,1149.192879813058,3603.922607421875,0.03571428571428571,224,8,60,3267,274.2857142857143,0.12062806636095047,1175.8333333333333,5.0
v28_seed1,161,1155.2851141416108,4160.50390625,0.04326923076923077,208,9,60,3266,295.38461538461536,0.14476832747459412,1211.4833333333333,5.833333333333333
v28_seed1,162,1178.7444756431917,3763.042724609375,0.022123893805309734,226,5,60,3267,271.85840707964604,0.10529929399490356,975.15,2.5
v28_seed1,163,1169.0535662142715,3730.03173828125,0.022026431718061675,227,5,60,3266,270.66079295154185,0.15480771660804749,941.6833333333333,2.5
v28_seed1,164,1108.8499976942273,4243.77294921875,0.03111111111111111,225,7,60,3267,273.06666666666666,0.10130208730697632,1211.7333333333333,5.833333333333333
v28_seed1,165,1077.8351359776088,3749.2109375,0.06666666666666667,210,14,60,3267,292.57142857142856,0.1200329065322876,1396.5333333333333,10.0
v28_seed1,166,1082.4330317831448,3709.602294921875,0.029914529914529916,234,7,60,3267,262.56410256410254,0.10139119625091553,999.8333333333334,3.3333333333333335
v28_seed1,167,1139.643692224676,4043.281982421875,0.031818181818181815,220,7,60,3267,279.27272727272725,0.09204167127609253,1143.3333333333333,4.166666666666667
v28_seed1,168,1161.80892357972,3925.750732421875,0.026200873362445413,229,6,60,3266,268.29694323144105,0.11640013754367828,1020.2666666666667,4.166666666666667
v28_seed1,169,1235.7681517690983,4137.9365234375,0.04245283018867924,212,9,60,3266,289.811320754717,0.10945503413677216,1018.05,4.166666666666667
v28_seed1,170,1243.6197138217533,3620.75048828125,0.026905829596412557,223,6,60,3266,275.5156950672646,0.10553428530693054,1225.0666666666666,2.5
v28_seed1,171,1339.014058886834,3922.95166015625,0.05188679245283019,212,11,60,3267,289.811320754717,0.09782879054546356,1149.7166666666667,6.666666666666667
v28_seed1,172,1341.3794073574784,3922.8525390625,0.04830917874396135,207,10,60,3266,296.81159420289856,0.17207607626914978,1080.7666666666667,5.833333333333333
v28_seed1,173,1233.2115397218797,3779.75048828125,0.028688524590163935,244,7,60,3267,251.80327868852459,0.11016100645065308,1175.7,5.0
v28_seed1,174,1205.4418085329703,3270.664306640625,0.012552301255230125,239,3,60,3267,257.07112970711296,0.1109452173113823,870.2,1.6666666666666667
v28_seed1,175,1228.74238170277,3430.032958984375,0.008264462809917356,242,2,60,3266,253.88429752066116,0.10384504497051239,1011.4333333333333,0.8333333333333334
v28_seed1,176,1190.0488936742147,3620.781494140625,0.025,240,6,60,3266,256.0,0.13002774119377136,1265.85,4.166666666666667
v28_seed1,177,1147.2465420644219,2881.95263671875,0.0,218,0,60,2930,281.8348623853211,0.09436476230621338,1064.5166666666667,
v28_seed1,178,1228.5417020051375,2868.445068359375,0.0,230,0,60,2914,267.1304347826087,0.12855839729309082,1048.9666666666667,
v28_seed1,179,1182.4158213464289,2804.204833984375,0.0,183,0,60,2850,335.73770491803276,0.10470232367515564,1496.5333333333333,
v28_seed1,180,1207.32692861557,2696.005615234375,0.0,224,0,60,2756,274.2857142857143,0.10695843398571014,1211.1,
v28_seed1,181,1169.894852729693,2864.581298828125,0.0,219,0,60,2914,280.54794520547944,0.11032658070325851,1227.7666666666667,
v28_seed1,182,1229.9999110135166,2799.75048828125,0.0,220,0,60,2850,279.27272727272725,0.08281172811985016,1199.6,
v28_seed1,183,1231.309029377682,2804.75537109375,0.0,213,0,60,2850,288.4507042253521,0.14497831463813782,1274.65,
v28_seed1,184,1283.6527316623265,2803.654296875,0.0,225,0,60,2850,273.06666666666666,0.10648687183856964,1048.2666666666667,
v28_seed1,185,1229.5268541002488,2883.463134765625,0.0,223,0,60,2931,275.5156950672646,0.07752759754657745,1259.5333333333333,
v28_seed1,186,1258.172609638964,2932.745361328125,0.0,234,0,60,2978,262.56410256410254,0.11322090029716492,1150.95,
v28_seed1,187,1274.8451592581612,2864.75048828125,0.0,210,0,60,2915,292.57142857142856,0.09528260678052902,1264.0,
v28_seed1,188,1265.2670543105514,2863.75048828125,0.0,216,0,60,2914,284.44444444444446,0.0826847031712532,1030.1833333333334,
v28_seed1,189,1280.773103237152,2900.685302734375,0.0,224,0,60,2946,274.2857142857143,0.07612843811511993,1152.8666666666666,
v28_seed1,190,1265.0180390760634,3269.504150390625,0.0044444444444444444,225,1,60,3266,273.06666666666666,0.08849414438009262,1095.65,0.8333333333333334
v28_seed1,191,1310.8795759709121,3597.862548828125,0.013100436681222707,229,3,60,3266,268.29694323144105,0.11340642720460892,958.9,0.8333333333333334
v28_seed1,192,1274.4183106939477,3878.75048828125,0.012048192771084338,249,3,60,3266,246.74698795180723,0.08550174534320831,904.1833333333333,1.6666666666666667
v28_seed1,193,1387.841910628911,3590.662353515625,0.014218009478672985,211,3,60,3266,291.18483412322274,0.10726778954267502,1169.9833333333333,1.6666666666666667
v28_seed1,194,1300.9125191042776,3270.0146484375,0.008968609865470852,223,2,60,3266,275.5156950672646,0.09901822358369827,1294.2666666666667,1.6666666666666667
v28_seed1,195,1335.8754163255878,4120.31494140625,0.014705882352941176,204,3,60,3266,301.1764705882353,0.07784892618656158,1327.4333333333334,2.5
v28_seed1,196,1303.703593896694,3270.084716796875,0.008583690987124463,233,2,60,3267,263.6909871244635,0.10959608852863312,1074.9166666666667,1.6666666666666667
v28_seed1,197,1399.825910653641,3620.75048828125,0.009950248756218905,201,2,60,3266,305.67164179104475,0.12859153747558594,1300.8,1.6666666666666667
v28_seed1,198,1322.818575279735,2868.87451171875,0.0,214,0,60,2915,287.10280373831773,0.09106508642435074,1280.0833333333333,
v28_seed1,199,1326.9850113725893,2869.646240234375,0.0,207,0,60,2914,296.81159420289856,0.09319348633289337,1168.9,
v28_seed1,200,1379.0593664986748,2865.91259765625,0.0,196,0,60,2914,313.46938775510205,0.08410222083330154,1360.5666666666666,
v28_seed1,201,1338.8625755496141,3444.322998046875,0.00975609756097561,205,2,60,3267,299.7073170731707,0.110040083527565,1348.0666666666666,0.8333333333333334
v28_seed1,202,1386.1572804666644,3265.750732421875,0.005025125628140704,199,1,60,3266,308.7437185929648,0.08752351254224777,1211.1166666666666,0.8333333333333334
v28_seed1,203,1376.9268690567442,3698.75048828125,0.01675977653631285,179,3,60,3267,343.24022346368713,0.11333887279033661,1469.5333333333333,2.5
v28_seed1,204,1350.0309062848771,3918.9306640625,0.011428571428571429,175,2,60,3266,351.0857142857143,0.07359234988689423,1570.4666666666667,0.8333333333333334
v28_seed1,205,1422.3810849322954,3367.75048828125,0.0111731843575419,179,2,60,3266,343.24022346368713,0.10266359895467758,1480.2166666666667,1.6666666666666667
v28_seed1,206,1295.5847658227992,2863.75048828125,0.0,216,0,60,2914,284.44444444444446,0.08256692439317703,1343.5833333333333,
v28_seed1,207,1372.7167030103278,3425.75048828125,0.012121212121212121,165,2,60,3266,372.3636363636364,0.07422041147947311,1727.8,1.6666666666666667
v28_seed1,208,1363.1523303665929,2866.222900390625,0.0,179,0,60,2914,343.24022346368713,0.08764269948005676,1672.7,
v28_seed1,209,1375.0497029063465,2883.79443359375,0.0,182,0,60,2930,337.5824175824176,0.09835521876811981,1487.35,
v28_seed1,210,1402.5745978148086,3269.042724609375,0.005434782608695652,184,1,60,3267,333.9130434782609,0.0817304253578186,1739.5,0.8333333333333334
v28_seed1,211,1298.2443230946858,3619.750732421875,0.011904761904761904,168,2,60,3266,365.7142857142857,0.07300916314125061,1604.4833333333333,1.6666666666666667
v28_seed1,212,1423.1066154562018,3924.8115234375,0.010752688172043012,186,2,60,3266,330.3225806451613,0.08837452530860901,1382.6666666666667,0.8333333333333334
v28_seed1,213,1440.8565063476562,4069.75048828125,0.00641025641025641,156,1,60,3266,393.84615384615387,0.07535485923290253,1728.3,0.8333333333333334
v28_seed1,214,1487.2658034653691,3903.4013671875,0.011695906432748537,171,2,60,3266,359.29824561403507,0.08964450657367706,1526.6,0.8333333333333334
v28_seed1,215,1368.2600301914115,3443.402099609375,0.015873015873015872,189,3,60,3267,325.07936507936506,0.08369326591491699,1517.5833333333333,1.6666666666666667
v28_seed1,216,1418.7156921558167,3105.75048828125,0.0,178,0,60,3156,345.1685393258427,0.09096259623765945,1402.2833333333333,
v28_seed1,217,1346.5276212950012,3266.621337890625,0.005405405405405406,185,1,60,3266,332.1081081081081,0.07138526439666748,1492.6666666666667,0.8333333333333334
v28_seed1,218,1351.0964410621,3435.43212890625,0.006024096385542169,166,1,60,3266,370.12048192771084,0.06484825909137726,1583.9,
v28_seed1,219,1383.7445052574421,3725.75048828125,0.017241379310344827,174,3,60,3267,353.1034482758621,0.07999232411384583,1574.3166666666666,1.6666666666666667
v28_seed1,220,1349.3852291796582,3779.75048828125,0.024096385542168676,166,4,60,3266,370.12048192771084,0.06841228902339935,1710.25,3.3333333333333335
v28_seed1,221,1320.5072863002024,4036.041015625,0.029940119760479042,167,5,60,3267,367.90419161676647,0.07291559129953384,1772.4833333333333,3.3333333333333335
v28_seed1,222,1430.732234125552,3381.75048828125,0.024844720496894408,161,4,60,3267,381.6149068322981,0.07871031761169434,1797.1,3.3333333333333335
v28_seed1,223,1533.9822598544033,3710.760498046875,0.024242424242424242,165,4,60,3267,372.3636363636364,0.07718916237354279,1614.7166666666667,1.6666666666666667
v28_seed1,224,1435.7222708032486,3428.533203125,0.026595744680851064,188,5,60,3266,326.8085106382979,0.06949543952941895,1472.2833333333333,4.166666666666667
v28_seed1,225,1484.8386023319129,3599.502197265625,0.024242424242424242,165,4,60,3266,372.3636363636364,0.043869584798812866,1685.7166666666667,1.6666666666666667
v28_seed1,226,1405.728618048375,3620.75146484375,0.032679738562091505,153,5,60,3267,401.5686274509804,0.08045636117458344,1843.9333333333334,4.166666666666667
v28_seed1,227,1534.9182093839468,4134.71630859375,0.043478260869565216,161,7,60,3266,381.6149068322981,0.0601511225104332,1630.9833333333333,4.166666666666667
v28_seed1,228,1575.0615946451824,3895.75146484375,0.050314465408805034,159,8,60,3266,386.41509433962267,0.0792710930109024,1521.8166666666666,3.3333333333333335
v28_seed1,229,1450.5901676992353,3747.75048828125,0.0449438202247191,178,8,60,3266,345.1685393258427,0.07250525802373886,1467.6666666666667,5.833333333333333
v28_seed1,230,1433.604622237984,3927.8115234375,0.034482758620689655,174,6,60,3267,353.1034482758621,0.06731151044368744,1513.2833333333333,4.166666666666667
v28_seed1,231,1486.5447466477103,3270.63525390625,0.010869565217391304,184,2,60,3266,333.9130434782609,0.0796273946762085,1488.65,1.6666666666666667
v28_seed1,232,1442.4099806203137,3888.661376953125,0.020134228187919462,149,3,60,3267,412.3489932885906,0.06240801513195038,1718.7166666666667,1.6666666666666667
v28_seed1,233,1501.4250030517578,3268.63330078125,0.017543859649122806,171,3,60,3266,359.29824561403507,0.10367757827043533,1588.7333333333333,2.5
v28_seed1,234,1443.6465847097713,3619.75048828125,0.02158273381294964,139,3,60,3267,442.0143884892086,0.06183423101902008,1873.3,2.5
v28_seed1,235,1473.562538994683,3267.942626953125,0.006535947712418301,153,1,60,3266,401.5686274509804,0.06565799564123154,1702.6166666666666,0.8333333333333334
v28_seed1,236,1479.0309538970123,3595.801513671875,0.02027027027027027,148,3,60,3266,415.13513513513516,0.07947024703025818,1760.8,1.6666666666666667
v28_seed1,237,1509.6416787719727,3619.75048828125,0.013333333333333334,150,2,60,3266,409.6,0.11686752736568451,1657.65,1.6666666666666667
v28_seed1,238,1463.5004762649537,3620.63134765625,0.025,160,4,60,3266,384.0,0.07152019441127777,1726.4333333333334,3.3333333333333335
v28_seed1,239,1480.4057706362241,3587.75048828125,0.06493506493506493,154,10,60,3266,398.961038961039,0.08115464448928833,1894.1666666666667,8.333333333333334
v28_seed1,240,1517.6906946273077,3621.11083984375,0.03571428571428571,168,6,60,3267,365.7142857142857,0.08352355659008026,1577.0,4.166666666666667
v28_seed1,241,1555.7097138139538,4082.621337890625,0.06766917293233082,133,9,60,3267,461.9548872180451,0.04605439305305481,1864.8833333333334,5.833333333333333
v28_seed1,242,1437.48353782607,3437.801513671875,0.03680981595092025,163,6,60,3266,376.9325153374233,0.08427300304174423,1707.75,4.166666666666667
v28_seed1,243,1373.3510432272965,3440.03271484375,0.031055900621118012,161,5,60,3266,381.6149068322981,0.06162063777446747,1723.85,2.5
v28_seed1,244,1459.633060901196,4056.160888671875,0.032467532467532464,154,5,60,3267,398.961038961039,0.07908786833286285,1777.75,4.166666666666667
v28_seed1,245,1392.297560531102,3971.581298828125,0.06179775280898876,178,11,60,3267,345.1685393258427,0.07519429922103882,1724.9,8.333333333333334
v28_seed1,246,1449.5480246036611,3920.79150390625,0.06382978723404255,188,12,60,3266,326.8085106382979,0.08962357044219971,1397.6166666666666,5.833333333333333
v28_seed1,247,1499.2068524051022,3751.75048828125,0.14285714285714285,154,22,60,3267,398.961038961039,0.06961452960968018,1883.5,14.166666666666666
v28_seed1,248,1465.5477126854053,3890.75048828125,0.14492753623188406,138,20,60,3267,445.2173913043478,0.07072846591472626,2081.233333333333,15.0
v28_seed1,249,1436.9630200195313,3921.130859375,0.06857142857142857,175,12,60,3266,351.0857142857143,0.09265781939029694,1566.0833333333333,5.0
v28_seed2,0,718.2060931921005,1578.794921875,0.921875,128,118,60,3267,480.0,1.777167797088623,470.05,43.333333333333336
v28_seed2,1,732.6141654001156,1891.884765625,0.8098591549295775,142,115,60,3267,432.67605633802816,1.7502224445343018,670.2333333333333,35.0
v28_seed2,2,529.8159517650762,2094.53369140625,0.3181818181818182,242,77,60,3267,253.88429752066116,1.7268481254577637,631.4333333333333,23.333333333333332
v28_seed2,3,619.9522746386449,2091.3330078125,0.2983425414364641,181,54,60,3267,339.4475138121547,1.6769754886627197,702.4666666666667,20.833333333333332
v28_seed2,4,559.2814600888421,2570.624267578125,0.17647058823529413,272,48,60,3267,225.88235294117646,1.6352784633636475,785.9,15.0
v28_seed2,5,429.54707040331084,3151.15185546875,0.0863157894736842,475,41,60,3267,129.34736842105264,1.633772373199463,770.2,15.0
v28_seed2,6,382.25617748745367,2761.75048828125,0.042879019908116385,653,28,60,3267,94.08882082695253,1.6010948419570923,862.6333333333333,12.5
v28_seed2,7,412.90236803155824,2829.002685546875,0.012461059190031152,642,8,60,3266,95.70093457943925,1.633723497390747,531.75,4.166666666666667
v28_seed2,8,343.1044347979165,2503.704345703125,0.013136288998357963,609,8,60,3266,100.88669950738917,1.6471388339996338,574.8333333333334,6.666666666666667
v28_seed2,9,514.2707746579847,3056.67236328125,0.00408997955010225,489,2,60,3266,125.6441717791411,1.5797632932662964,399.76666666666665,0.8333333333333334
v28_seed2,10,494.0757206186452,2836.363037109375,0.005758157389635317,521,3,60,3267,117.92706333973129,1.5752699375152588,425.9166666666667,2.5
v28_seed2,11,523.9713580791766,2483.0146484375,0.0039447731755424065,507,2,60,3266,121.18343195266272,1.5736548900604248,569.4833333333333,1.6666666666666667
v28_seed2,12,615.35113880998,2804.03271484375,0.01694915254237288,472,8,60,3266,130.16949152542372,1.5045307874679565,603.35,2.5
v28_seed2,13,636.9279182947429,3263.322265625,0.025522041763341066,431,11,60,3266,142.5522041763341,1.4911905527114868,701.8833333333333,5.0
v28_seed2,14,600.6737583367359,3443.751708984375,0.008316008316008316,481,4,60,3266,127.73388773388774,1.4297142028808594,786.0666666666667,1.6666666666666667
v28_seed2,15,591.7400859928098,2753.273193359375,0.010224948875255624,489,5,60,3267,125.6441717791411,1.4516608715057373,608.5333333333333,1.6666666666666667
v28_seed2,16,654.2010770528055,3226.551513671875,0.011210762331838564,446,5,60,3267,137.7578475336323,1.3712785243988037,717.6666666666666,0.8333333333333334
v28_seed2,17,668.5614813181234,3224.801513671875,0.025,440,11,60,3267,139.63636363636363,1.3539226055145264,705.15,4.166666666666667
v28_seed2,18,678.9239373623557,3039.70263671875,0.013452914798206279,446,6,60,3266,137.7578475336323,1.346814513206482,846.75,4.166666666666667
v28_seed2,19,768.541720196081,2895.4931640625,0.034482758620689655,377,13,60,3267,162.9708222811671,1.2786060571670532,1063.0166666666667,6.666666666666667
v28_seed2,20,577.2317594696835,3379.542236328125,0.02032520325203252,492,10,60,3266,124.8780487804878,1.2244361639022827,943.7,5.0
v28_seed2,21,820.2466039289707,2998.752685546875,0.01483679525222552,337,5,60,3266,182.3145400593472,1.2195656299591064,925.0666666666667,4.166666666666667
v28_seed2,22,980.0568055508444,3279.90087890625,0.04878048780487805,287,14,60,3267,214.0766550522648,1.1376128196716309,898.9,5.0
v28_seed2,23,676.979547570562,3751.7509765625,0.03178484107579462,409,13,60,3267,150.2200488997555,1.139258861541748,1001.0333333333333,5.833333333333333
v28_seed2,24,851.6677892452026,3780.75048828125,0.0429042904290429,303,13,60,3267,202.77227722772278,1.173966884613037,1230.1333333333334,7.5
v28_seed2,25,601.5800903497055,3620.8916015625,0.011583011583011582,518,6,60,3266,118.61003861003861,1.1159240007400513,888.7166666666667,3.3333333333333335
v28_seed2,26,770.9165592567593,3606.83251953125,0.014705882352941176,408,6,60,3266,150.58823529411765,1.0877898931503296,948.1666666666666,2.5
v28_seed2,27,974.0738071294932,3904.291259765625,0.03205128205128205,312,10,60,3266,196.92307692307693,1.124253273010254,1184.3333333333333,5.0
v28_seed2,28,1084.9894131469728,4170.84521484375,0.064,250,16,60,3267,245.76,1.118788480758667,1555.15,8.333333333333334
v28_seed2,29,1336.5188150837193,4297.46142578125,0.11055276381909548,199,22,60,3267,308.7437185929648,1.1643444299697876,1329.8666666666666,10.833333333333334
v28_seed2,30,1208.6969074753094,4177.75537109375,0.09905660377358491,212,21,60,3267,289.811320754717,1.0847164392471313,1843.95,14.166666666666666
v28_seed2,31,1265.5857704818518,4120.751953125,0.06334841628959276,221,14,60,3267,278.00904977375563,1.0411405563354492,1476.3833333333334,7.5
v28_seed2,32,1163.8022507220082,4130.9345703125,0.14691943127962084,211,31,60,3267,291.18483412322274,1.0532569885253906,1740.7833333333333,15.833333333333334
v28_seed2,33,1385.6948356628418,4085.821044921875,0.09803921568627451,204,20,60,3267,301.1764705882353,0.9473027586936951,1456.5666666666666,10.0
v28_seed2,34,1474.5901683827556,4133.22314453125,0.1111111111111111,189,21,60,3267,325.07936507936506,1.0274895429611206,1454.5166666666667,10.833333333333334
v28_seed2,35,1489.1859604074984,4302.13134765625,0.2088607594936709,158,33,60,3267,388.8607594936709,1.0581833124160767,1966.3833333333334,19.166666666666668
v28_seed2,36,1456.128532820833,4141.06494140625,0.19760479041916168,167,33,60,3267,367.90419161676647,1.0310429334640503,1953.3333333333333,18.333333333333332
v28_seed2,37,1513.8505480465474,4197.75390625,0.21476510067114093,149,32,60,3267,412.3489932885906,0.9781621694564819,1926.7,17.5
v28_seed2,38,1576.6788808649237,4288.88134765625,0.22077922077922077,154,34,60,3267,398.961038961039,0.9712306261062622,1795.9166666666667,14.166666666666666
v28_seed2,39,1582.6096087455749,4305.92041015625,0.15,160,24,60,3267,384.0,0.9537460803985596,1870.6666666666667,12.5
v28_seed2,40,1727.0524649583656,4403.77490234375,0.2900763358778626,131,38,60,3267,469.00763358778624,0.9551970958709717,2008.2666666666667,16.666666666666668
v28_seed2,41,1842.0565045300652,4307.83837890625,0.29411764705882354,136,40,60,3267,451.7647058823529,0.9726925492286682,1509.6,11.666666666666666
v28_seed2,42,1811.6454779885032,4346.76220703125,0.2878787878787879,132,38,60,3267,465.45454545454544,0.9353946447372437,1662.2166666666667,14.166666666666666
v28_seed2,43,1781.8529862814803,4615.849609375,0.34146341463414637,123,42,60,3267,499.5121951219512,0.9392585754394531,2087.266666666667,20.833333333333332
v28_seed2,44,1924.1764819904909,4300.28173828125,0.3728813559322034,118,44,60,3266,520.6779661016949,0.9439606070518494,1903.5166666666667,17.5
v28_seed2,45,2195.5881570916426,4403.77197265625,0.47368421052631576,95,45,60,3267,646.7368421052631,0.8919333219528198,2103.983333333333,19.166666666666668
v28_seed2,46,2274.5280871391296,4307.87158203125,0.46875,96,45,60,3267,640.0,0.8897227048873901,1950.4833333333333,13.333333333333334
v28_seed2,47,2593.651348407452,4403.77099609375,0.5714285714285714,91,52,60,3267,675.1648351648352,0.8298115134239197,1435.0166666666667,8.333333333333334
v28_seed2,48,2213.7470075469655,4301.591796875,0.5670103092783505,97,55,60,3267,633.4020618556701,0.8695515394210815,1722.6833333333334,17.5
v28_seed2,49,2412.243800816911,4304.91162109375,0.6292134831460674,89,56,60,3267,690.3370786516854,0.8521653413772583,1707.7666666666667,15.833333333333334
v28_seed2,50,2364.577684339586,4403.77685546875,0.5494505494505495,91,50,60,3267,675.1648351648352,0.759614884853363,1939.6833333333334,17.5
v28_seed2,51,2116.3816253359955,4304.30126953125,0.5346534653465347,101,54,60,3267,608.3168316831683,0.7588515877723694,1740.7166666666667,18.333333333333332
v28_seed2,52,2291.434280730866,4403.7978515625,0.5714285714285714,91,52,60,3267,675.1648351648352,0.7340670228004456,1935.6666666666667,19.166666666666668
v28_seed2,53,2549.7457517426587,4403.77392578125,0.632183908045977,87,55,60,3267,706.2068965517242,0.7277016043663025,1684.9833333333333,15.833333333333334
v28_seed2,54,2374.596874698178,4301.11865234375,0.5714285714285714,91,52,60,3267,675.1648351648352,0.7071948051452637,1858.45,16.666666666666668
v28_seed2,55,2611.4331158447267,4404.77294921875,0.7866666666666666,75,59,60,3267,819.2,0.7107956409454346,1980.0833333333333,20.833333333333332
v28_seed2,56,2570.4757071408358,4314.02099609375,0.5795454545454546,88,51,60,3267,698.1818181818181,0.7333306670188904,1633.85,13.333333333333334
v28_seed2,57,2687.8793712615966,4367.03076171875,0.7,80,56,60,3267,768.0,0.7316277623176575,1664.1166666666666,15.0
v28_seed2,58,2335.504479477086,4313.16845703125,0.5154639175257731,97,50,60,3267,633.4020618556701,0.7001175284385681,1806.3333333333333,14.166666666666666
v28_seed2,59,2776.297071434986,4348.29296875,0.632183908045977,87,55,60,3267,706.2068965517242,0.7455030679702759,1229.4,7.5
v28_seed2,60,2174.8494183010525,4405.77490234375,0.6,90,54,60,3267,682.6666666666666,0.6753721237182617,2168.6833333333334,24.166666666666668
v28_seed2,61,2725.0078494225017,4374.67626953125,0.6666666666666666,81,54,60,3267,758.5185185185185,0.6603984236717224,1763.85,15.0
v28_seed2,62,2393.4685403202357,4404.1513671875,0.6067415730337079,89,54,60,3267,690.3370786516854,0.6907257437705994,1911.3,19.166666666666668
v28_seed2,63,2584.2411992272664,4404.15869140625,0.627906976744186,86,54,60,3267,714.4186046511628,0.6379187703132629,1660.35,12.5
v28_seed2,64,2505.489415354543,4550.771484375,0.7272727272727273,77,56,60,3267,797.922077922078,0.6745560765266418,2085.8,20.0
v28_seed2,65,3052.51548039363,4404.78955078125,0.9076923076923077,65,59,60,3267,945.2307692307693,0.6438785791397095,1801.25,15.833333333333334
v28_seed2,66,2403.1122782692983,4441.40478515625,0.8507462686567164,67,57,60,3267,917.0149253731344,0.6215263605117798,2500.15,26.666666666666668
v28_seed2,67,2280.5772690716913,4442.9814453125,0.611764705882353,85,52,60,3267,722.8235294117648,0.6221686601638794,2253.1,21.666666666666668
v28_seed2,68,2559.592159647337,4453.13525390625,0.8169014084507042,71,58,60,3267,865.3521126760563,0.625958263874054,2192.866666666667,21.666666666666668
v28_seed2,69,2622.1017707945807,4542.53857421875,0.8888888888888888,63,56,60,3267,975.2380952380952,0.6705025434494019,2383.05,22.5
v28_seed2,70,2147.084561282641,4404.76904296875,0.7671232876712328,73,56,60,3267,841.6438356164383,0.6693680882453918,2567.3,30.0
v28_seed2,71,2164.5473907058304,4600.7861328125,0.7837837837837838,74,58,60,3267,830.2702702702703,0.6964892148971558,2591.616666666667,30.0
v28_seed2,72,1914.5418818047706,4436.8935546875,0.5425531914893617,94,51,60,3267,653.6170212765958,0.5652738213539124,2513.483333333333,26.666666666666668
v28_seed2,73,1819.5899441189235,4403.8046875,0.6222222222222222,90,56,60,3267,682.6666666666666,0.5961124897003174,2584.2166666666667,28.333333333333332
v28_seed2,74,2255.443397400871,4405.7919921875,0.9365079365079365,63,59,60,3267,975.2380952380952,0.5806388854980469,2764.2,31.666666666666668
v28_seed2,75,2320.1624084472655,4711.81201171875,0.95,60,57,60,3267,1024.0,0.6121755838394165,2754.75,30.0
v28_seed2,76,1910.8676651463363,4404.779296875,0.8484848484848485,66,56,60,3267,930.9090909090909,0.604947030544281,3081.733333333333,35.0
v28_seed2,77,1911.9317992746014,4450.66455078125,0.7808219178082192,73,57,60,3267,841.6438356164383,0.5291832685470581,2871.616666666667,33.333333333333336
v28_seed2,78,1694.4446465341668,4405.166015625,0.7763157894736842,76,59,60,3267,808.421052631579,0.47780534625053406,3087.5333333333333,37.5
v28_seed2,79,1825.5322046012523,4403.79638671875,0.4766355140186916,107,51,60,3267,574.2056074766355,0.4690002501010895,2373.8,25.0
v28_seed2,80,2261.5707495839974,4403.7958984375,0.7631578947368421,76,58,60,3267,808.421052631579,0.44531407952308655,2424.9333333333334,26.666666666666668
v28_seed2,81,1936.5226750093348,4404.15087890625,0.5490196078431373,102,56,60,3267,602.3529411764706,0.49153628945350647,2320.7,25.0
v28_seed2,82,2076.3705636001214,4404.65087890625,0.7195121951219512,82,59,60,3267,749.2682926829268,0.47300636768341064,2452.9166666666665,26.666666666666668
v28_seed2,83,2151.4193797778057,4550.46533203125,0.5913978494623656,93,55,60,3267,660.6451612903226,0.4163867235183716,2156.0,20.833333333333332
v28_seed2,84,1903.698151459565,4724.7802734375,0.7567567567567568,74,56,60,3267,830.2702702702703,0.46825188398361206,2939.016666666667,32.5
v28_seed2,85,1864.1688684240564,4404.7744140625,0.7012987012987013,77,54,60,3267,797.922077922078,0.46668851375579834,2815.9166666666665,30.833333333333332
v28_seed2,86,1766.8155330113002,4404.7890625,0.8,70,56,60,3267,877.7142857142857,0.43486160039901733,3016.266666666667,35.0
v28_seed2,87,1572.2104604969854,4866.0986328125,0.5652173913043478,92,52,60,3267,667.8260869565217,0.43992310762405396,3003.5333333333333,35.0
v28_seed2,88,2373.2237166313275,4404.79052734375,0.7671232876712328,73,56,60,3267,841.6438356164383,0.4243447780609131,2477.7,24.166666666666668
v28_seed2,89,2044.9086688813709,4404.79931640625,0.8888888888888888,63,56,60,3267,975.2380952380952,0.4440603256225586,2996.05,35.0
v28_seed2,90,1569.0269249581002,4403.806640625,0.6891891891891891,74,51,60,3267,830.2702702702703,0.42225557565689087,3346.85,37.5
v28_seed2,91,2323.8467742321536,4403.7998046875,1.0,51,56,60,3267,1204.7058823529412,0.4349152147769928,3185.3,35.833333333333336
v28_seed2,92,2148.743356112776,4404.16162109375,0.9655172413793104,58,56,60,3267,1059.3103448275863,0.40880754590034485,3069.35,32.5
v28_seed2,93,2090.2038113576064,4403.79833984375,1.0,53,60,60,3267,1159.245283018868,0.43088656663894653,3092.9333333333334,35.833333333333336
v28_seed2,94,2301.940938472748,4545.98583984375,0.84375,64,54,60,3267,960.0,0.41190168261528015,2767.3,30.0
v28_seed2,95,1900.2004511091445,4404.640625,0.7222222222222222,72,52,60,3267,853.3333333333334,0.41242682933807373,3153.5833333333335,34.166666666666664
v28_seed2,96,1864.1244606711648,4707.29248046875,0.9454545454545454,55,52,60,3267,1117.090909090909,0.390384703874588,3115.75,35.0
v28_seed2,97,2041.3937815196477,4403.798828125,0.8656716417910447,67,58,60,3267,917.0149253731344,0.3788365125656128,3063.2,35.0
v28_seed2,98,2429.5814597088356,4437.1142578125,1.0,46,55,60,3267,1335.6521739130435,0.36415475606918335,3044.5,31.666666666666668
v28_seed2,99,2186.154648805276,4404.79638671875,0.717948717948718,78,56,60,3267,787.6923076923077,0.36426758766174316,2636.0,30.0
v28_seed2,100,2129.6682310242586,4699.1328125,0.7681159420289855,69,53,60,3267,890.4347826086956,0.35936790704727173,2795.0833333333335,30.0
v28_seed2,101,1888.6600430137232,4424.8251953125,0.8771929824561403,57,50,60,3267,1077.8947368421052,0.41526055335998535,2829.9333333333334,31.666666666666668
v28_seed2,102,2213.337076187134,4406.8349609375,0.859375,64,55,60,3267,960.0,0.33934587240219116,2786.55,29.166666666666668
v28_seed2,103,2230.1641850191004,4404.79443359375,0.8235294117647058,68,56,60,3267,903.5294117647059,0.3141186833381653,2713.95,30.0
v28_seed2,104,2094.968553519543,4404.61328125,0.691358024691358,81,56,60,3267,758.5185185185185,0.31532782316207886,2588.4333333333334,26.666666666666668
v28_seed2,105,2243.268649793651,4547.2158203125,0.7671232876712328,73,56,60,3267,841.6438356164383,0.3241451382637024,2521.5,25.833333333333332
v28_seed2,106,2637.0930271693637,4403.7919921875,0.8142857142857143,70,57,60,3267,877.7142857142857,0.3300884962081909,2238.1,21.666666666666668
v28_seed2,107,2318.5173615349663,4899.7861328125,0.7916666666666666,72,57,60,3267,853.3333333333334,0.3566439151763916,2562.85,27.5
v28_seed2,108,2594.6953540039062,4404.80078125,1.0,50,59,60,3267,1228.8,0.2638258934020996,2938.05,30.833333333333332
v28_seed2,109,2042.1935557315223,4404.8017578125,0.75,76,57,60,3267,808.421052631579,0.2672819495201111,2834.6833333333334,29.166666666666668
v28_seed2,110,2013.929777622223,4404.7900390625,0.875,64,56,60,3267,960.0,0.29840028285980225,3055.5666666666666,35.0
v28_seed2,111,2311.7641548945985,4446.71484375,1.0,58,58,60,3267,1059.3103448275863,0.310932993888855,2943.6,32.5
v28_seed2,112,2163.209167265556,4404.8837890625,0.7746478873239436,71,55,60,3267,865.3521126760563,0.2962457835674286,2903.0333333333333,30.833333333333332
v28_seed2,113,2198.382553100586,4706.8427734375,0.6506024096385542,83,54,60,3267,740.2409638554217,0.24097533524036407,2490.75,25.0
v28_seed2,114,2278.752749004061,4403.79541015625,0.873015873015873,63,55,60,3267,975.2380952380952,0.2767259180545807,2777.8,29.166666666666668
v28_seed2,115,2006.4881601333618,4713.1728515625,0.5520833333333334,96,53,60,3267,640.0,0.2716354429721832,2553.133333333333,24.166666666666668
v28_seed2,116,2217.2357878866073,4404.78759765625,0.7088607594936709,79,56,60,3267,777.7215189873418,0.25285404920578003,2595.3166666666666,25.833333333333332
v28_seed2,117,2029.2453698879335,4404.7900390625,0.6585365853658537,82,54,60,3267,749.2682926829268,0.27274787425994873,2716.4333333333334,28.333333333333332
v28_seed2,118,2243.340610033845,4405.19189453125,0.7671232876712328,73,56,60,3267,841.6438356164383,0.28579896688461304,2562.6666666666665,25.833333333333332
v28_seed2,119,1973.6044885694366,4403.7900390625,0.5257731958762887,97,51,60,3267,633.4020618556701,0.2890295088291168,2484.0333333333333,26.666666666666668
v28_seed2,120,2228.693936200209,4440.974609375,0.8028169014084507,71,57,60,3267,865.3521126760563,0.3158382773399353,2724.85,30.833333333333332
v28_seed2,121,1948.861011131137,4449.41455078125,0.5,102,51,60,3267,602.3529411764706,0.33312302827835083,2592.483333333333,27.5
v28_seed2,122,1777.8015829857359,4406.40185546875,0.5319148936170213,94,50,60,3267,653.6170212765958,0.2907091975212097,2831.633333333333,30.0
v28_seed2,123,1791.5485411557283,4722.77685546875,0.6136363636363636,88,54,60,3267,698.1818181818181,0.32050925493240356,2746.4,30.833333333333332
v28_seed2,124,1505.2616880700944,4404.810546875,0.3829787234042553,94,36,60,3267,653.6170212765958,0.47700291872024536,2706.85,26.666666666666668
v28_seed2,125,1740.8292808942897,4403.78857421875,0.4731182795698925,93,44,60,3267,660.6451612903226,0.4102995693683624,2371.3166666666666,25.833333333333332
v28_seed2,126,1657.1346943614246,4706.53369140625,0.5164835164835165,91,47,60,3267,675.1648351648352,0.3266512155532837,2780.616666666667,29.166666666666668
v28_seed2,127,1661.7365514846076,4707.85302734375,0.38095238095238093,105,40,60,3267,585.1428571428571,0.3621196448802948,2481.7833333333333,24.166666666666668
v28_seed2,128,1610.0727963067789,4403.791015625,0.35398230088495575,113,40,60,3267,543.7168141592921,0.351662278175354,2356.6833333333334,24.166666666666668
v28_seed2,129,1278.5832664192496,4316.66845703125,0.2012987012987013,154,31,60,3267,398.961038961039,0.40196871757507324,2061.9166666666665,19.166666666666668
v28_seed2,130,1244.2548348855653,4314.71875,0.21476510067114093,149,32,60,3267,412.3489932885906,0.3380652666091919,2012.5666666666666,20.0
v28_seed2,131,1205.9236194561054,4312.2587890625,0.22077922077922077,154,34,60,3267,398.961038961039,0.295803427696228,2187.516666666667,22.5
v28_seed2,132,1209.504601396833,4404.732421875,0.2571428571428571,140,36,60,3267,438.85714285714283,0.33095091581344604,2444.8333333333335,23.333333333333332
v28_seed2,133,1275.9483633100617,4315.94677734375,0.2236024844720497,161,36,60,3267,381.6149068322981,0.2809334397315979,2190.55,21.666666666666668
v28_seed2,134,1215.4455342212868,4405.2001953125,0.18994413407821228,179,34,60,3267,343.24022346368713,0.2502044141292572,2153.5,20.833333333333332
v28_seed2,135,1219.325824243417,4317.23828125,0.13989637305699482,193,27,60,3267,318.3419689119171,0.23949405550956726,2042.1333333333334,16.666666666666668
v28_seed2,136,1264.8099037679037,4404.81298828125,0.26666666666666666,150,40,60,3267,409.6,0.2742924392223358,2288.3166666666666,22.5
v28_seed2,137,1089.2383568535024,4312.87939453125,0.1085972850678733,221,24,60,3267,278.00904977375563,0.2235514223575592,1785.3,14.166666666666666
v28_seed2,138,1197.0549310302733,4302.3798828125,0.11428571428571428,175,20,60,3267,351.0857142857143,0.30677399039268494,1707.0,11.666666666666666
v28_seed2,139,1216.2686414718628,4405.51611328125,0.08928571428571429,224,20,60,3266,274.2857142857143,0.1823398619890213,1721.0166666666667,13.333333333333334
v28_seed2,140,1353.7374957509019,4086.31201171875,0.0861244019138756,209,18,60,3266,293.9712918660287,0.20794951915740967,1614.7,7.5
v28_seed2,141,1264.4114297659287,3922.171875,0.08290155440414508,193,16,60,3267,318.3419689119171,0.1936621218919754,1778.3333333333333,10.833333333333334
v28_seed2,142,1243.8911786553983,4086.7724609375,0.06635071090047394,211,14,60,3267,291.18483412322274,0.16875694692134857,1686.45,9.166666666666666
v28_seed2,143,1231.8965609402126,4159.12353515625,0.035555555555555556,225,8,60,3266,273.06666666666666,0.18743956089019775,1570.4833333333333,3.3333333333333335
v28_seed2,144,1281.1465851119344,3932.87158203125,0.052132701421800945,211,11,60,3267,291.18483412322274,0.1450650990009308,1484.7833333333333,5.0
v28_seed2,145,1316.93995265697,3918.601318359375,0.059907834101382486,217,13,60,3266,283.1336405529954,0.15223340690135956,1583.8666666666666,8.333333333333334
v28_seed2,146,1301.949964703254,4404.80322265625,0.05660377358490566,212,12,60,3267,289.811320754717,0.19267457723617554,1591.2333333333333,7.5
v28_seed2,147,1319.1775050571987,3921.2119140625,0.03333333333333333,210,7,60,3266,292.57142857142856,0.18356655538082123,1513.35,4.166666666666667
v28_seed2,148,1320.5675918240017,4151.0634765625,0.02666666666666667,225,6,60,3267,273.06666666666666,0.16898825764656067,1488.4833333333333,4.166666666666667
v28_seed2,149,1364.308055781839,3619.75048828125,0.03015075376884422,199,6,60,3266,308.7437185929648,0.15941888093948364,1627.6,3.3333333333333335
v28_seed2,150,1425.1733146265933,3917.43115234375,0.05263157894736842,190,10,60,3267,323.36842105263156,0.14450961351394653,1598.8833333333334,5.833333333333333
v28_seed2,151,1273.73624500093,3922.810546875,0.04285714285714286,210,9,60,3267,292.57142857142856,0.14755071699619293,1406.0333333333333,4.166666666666667
v28_seed2,152,1107.956072227977,3779.75048828125,0.037383177570093455,214,8,60,3267,287.10280373831773,0.12242906540632248,1558.1666666666667,5.833333333333333
v28_seed2,153,1284.2080741960979,3619.75048828125,0.03608247422680412,194,7,60,3267,316.70103092783506,0.12578080594539642,1283.3833333333334,5.0
v28_seed2,154,1251.6843442563656,3780.4912109375,0.0582010582010582,189,11,60,3267,325.07936507936506,0.12528863549232483,1500.65,6.666666666666667
v28_seed2,155,1119.4718674822552,3360.862548828125,0.004878048780487805,205,1,60,3266,299.7073170731707,0.13088706135749817,1274.6666666666667,0.8333333333333334
v28_seed2,156,1214.2857667865176,3620.120849609375,0.03636363636363636,165,6,60,3266,372.3636363636364,0.09192392230033875,1266.9333333333334,3.3333333333333335
v28_seed2,157,1256.6828509990985,3932.462158203125,0.046153846153846156,195,9,60,3266,315.0769230769231,0.12160488218069077,1264.2166666666667,5.833333333333333
v28_seed2,158,1246.846261710764,3768.240966796875,0.018691588785046728,214,4,60,3267,287.10280373831773,0.12027771770954132,1015.1333333333333,2.5
v28_seed2,159,1224.0672504796391,3620.8916015625,0.03982300884955752,226,9,60,3266,271.85840707964604,0.11549954116344452,1312.65,7.5
v28_seed2,160,1205.178986566717,3609.322265625,0.02727272727272727,220,6,60,3267,279.27272727272725,0.12965115904808044,1338.7666666666667,3.3333333333333335
v28_seed2,161,1290.9071162238192,3914.141845703125,0.04522613065326633,199,9,60,3266,308.7437185929648,0.0987110584974289,1620.8166666666666,6.666666666666667
v28_seed2,162,1263.6733803262516,3610.563232421875,0.04081632653061224,196,8,60,3267,313.46938775510205,0.10945603251457214,1310.15,3.3333333333333335
v28_seed2,163,1294.2480710953,3619.75048828125,0.010582010582010581,189,2,60,3267,325.07936507936506,0.10580667853355408,1407.5,1.6666666666666667
v28_seed2,164,1188.263341833044,3619.75048828125,0.023148148148148147,216,5,60,3266,284.44444444444446,0.08491837233304977,1293.5666666666666,4.166666666666667
v28_seed2,165,1321.3084279906075,3308.062744140625,0.0047169811320754715,212,1,60,3266,289.811320754717,0.09329593181610107,1075.3833333333334,0.8333333333333334
v28_seed2,166,1246.265495227632,3566.662353515625,0.01904761904761905,210,4,60,3266,292.57142857142856,0.10640572011470795,1360.3666666666666,3.3333333333333335
v28_seed2,167,1131.152552700499,2765.59521484375,0.0,209,0,60,2811,293.9712918660287,0.09605516493320465,1190.4833333333333,
v28_seed2,168,1131.209560394287,4084.990966796875,0.022321428571428572,224,5,60,3267,274.2857142857143,0.12165653705596924,878.7666666666667,3.3333333333333335
v28_seed2,169,1131.840855916341,3609.5732421875,0.014285714285714285,210,3,60,3266,292.57142857142856,0.0745975598692894,1342.8666666666666,0.8333333333333334
v28_seed2,170,1217.5636644105653,3628.67138671875,0.018018018018018018,222,4,60,3267,276.7567567567568,0.07607042789459229,1214.8166666666666,2.5
v28_seed2,171,1140.4838831006866,3269.364013671875,0.005154639175257732,194,1,60,3266,316.70103092783506,0.11306437849998474,1198.7666666666667,0.8333333333333334
v28_seed2,172,1196.1199211160135,3269.814453125,0.0051813471502590676,193,1,60,3266,318.3419689119171,0.09874894469976425,1365.6333333333334,0.8333333333333334
v28_seed2,173,1226.557326299494,2776.786376953125,0.0,220,0,60,2821,279.27272727272725,0.08686761558055878,1034.0666666666666,
v28_seed2,174,1260.2022247314453,3165.775390625,0.005376344086021506,186,1,60,3161,330.3225806451613,0.0665571540594101,1173.25,0.8333333333333334
v28_seed2,175,1170.7646372178021,3268.262939453125,0.004901960784313725,204,1,60,3266,301.1764705882353,0.08189824223518372,1145.1833333333334,0.8333333333333334
v28_seed2,176,1243.0212077875246,3609.31298828125,0.005747126436781609,174,1,60,3266,353.1034482758621,0.12343259900808334,1160.2,
v28_seed2,177,1165.868722067939,2522.364990234375,0.0,216,0,60,2583,284.44444444444446,0.06402784585952759,1171.7666666666667,
v28_seed2,178,1144.7598220753557,3916.7705078125,0.004694835680751174,213,1,60,3266,288.4507042253521,0.08152563124895096,1087.4666666666667,
v28_seed2,179,1169.9297561645508,2898.503173828125,0.0,200,0,60,2946,307.2,0.1499251425266266,1027.5666666666666,
v28_seed2,180,1107.3929361146072,2338.55322265625,0.0,232,0,60,2386,264.82758620689657,0.10048863291740417,851.6166666666667,
v28_seed2,181,1128.8086363326672,3438.291015625,0.004651162790697674,215,1,60,3266,285.7674418604651,0.11021595448255539,1156.6333333333334,
v28_seed2,182,1128.8471098223936,3265.75048828125,0.0048543689320388345,206,1,60,3266,298.252427184466,0.11046230047941208,1106.2333333333333,0.8333333333333334
v28_seed2,183,1091.8466151208336,2882.102783203125,0.0,229,0,60,2930,268.29694323144105,0.10158580541610718,996.7166666666667,
v28_seed2,184,1220.7713153431716,2883.764404296875,0.0,206,0,60,2930,298.252427184466,0.0920371264219284,1263.7833333333333,
v28_seed2,185,1165.3209713286003,2867.75341796875,0.0,226,0,60,2915,271.85840707964604,0.08374783396720886,1133.9666666666667,
v28_seed2,186,1239.4798971322866,2863.75048828125,0.0,208,0,60,2914,295.38461538461536,0.08371517807245255,1137.7,
v28_seed2,187,1148.5920302594295,2853.385986328125,0.0,183,0,60,2898,335.73770491803276,0.0962333083152771,1188.85,
v28_seed2,188,1289.0123485218394,2895.75048828125,0.0,165,0,60,2946,372.3636363636364,0.11784452944993973,1354.9,
v28_seed2,189,1157.2669680547056,2865.862548828125,0.0,217,0,60,2914,283.1336405529954,0.08896207809448242,1109.1833333333334,
v28_seed2,190,1162.4358810334516,2354.7734375,0.0,169,0,60,2402,363.55029585798815,0.10438831150531769,1046.6166666666666,
v28_seed2,191,1122.117697778692,2309.726318359375,0.0,197,0,60,2354,311.8781725888325,0.09734511375427246,917.3166666666667,
v28_seed2,192,1196.533918720967,2699.245849609375,0.0,185,0,60,2759,332.1081081081081,0.07582170516252518,1055.7666666666667,
v28_seed2,193,1337.7938975191664,3265.75048828125,0.005747126436781609,174,1,60,3266,353.1034482758621,0.08714018762111664,1160.7333333333333,0.8333333333333334
v28_seed2,194,1278.0061483895906,2698.026611328125,0.0,186,0,60,2757,330.3225806451613,0.11524014919996262,1155.5833333333333,
v28_seed2,195,1335.4090862488479,2705.466064453125,0.0,178,0,60,2765,345.1685393258427,0.10550887882709503,1279.9666666666667,
v28_seed2,196,1345.0975580705915,2882.162841796875,0.0,175,0,60,2930,351.0857142857143,0.0994960367679596,1367.9166666666667,
v28_seed2,197,1403.9762878417969,2883.59326171875,0.0,179,0,60,2931,343.24022346368713,0.09978625178337097,1267.5666666666666,
v28_seed2,198,1237.5418916411747,2804.244873046875,0.0,151,0,60,2852,406.887417218543,0.12172512710094452,1264.95,
v28_seed2,199,1298.978285315441,2847.75048828125,0.0,171,0,60,2898,359.29824561403507,0.07841470837593079,1087.8666666666666,
v28_seed2,200,1220.7433615684508,2864.75048828125,0.0,160,0,60,2915,384.0,0.0756494477391243,1232.75,
v28_seed2,201,1369.545625114441,2911.75048828125,0.0,160,0,60,2962,384.0,0.0858808159828186,1351.1833333333334,
v28_seed2,202,1365.4474213248805,2976.083984375,0.0,152,0,60,3023,404.2105263157895,0.12330794334411621,1486.0166666666667,
v28_seed2,203,1327.8503204114509,3747.75048828125,0.007575757575757576,132,1,60,3266,465.45454545454544,0.07994446158409119,1667.7833333333333,0.8333333333333334
v28_seed2,204,1285.3273895778013,2933.205810546875,0.0,178,0,60,2978,345.1685393258427,0.11040496081113815,1386.3666666666666,
v28_seed2,205,1422.7201674779255,2799.75048828125,0.0,144,0,60,2850,426.6666666666667,0.10954824090003967,1490.5333333333333,
v28_seed2,206,1377.9422523592725,2879.75048828125,0.0,162,0,60,2930,379.25925925925924,0.12487268447875977,1375.0,
v28_seed2,207,1326.8019892085683,3269.163818359375,0.005681818181818182,176,1,60,3266,349.09090909090907,0.09080839157104492,1413.7,0.8333333333333334
v28_seed2,208,1359.5979079737808,2799.75048828125,0.0,165,0,60,2850,372.3636363636364,0.12497901916503906,1413.4,
v28_seed2,209,1357.3153568522137,3163.943603515625,0.006666666666666667,150,1,60,3161,409.6,0.1078636422753334,1550.6666666666667,0.8333333333333334
v28_seed2,210,1339.589774250114,2916.505126953125,0.0,137,0,60,2962,448.46715328467155,0.07140036672353745,1596.3333333333333,
v28_seed2,211,1355.3992188771565,2884.685302734375,0.0,144,0,60,2930,426.6666666666667,0.06333548575639725,1689.0,
v28_seed2,212,1400.3965920522703,2895.75048828125,0.0,141,0,60,2946,435.74468085106383,0.07249794900417328,1598.8333333333333,
v28_seed2,213,1338.6977812203254,2882.782470703125,0.0,181,0,60,2931,339.4475138121547,0.09865899384021759,1173.4833333333333,
v28_seed2,214,1333.3855621002533,3619.75048828125,0.005494505494505495,182,1,60,3266,337.5824175824176,0.09628849476575851,1477.95,0.8333333333333334
v28_seed2,215,1308.2936561939327,2804.6455078125,0.0,172,0,60,2850,357.2093023255814,0.08078280836343765,1329.7166666666667,
v28_seed2,216,1421.165488349067,3268.343017578125,0.006172839506172839,162,1,60,3266,379.25925925925924,0.13577350974082947,1507.6333333333334,0.8333333333333334
v28_seed2,217,1386.0201351331627,3077.783447265625,0.0,184,0,60,3125,333.9130434782609,0.09923557937145233,1393.9833333333333,
v28_seed2,218,1378.0688969681903,3095.333984375,0.0,164,0,60,3142,374.6341463414634,0.09517782926559448,1397.8166666666666,
v28_seed2,219,1362.5264207443388,2805.255859375,0.0,202,0,60,2850,304.15841584158414,0.09434038400650024,1210.9833333333333,
v28_seed2,220,1340.934704664277,3077.75048828125,0.0,164,0,60,3128,374.6341463414634,0.07975196093320847,1535.9,
v28_seed2,221,1401.887098702771,2911.75048828125,0.0,171,0,60,2962,359.29824561403507,0.08119839429855347,1399.3333333333333,
v28_seed2,222,1350.373355065991,3442.022705078125,0.005988023952095809,167,1,60,3266,367.90419161676647,0.07166991382837296,1413.2666666666667,
v28_seed2,223,1204.4366816665188,2900.79541015625,0.0,165,0,60,2946,372.3636363636364,0.14844492077827454,1197.2333333333333,
v28_seed2,224,1294.6529924180772,2527.15576171875,0.0,135,0,60,2587,455.1111111111111,0.196330726146698,1032.9,
v28_seed2,225,1270.1738419621627,2805.0556640625,0.0,161,0,60,2850,381.6149068322981,0.16346073150634766,932.4,
v28_seed2,226,1310.1759701036426,2943.75048828125,0.0,146,0,60,2994,420.82191780821915,0.15991704165935516,1104.5333333333333,
v28_seed2,227,1364.5209192240013,3102.31298828125,0.0,106,0,60,3150,579.622641509434,0.19161145389080048,1053.4333333333334,
v28_seed2,228,1253.6129121278461,3619.75048828125,0.006578947368421052,152,1,60,3266,404.2105263157895,0.15216714143753052,1236.2333333333333,0.8333333333333334
v28_seed2,229,1333.2596737228278,2884.615234375,0.0,131,0,60,2930,469.00763358778624,0.15285621583461761,1101.4666666666667,
v28_seed2,230,1354.4245868512055,3079.75048828125,0.0,134,0,60,3130,458.5074626865672,0.1256314516067505,1120.25,
v28_seed2,231,1378.6011647006922,3107.364013671875,0.0,114,0,60,3154,538.9473684210526,0.17540311813354492,951.95,
v28_seed2,232,1365.5096371558404,3524.75048828125,0.008064516129032258,124,1,60,3266,495.48387096774195,0.14921876788139343,1157.3166666666666,0.8333333333333334
v28_seed2,233,1467.9846818966973,3509.931640625,0.007518796992481203,133,1,60,3266,461.9548872180451,0.1067405492067337,1276.3333333333333,
v28_seed2,234,1492.3628934317262,2877.305908203125,0.0,137,0,60,2922,448.46715328467155,0.16565954685211182,1055.5166666666667,
v28_seed2,235,1401.6365548940805,3268.563232421875,0.007692307692307693,130,1,60,3266,472.61538461538464,0.17825601994991302,1146.9,0.8333333333333334
v28_seed2,236,1341.7251202618634,2799.75048828125,0.0,135,0,60,2850,455.1111111111111,0.13434362411499023,1175.9833333333333,
v28_seed2,237,1434.3678030160756,3393.2939453125,0.007692307692307693,130,1,60,3266,472.61538461538464,0.24036148190498352,898.5,0.8333333333333334
v28_seed2,238,1488.1894388738667,3440.182861328125,0.009433962264150943,106,1,60,3266,579.622641509434,0.26326489448547363,874.4333333333333,
v28_seed2,239,1391.8914113554565,2545.75048828125,0.0,159,0,60,2596,386.41509433962267,0.14213374257087708,1092.9166666666667,
v28_seed2,240,1355.1647765128844,3349.963623046875,0.0064516129032258064,155,1,60,3266,396.38709677419354,0.16198047995567322,1289.4666666666667,0.8333333333333334
v28_seed2,241,1204.809243258308,3307.75048828125,0.007352941176470588,136,1,60,3266,451.7647058823529,0.1705830842256546,981.7666666666667,0.8333333333333334
v28_seed2,242,1127.4778354042455,3600.55322265625,0.011695906432748537,171,2,60,3266,359.29824561403507,0.13581888377666473,1060.7166666666667,0.8333333333333334
v28_seed2,243,1268.3986339327655,3511.212890625,0.006329113924050633,158,1,60,3266,388.8607594936709,0.14561821520328522,983.65,
v28_seed2,244,1348.543549016858,3510.402099609375,0.0070921985815602835,141,1,60,3266,435.74468085106383,0.14962974190711975,1127.4166666666667,
v28_seed2,245,1349.722162695492,3523.75048828125,0.007352941176470588,136,1,60,3266,451.7647058823529,0.16520458459854126,1163.9666666666667,0.8333333333333334
v28_seed2,246,1289.366362751394,3439.87255859375,0.007246376811594203,138,1,60,3266,445.2173913043478,0.11247403174638748,1084.5833333333333,
v28_seed2,247,1235.5246009273806,3523.75048828125,0.021739130434782608,138,3,60,3266,445.2173913043478,0.15930186212062836,1168.4333333333334,2.5
v28_seed2,248,1204.9850416719244,2545.75244140625,0.0,178,0,60,2594,345.1685393258427,0.1192510798573494,911.8833333333333,
v28_seed2,249,1298.4071659088136,3218.43505859375,0.00625,160,1,60,3214,384.0,0.1402183473110199,922.25,0.8333333333333334
v28_seed3,0,804.6889646053314,1909.54443359375,0.875,128,112,60,3267,480.0,1.777597188949585,414.23333333333335,40.0
v28_seed3,1,1012.876542852166,1521.0755615234375,1.0,89,127,60,3267,690.3370786516854,1.7604631185531616,563.2833333333333,32.5
v28_seed3,2,550.0387539219212,2098.043701171875,0.4144144144144144,222,92,60,3267,276.7567567567568,1.7377241849899292,723.6,28.333333333333332
v28_seed3,3,573.416898232318,2115.9638671875,0.2680851063829787,235,63,60,3267,261.4468085106383,1.704759120941162,587.0666666666667,17.5
v28_seed3,4,708.8945720430055,2167.97509765625,0.3352601156069364,173,58,60,3267,355.1445086705202,1.688002109527588,828.05,21.666666666666668
v28_seed3,5,471.895496857961,2525.362060546875,0.128,375,48,60,3267,163.84,1.6590622663497925,841.45,15.833333333333334
v28_seed3,6,328.6860163528931,2679.383056640625,0.03571428571428571,812,29,60,3267,75.66502463054188,1.6266580820083618,705.7666666666667,10.833333333333334
v28_seed3,7,391.55528650754763,3064.842529296875,0.009259259259259259,648,6,60,3267,94.81481481481481,1.660441517829895,438.3833333333333,2.5
v28_seed3,8,412.28769513096864,3001.8525390625,0.014975041597337771,601,9,60,3266,102.2296173044925,1.6505426168441772,452.1,2.5
v28_seed3,9,405.29637682343736,3155.762451171875,0.014218009478672985,633,9,60,3267,97.06161137440758,1.6346352100372314,538.7,4.166666666666667
v28_seed3,10,448.6837771761734,3367.83251953125,0.019469026548672566,565,11,60,3267,108.7433628318584,1.6417922973632812,739.9666666666667,5.833333333333333
v28_seed3,11,382.1540026953212,3053.8427734375,0.023131672597864767,562,13,60,3267,109.32384341637011,1.629459261894226,618.9833333333333,7.5
v28_seed3,12,537.1946237664916,3033.572509765625,0.013215859030837005,454,6,60,3266,135.33039647577093,1.6220484972000122,517.2833333333333,3.3333333333333335
v28_seed3,13,553.0744159901395,3072.872802734375,0.01276595744680851,470,6,60,3266,130.72340425531914,1.5989389419555664,548.6166666666667,4.166666666666667
v28_seed3,14,549.0517874916832,2750.87353515625,0.017582417582417582,455,8,60,3267,135.03296703296704,1.5894701480865479,665.0,5.0
v28_seed3,15,542.2307284489656,3462.7529296875,0.03263403263403263,429,14,60,3266,143.21678321678323,1.54470956325531,879.9,6.666666666666667
v28_seed3,16,539.5547197092664,3556.96142578125,0.020454545454545454,440,9,60,3266,139.63636363636363,1.5095314979553223,697.35,5.0
v28_seed3,17,623.9709142741468,3242.79296875,0.01288659793814433,388,5,60,3267,158.35051546391753,1.4806151390075684,585.55,3.3333333333333335
v28_seed3,18,738.3382418549454,3439.761474609375,0.036036036036036036,333,12,60,3267,184.5045045045045,1.4438066482543945,717.2833333333333,5.0
v28_seed3,19,699.5881492405038,3842.172119140625,0.028795811518324606,382,11,60,3266,160.83769633507853,1.4656004905700684,886.3166666666667,4.166666666666667
v28_seed3,20,864.3235641302065,3536.121337890625,0.011627906976744186,344,4,60,3267,178.6046511627907,1.4398276805877686,666.65,0.8333333333333334
v28_seed3,21,917.9520980099903,4101.8212890625,0.026578073089700997,301,8,60,3267,204.11960132890366,1.4376493692398071,1099.1,4.166666666666667
v28_seed3,22,952.3761631571799,4065.020751953125,0.040955631399317405,293,12,60,3267,209.6928327645051,1.402965784072876,1244.2666666666667,7.5
v28_seed3,23,1028.6115899615818,4158.134765625,0.024305555555555556,288,7,60,3266,213.33333333333334,1.3472487926483154,1084.1333333333334,2.5
v28_seed3,24,1102.0953790377466,3999.750732421875,0.03088803088803089,259,8,60,3267,237.22007722007723,1.319110631942749,1183.5833333333333,5.833333333333333
v28_seed3,25,1131.5257267184024,4139.193359375,0.04868913857677903,267,13,60,3267,230.1123595505618,1.3169050216674805,1043.2833333333333,5.833333333333333
v28_seed3,26,1186.614552379166,3921.99072265625,0.05150214592274678,233,12,60,3267,263.6909871244635,1.307267665863037,1273.1833333333334,7.5
v28_seed3,27,1231.9013669137998,4277.7607421875,0.053811659192825115,223,12,60,3266,275.5156950672646,1.3087902069091797,1511.4666666666667,7.5
v28_seed3,28,1264.894736081078,4131.603515625,0.0761904761904762,210,16,60,3267,292.57142857142856,1.284847617149353,1680.3166666666666,10.833333333333334
v28_seed3,29,1273.7401283298998,4138.052734375,0.0821917808219178,219,18,60,3267,280.54794520547944,1.2509491443634033,1492.9,10.833333333333334
v28_seed3,30,1302.6165958658855,4291.64306640625,0.06222222222222222,225,14,60,3267,273.06666666666666,1.2373199462890625,1341.8,7.5
v28_seed3,31,1419.6873121364142,4142.1748046875,0.10215053763440861,186,19,60,3267,330.3225806451613,1.2119650840759277,1638.6833333333334,9.166666666666666
v28_seed3,32,1331.810727886125,4091.571533203125,0.08823529411764706,204,18,60,3267,301.1764705882353,1.141479730606079,1593.8833333333334,10.0
v28_seed3,33,1528.1682252771714,4286.35400390625,0.12352941176470589,170,21,60,3267,361.4117647058824,1.1196902990341187,1653.0333333333333,10.0
v28_seed3,34,1695.2136609270856,4311.9091796875,0.23776223776223776,143,34,60,3267,429.65034965034965,1.0622024536132812,1719.05,16.666666666666668
v28_seed3,35,1563.3756277901787,4152.36328125,0.17391304347826086,161,28,60,3267,381.6149068322981,1.050549864768982,1686.05,12.5
v28_seed3,36,1654.7208591037327,4404.77587890625,0.2740740740740741,135,37,60,3267,455.1111111111111,1.0775871276855469,1972.8833333333334,18.333333333333332
v28_seed3,37,1859.8310198488489,4177.92724609375,0.3893805309734513,113,44,60,3267,543.7168141592921,0.9973512887954712,2077.233333333333,20.833333333333332
v28_seed3,38,1838.452324661554,4403.78125,0.45098039215686275,102,46,60,3267,602.3529411764706,0.9702963829040527,2428.7833333333333,25.833333333333332
v28_seed3,39,2066.830343905362,4339.0419921875,0.4,110,44,60,3267,558.5454545454545,0.9592410326004028,1816.7833333333333,16.666666666666668
v28_seed3,40,1841.208412230484,4285.07470703125,0.30708661417322836,127,39,60,3267,483.7795275590551,0.9534083604812622,2061.3333333333335,18.333333333333332
v28_seed3,41,2123.0829915585723,4318.4794921875,0.4673913043478261,92,43,60,3267,667.8260869565217,0.954667866230011,2284.0,21.666666666666668
v28_seed3,42,2187.46081606547,4403.77685546875,0.5104166666666666,96,49,60,3267,640.0,0.8491125702857971,2014.2333333333333,20.0
v28_seed3,43,2172.1821580239393,4289.8720703125,0.3853211009174312,109,42,60,3267,563.6697247706422,0.8963253498077393,1936.85,16.666666666666668
v28_seed3,44,2366.486061818976,4313.73828125,0.5157894736842106,95,49,60,3267,646.7368421052631,0.8385640382766724,1930.35,17.5
v28_seed3,45,2302.4294665792713,4389.75341796875,0.5543478260869565,92,51,60,3267,667.8260869565217,0.9143234491348267,2054.9666666666667,18.333333333333332
v28_seed3,46,2490.071402217565,4428.37353515625,0.5955056179775281,89,53,60,3267,690.3370786516854,0.8451364040374756,1881.2,17.5
v28_seed3,47,2671.8490158472305,4403.7744140625,0.6794871794871795,78,53,60,3267,787.6923076923077,0.8806160092353821,1814.4333333333334,16.666666666666668
v28_seed3,48,2732.0805722891564,4316.76806640625,0.6626506024096386,83,55,60,3267,740.2409638554217,0.9017256498336792,1568.8833333333334,13.333333333333334
v28_seed3,49,2859.781019810268,4304.15966796875,0.8,70,56,60,3267,877.7142857142857,0.8335986137390137,1846.3666666666666,15.833333333333334
v28_seed3,50,2844.8102306897126,4403.7666015625,0.7088607594936709,79,56,60,3267,777.7215189873418,0.8439569473266602,1612.2166666666667,11.666666666666666
v28_seed3,51,2993.3974260602677,4317.498046875,0.8285714285714286,70,58,60,3267,877.7142857142857,0.7756062150001526,1700.2333333333333,15.833333333333334
v28_seed3,52,2840.4326336669924,4403.7900390625,0.7466666666666667,75,56,60,3267,819.2,0.8710862994194031,1578.55,13.333333333333334
v28_seed3,53,2648.246480372045,4304.04931640625,0.7142857142857143,77,55,60,3267,797.922077922078,0.7745267748832703,2030.8833333333334,17.5
v28_seed3,54,2902.7368036905923,4403.78271484375,0.7777777777777778,72,56,60,3267,853.3333333333334,0.7629857063293457,1941.4,15.833333333333334
v28_seed3,55,2852.81017238072,4316.98779296875,0.8142857142857143,70,57,60,3267,877.7142857142857,0.7535618543624878,1945.9833333333333,16.666666666666668
v28_seed3,56,2738.366822676225,4346.0126953125,0.7142857142857143,77,55,60,3267,797.922077922078,0.7599774599075317,1767.2,13.333333333333334
v28_seed3,57,3084.9033575346975,4403.763671875,0.8787878787878788,66,58,60,3267,930.9090909090909,0.772438645362854,1863.95,15.0
v28_seed3,58,3423.756081717355,4344.97314453125,0.9365079365079365,63,59,60,3267,975.2380952380952,0.7649518251419067,1598.7833333333333,10.0
v28_seed3,59,2985.3237790001763,4317.9482421875,0.8055555555555556,72,58,60,3267,853.3333333333334,0.7318207025527954,1975.1333333333334,17.5
v28_seed3,60,3301.0489142118995,4316.40087890625,0.8955223880597015,67,60,60,3267,917.0149253731344,0.7425203919410706,1589.7,13.333333333333334
v28_seed3,61,2971.0631501168914,4550.1376953125,0.8787878787878788,66,58,60,3267,930.9090909090909,0.7280875444412231,1915.6833333333334,17.5
v28_seed3,62,3018.1896434110754,4404.78076171875,0.8529411764705882,68,58,60,3267,903.5294117647059,0.6407648324966431,1754.5166666666667,14.166666666666666
v28_seed3,63,3197.7120913550966,4608.46142578125,0.9206349206349206,63,58,60,3267,975.2380952380952,0.7269474864006042,1829.8833333333334,14.166666666666666
v28_seed3,64,2674.096151775784,4403.78955078125,0.8055555555555556,72,58,60,3267,853.3333333333334,0.679451584815979,2164.9666666666667,20.833333333333332
v28_seed3,65,3034.149523925781,4435.65576171875,0.8615384615384616,65,56,60,3267,945.2307692307693,0.709531307220459,2058.133333333333,18.333333333333332
v28_seed3,66,2389.5531352815174,4403.796875,0.6428571428571429,84,54,60,3267,731.4285714285714,0.6290209889411926,2140.1,21.666666666666668
v28_seed3,67,2589.9966718646842,4404.66796875,0.7605633802816901,71,54,60,3267,865.3521126760563,0.6457704305648804,2164.45,19.166666666666668
v28_seed3,68,3001.6712376730784,4403.794921875,1.0,56,59,60,3267,1097.142857142857,0.6501781344413757,2268.15,21.666666666666668
v28_seed3,69,2966.446601629257,4514.5732421875,0.9375,64,60,60,3267,960.0,0.648522138595581,2174.266666666667,20.833333333333332
v28_seed3,70,2429.814848327637,4722.77978515625,0.6625,80,53,60,3267,768.0,0.6098462343215942,2437.383333333333,23.333333333333332
v28_seed3,71,2790.9033317106314,4404.6875,0.6626506024096386,83,55,60,3267,740.2409638554217,0.649019181728363,1804.0,15.833333333333334
v28_seed3,72,2890.492919024299,4605.56103515625,0.8088235294117647,68,55,60,3267,903.5294117647059,0.6135336756706238,2206.633333333333,20.0
v28_seed3,73,2690.018478958695,4616.03076171875,0.691358024691358,81,56,60,3267,758.5185185185185,0.6003305315971375,1947.8333333333333,15.833333333333334
v28_seed3,74,2794.7988915694386,4321.1298828125,0.75,76,57,60,3267,808.421052631579,0.5523310303688049,2132.45,20.0
v28_seed3,75,3030.251786872522,4876.5390625,0.835820895522388,67,56,60,3267,917.0149253731344,0.6409116387367249,2027.3,15.0
v28_seed3,76,2636.796475822543,4547.015625,0.6049382716049383,81,49,60,3267,758.5185185185185,0.5997169017791748,1962.3333333333333,15.0
v28_seed3,77,2668.7688678243885,4403.79541015625,0.7971014492753623,69,55,60,3267,890.4347826086956,0.5683534145355225,2398.0,24.166666666666668
v28_seed3,78,2818.139805753466,4442.384765625,0.7746478873239436,71,55,60,3267,865.3521126760563,0.5838527679443359,2222.4666666666667,18.333333333333332
v28_seed3,79,3075.2955425423634,4606.8603515625,0.8028169014084507,71,57,60,3267,865.3521126760563,0.5227764844894409,1946.0,14.166666666666666
v28_seed3,80,3087.1678280047518,4465.15869140625,0.8208955223880597,67,55,60,3267,917.0149253731344,0.5547806024551392,2280.05,16.666666666666668
v28_seed3,81,2989.7699434795077,4464.013671875,0.9365079365079365,63,59,60,3267,975.2380952380952,0.5409024953842163,2338.7,19.166666666666668
v28_seed3,82,2621.267707072513,4442.9462890625,0.8028169014084507,71,57,60,3267,865.3521126760563,0.49166643619537354,2510.0333333333333,25.0
v28_seed3,83,2706.7117037386506,4614.05126953125,0.7702702702702703,74,57,60,3267,830.2702702702703,0.5021357536315918,2376.5,21.666666666666668
v28_seed3,84,3228.4428041898286,4883.78173828125,1.0,52,59,60,3267,1181.5384615384614,0.4697078764438629,2511.1666666666665,22.5
v28_seed3,85,3187.994483803803,4614.84033203125,1.0,53,59,60,3267,1159.245283018868,0.501983642578125,2369.3,20.833333333333332
v28_seed3,86,3466.345122201102,4996.78955078125,1.0,56,57,60,3267,1097.142857142857,0.465476930141449,2092.733333333333,14.166666666666666
v28_seed3,87,2938.0368158677047,4546.8349609375,0.8382352941176471,68,57,60,3267,903.5294117647059,0.4875847399234772,2261.516666666667,21.666666666666668
v28_seed3,88,3071.5544644059805,4612.59033203125,0.9655172413793104,58,56,60,3267,1059.3103448275863,0.47406160831451416,2496.1,22.5
v28_seed3,89,2790.598846891033,4609.48974609375,0.8656716417910447,67,58,60,3267,917.0149253731344,0.4602198898792267,2466.45,22.5
v28_seed3,90,3193.227939538788,4609.43017578125,1.0,57,59,60,3267,1077.8947368421052,0.44901159405708313,2421.0666666666666,20.0
v28_seed3,91,3065.155491904607,4716.02392578125,0.9365079365079365,63,59,60,3267,975.2380952380952,0.44012483954429626,2297.983333333333,20.833333333333332
v28_seed3,92,2730.1735525558242,4444.11474609375,0.8805970149253731,67,59,60,3267,917.0149253731344,0.44430601596832275,2466.383333333333,24.166666666666668
v28_seed3,93,3215.7980553763255,4806.3046875,1.0,56,58,60,3267,1097.142857142857,0.4513525366783142,2499.4,20.833333333333332
v28_seed3,94,3334.807884724935,4613.87109375,0.9666666666666667,60,58,60,3267,1024.0,0.39842912554740906,2116.4,15.0
v28_seed3,95,3032.2906683263645,4601.53125,0.8028169014084507,71,57,60,3267,865.3521126760563,0.4245951771736145,2120.5,15.833333333333334
v28_seed3,96,3024.4152603149414,4606.54052734375,0.90625,64,58,60,3267,960.0,0.43779149651527405,2223.6833333333334,19.166666666666668
v28_seed3,97,2828.4810827454526,4601.87109375,0.8507462686567164,67,57,60,3267,917.0149253731344,0.4406478703022003,2416.7,20.0
v28_seed3,98,3022.1952903053975,4406.57958984375,0.8333333333333334,66,55,60,3267,930.9090909090909,0.47381529211997986,2114.2833333333333,15.833333333333334
v28_seed3,99,2940.6528857786266,4619.201171875,0.8656716417910447,67,58,60,3267,917.0149253731344,0.39922741055488586,2440.2833333333333,19.166666666666668
v28_seed3,100,3068.6654759967137,4617.5205078125,0.9206349206349206,63,58,60,3267,975.2380952380952,0.41260796785354614,2357.1666666666665,19.166666666666668
v28_seed3,101,2060.294049013008,4440.76416015625,0.47572815533980584,103,49,60,3267,596.504854368932,0.344606876373291,2616.616666666667,26.666666666666668
v28_seed3,102,2750.519556681315,4443.21728515625,0.7777777777777778,72,56,60,3267,853.3333333333334,0.4468565583229065,2424.8166666666666,22.5
v28_seed3,103,2744.5505834960936,4878.38916015625,0.76,75,57,60,3267,819.2,0.43254438042640686,2349.116666666667,21.666666666666668
v28_seed3,104,2710.343953450521,4618.7314453125,0.7777777777777778,72,56,60,3267,853.3333333333334,0.36100393533706665,2537.95,21.666666666666668
v28_seed3,105,2755.2373347627945,4442.1044921875,0.8260869565217391,69,57,60,3267,890.4347826086956,0.41138070821762085,2378.883333333333,21.666666666666668
v28_seed3,106,3068.731253788389,4444.0458984375,1.0,58,59,60,3267,1059.3103448275863,0.3849109411239624,2429.5666666666666,20.833333333333332
v28_seed3,107,3076.1868735259436,4451.9951171875,1.0,53,57,60,3267,1159.245283018868,0.44804269075393677,2599.733333333333,24.166666666666668
v28_seed3,108,2846.253330560378,4519.86279296875,0.691358024691358,81,56,60,3267,758.5185185185185,0.3618302345275879,1933.5333333333333,14.166666666666666
v28_seed3,109,3144.4233077199838,4600.90087890625,1.0,57,58,60,3267,1077.8947368421052,0.35081279277801514,2309.45,20.833333333333332
v28_seed3,110,2954.962386842758,4708.634765625,0.873015873015873,63,55,60,3267,975.2380952380952,0.33554744720458984,2419.516666666667,20.0
v28_seed3,111,3047.642571918035,4551.205078125,0.9830508474576272,59,58,60,3267,1041.3559322033898,0.3970012366771698,2455.7833333333333,21.666666666666668
v28_seed3,112,2900.373394866488,4614.712890625,0.835820895522388,67,56,60,3267,917.0149253731344,0.3469736576080322,2402.5833333333335,20.0
v28_seed3,113,2790.57050678092,4447.724609375,0.8169014084507042,71,58,60,3267,865.3521126760563,0.33865928649902344,2369.5666666666666,22.5
v28_seed3,114,2893.2086825900606,4405.5400390625,0.8055555555555556,72,58,60,3267,853.3333333333334,0.3615749478340149,2321.383333333333,20.0
v28_seed3,115,2717.291933885261,4608.69091796875,0.8208955223880597,67,55,60,3267,917.0149253731344,0.3214123249053955,2653.6,23.333333333333332
v28_seed3,116,2686.325610616933,4868.5185546875,0.7971014492753623,69,55,60,3267,890.4347826086956,0.2804592251777649,2480.7833333333333,22.5
v28_seed3,117,2508.31006213202,4616.609375,0.7971014492753623,69,55,60,3267,890.4347826086956,0.31046509742736816,2582.866666666667,27.5
v28_seed3,118,2435.713762808537,4447.4560546875,0.8115942028985508,69,56,60,3267,890.4347826086956,0.2964293956756592,2908.5,31.666666666666668
v28_seed3,119,2760.6817682439632,4441.2646484375,0.8636363636363636,66,57,60,3267,930.9090909090909,0.2910435199737549,2499.8166666666666,24.166666666666668
v28_seed3,120,2462.6417215983074,4404.8125,0.95,60,57,60,3267,1024.0,0.28506678342819214,2992.05,32.5
v28_seed3,121,2340.5767671561534,4404.64453125,0.654320987654321,81,53,60,3267,758.5185185185185,0.3022904098033905,2671.866666666667,25.833333333333332
v28_seed3,122,2317.0460036057693,4436.6552734375,0.8,65,52,60,3267,945.2307692307693,0.32604268193244934,2942.483333333333,30.0
v28_seed3,123,2133.944498235529,4435.7265625,0.5454545454545454,88,48,60,3267,698.1818181818181,0.27445095777511597,2857.9666666666667,27.5
v28_seed3,124,2078.107031804865,4617.6201171875,0.4,110,44,60,3267,558.5454545454545,0.2699534296989441,2495.233333333333,24.166666666666668
v28_seed3,125,2395.7845420231893,4598.1806640625,0.8095238095238095,63,51,60,3267,975.2380952380952,0.2985420823097229,2929.85,28.333333333333332
v28_seed3,126,2518.227229588468,4595.2705078125,0.7323943661971831,71,52,60,3267,865.3521126760563,0.3229551911354065,2554.383333333333,24.166666666666668
v28_seed3,127,2474.112258429276,4444.716796875,0.5263157894736842,95,50,60,3267,646.7368421052631,0.26360762119293213,2219.15,20.0
v28_seed3,128,2801.510581752232,4602.2001953125,0.8,70,56,60,3267,877.7142857142857,0.2393377274274826,2521.5833333333335,22.5
v28_seed3,129,2510.50927026721,5320.8076171875,0.7101449275362319,69,49,60,3267,890.4347826086956,0.23987050354480743,2637.85,23.333333333333332
v28_seed3,130,2661.298824734158,4618.63037109375,0.7777777777777778,72,56,60,3267,853.3333333333334,0.24032744765281677,2602.5666666666666,24.166666666666668
v28_seed3,131,2774.3500748697916,4876.857421875,0.7466666666666667,75,56,60,3267,819.2,0.23391009867191315,2495.0333333333333,22.5
v28_seed3,132,2462.8121108111213,4803.75732421875,0.6,85,51,60,3267,722.8235294117648,0.2193530648946762,2464.7,21.666666666666668
v28_seed3,133,2688.4398604991825,4711.75341796875,0.6395348837209303,86,55,60,3267,714.4186046511628,0.24284204840660095,2298.866666666667,20.833333333333332
v28_seed3,134,1925.5751183055272,4605.94091796875,0.3925233644859813,107,42,60,3267,574.2056074766355,0.2262662649154663,2715.95,25.833333333333332
v28_seed3,135,2639.062333050896,4899.78369140625,0.6470588235294118,85,55,60,3267,722.8235294117648,0.236424520611763,2258.016666666667,21.666666666666668
v28_seed3,136,2216.5157558795104,4995.79931640625,0.5257731958762887,97,51,60,3267,633.4020618556701,0.20541837811470032,2575.633333333333,25.833333333333332
v28_seed3,137,2249.3437598642677,4616.68310546875,0.46464646464646464,99,46,60,3267,620.6060606060606,0.22917303442955017,2329.6,23.333333333333332
v28_seed3,138,2181.894355701265,4660.60302734375,0.4,105,42,60,3267,585.1428571428571,0.21420994400978088,2539.116666666667,22.5
v28_seed3,139,1930.4453108692896,4966.2880859375,0.31297709923664124,131,41,60,3267,469.00763358778624,0.18465936183929443,2324.8333333333335,23.333333333333332
v28_seed3,140,2115.232177734375,4804.34716796875,0.36036036036036034,111,40,60,3267,553.5135135135135,0.20638756453990936,2270.2,18.333333333333332
v28_seed3,141,2050.618908862134,4615.58984375,0.23776223776223776,143,34,60,3267,429.65034965034965,0.2093680500984192,1937.3666666666666,15.0
v28_seed3,142,1806.6567084520384,4550.34912109375,0.2857142857142857,133,38,60,3267,461.9548872180451,0.20911888778209686,2565.8166666666666,26.666666666666668
v28_seed3,143,1800.924914317526,4551.515625,0.1592356687898089,157,25,60,3267,391.3375796178344,0.20850427448749542,2032.45,14.166666666666666
v28_seed3,144,1689.1200280761718,4319.47900390625,0.11428571428571428,175,20,60,3267,351.0857142857143,0.16477593779563904,1695.5166666666667,11.666666666666666
v28_seed3,145,1498.5785029163098,3894.97265625,0.0319634703196347,219,7,60,3267,280.54794520547944,0.20034372806549072,1365.8,5.0
v28_seed3,146,1482.3766722502533,4317.341796875,0.041666666666666664,216,9,60,3267,284.44444444444446,0.21239161491394043,1368.1166666666666,5.833333333333333
v28_seed3,147,1467.5775514799973,4154.97509765625,0.019704433497536946,203,4,60,3267,302.6600985221675,0.2369886338710785,1343.55,3.3333333333333335
v28_seed3,148,1453.8131774902345,4199.81591796875,0.02926829268292683,205,6,60,3267,299.7073170731707,0.23397761583328247,1220.9666666666667,5.0
v28_seed3,149,1497.476736466515,4378.70263671875,0.03208556149732621,187,6,60,3266,328.5561497326203,0.25814494490623474,1424.5833333333333,4.166666666666667
v28_seed3,150,1507.8389366710253,4364.56494140625,0.06779661016949153,177,12,60,3267,347.1186440677966,0.2103344202041626,1820.95,7.5
v28_seed3,151,1631.304468545569,4317.458984375,0.0783132530120482,166,13,60,3267,370.12048192771084,0.19959673285484314,1714.0333333333333,6.666666666666667
v28_seed3,152,1789.0734307183159,4277.037109375,0.09444444444444444,180,17,60,3267,341.3333333333333,0.20647719502449036,1602.65,7.5
v28_seed3,153,1700.8814009700914,4613.12060546875,0.12048192771084337,166,20,60,3267,370.12048192771084,0.14679080247879028,1857.2833333333333,11.666666666666666
v28_seed3,154,1682.9136242675781,4403.7705078125,0.12,150,18,60,3267,409.6,0.24453476071357727,2162.9166666666665,12.5
v28_seed3,155,1616.144780756353,4600.27978515625,0.08241758241758242,182,15,60,3267,337.5824175824176,0.1967044472694397,1633.35,6.666666666666667
v28_seed3,156,1572.5489401792868,4314.58935546875,0.07692307692307693,195,15,60,3267,315.0769230769231,0.18336254358291626,1667.55,8.333333333333334
v28_seed3,157,1644.4871277951909,4456.26708984375,0.08982035928143713,167,15,60,3267,367.90419161676647,0.21192480623722076,1947.6333333333334,9.166666666666666
v28_seed3,158,1501.871328147924,4604.63232421875,0.051643192488262914,213,11,60,3267,288.4507042253521,0.18961337208747864,1514.5,5.0
v28_seed3,159,1435.9175516282212,4159.3740234375,0.03317535545023697,211,7,60,3267,291.18483412322274,0.22554469108581543,1587.4166666666667,4.166666666666667
v28_seed3,160,1561.045446837477,4310.509765625,0.04926108374384237,203,10,60,3267,302.6600985221675,0.1399548053741455,1664.5,7.5
v28_seed3,161,1651.4622608376615,4314.72802734375,0.061452513966480445,179,11,60,3267,343.24022346368713,0.17349407076835632,1938.45,6.666666666666667
v28_seed3,162,1772.6068643339981,4454.95556640625,0.05673758865248227,141,8,60,3266,435.74468085106383,0.23216888308525085,1987.3833333333334,2.5
v28_seed3,163,1600.6359284499597,3995.83251953125,0.028735632183908046,174,5,60,3266,353.1034482758621,0.17693454027175903,1868.1666666666667,3.3333333333333335
v28_seed3,164,1639.5170233222875,3781.762451171875,0.02247191011235955,178,4,60,3267,345.1685393258427,0.18820185959339142,1828.6666666666667,3.3333333333333335
v28_seed3,165,1634.5027202674728,4147.46484375,0.0718562874251497,167,12,60,3267,367.90419161676647,0.16022181510925293,2005.2333333333333,9.166666666666666
v28_seed3,166,1714.591303695867,4557.0166015625,0.05555555555555555,162,9,60,3266,379.25925925925924,0.13451094925403595,1894.3333333333333,3.3333333333333335
v28_seed3,167,1633.3684300013952,3708.8525390625,0.027472527472527472,182,5,60,3266,337.5824175824176,0.1496732532978058,1618.1666666666667,4.166666666666667
v28_seed3,168,1438.894396033654,4045.821533203125,0.023076923076923078,130,3,60,3266,472.61538461538464,0.07515639811754227,1105.0,1.6666666666666667
v28_seed3,169,1475.7643064028257,3723.482177734375,0.01948051948051948,154,3,60,3266,398.961038961039,0.15269242227077484,1458.7833333333333,1.6666666666666667
v28_seed3,170,1022.6817867235205,3269.804443359375,0.0028735632183908046,348,1,60,3266,176.55172413793105,0.10700535774230957,893.45,0.8333333333333334
v28_seed3,171,1424.5819472324702,3558.643310546875,0.006172839506172839,162,1,60,3266,379.25925925925924,0.10646125674247742,1335.2166666666667,0.8333333333333334
v28_seed3,172,1516.8396362953997,2933.35595703125,0.0,188,0,60,2978,326.8085106382979,0.09357234090566635,1410.1666666666667,
v28_seed3,173,1510.368424331586,2946.943603515625,0.0,193,0,60,2994,318.3419689119171,0.11672589182853699,1525.5,
v28_seed3,174,995.1009609685468,2898.543212890625,0.0,346,0,60,2946,177.5722543352601,0.09231353551149368,1168.8166666666666,
v28_seed3,175,1025.598373145388,2948.904541015625,0.0,342,0,60,2995,179.64912280701753,0.11068437993526459,1224.75,
v28_seed3,176,968.1078491210938,2948.0947265625,0.0,316,0,60,2994,194.43037974683546,0.09321628510951996,1403.3833333333334,
v28_seed3,177,1061.9282884740119,3747.75048828125,0.007462686567164179,268,2,60,3266,229.2537313432836,0.10573065280914307,1145.4333333333334,0.8333333333333334
v28_seed3,178,1205.2656536680279,2895.75048828125,0.0,264,0,60,2946,232.72727272727272,0.10349701344966888,1045.7666666666667,
v28_seed3,179,1059.2623960781941,2944.75048828125,0.0,226,0,60,2995,271.85840707964604,0.0795627236366272,992.05,
v28_seed3,180,978.6241203915756,2884.665283203125,0.0,226,0,60,2930,271.85840707964604,0.09717303514480591,943.0166666666667,
v28_seed3,181,967.2409288031031,2947.964599609375,0.0,249,0,60,2995,246.74698795180723,0.0827794000506401,965.7,
v28_seed3,182,1011.9485033671061,2949.11572265625,0.0,240,0,60,2994,256.0,0.11513154208660126,939.6333333333333,
v28_seed3,183,1053.7021621631093,3265.75048828125,0.004784688995215311,209,1,60,3266,293.9712918660287,0.0689382553100586,864.4166666666666,0.8333333333333334
v28_seed3,184,1079.2206365690759,2941.775390625,0.0,199,0,60,2987,308.7437185929648,0.08221951127052307,961.15,
v28_seed3,185,1206.8951328405353,3104.75048828125,0.0,209,0,60,3155,293.9712918660287,0.1256420612335205,1053.8333333333333,
v28_seed3,186,1314.4876861572266,2916.765380859375,0.0,184,0,60,2962,333.9130434782609,0.09058355540037155,1284.9166666666667,
v28_seed3,187,1087.3022790419318,2895.75048828125,0.0,226,0,60,2946,271.85840707964604,0.07559973001480103,829.6666666666666,
v28_seed3,188,1090.8477497930112,3105.55224609375,0.0,184,0,60,3154,333.9130434782609,0.07528315484523773,1199.6666666666667,
v28_seed3,189,1224.0912645634135,3619.75048828125,0.004975124378109453,201,1,60,3266,305.67164179104475,0.07231228053569794,1076.4666666666667,0.8333333333333334
v28_seed3,190,1306.6613620260487,3268.182861328125,0.005434782608695652,184,1,60,3266,333.9130434782609,0.09915938973426819,1227.85,0.8333333333333334
v28_seed3,191,1333.4124108516808,3103.75048828125,0.0,198,0,60,3154,310.3030303030303,0.09626451879739761,1255.1166666666666,
v28_seed3,192,1271.2903730445933,3165.004638671875,0.004672897196261682,214,1,60,3161,287.10280373831773,0.07421068102121353,1180.5333333333333,0.8333333333333334
v28_seed3,193,1335.306538015172,3270.3349609375,0.004830917874396135,207,1,60,3266,296.81159420289856,0.08150821179151535,1386.15,0.8333333333333334
v28_seed3,194,1285.250835963658,2896.75048828125,0.0,224,0,60,2947,274.2857142857143,0.0928758755326271,1092.05,
v28_seed3,195,1282.63627406529,3106.43310546875,0.0,231,0,60,3154,265.97402597402595,0.11194837838411331,1041.4166666666667,
v28_seed3,196,1211.1476510555185,3560.75048828125,0.00425531914893617,235,1,60,3266,261.4468085106383,0.08130455017089844,1170.8333333333333,0.8333333333333334
v28_seed3,197,1183.426438817438,3105.95263671875,0.0,212,0,60,3154,289.811320754717,0.11135363578796387,940.8833333333333,
v28_seed3,198,1257.6287535214753,2900.785400390625,0.0,217,0,60,2947,283.1336405529954,0.08816374838352203,1050.85,
v28_seed3,199,1258.0471084377778,2306.923583984375,0.0,211,0,60,2354,291.18483412322274,0.07749174535274506,748.4166666666666,
v28_seed3,200,1303.2314239920001,3107.3330078125,0.0,219,0,60,3155,280.54794520547944,0.0800168514251709,971.6333333333333,
v28_seed3,201,1309.0020776245724,3428.453125,0.004975124378109453,201,1,60,3266,305.67164179104475,0.08505600690841675,1142.0666666666666,0.8333333333333334
v28_seed3,202,1309.7180383985287,3108.533203125,0.0,214,0,60,3156,287.10280373831773,0.06253648549318314,1163.9833333333333,
v28_seed3,203,1365.9796223771682,3105.841552734375,0.0,218,0,60,3155,281.8348623853211,0.09300275892019272,1052.8166666666666,
v28_seed3,204,1386.7155826534845,3426.222900390625,0.004424778761061947,226,1,60,3267,271.85840707964604,0.08047659695148468,1077.5666666666666,
v28_seed3,205,1354.693039021164,3719.75048828125,0.005291005291005291,189,1,60,3266,325.07936507936506,0.07924631237983704,1220.3,0.8333333333333334
v28_seed3,206,1424.8840247744606,3104.75048828125,0.0,210,0,60,3155,292.57142857142856,0.08081582933664322,1101.9166666666667,
v28_seed3,207,1364.4941693310325,2899.51416015625,0.0,219,0,60,2946,280.54794520547944,0.07729868590831757,1048.8666666666666,
v28_seed3,208,1309.92513862023,2895.75048828125,0.0,208,0,60,2946,295.38461538461536,0.07127388566732407,1146.45,
v28_seed3,209,1333.1371300373603,3107.03271484375,0.0,218,0,60,3155,281.8348623853211,0.10807080566883087,1139.9166666666667,
v28_seed3,210,1371.301598459629,3715.75048828125,0.0049261083743842365,203,1,60,3266,302.6600985221675,0.08838945627212524,1325.6,0.8333333333333334
v28_seed3,211,1338.039364956393,3269.43408203125,0.0049504950495049506,202,1,60,3266,304.15841584158414,0.06477171927690506,1349.7666666666667,0.8333333333333334
v28_seed3,212,1239.46800005008,3443.541259765625,0.005128205128205128,195,1,60,3266,315.0769230769231,0.0788998082280159,1149.9,
v28_seed3,213,1220.3968627377333,3105.9326171875,0.0,221,0,60,3154,278.00904977375563,0.07233277708292007,1025.95,
v28_seed3,214,1234.792252499833,3107.89453125,0.0,234,0,60,3154,262.56410256410254,0.06035807728767395,1095.5166666666667,
v28_seed3,215,1346.639156634991,3986.3720703125,0.009615384615384616,208,2,60,3266,295.38461538461536,0.0548684187233448,1362.2166666666667,0.8333333333333334
v28_seed3,216,1260.7474461923732,2932.3349609375,0.0,202,0,60,2978,304.15841584158414,0.06521846354007721,1249.3,
v28_seed3,217,1144.9318698718787,2927.75048828125,0.0,209,0,60,2978,293.9712918660287,0.04768301546573639,1145.1,
v28_seed3,218,1183.09384765625,2694.766357421875,0.0,220,0,60,2754,279.27272727272725,0.08200394362211227,771.2166666666667,
v28_seed3,219,1258.4067869828773,2928.83154296875,0.0,193,0,60,2978,318.3419689119171,0.095303013920784,980.85,
v28_seed3,220,1205.785212726514,3271.736328125,0.004149377593360996,241,1,60,3266,254.9377593360996,0.07620581239461899,1056.7166666666667,0.8333333333333334
v28_seed3,221,1213.521156957594,2803.4140625,0.0,236,0,60,2850,260.33898305084745,0.08474599570035934,967.7,
v28_seed3,222,1215.9479579298709,3430.71142578125,0.004694835680751174,213,1,60,3267,288.4507042253521,0.06603959202766418,1152.2166666666667,
v28_seed3,223,1243.3260243733723,3444.463134765625,0.004629629629629629,216,1,60,3266,284.44444444444446,0.0687699243426323,996.6166666666667,
v28_seed3,224,1238.7487765098815,3329.03369140625,0.0182648401826484,219,4,60,3266,280.54794520547944,0.05780681595206261,1176.8833333333334,2.5
v28_seed3,225,1204.6869114063404,3443.99267578125,0.004629629629629629,216,1,60,3266,284.44444444444446,0.06019951403141022,1088.8166666666666,
v28_seed3,226,1173.2777158359793,2543.75048828125,0.0,187,0,60,2594,328.5561497326203,0.1202891618013382,907.4833333333333,
v28_seed3,227,1186.4715567355686,2881.902587890625,0.0,225,0,60,2930,273.06666666666666,0.07226961106061935,924.7,
v28_seed3,228,1205.2581407861803,3106.703369140625,0.0,206,0,60,3154,298.252427184466,0.10726851969957352,1221.4666666666667,
v28_seed3,229,1231.4966548504215,3442.483154296875,0.0049504950495049506,202,1,60,3266,304.15841584158414,0.07775353640317917,1213.15,
v28_seed3,230,1264.2071421212013,3734.322021484375,0.009174311926605505,218,2,60,3266,281.8348623853211,0.08189316093921661,1166.8166666666666,0.8333333333333334
v28_seed3,231,1179.0396295000417,2943.75048828125,0.0,258,0,60,2994,238.13953488372093,0.07883791625499725,911.85,
v28_seed3,232,1165.3730297778027,2882.03271484375,0.0,249,0,60,2930,246.74698795180723,0.06450443714857101,1035.75,
v28_seed3,233,1243.4780803830342,3433.453125,0.004366812227074236,229,1,60,3266,268.29694323144105,0.0611317902803421,1041.5333333333333,
v28_seed3,234,1343.878290577424,3106.623291015625,0.0,195,0,60,3154,315.0769230769231,0.06671782582998276,1345.9166666666667,
v28_seed3,235,1230.6752041382408,3441.483154296875,0.004694835680751174,213,1,60,3267,288.4507042253521,0.09525294601917267,1141.4333333333334,
v28_seed3,236,1212.7789397158865,4113.64501953125,0.00847457627118644,236,2,60,3266,260.33898305084745,0.08716606348752975,1148.3833333333334,0.8333333333333334
v28_seed3,237,1139.4866994697356,3429.333984375,0.004672897196261682,214,1,60,3266,287.10280373831773,0.057704709470272064,1295.5166666666667,0.8333333333333334
v28_seed3,238,1233.5422988027897,3164.183837890625,0.0047169811320754715,212,1,60,3161,289.811320754717,0.0883786529302597,1201.2,0.8333333333333334
v28_seed3,239,1197.3858785083116,3590.29296875,0.00881057268722467,227,2,60,3266,270.66079295154185,0.0715731680393219,1018.0,0.8333333333333334
v28_seed3,240,1236.9913914203644,2946.463134765625,0.0,192,0,60,2994,320.0,0.0876874178647995,1181.8333333333333,
v28_seed3,241,1197.3219300615026,3103.75048828125,0.0,235,0,60,3154,261.4468085106383,0.06259964406490326,975.2666666666667,
v28_seed3,242,1123.718354988924,3106.302978515625,0.0,231,0,60,3154,265.97402597402595,0.06688280403614044,1082.4833333333333,
v28_seed3,243,1208.9556628715702,2927.75048828125,0.0,205,0,60,2978,299.7073170731707,0.061186280101537704,1184.25,
v28_seed3,244,1181.0618210847158,2868.91552734375,0.0,227,0,60,2914,270.66079295154185,0.04511363431811333,961.75,
v28_seed3,245,1256.3000957347729,3103.75048828125,0.0,216,0,60,3154,284.44444444444446,0.04788476973772049,1028.6833333333334,
v28_seed3,246,1248.8821873276997,3105.75048828125,0.0,209,0,60,3156,293.9712918660287,0.059815626591444016,1087.5333333333333,
v28_seed3,247,1269.5106808892613,3596.322998046875,0.004310344827586207,232,1,60,3266,264.82758620689657,0.06449761986732483,930.2333333333333,
v28_seed3,248,1218.3313984893946,3425.843505859375,0.004830917874396135,207,1,60,3266,296.81159420289856,0.058780111372470856,1121.85,
v28_seed3,249,1288.5967785063244,3103.75048828125,0.0,210,0,60,3154,292.57142857142856,0.05219532549381256,1006.9833333333333,
