run,generation,avg_fitness,best_fitness,success_rate,episodes,vanilla_ppo_clears,approx_mean_ep_len,ppo_entropy
v27_seed0,30,1105.7128298713712,4072.2109375,0.04059040590405904,271,11,226.71586715867159,1.2059698104858398
v27_seed0,31,1112.8482207055185,3957.75048828125,0.054901960784313725,255,14,240.94117647058823,1.140861988067627
v27_seed0,32,1235.5511024968253,3925.2509765625,0.022813688212927757,263,6,233.61216730038024,1.1628953218460083
v27_seed0,33,1223.819729551977,4244.783203125,0.07346938775510205,245,18,250.77551020408163,1.1448620557785034
v27_seed0,34,1288.5206522493281,4141.54345703125,0.05555555555555555,234,13,262.56410256410254,1.1259524822235107
v27_seed0,35,1351.8016817193281,4085.961669921875,0.07017543859649122,228,16,269.4736842105263,1.0525726079940796
v27_seed0,36,1368.4106370103302,4243.76708984375,0.08056872037914692,211,17,291.18483412322274,1.0580928325653076
v27_seed0,37,1407.2516069232292,4243.7900390625,0.0660377358490566,212,14,289.811320754717,1.0477728843688965
v27_seed0,38,1407.9009405091751,4156.8134765625,0.09767441860465116,215,21,285.7674418604651,0.9815990924835205
v27_seed0,39,1460.7089291276602,4297.5615234375,0.08866995073891626,203,18,302.6600985221675,1.0144853591918945
v27_seed0,40,1677.4998779296875,4144.822265625,0.13793103448275862,174,24,353.1034482758621,0.955450177192688
v27_seed0,41,1592.643938455237,4296.5029296875,0.20481927710843373,166,34,370.12048192771084,0.9935159683227539
v27_seed0,42,1379.549716970774,4293.31201171875,0.18994413407821228,179,34,343.24022346368713,0.9002273678779602
v27_seed0,43,1646.3061867209042,4308.23193359375,0.19411764705882353,170,33,361.4117647058824,0.9548588991165161
v27_seed0,44,1593.5421080072242,4155.75537109375,0.18674698795180722,166,31,370.12048192771084,0.9429055452346802
v27_seed0,45,1595.7442383163277,4150.0126953125,0.20114942528735633,174,35,353.1034482758621,0.8717554807662964
v27_seed0,46,1690.9215961324758,4302.7431640625,0.25517241379310346,145,37,423.7241379310345,0.8643757104873657
v27_seed0,47,1602.5302595307555,4319.4775390625,0.2468354430379747,158,39,388.8607594936709,0.849174976348877
v27_seed0,48,1624.6278296250564,4315.72119140625,0.25,156,39,393.84615384615387,0.8156019449234009
v27_seed0,49,1780.0873866860384,4364.3701171875,0.22875816993464052,153,35,401.5686274509804,0.8132929801940918
v27_seed0,50,1824.4442487276517,4310.53955078125,0.3,130,39,472.61538461538464,0.7808772325515747
v27_seed0,51,1724.0359117780413,4433.83740234375,0.25,140,35,438.85714285714283,0.7951607704162598
v27_seed0,52,1889.3474778483685,4333.33544921875,0.2932330827067669,133,39,461.9548872180451,0.7807612419128418
v27_seed0,53,2370.4834222702752,4527.6884765625,0.44761904761904764,105,47,585.1428571428571,0.7737111449241638
v27_seed0,54,2102.748443282278,4520.2041015625,0.5263157894736842,95,50,646.7368421052631,0.7565306425094604
v27_seed0,55,1828.2343913258374,4314.068359375,0.2867132867132867,143,41,429.65034965034965,0.6812006831169128
v27_seed0,56,2006.6262702941895,4366.28369140625,0.39166666666666666,120,47,512.0,0.6443829536437988
v27_seed0,57,2085.8310737941574,4529.31005859375,0.40869565217391307,115,47,534.2608695652174,0.6664793491363525
v27_seed0,58,2218.405033042214,4403.8134765625,0.43636363636363634,110,48,558.5454545454545,0.7020666003227234
v27_seed0,59,2129.862714441811,4529.6376953125,0.34146341463414637,123,42,499.5121951219512,0.6748650670051575
v27_seed0,60,2266.9477256108257,4527.3955078125,0.5145631067961165,103,53,596.504854368932,0.6135563254356384
v27_seed0,61,2124.133943890213,4451.2861328125,0.4954128440366973,109,54,563.6697247706422,0.6579350233078003
v27_seed0,62,2054.3574692773036,4524.9287109375,0.4016393442622951,122,49,503.60655737704917,0.5912057161331177
v27_seed0,63,2088.7207701416014,4363.48388671875,0.376,125,47,491.52,0.5311443209648132
v27_seed0,64,2244.9500861890388,4546.86083984375,0.5454545454545454,99,54,620.6060606060606,0.5479595065116882
v27_seed0,65,2328.161312421163,4403.81005859375,0.5625,96,54,640.0,0.5560672283172607
v27_seed0,66,2466.4010845820108,4404.80078125,0.5104166666666666,96,49,640.0,0.5030864477157593
v27_seed0,67,2156.2921365591196,4876.79541015625,0.46153846153846156,104,48,590.7692307692307,0.4937284588813782
v27_seed0,68,2144.785844058082,4556.140625,0.4666666666666667,105,49,585.1428571428571,0.5936195850372314
v27_seed0,69,2338.601598851821,4527.888671875,0.46078431372549017,102,47,602.3529411764706,0.5946657061576843
v27_seed0,70,2222.932640008167,4369.2890625,0.415929203539823,113,47,543.7168141592921,0.5285608768463135
v27_seed0,71,2007.4514454603195,4317.34814453125,0.34375,128,44,480.0,0.5415063500404358
v27_seed0,72,1922.8643491391783,4505.7666015625,0.3037037037037037,135,41,455.1111111111111,0.5502294898033142
v27_seed0,73,1949.4715853713628,4318.14794921875,0.36220472440944884,127,46,483.7795275590551,0.5471750497817993
v27_seed0,74,1981.0870222061399,4540.86767578125,0.36507936507936506,126,46,487.6190476190476,0.5094613432884216
v27_seed0,75,1975.1466304722117,5045.29736328125,0.3208955223880597,134,43,458.5074626865672,0.46612676978111267
v27_seed0,76,1725.3055593827191,4422.3125,0.3014705882352941,136,41,451.7647058823529,0.46270912885665894
v27_seed0,77,1986.1815958831269,4301.30029296875,0.4152542372881356,118,49,520.6779661016949,0.48996466398239136
v27_seed0,78,1944.2781381112559,4422.7353515625,0.31851851851851853,135,43,455.1111111111111,0.5110782384872437
v27_seed0,79,1953.1416608727498,4303.88037109375,0.34782608695652173,115,40,534.2608695652174,0.46604734659194946
v27_seed0,80,1719.2703036023424,4350.0927734375,0.24675324675324675,154,38,398.961038961039,0.4560531675815582
v27_seed0,81,1694.15414488943,4318.51904296875,0.2631578947368421,152,40,404.2105263157895,0.44766321778297424
v27_seed0,82,1790.5576162957525,4320.7578125,0.24025974025974026,154,37,398.961038961039,0.4014599919319153
v27_seed0,83,2073.538135490795,4356.2705078125,0.40594059405940597,101,41,608.3168316831683,0.4048466384410858
v27_seed0,84,1680.6103591918945,4309.70849609375,0.325,120,39,512.0,0.41349440813064575
v27_seed0,85,1527.0368788371713,4146.833984375,0.17829457364341086,129,23,476.27906976744185,0.4076139032840729
v27_seed0,86,1405.925942036643,4317.12841796875,0.1865671641791045,134,25,458.5074626865672,0.40393078327178955
v27_seed0,87,1295.8510489908854,4188.26513671875,0.14,150,21,409.6,0.4010229706764221
v27_seed0,88,1292.8691920979818,4129.51513671875,0.18,150,27,409.6,0.3557019531726837
v27_seed0,89,1364.7612086386575,4177.05712890625,0.145985401459854,137,20,448.46715328467155,0.36849701404571533
v27_seed0,90,1471.9986935515901,4317.45849609375,0.208955223880597,134,28,458.5074626865672,0.34783512353897095
v27_seed0,91,1306.9437321254186,4121.28466796875,0.18045112781954886,133,24,461.9548872180451,0.3024389147758484
v27_seed0,92,1346.5112371381545,4343.6943359375,0.152317880794702,151,23,406.887417218543,0.3545234799385071
v27_seed0,93,1338.2066934800007,4188.564453125,0.11834319526627218,169,20,363.55029585798815,0.3528202772140503
v27_seed0,94,1330.2746685336094,4116.75244140625,0.09937888198757763,161,16,381.6149068322981,0.37284207344055176
v27_seed0,95,1301.168404523064,4318.45751953125,0.11029411764705882,136,15,451.7647058823529,0.3611292839050293
v27_seed0,96,1255.6616851992724,4144.2041015625,0.08536585365853659,164,14,374.6341463414634,0.32557904720306396
v27_seed0,97,1369.051511806912,4167.427734375,0.08333333333333333,180,15,341.3333333333333,0.3438482880592346
v27_seed0,98,1247.0822315010973,4192.80615234375,0.12903225806451613,186,24,330.3225806451613,0.33576688170433044
v27_seed0,99,1407.996517248321,4375.35498046875,0.1695906432748538,171,29,359.29824561403507,0.3278350234031677
v27_seed0,100,1611.8980647495814,4607.08203125,0.2785714285714286,140,39,438.85714285714283,0.3729146420955658
v27_seed0,101,1459.2670846914316,4739.771484375,0.18181818181818182,154,28,398.961038961039,0.292664498090744
v27_seed0,102,1299.6131064891815,4283.24072265625,0.13020833333333334,192,25,320.0,0.30214011669158936
v27_seed0,103,1468.4423221588136,4534.41015625,0.2125,160,34,384.0,0.3149715065956116
v27_seed0,104,1411.4461671706529,4549.4072265625,0.17543859649122806,171,30,359.29824561403507,0.2736002206802368
v27_seed0,105,1409.0398448222393,4348.78662109375,0.20270270270270271,148,30,415.13513513513516,0.24730443954467773
v27_seed0,106,1616.4101520592058,4302.7763671875,0.2535211267605634,142,36,432.67605633802816,0.25903114676475525
v27_seed0,107,1396.6163945978337,4334.39208984375,0.2,165,33,372.3636363636364,0.2311078906059265
v27_seed0,108,1461.8334809387622,4442.80615234375,0.24489795918367346,147,36,417.9591836734694,0.21889269351959229
v27_seed0,109,1577.3317843675613,4391.95849609375,0.3203125,128,41,480.0,0.29210972785949707
v27_seed0,110,1745.592348692847,4605.78173828125,0.3442622950819672,122,42,503.60655737704917,0.23266255855560303
v27_seed0,111,1717.3910696340163,4318.767578125,0.3178294573643411,129,41,476.27906976744185,0.2157425433397293
v27_seed0,112,1514.5046618877013,4351.37255859375,0.17791411042944785,163,29,376.9325153374233,0.20099863409996033
v27_seed0,113,1424.3741461969191,4521.15869140625,0.22580645161290322,155,35,396.38709677419354,0.2065347135066986
v27_seed0,114,1433.356688817342,4699.78125,0.2361111111111111,144,34,426.6666666666667,0.1810893714427948
v27_seed0,115,1288.0098866549406,4376.64306640625,0.14772727272727273,176,26,349.09090909090907,0.21105465292930603
v27_seed0,116,1236.7249299754267,4365.40380859375,0.10326086956521739,184,19,333.9130434782609,0.16293711960315704
v27_seed0,117,1235.2648691595557,4435.7705078125,0.10695187165775401,187,20,328.5561497326203,0.1433064341545105
v27_seed0,118,1355.4064730130708,4390.67529296875,0.17307692307692307,156,27,393.84615384615387,0.15475815534591675
v27_seed0,119,1167.729639399237,4337.767578125,0.06735751295336788,193,13,318.3419689119171,0.16260957717895508
v27_seed0,120,1301.282113791923,4351.58349609375,0.1301775147928994,169,22,363.55029585798815,0.18774057924747467
v27_seed0,121,1277.1644876045093,4358.23046875,0.12280701754385964,171,21,359.29824561403507,0.23584383726119995
v27_seed0,122,1307.1147465647002,4263.41455078125,0.12962962962962962,162,21,379.25925925925924,0.20896229147911072
v27_seed0,123,1275.525640466711,4491.77783203125,0.1043956043956044,182,19,337.5824175824176,0.21891552209854126
v27_seed0,124,1266.4550073062671,4160.78369140625,0.11764705882352941,170,20,361.4117647058824,0.20452305674552917
v27_seed0,125,1117.4402349562872,4310.978515625,0.07936507936507936,189,15,325.07936507936506,0.1854275017976761
v27_seed0,126,1036.5134879467535,4152.40380859375,0.07352941176470588,204,15,301.1764705882353,0.1923215687274933
v27_seed0,127,967.1022971911308,4301.7509765625,0.06666666666666667,195,13,315.0769230769231,0.20014555752277374
v27_seed0,128,1070.676947331083,3909.33203125,0.06763285024154589,207,14,296.81159420289856,0.21920375525951385
v27_seed0,129,1191.9086074416703,4291.89306640625,0.08108108108108109,185,15,332.1081081081081,0.1752592921257019
v27_seed0,130,1180.8534718718977,4669.7705078125,0.09392265193370165,181,17,339.4475138121547,0.15911699831485748
v27_seed0,131,1168.1992519177888,4196.7529296875,0.10526315789473684,190,20,323.36842105263156,0.1877593994140625
v27_seed0,132,1187.1858110842497,4205.02392578125,0.07608695652173914,184,14,333.9130434782609,0.17920541763305664
v27_seed0,133,1199.0842775617327,4197.9248046875,0.07692307692307693,182,14,337.5824175824176,0.17510831356048584
v27_seed0,134,1175.2677133733575,3718.75048828125,0.12337662337662338,154,19,398.961038961039,0.1425848752260208
v27_seed0,135,1173.7106771804579,4120.76953125,0.05025125628140704,199,10,308.7437185929648,0.16822543740272522
v27_seed0,136,1109.7168976268129,4149.28271484375,0.05263157894736842,209,11,293.9712918660287,0.11061994731426239
v27_seed0,137,1049.233965481029,4311.470703125,0.029411764705882353,204,6,301.1764705882353,0.11693505942821503
v27_seed0,138,1004.4921691354397,3622.31298828125,0.04424778761061947,226,10,271.85840707964604,0.13514885306358337
v27_seed0,139,1201.0176699907352,4149.35302734375,0.08717948717948718,195,17,315.0769230769231,0.14972886443138123
v27_seed0,140,1181.5510493997149,4116.03662109375,0.04265402843601896,211,9,291.18483412322274,0.17250555753707886
v27_seed0,141,1203.2859706235736,4287.32177734375,0.10112359550561797,178,18,345.1685393258427,0.13122913241386414
v27_seed0,142,1062.296726059332,4276.921875,0.03902439024390244,205,8,299.7073170731707,0.13722312450408936
v27_seed0,143,1239.2519013070819,4178.8662109375,0.05583756345177665,197,11,311.8781725888325,0.14510953426361084
v27_seed0,144,1036.0186613144413,3555.75048828125,0.03225806451612903,248,8,247.74193548387098,0.12653115391731262
v27_seed0,145,1068.3225388299852,4072.171875,0.031746031746031744,189,6,325.07936507936506,0.13178402185440063
v27_seed0,146,945.4922219016336,3750.750732421875,0.045454545454545456,110,5,558.5454545454545,0.12755531072616577
v27_seed0,147,972.9601178850446,3185.864501953125,0.007518796992481203,133,1,461.9548872180451,0.1732512265443802
v27_seed0,148,1018.5506193099484,3779.75048828125,0.03870967741935484,155,6,396.38709677419354,0.16652153432369232
v27_seed0,149,1042.9137017034716,3918.75048828125,0.04516129032258064,155,7,396.38709677419354,0.16221609711647034
v27_seed0,150,1158.3583045153885,3756.75048828125,0.049689440993788817,161,8,381.6149068322981,0.15061883628368378
v27_seed0,151,1109.835489622304,3781.201904296875,0.07042253521126761,142,10,432.67605633802816,0.20311474800109863
v27_seed0,152,1049.7634440771217,3620.741455078125,0.03278688524590164,183,6,335.73770491803276,0.1563577651977539
v27_seed0,153,1064.5063898598276,3587.75048828125,0.04390243902439024,205,9,299.7073170731707,0.14466990530490875
v27_seed0,154,1155.711633172959,3644.551513671875,0.02617801047120419,191,5,321.67539267015707,0.16434958577156067
v27_seed0,155,1046.5474806509876,3913.69140625,0.03317535545023697,211,7,291.18483412322274,0.14794155955314636
v27_seed0,156,1065.3042187526307,3780.91162109375,0.017241379310344827,232,4,264.82758620689657,0.12968021631240845
v27_seed0,157,1135.4254511860968,3660.19091796875,0.02912621359223301,206,6,298.252427184466,0.17136865854263306
v27_seed0,158,1165.166722288226,3619.75048828125,0.034653465346534656,202,7,304.15841584158414,0.14908717572689056
v27_seed0,159,1125.5033741551317,3716.75048828125,0.012448132780082987,241,3,254.9377593360996,0.118309885263443
v27_seed0,160,1181.2945433450402,3620.75048828125,0.027522935779816515,218,6,281.8348623853211,0.13397768139839172
v27_seed0,161,1114.0389124172837,3734.4326171875,0.03980099502487562,201,8,305.67164179104475,0.12932538986206055
v27_seed0,162,1177.5259365325278,3758.75048828125,0.03723404255319149,188,7,326.8085106382979,0.11523844301700592
v27_seed0,163,1053.0173487428758,4006.750732421875,0.0273224043715847,183,5,335.73770491803276,0.11798742413520813
v27_seed0,164,1108.2493173747719,3443.43115234375,0.041916167664670656,167,7,367.90419161676647,0.09583074599504471
v27_seed0,165,1202.1227852183686,3779.75048828125,0.047337278106508875,169,8,363.55029585798815,0.09562019258737564
v27_seed0,166,1120.3473541259766,3555.75048828125,0.00909090909090909,220,2,279.27272727272725,0.1187768280506134
v27_seed0,167,1178.1357274349266,3620.75048828125,0.023696682464454975,211,5,291.18483412322274,0.11760279536247253
v27_seed0,168,1203.9144117665846,3619.75048828125,0.03488372093023256,172,6,357.2093023255814,0.18100880086421967
v27_seed0,169,1165.840068384544,3920.75048828125,0.041237113402061855,194,8,316.70103092783506,0.1311977207660675
v27_seed0,170,1075.0289981050312,3652.75048828125,0.03773584905660377,212,8,289.811320754717,0.1742001622915268
v27_seed0,171,1149.4931433839224,3749.65234375,0.060109289617486336,183,11,335.73770491803276,0.09320582449436188
v27_seed0,172,1229.3943628132015,4452.20068359375,0.022099447513812154,181,4,339.4475138121547,0.11757367849349976
v27_seed0,173,1223.2518079869888,4361.12841796875,0.03529411764705882,170,6,361.4117647058824,0.09750679135322571
v27_seed0,174,1125.7253481547039,3782.761474609375,0.05357142857142857,168,9,365.7142857142857,0.10015296190977097
v27_seed0,175,1225.8475036621094,3779.75048828125,0.03821656050955414,157,6,391.3375796178344,0.12251304090023041
v27_seed0,176,1167.8083299313737,3592.041748046875,0.01092896174863388,183,2,335.73770491803276,0.1292538195848465
v27_seed0,177,1213.7712291535877,3748.75048828125,0.03571428571428571,168,6,365.7142857142857,0.08790531009435654
v27_seed0,178,1120.7830720155137,3670.121826171875,0.016304347826086956,184,3,333.9130434782609,0.07524805516004562
v27_seed0,179,1231.8159662882488,3588.75048828125,0.02976190476190476,168,5,365.7142857142857,0.10719365626573563
v27_seed0,180,1204.5109944600545,3619.750732421875,0.029940119760479042,167,5,367.90419161676647,0.10417862236499786
v27_seed0,181,1238.1905756843162,3717.18115234375,0.029585798816568046,169,5,363.55029585798815,0.1359626054763794
v27_seed0,182,1183.001650303432,3587.75048828125,0.017142857142857144,175,3,351.0857142857143,0.10385783016681671
v27_seed0,183,1125.1612440303047,3620.23095703125,0.053475935828877004,187,10,328.5561497326203,0.10605021566152573
v27_seed0,184,1129.4648949167004,3845.40234375,0.03804347826086957,184,7,333.9130434782609,0.13761813938617706
v27_seed0,185,1228.8076411921804,3442.7724609375,0.036585365853658534,164,6,374.6341463414634,0.10499344766139984
v27_seed0,186,1082.037509936292,3557.75048828125,0.03317535545023697,211,7,291.18483412322274,0.07994906604290009
v27_seed0,187,1125.4569836240826,3588.75048828125,0.030303030303030304,198,6,310.3030303030303,0.06738381087779999
v27_seed0,188,1108.9567225272194,3734.652587890625,0.013157894736842105,228,3,269.4736842105263,0.07455922663211823
v27_seed0,189,1175.1601244976066,3524.75048828125,0.017341040462427744,173,3,355.1445086705202,0.08357930928468704
v27_seed0,190,1253.6623472224521,4117.75732421875,0.022598870056497175,177,4,347.1186440677966,0.11094370484352112
v27_seed0,191,1212.472893608941,3340.363037109375,0.010582010582010581,189,2,325.07936507936506,0.08862011134624481
v27_seed0,192,1168.9463988115442,3651.75048828125,0.0427807486631016,187,8,328.5561497326203,0.07413101941347122
v27_seed0,193,1283.7832304132048,3733.100830078125,0.031746031746031744,189,6,325.07936507936506,0.07408301532268524
v27_seed0,194,1233.6322998046876,3812.75048828125,0.02564102564102564,195,5,315.0769230769231,0.11891116946935654
v27_seed0,195,1290.0109372933705,3603.722412109375,0.026041666666666668,192,5,320.0,0.09009532630443573
v27_seed0,196,1230.4025269349415,3619.75048828125,0.015625,192,3,320.0,0.08833850920200348
v27_seed0,197,1220.5257751120012,3671.281982421875,0.011299435028248588,177,2,347.1186440677966,0.09601296484470367
v27_seed0,198,1207.7013232645563,3619.75048828125,0.031413612565445025,191,6,321.67539267015707,0.06850794702768326
v27_seed0,199,1205.8637205466246,3428.483154296875,0.010256410256410256,195,2,315.0769230769231,0.09263232350349426
v27_seed0,200,1271.194735025622,3442.882568359375,0.010309278350515464,194,2,316.70103092783506,0.10667329281568527
v27_seed0,201,1227.1488071109939,3448.942626953125,0.016304347826086956,184,3,333.9130434782609,0.10122385621070862
v27_seed0,202,1155.3638738641885,3268.8837890625,0.01015228426395939,197,2,311.8781725888325,0.09195899963378906
v27_seed0,203,1265.4374223098257,4115.92724609375,0.013071895424836602,153,2,401.5686274509804,0.1479334831237793
v27_seed0,204,1215.17381587173,3523.75048828125,0.010101010101010102,198,2,310.3030303030303,0.10178755223751068
v27_seed0,205,1169.571720921716,3620.75048828125,0.009302325581395349,215,2,285.7674418604651,0.058272771537303925
v27_seed0,206,1170.3050411091515,3748.750732421875,0.014925373134328358,201,3,305.67164179104475,0.10662706196308136
v27_seed0,207,1161.9509275862315,3268.703369140625,0.0048543689320388345,206,1,298.252427184466,0.1091836541891098
v27_seed0,208,1222.6052099548945,2868.985595703125,0.0,202,0,304.15841584158414,0.09422788769006729
v27_seed0,209,1194.754863941727,3409.753662109375,0.014492753623188406,207,3,296.81159420289856,0.06176866590976715
v27_seed0,210,1207.7439177831013,3269.544189453125,0.015625,192,3,320.0,0.088521309196949
v27_seed0,211,1214.1740619194218,3228.665283203125,0.004878048780487805,205,1,299.7073170731707,0.07788670808076859
v27_seed0,212,1262.027180037475,3434.142822265625,0.014778325123152709,203,3,302.6600985221675,0.0921604186296463
v27_seed0,213,1191.882261881896,3594.71142578125,0.004739336492890996,211,1,291.18483412322274,0.0808747336268425
v27_seed0,214,1264.4489473672438,3435.67236328125,0.010471204188481676,191,2,321.67539267015707,0.11706442385911942
v27_seed0,215,1184.779520953143,3268.94384765625,0.009259259259259259,216,2,284.44444444444446,0.09235184639692307
v27_seed0,216,1276.7473569123642,3599.30224609375,0.024844720496894408,161,4,381.6149068322981,0.06980647146701813
v27_seed0,217,1187.7852269460464,3599.281982421875,0.023668639053254437,169,4,363.55029585798815,0.0702199637889862
v27_seed0,218,1220.9378549942119,3601.662353515625,0.019867549668874173,151,3,406.887417218543,0.08135689795017242
v27_seed0,219,1177.8653367396764,3442.342041015625,0.011428571428571429,175,2,351.0857142857143,0.06888186186552048
v27_seed0,220,1278.3175582373701,3557.75048828125,0.03355704697986577,149,5,412.3489932885906,0.0841967761516571
v27_seed0,221,1214.8555265679418,3444.992919921875,0.030120481927710843,166,5,370.12048192771084,0.0987573117017746
v27_seed0,222,1223.6382841812938,3587.75048828125,0.019736842105263157,152,3,404.2105263157895,0.08710464835166931
v27_seed0,223,1157.7680024646577,3620.601318359375,0.017857142857142856,168,3,365.7142857142857,0.08286537230014801
v27_seed0,224,1171.9851593195006,3621.132080078125,0.011627906976744186,172,2,357.2093023255814,0.08509780466556549
v27_seed0,225,1275.8859628295897,3607.682373046875,0.03333333333333333,150,5,409.6,0.08889232575893402
v27_seed0,226,1289.8195525524663,3748.75048828125,0.0196078431372549,153,3,401.5686274509804,0.0716063529253006
v27_seed0,227,1177.8934561989524,3428.153076171875,0.006060606060606061,165,1,372.3636363636364,0.08669637888669968
v27_seed0,228,1267.0252857951375,3619.75048828125,0.03896103896103896,154,6,398.961038961039,0.08053045719861984
v27_seed0,229,1224.736090766059,3620.750732421875,0.04938271604938271,162,8,379.25925925925924,0.07075247913599014
v27_seed0,230,1319.1823667896738,3605.6826171875,0.07913669064748201,139,11,442.0143884892086,0.06064727157354355
v27_seed0,231,1281.549127234034,3717.1708984375,0.04216867469879518,166,7,370.12048192771084,0.061127543449401855
v27_seed0,232,1210.0659964805425,3602.522216796875,0.029069767441860465,172,5,357.2093023255814,0.05658742040395737
v27_seed0,233,1162.091251140469,3605.722412109375,0.023474178403755867,213,5,288.4507042253521,0.051221814006567
v27_seed0,234,1233.8687226315762,3447.372314453125,0.031914893617021274,188,6,326.8085106382979,0.03502050042152405
v27_seed0,235,1297.1501413670983,3605.942626953125,0.04878048780487805,164,8,374.6341463414634,0.04962433874607086
v27_seed0,236,1105.2532524923677,3619.75048828125,0.019417475728155338,206,4,298.252427184466,0.04964601621031761
v27_seed0,237,1181.9364955881254,3322.683349609375,0.01639344262295082,183,3,335.73770491803276,0.042363137006759644
v27_seed0,238,1175.9629899510796,3653.75048828125,0.012578616352201259,159,2,386.41509433962267,0.06363382935523987
v27_seed0,239,1167.3313902916268,3588.75048828125,0.023391812865497075,171,4,359.29824561403507,0.06074034795165062
v27_seed0,240,1186.6608813741932,3555.75048828125,0.021739130434782608,184,4,333.9130434782609,0.0500180721282959
v27_seed0,241,1172.335238647461,3780.75048828125,0.01935483870967742,155,3,396.38709677419354,0.03081251122057438
v27_seed0,242,1113.2840123438573,3619.75048828125,0.03296703296703297,182,6,337.5824175824176,0.0833272635936737
v27_seed0,243,1129.2929636056083,3605.10205078125,0.011428571428571429,175,2,351.0857142857143,0.05348356068134308
v27_seed0,244,1185.9530679270708,3348.023681640625,0.011049723756906077,181,2,339.4475138121547,0.069149911403656
v27_seed0,245,1192.6664831622754,3604.8828125,0.013071895424836602,153,2,401.5686274509804,0.0945126861333847
v27_seed0,246,1088.5761404452116,3556.75048828125,0.005434782608695652,184,1,333.9130434782609,0.07089176774024963
v27_seed0,247,1180.0387732726706,2521.142822265625,0.0,177,0,347.1186440677966,0.05469390004873276
v27_seed0,248,1180.5289999231115,2529.426025390625,0.0,154,0,398.961038961039,0.06785645335912704
v27_seed0,249,1151.4119343597617,2866.67333984375,0.0,149,0,412.3489932885906,0.10045621544122696
v27_seed1,30,1195.759747937261,4539.330078125,0.07755102040816327,245,19,250.77551020408163,1.2685966491699219
v27_seed1,31,1301.5496621400248,4023.100830078125,0.07792207792207792,231,18,265.97402597402595,1.1960718631744385
v27_seed1,32,1333.8423547789107,4295.4599609375,0.08372093023255814,215,18,285.7674418604651,1.2165968418121338
v27_seed1,33,1369.6262258610254,4244.5546875,0.0892018779342723,213,19,288.4507042253521,1.234525203704834
v27_seed1,34,1405.4589311333114,4307.17822265625,0.13978494623655913,186,26,330.3225806451613,1.1093428134918213
v27_seed1,35,1415.226408938144,4358.1240234375,0.14361702127659576,188,27,326.8085106382979,1.079245924949646
v27_seed1,36,1708.7177457873454,4315.607421875,0.2080536912751678,149,31,412.3489932885906,1.1220390796661377
v27_seed1,37,1694.6576031238048,4194.9638671875,0.26573426573426573,143,38,429.65034965034965,1.1016114950180054
v27_seed1,38,1973.83023583889,4311.482421875,0.296875,128,38,480.0,1.0860679149627686
v27_seed1,39,1822.9263085793323,4281.8779296875,0.36220472440944884,127,46,483.7795275590551,1.0789544582366943
v27_seed1,40,1725.473238776712,4311.52783203125,0.29411764705882354,136,40,451.7647058823529,1.0018787384033203
v27_seed1,41,2030.2426913031215,4331.77197265625,0.3448275862068966,116,40,529.6551724137931,1.0196137428283691
v27_seed1,42,1780.791037241618,4344.58447265625,0.3106060606060606,132,41,465.45454545454544,1.0250017642974854
v27_seed1,43,1809.7752520525896,4158.2939453125,0.31851851851851853,135,43,455.1111111111111,1.0225989818572998
v27_seed1,44,1927.7066860511654,4310.98974609375,0.36065573770491804,122,44,503.60655737704917,0.9886866807937622
v27_seed1,45,1922.547621443465,4266.5341796875,0.42342342342342343,111,47,553.5135135135135,1.0158753395080566
v27_seed1,46,2202.550870857987,4308.7587890625,0.4803921568627451,102,49,602.3529411764706,0.9657201766967773
v27_seed1,47,2110.503141817839,4321.240234375,0.5869565217391305,92,54,667.8260869565217,0.9372088313102722
v27_seed1,48,2329.6674696180557,4537.41162109375,0.6222222222222222,90,56,682.6666666666666,0.948477566242218
v27_seed1,49,2394.705492521587,4315.84716796875,0.5789473684210527,95,55,646.7368421052631,0.9856774806976318
v27_seed1,50,2780.0640147644795,4318.4482421875,0.7037037037037037,81,57,758.5185185185185,0.9723348617553711
v27_seed1,51,2180.493195443783,4308.4501953125,0.4716981132075472,106,50,579.622641509434,0.8787315487861633
v27_seed1,52,2074.4694963473717,4302.70166015625,0.5048543689320388,103,52,596.504854368932,0.8879297375679016
v27_seed1,53,2018.244779814274,4314.7763671875,0.47706422018348627,109,52,563.6697247706422,0.8930481672286987
v27_seed1,54,2154.2867024739585,4316.8173828125,0.4444444444444444,108,48,568.8888888888889,0.9176324605941772
v27_seed1,55,2024.067539046296,4320.4482421875,0.40707964601769914,113,46,543.7168141592921,0.85081946849823
v27_seed1,56,2278.644426512487,4319.439453125,0.5048543689320388,103,52,596.504854368932,0.8159489035606384
v27_seed1,57,2870.645391922963,4316.42041015625,0.7341772151898734,79,58,777.7215189873418,0.8580950498580933
v27_seed1,58,2765.566392707825,4380.10595703125,0.675,80,54,768.0,0.7627602219581604
v27_seed1,59,2841.13006804261,4320.42822265625,0.7088607594936709,79,56,777.7215189873418,0.7231700420379639
v27_seed1,60,2306.204330444336,4303.2197265625,0.52,100,52,614.4,0.7067946195602417
v27_seed1,61,2059.002409595554,4311.3115234375,0.3983050847457627,118,47,520.6779661016949,0.7248647212982178
v27_seed1,62,2452.112794664171,4314.95068359375,0.7037037037037037,81,57,758.5185185185185,0.7849372625350952
v27_seed1,63,2502.5621230754446,4317.69921875,0.574468085106383,94,54,653.6170212765958,0.805334210395813
v27_seed1,64,2720.7751689237707,4319.7705078125,0.6588235294117647,85,56,722.8235294117648,0.8061173558235168
v27_seed1,65,2499.9167153731637,4317.1611328125,0.5652173913043478,92,52,667.8260869565217,0.7684289216995239
v27_seed1,66,3008.45182972223,4689.767578125,0.8309859154929577,71,59,865.3521126760563,0.7150039076805115
v27_seed1,67,3054.57476826718,4876.05712890625,0.7236842105263158,76,55,808.421052631579,0.7283696532249451
v27_seed1,68,3254.2729079555456,4436.63037109375,0.8169014084507042,71,58,865.3521126760563,0.7153319120407104
v27_seed1,69,3185.908036702474,4317.59033203125,0.7733333333333333,75,58,819.2,0.7325325012207031
v27_seed1,70,3085.4598384602864,4886.1259765625,0.7733333333333333,75,58,819.2,0.6517684459686279
v27_seed1,71,3147.08979448591,4319.31982421875,0.8428571428571429,70,59,877.7142857142857,0.6956402063369751
v27_seed1,72,3146.1010797119143,4354.05224609375,0.7466666666666667,75,56,819.2,0.6993675827980042
v27_seed1,73,3051.962825076681,4403.765625,0.7887323943661971,71,56,865.3521126760563,0.6440258026123047
v27_seed1,74,3290.539483388265,4403.78076171875,0.8055555555555556,72,58,853.3333333333334,0.7204015851020813
v27_seed1,75,2874.009906005859,4605.42041015625,0.7466666666666667,75,56,819.2,0.6655430793762207
v27_seed1,76,3022.2386866675483,4703.9228515625,0.8333333333333334,72,60,853.3333333333334,0.5919833183288574
v27_seed1,77,3021.0416605096116,4316.18994140625,0.7631578947368421,76,58,808.421052631579,0.5783025622367859
v27_seed1,78,3308.122154343296,4316.41845703125,0.8309859154929577,71,59,865.3521126760563,0.6361219882965088
v27_seed1,79,2981.3994282467265,4317.31103515625,0.7746478873239436,71,55,865.3521126760563,0.5535579919815063
v27_seed1,80,2955.1606825791396,4720.77783203125,0.7272727272727273,77,56,797.922077922078,0.6342718601226807
v27_seed1,81,2347.125303445403,4368.3291015625,0.5567010309278351,97,54,633.4020618556701,0.6014173030853271
v27_seed1,82,2588.5826254658314,4317.62841796875,0.6436781609195402,87,56,706.2068965517242,0.5670148134231567
v27_seed1,83,2946.854631668482,4453.892578125,0.7435897435897436,78,58,787.6923076923077,0.5404727458953857
v27_seed1,84,2840.9059286235292,4317.3603515625,0.7037037037037037,81,57,758.5185185185185,0.5256583094596863
v27_seed1,85,2793.4308000395567,4317.47802734375,0.7215189873417721,79,57,777.7215189873418,0.5141575336456299
v27_seed1,86,2882.0780052771934,4319.71826171875,0.7307692307692307,78,57,787.6923076923077,0.5244974493980408
v27_seed1,87,2807.524086389786,4443.4345703125,0.717948717948718,78,56,787.6923076923077,0.4955863952636719
v27_seed1,88,2770.518524169922,4317.85107421875,0.7125,80,57,768.0,0.49581480026245117
v27_seed1,89,2401.4986874159945,4871.49658203125,0.5913978494623656,93,55,660.6451612903226,0.4625101089477539
v27_seed1,90,2474.3297860057082,4550.4365234375,0.5773195876288659,97,56,633.4020618556701,0.47458142042160034
v27_seed1,91,2671.609433260831,4708.89892578125,0.625,88,55,698.1818181818181,0.4629114270210266
v27_seed1,92,2710.9317522915926,4706.01953125,0.6590909090909091,88,58,698.1818181818181,0.48363661766052246
v27_seed1,93,2713.9437325371637,4360.19970703125,0.5888888888888889,90,53,682.6666666666666,0.4418520927429199
v27_seed1,94,2636.6232113893006,4365.52099609375,0.6551724137931034,87,57,706.2068965517242,0.43821144104003906
v27_seed1,95,2518.5517299777857,4405.76953125,0.5384615384615384,91,49,675.1648351648352,0.37520885467529297
v27_seed1,96,2764.29250201057,4440.80126953125,0.6588235294117647,85,56,722.8235294117648,0.4580799341201782
v27_seed1,97,2634.6117448352634,4368.8525390625,0.6904761904761905,84,58,731.4285714285714,0.3812491297721863
v27_seed1,98,2447.2145154167624,4369.529296875,0.6588235294117647,85,56,722.8235294117648,0.42824649810791016
v27_seed1,99,2100.188121762483,4367.6181640625,0.45217391304347826,115,52,534.2608695652174,0.37101972103118896
v27_seed1,100,2537.730105751439,4368.89990234375,0.5684210526315789,95,54,646.7368421052631,0.38514846563339233
v27_seed1,101,2338.248445043024,4454.7451171875,0.5094339622641509,106,54,579.622641509434,0.3756355941295624
v27_seed1,102,2255.618746054293,4710.21923828125,0.5252525252525253,99,52,620.6060606060606,0.3800509572029114
v27_seed1,103,2529.1348037719727,4370.4892578125,0.5510204081632653,98,54,626.9387755102041,0.36359238624572754
v27_seed1,104,2537.890380516481,4875.05517578125,0.5842696629213483,89,52,690.3370786516854,0.33700141310691833
v27_seed1,105,2083.083270130987,4454.70068359375,0.41739130434782606,115,48,534.2608695652174,0.34317657351493835
v27_seed1,106,2382.9546798234132,4718.4892578125,0.5670103092783505,97,55,633.4020618556701,0.3461238443851471
v27_seed1,107,1882.8078575134277,4317.837890625,0.43103448275862066,116,50,529.6551724137931,0.3778938055038452
v27_seed1,108,1950.2831275753858,4379.08154296875,0.37398373983739835,123,46,499.5121951219512,0.32729092240333557
v27_seed1,109,2230.7227453366672,4368.45947265625,0.5252525252525253,99,52,620.6060606060606,0.33556830883026123
v27_seed1,110,1863.0241564734508,4707.52099609375,0.3728813559322034,118,44,520.6779661016949,0.3675260543823242
v27_seed1,111,2002.1083117229182,4875.3564453125,0.34146341463414637,123,42,499.5121951219512,0.27416756749153137
v27_seed1,112,2078.9668725536717,4378.33154296875,0.33064516129032256,124,41,495.48387096774195,0.3408089280128479
v27_seed1,113,2233.332867460431,4367.65966796875,0.46226415094339623,106,49,579.622641509434,0.2849900424480438
v27_seed1,114,1974.7437381581362,4367.35888671875,0.41025641025641024,117,48,525.1282051282051,0.2782933712005615
v27_seed1,115,1949.0240297059754,4403.8037109375,0.43243243243243246,111,48,553.5135135135135,0.2819461226463318
v27_seed1,116,1995.5483469831834,4373.62109375,0.42201834862385323,109,46,563.6697247706422,0.32073158025741577
v27_seed1,117,1891.5312032613667,4318.5283203125,0.35135135135135137,111,39,553.5135135135135,0.2988608479499817
v27_seed1,118,1786.1311574083693,4880.53662109375,0.24822695035460993,141,35,435.74468085106383,0.23643094301223755
v27_seed1,119,1862.6985043024613,4614.0908203125,0.3050847457627119,118,36,520.6779661016949,0.29588040709495544
v27_seed1,120,1893.0296586914062,4363.33203125,0.368,125,46,491.52,0.2913467288017273
v27_seed1,121,2016.9880131667223,4428.22509765625,0.34146341463414637,123,42,499.5121951219512,0.24611826241016388
v27_seed1,122,1653.7274320447766,4365.939453125,0.20270270270270271,148,30,415.13513513513516,0.2505325675010681
v27_seed1,123,1643.5529142739117,4315.8876953125,0.2318840579710145,138,32,445.2173913043478,0.25165534019470215
v27_seed1,124,1671.6169368007727,4443.173828125,0.2894736842105263,114,33,538.9473684210526,0.33257484436035156
v27_seed1,125,1845.6103764648437,4712.3994140625,0.336,125,42,491.52,0.29476818442344666
v27_seed1,126,1752.8646245424438,4708.72021484375,0.24489795918367346,147,36,417.9591836734694,0.2504473924636841
v27_seed1,127,1734.9672252188484,4458.09033203125,0.2446043165467626,139,34,442.0143884892086,0.29902318120002747
v27_seed1,128,1815.7487797065069,4709.58935546875,0.24161073825503357,149,36,412.3489932885906,0.26911014318466187
v27_seed1,129,1917.092903958834,4403.79248046875,0.33076923076923076,130,43,472.61538461538464,0.28233590722084045
v27_seed1,130,1757.0588017881307,4706.81982421875,0.21568627450980393,153,33,401.5686274509804,0.24200791120529175
v27_seed1,131,1755.4932839987162,4450.9013671875,0.22377622377622378,143,32,429.65034965034965,0.27738213539123535
v27_seed1,132,1908.3546775403872,4712.10986328125,0.3488372093023256,129,45,476.27906976744185,0.2903684079647064
v27_seed1,133,1846.706703407177,4707.47119140625,0.2318840579710145,138,32,445.2173913043478,0.2618628144264221
v27_seed1,134,1893.0396277065936,4367.81982421875,0.2413793103448276,145,35,423.7241379310345,0.23617686331272125
v27_seed1,135,1834.309639094426,4404.7939453125,0.3,130,39,472.61538461538464,0.271268755197525
v27_seed1,136,2072.6824914655117,4319.6181640625,0.38461538461538464,117,45,525.1282051282051,0.2575909495353699
v27_seed1,137,1783.8031377998188,4707.2919921875,0.2949640287769784,139,41,442.0143884892086,0.23286226391792297
v27_seed1,138,1627.9502199986937,4403.818359375,0.2229299363057325,157,35,391.3375796178344,0.24892182648181915
v27_seed1,139,1809.0573814572313,4316.54736328125,0.31496062992125984,127,40,483.7795275590551,0.23778808116912842
v27_seed1,140,1743.7766521998815,4406.353515625,0.2642857142857143,140,37,438.85714285714283,0.23467190563678741
v27_seed1,141,1793.5995181771211,4435.4013671875,0.26356589147286824,129,34,476.27906976744185,0.27361732721328735
v27_seed1,142,1694.3896283301237,4366.1787109375,0.2616822429906542,107,28,574.2056074766355,0.3133087754249573
v27_seed1,143,1746.093227575321,4403.80224609375,0.22772277227722773,101,23,608.3168316831683,0.2964467406272888
v27_seed1,144,1743.792338507516,4342.45263671875,0.19642857142857142,112,22,548.5714285714286,0.2963070869445801
v27_seed1,145,1729.3372298346626,4366.0498046875,0.12037037037037036,108,13,568.8888888888889,0.32919514179229736
v27_seed1,146,1622.9373182330214,4374.68212890625,0.12280701754385964,114,14,538.9473684210526,0.41734686493873596
v27_seed1,147,1614.704119873047,4612.9912109375,0.08181818181818182,110,9,558.5454545454545,0.4110143184661865
v27_seed1,148,1584.9289055832294,4195.51708984375,0.05042016806722689,119,6,516.3025210084033,0.3219737410545349
v27_seed1,149,1567.7742473057338,4283.849609375,0.06349206349206349,126,8,487.6190476190476,0.3359612822532654
v27_seed1,150,1537.0412529365167,3546.682373046875,0.013986013986013986,143,2,429.65034965034965,0.30889996886253357
v27_seed1,151,1508.1531002695967,3716.75048828125,0.024390243902439025,164,4,374.6341463414634,0.2561168372631073
v27_seed1,152,1421.7052602075332,3444.4423828125,0.0223463687150838,179,4,343.24022346368713,0.17687371373176575
v27_seed1,153,1520.6352026742263,3949.75048828125,0.0223463687150838,179,4,343.24022346368713,0.24232959747314453
v27_seed1,154,1511.6926196063007,4144.5556640625,0.04938271604938271,162,8,379.25925925925924,0.1801435947418213
v27_seed1,155,1476.0871437766334,3982.542236328125,0.030303030303030304,165,5,372.3636363636364,0.20334021747112274
v27_seed1,156,1620.2088578542073,4158.7646484375,0.09722222222222222,144,14,426.6666666666667,0.1981191188097
v27_seed1,157,1655.347037615095,4354.76171875,0.05,140,7,438.85714285714283,0.17725780606269836
v27_seed1,158,1677.1576245530207,4297.47119140625,0.09774436090225563,133,13,461.9548872180451,0.1934104561805725
v27_seed1,159,1597.5802264404297,4068.962646484375,0.06,150,9,409.6,0.1743469387292862
v27_seed1,160,1493.9777481363426,3608.5732421875,0.055900621118012424,161,9,381.6149068322981,0.17227092385292053
v27_seed1,161,1566.4675069365112,4285.15234375,0.06289308176100629,159,10,386.41509433962267,0.1714596152305603
v27_seed1,162,1546.3867779243283,4154.13427734375,0.08536585365853659,164,14,374.6341463414634,0.18957510590553284
v27_seed1,163,1469.0696127248366,4298.78955078125,0.05232558139534884,172,9,357.2093023255814,0.21408703923225403
v27_seed1,164,1477.8693862737612,4149.103515625,0.05813953488372093,172,10,357.2093023255814,0.15234893560409546
v27_seed1,165,1549.6099298825054,4159.39404296875,0.0880503144654088,159,14,386.41509433962267,0.14666834473609924
v27_seed1,166,1332.256690979004,4301.0498046875,0.09239130434782608,184,17,333.9130434782609,0.20136505365371704
v27_seed1,167,1619.7652827537863,4595.26220703125,0.12269938650306748,163,20,376.9325153374233,0.1566399335861206
v27_seed1,168,1441.3744591947775,4048.6923828125,0.06532663316582915,199,13,308.7437185929648,0.16817879676818848
v27_seed1,169,1536.7794389204546,4054.922607421875,0.08484848484848485,165,14,372.3636363636364,0.2131965309381485
v27_seed1,170,1439.818158830915,3805.0126953125,0.08163265306122448,196,16,313.46938775510205,0.19013532996177673
v27_seed1,171,1336.9109122958885,3715.75048828125,0.04568527918781726,197,9,311.8781725888325,0.23819021880626678
v27_seed1,172,1488.2878871608425,4362.79833984375,0.07027027027027027,185,13,332.1081081081081,0.19754497706890106
v27_seed1,173,1464.8021730246003,4266.5732421875,0.06701030927835051,194,13,316.70103092783506,0.25361889600753784
v27_seed1,174,1398.9942537477502,4052.11279296875,0.08376963350785341,191,16,321.67539267015707,0.18897056579589844
v27_seed1,175,1520.6422218322755,4550.04736328125,0.15,160,24,384.0,0.19934797286987305
v27_seed1,176,1569.6318323360467,4144.56591796875,0.12422360248447205,161,20,381.6149068322981,0.18962660431861877
v27_seed1,177,1500.5930294016894,3566.212890625,0.08376963350785341,191,16,321.67539267015707,0.2009580284357071
v27_seed1,178,1600.6680110051082,4604.4599609375,0.1301775147928994,169,22,363.55029585798815,0.18080341815948486
v27_seed1,179,1517.2341373080299,4145.1142578125,0.13690476190476192,168,23,365.7142857142857,0.22283008694648743
v27_seed1,180,1560.9690693248401,4437.5537109375,0.18181818181818182,165,30,372.3636363636364,0.2044714242219925
v27_seed1,181,1584.9258885618117,4139.1435546875,0.08743169398907104,183,16,335.73770491803276,0.15556810796260834
v27_seed1,182,1643.366453370848,4137.61328125,0.1958041958041958,143,28,429.65034965034965,0.14997674524784088
v27_seed1,183,1532.9481646380848,4433.30224609375,0.12025316455696203,158,19,388.8607594936709,0.1366720199584961
v27_seed1,184,1447.5121689391651,3763.97265625,0.07194244604316546,139,10,442.0143884892086,0.12247439473867416
v27_seed1,185,1417.1818881330819,3909.402099609375,0.10344827586206896,145,15,423.7241379310345,0.09405335783958435
v27_seed1,186,1392.4616288949321,4142.5849609375,0.09271523178807947,151,14,406.887417218543,0.15466612577438354
v27_seed1,187,1484.2774851181928,3734.942626953125,0.10294117647058823,136,14,451.7647058823529,0.1492912769317627
v27_seed1,188,1331.9771371439201,4602.02734375,0.034013605442176874,147,5,417.9591836734694,0.10290500521659851
v27_seed1,189,1304.1440325927733,4266.19287109375,0.07,100,7,614.4,0.09483743458986282
v27_seed1,190,1198.6503303929378,4133.3974609375,0.08421052631578947,95,8,646.7368421052631,0.11294044554233551
v27_seed1,191,1233.362063030864,4135.01318359375,0.08527131782945736,129,11,476.27906976744185,0.09879880398511887
v27_seed1,192,1222.291386726575,3441.383056640625,0.02564102564102564,156,4,393.84615384615387,0.13769643008708954
v27_seed1,193,1374.4526834690826,3607.423095703125,0.03723404255319149,188,7,326.8085106382979,0.16236436367034912
v27_seed1,194,1478.2126393037684,4141.2734375,0.0427807486631016,187,8,328.5561497326203,0.13603457808494568
v27_seed1,195,1298.1637349048806,3619.75048828125,0.01675977653631285,179,3,343.24022346368713,0.16600781679153442
v27_seed1,196,1208.6816551443765,3270.7255859375,0.004405286343612335,227,1,270.66079295154185,0.12182368338108063
v27_seed1,197,1338.4620333099365,3441.242919921875,0.005,200,1,307.2,0.12640661001205444
v27_seed1,198,1266.8915083821614,3360.824462890625,0.0044444444444444444,225,1,273.06666666666666,0.11910219490528107
v27_seed1,199,1385.468162611419,3654.75048828125,0.00980392156862745,204,2,301.1764705882353,0.135639488697052
v27_seed1,200,1377.2774169628437,3781.67236328125,0.014423076923076924,208,3,295.38461538461536,0.11004412174224854
v27_seed1,201,1354.2831211767825,3949.07177734375,0.015228426395939087,197,3,311.8781725888325,0.09966689348220825
v27_seed1,202,1298.7212876373867,3270.85546875,0.009433962264150943,212,2,289.811320754717,0.0845198705792427
v27_seed1,203,1300.9021333188427,3621.702392578125,0.025510204081632654,196,5,313.46938775510205,0.10365822911262512
v27_seed1,204,1266.8499319647665,4315.35986328125,0.01694915254237288,177,3,347.1186440677966,0.10186611115932465
v27_seed1,205,1326.578911709426,3386.8935546875,0.010050251256281407,199,2,308.7437185929648,0.09748142957687378
v27_seed1,206,1305.565802482179,3426.052734375,0.015228426395939087,197,3,311.8781725888325,0.1142822653055191
v27_seed1,207,1372.9229627336774,3620.791748046875,0.04081632653061224,147,6,417.9591836734694,0.17249174416065216
v27_seed1,208,1319.7129152606985,3651.75048828125,0.0335195530726257,179,6,343.24022346368713,0.16110515594482422
v27_seed1,209,1301.500385984161,3620.75048828125,0.01775147928994083,169,3,363.55029585798815,0.1202944666147232
v27_seed1,210,1277.002097247398,3442.03076171875,0.02054794520547945,146,3,420.82191780821915,0.0998508483171463
v27_seed1,211,1278.9443052455358,3068.75048828125,0.0,175,0,351.0857142857143,0.08447756618261337
v27_seed1,212,1212.6882532683896,2805.19482421875,0.0,142,0,432.67605633802816,0.09329783171415329
v27_seed1,213,1226.6213051535867,3619.75048828125,0.01818181818181818,165,3,372.3636363636364,0.08896131813526154
v27_seed1,214,1252.0248623657226,2543.75048828125,0.0,150,0,409.6,0.08105991035699844
v27_seed1,215,1294.219736619429,2865.081787109375,0.0,132,0,465.45454545454544,0.11607250571250916
v27_seed1,216,1286.2241041499412,3269.3740234375,0.012269938650306749,163,2,376.9325153374233,0.10304025560617447
v27_seed1,217,1250.8636809318295,4039.8115234375,0.03225806451612903,155,5,396.38709677419354,0.0629250779747963
v27_seed1,218,1291.412544077093,2309.986572265625,0.0,176,0,349.09090909090907,0.06368058919906616
v27_seed1,219,1289.1058917575413,2900.264892578125,0.0,162,0,379.25925925925924,0.10567761957645416
v27_seed1,220,1326.6200455047272,4133.35595703125,0.016483516483516484,182,3,337.5824175824176,0.08608109503984451
v27_seed1,221,1295.362910923205,3441.15185546875,0.013157894736842105,152,2,404.2105263157895,0.09043539315462112
v27_seed1,222,1305.4477667512194,3265.75048828125,0.005649717514124294,177,1,347.1186440677966,0.07477313280105591
v27_seed1,223,1306.0798921088951,3443.462158203125,0.023121387283236993,173,4,355.1445086705202,0.06858241558074951
v27_seed1,224,1357.2678025563557,3598.881591796875,0.011904761904761904,168,2,365.7142857142857,0.0707813948392868
v27_seed1,225,1307.0284625857903,4109.578125,0.0223463687150838,179,4,343.24022346368713,0.08939267694950104
v27_seed1,226,1358.143827091564,3341.1728515625,0.022727272727272728,176,4,349.09090909090907,0.05639123171567917
v27_seed1,227,1249.8204662322999,2947.464111328125,0.0,160,0,384.0,0.11907827854156494
v27_seed1,228,1277.9574716018021,3599.55322265625,0.018404907975460124,163,3,376.9325153374233,0.0876518115401268
v27_seed1,229,1280.3967133294968,3619.75048828125,0.01904761904761905,210,4,292.57142857142856,0.09863417595624924
v27_seed1,230,1333.4088663260143,3440.603271484375,0.020833333333333332,192,4,320.0,0.09044498950242996
v27_seed1,231,1220.8723609368533,3586.002685546875,0.006622516556291391,151,1,406.887417218543,0.07190711796283722
v27_seed1,232,1268.4465883407124,4365.85791015625,0.03067484662576687,163,5,376.9325153374233,0.049991436302661896
v27_seed1,233,1284.9877003774593,4099.75048828125,0.03664921465968586,191,7,321.67539267015707,0.0721534714102745
v27_seed1,234,1277.6135903470342,3442.182861328125,0.0335195530726257,179,6,343.24022346368713,0.11102408170700073
v27_seed1,235,1145.5710849402085,3602.55322265625,0.0047169811320754715,212,1,289.811320754717,0.08596592396497726
v27_seed1,236,1260.0086285656034,3270.23486328125,0.005235602094240838,191,1,321.67539267015707,0.07096443325281143
v27_seed1,237,1359.9300834211722,3511.022705078125,0.005291005291005291,189,1,325.07936507936506,0.08551619946956635
v27_seed1,238,1224.4139896890392,2929.97265625,0.0,184,0,333.9130434782609,0.10360487550497055
v27_seed1,239,1167.6348223005023,3684.75048828125,0.009523809523809525,210,2,292.57142857142856,0.06531178206205368
v27_seed1,240,1257.1197286068814,3029.586181640625,0.0,206,0,298.252427184466,0.09621980041265488
v27_seed1,241,1166.9652254509203,3270.294921875,0.010101010101010102,198,2,310.3030303030303,0.08958931267261505
v27_seed1,242,1192.1022576841049,3308.493408203125,0.02072538860103627,193,4,318.3419689119171,0.09643106162548065
v27_seed1,243,1233.3850835026922,3430.75048828125,0.021621621621621623,185,4,332.1081081081081,0.11079055070877075
v27_seed1,244,1146.130743394518,3442.4130859375,0.02242152466367713,223,5,275.5156950672646,0.09636206179857254
v27_seed1,245,1202.6180728970446,3709.83251953125,0.015228426395939087,197,3,311.8781725888325,0.08490770310163498
v27_seed1,246,1201.254824863391,3440.03271484375,0.0056179775280898875,178,1,345.1685393258427,0.04622693359851837
v27_seed1,247,1229.9183507760365,3444.6923828125,0.010416666666666666,192,2,320.0,0.04868048429489136
v27_seed1,248,1256.161577652061,4312.48828125,0.04371584699453552,183,8,335.73770491803276,0.09424662590026855
v27_seed1,249,1232.488256769595,3271.345947265625,0.004347826086956522,230,1,267.1304347826087,0.10148156434297562
v27_seed2,30,1338.1513024124445,4303.7197265625,0.11764705882352941,204,24,301.1764705882353,1.2107484340667725
v27_seed2,31,1416.4441954622564,4267.1044921875,0.08762886597938144,194,17,316.70103092783506,1.2163152694702148
v27_seed2,32,1503.4875237220942,4142.0947265625,0.12790697674418605,172,22,357.2093023255814,1.1818184852600098
v27_seed2,33,1673.3350932500134,4260.9736328125,0.2054794520547945,146,30,420.82191780821915,1.1581708192825317
v27_seed2,34,1634.922961027726,4158.43310546875,0.2318840579710145,138,32,445.2173913043478,1.2140717506408691
v27_seed2,35,1563.1546446443335,4154.31298828125,0.17791411042944785,163,29,376.9325153374233,1.0949721336364746
v27_seed2,36,1578.0940641572204,4154.873046875,0.1962025316455696,158,31,388.8607594936709,1.063014268875122
v27_seed2,37,1659.795001386785,4304.140625,0.23129251700680273,147,34,417.9591836734694,1.0591291189193726
v27_seed2,38,1679.089684840611,4159.94384765625,0.25,140,35,438.85714285714283,1.0034172534942627
v27_seed2,39,1743.5707959493002,4154.763671875,0.30833333333333335,120,37,512.0,1.0610557794570923
v27_seed2,40,1773.8922020778184,4156.86376953125,0.3305785123966942,121,40,507.7685950413223,1.0807485580444336
v27_seed2,41,2003.2113552649043,4319.54931640625,0.4368932038834951,103,45,596.504854368932,1.034391164779663
v27_seed2,42,1938.541775127789,4280.26123046875,0.4144144144144144,111,46,553.5135135135135,1.0164467096328735
v27_seed2,43,2127.7494382769146,4319.23779296875,0.411214953271028,107,44,574.2056074766355,0.9730534553527832
v27_seed2,44,2109.8009187301786,4305.14892578125,0.46534653465346537,101,47,608.3168316831683,1.0328459739685059
v27_seed2,45,2198.424099173597,4315.197265625,0.5591397849462365,93,52,660.6451612903226,0.9973897337913513
v27_seed2,46,2160.988478088379,4315.57958984375,0.4,110,44,558.5454545454545,0.9459742307662964
v27_seed2,47,2181.428815591215,4319.11083984375,0.5151515151515151,99,51,620.6060606060606,0.9505782723426819
v27_seed2,48,2273.7033337402345,4317.9873046875,0.54,100,54,614.4,0.8920714855194092
v27_seed2,49,2633.8624922051486,4322.1884765625,0.6385542168674698,83,53,740.2409638554217,0.924994945526123
v27_seed2,50,2506.596360983308,4340.7421875,0.5463917525773195,97,53,633.4020618556701,0.883699357509613
v27_seed2,51,2326.1539042663576,4317.0673828125,0.51,100,51,614.4,0.8357114791870117
v27_seed2,52,2581.6273428109976,4321.68994140625,0.6923076923076923,78,54,787.6923076923077,0.8121556043624878
v27_seed2,53,2412.95236155751,4303.13232421875,0.6043956043956044,91,55,675.1648351648352,0.8533205389976501
v27_seed2,54,2390.1200214254445,4314.0087890625,0.6436781609195402,87,56,706.2068965517242,0.8351800441741943
v27_seed2,55,2403.618414573299,4321.38818359375,0.4854368932038835,103,50,596.504854368932,0.7635965943336487
v27_seed2,56,2637.110610189317,4394.1337890625,0.7341772151898734,79,58,777.7215189873418,0.8587564826011658
v27_seed2,57,2373.8605997274212,4594.79736328125,0.5934065934065934,91,54,675.1648351648352,0.8221707344055176
v27_seed2,58,2588.958541355776,4318.720703125,0.6292134831460674,89,56,690.3370786516854,0.8178643584251404
v27_seed2,59,2378.2410544118575,4406.76708984375,0.5376344086021505,93,50,660.6451612903226,0.7889477014541626
v27_seed2,60,2563.5720488385455,4320.10986328125,0.7195121951219512,82,59,749.2682926829268,0.8350051045417786
v27_seed2,61,2805.539844191218,4447.1064453125,0.6626506024096386,83,55,740.2409638554217,0.8137872219085693
v27_seed2,62,3029.5500363631986,4368.08251953125,0.8169014084507042,71,58,865.3521126760563,0.79266357421875
v27_seed2,63,2387.609777076957,4296.74169921875,0.5257731958762887,97,51,633.4020618556701,0.7313485145568848
v27_seed2,64,2681.76583597819,4320.296875,0.7333333333333333,75,55,819.2,0.7297284007072449
v27_seed2,65,2627.5886187669707,4610.63134765625,0.7073170731707317,82,58,749.2682926829268,0.7257014513015747
v27_seed2,66,2689.4164761134557,4316.767578125,0.6547619047619048,84,55,731.4285714285714,0.6786119937896729
v27_seed2,67,3019.3361977132163,4317.16796875,0.7333333333333333,75,55,819.2,0.6923031806945801
v27_seed2,68,2974.190253592826,4404.791015625,0.7702702702702703,74,57,830.2702702702703,0.7100268602371216
v27_seed2,69,2978.5184940291037,4314.0810546875,0.6666666666666666,81,54,758.5185185185185,0.7123630046844482
v27_seed2,70,2756.023111141429,4352.9501953125,0.611764705882353,85,52,722.8235294117648,0.6307913064956665
v27_seed2,71,2837.6904376983643,4319.98974609375,0.725,80,58,768.0,0.7079527974128723
v27_seed2,72,2862.660495654957,4403.79052734375,0.7837837837837838,74,58,830.2702702702703,0.6502479314804077
v27_seed2,73,3115.2854972507644,4358.02001953125,0.8260869565217391,69,57,890.4347826086956,0.6355113387107849
v27_seed2,74,2992.120756312779,4435.31494140625,0.8142857142857143,70,57,877.7142857142857,0.6207925081253052
v27_seed2,75,2757.474639892578,4403.7900390625,0.8405797101449275,69,58,890.4347826086956,0.6334747672080994
v27_seed2,76,2846.5255753800675,4403.79638671875,0.7432432432432432,74,55,830.2702702702703,0.6188899874687195
v27_seed2,77,2729.6990252600776,4319.248046875,0.7777777777777778,72,56,853.3333333333334,0.5604333877563477
v27_seed2,78,2714.9731696141907,4403.77734375,0.726027397260274,73,53,841.6438356164383,0.521915078163147
v27_seed2,79,3087.2216139573316,4403.791015625,0.8769230769230769,65,57,945.2307692307693,0.5954777002334595
v27_seed2,80,2809.7674648400507,4404.791015625,0.8787878787878788,66,58,930.9090909090909,0.5760547518730164
v27_seed2,81,2852.735283516549,4319.54833984375,0.7432432432432432,74,55,830.2702702702703,0.5678862929344177
v27_seed2,82,2935.8793239308825,4403.79248046875,0.8208955223880597,67,55,917.0149253731344,0.5378962159156799
v27_seed2,83,3036.578961824116,4353.9609375,0.7105263157894737,76,54,808.421052631579,0.5524166226387024
v27_seed2,84,3059.655305724213,4403.77685546875,0.8405797101449275,69,58,890.4347826086956,0.5294972658157349
v27_seed2,85,2762.6544563802086,4404.78759765625,0.72,75,54,819.2,0.5477442145347595
v27_seed2,86,2760.7027048304462,4404.79248046875,0.7681159420289855,69,53,890.4347826086956,0.5264886617660522
v27_seed2,87,2796.690486459171,4403.791015625,0.8235294117647058,68,56,903.5294117647059,0.5301389098167419
v27_seed2,88,3169.806579127456,4318.32958984375,0.8333333333333334,66,55,930.9090909090909,0.5191018581390381
v27_seed2,89,2773.869192154681,4403.80517578125,0.9344262295081968,61,57,1007.2131147540983,0.5446330308914185
v27_seed2,90,2559.703476376004,4403.791015625,0.7638888888888888,72,55,853.3333333333334,0.5284087061882019
v27_seed2,91,2826.357466400647,4404.79541015625,0.9016393442622951,61,55,1007.2131147540983,0.500220537185669
v27_seed2,92,2891.043416149211,4870.0146484375,1.0,53,55,1159.245283018868,0.4772549271583557
v27_seed2,93,2697.7276784962623,4404.166015625,0.9655172413793104,58,56,1059.3103448275863,0.48743078112602234
v27_seed2,94,2854.4373296922254,4404.80029296875,0.9032258064516129,62,56,990.9677419354839,0.41347959637641907
v27_seed2,95,2959.538289794922,4404.12841796875,1.0,50,59,1228.8,0.4552484452724457
v27_seed2,96,2942.056001281738,4405.1533203125,0.9166666666666666,60,55,1024.0,0.4707537293434143
v27_seed2,97,2828.6171904343823,4405.8017578125,1.0,52,57,1181.5384615384614,0.450537770986557
v27_seed2,98,2818.3074267750053,4404.787109375,0.7605633802816901,71,54,865.3521126760563,0.3658779561519623
v27_seed2,99,3099.3458862304688,4404.802734375,0.9821428571428571,56,55,1097.142857142857,0.43424466252326965
v27_seed2,100,3223.139393356611,4404.80615234375,1.0,53,57,1159.245283018868,0.44386106729507446
v27_seed2,101,2770.588408946991,4404.80712890625,0.828125,64,53,960.0,0.3936556875705719
v27_seed2,102,2851.9371497521033,4404.72607421875,0.8769230769230769,65,57,945.2307692307693,0.43308225274086
v27_seed2,103,3072.6561762029473,4404.791015625,1.0,55,55,1117.090909090909,0.4214281737804413
v27_seed2,104,3034.839037068685,4403.8017578125,0.95,60,57,1024.0,0.4188460409641266
v27_seed2,105,2840.7382167469373,4403.8076171875,1.0,44,57,1396.3636363636363,0.3738568425178528
v27_seed2,106,2820.9901101248606,4549.7734375,1.0,49,58,1253.8775510204082,0.3955554962158203
v27_seed2,107,2668.377239900477,4403.80322265625,0.7941176470588235,68,54,903.5294117647059,0.3620237112045288
v27_seed2,108,2900.7680615743,4403.80810546875,0.9833333333333333,60,59,1024.0,0.3745995759963989
v27_seed2,109,2632.6409368999934,4405.8017578125,0.9322033898305084,59,55,1041.3559322033898,0.3478502631187439
v27_seed2,110,2714.441580418178,4404.8017578125,0.7285714285714285,70,51,877.7142857142857,0.3674684166908264
v27_seed2,111,2772.4587451482225,4404.79296875,0.9152542372881356,59,54,1041.3559322033898,0.3767543435096741
v27_seed2,112,2587.625204756453,4404.78759765625,0.7432432432432432,74,55,830.2702702702703,0.4028676748275757
v27_seed2,113,2525.3037154586227,4592.8955078125,1.0,54,58,1137.7777777777778,0.34237587451934814
v27_seed2,114,2663.5689086914062,4403.80078125,1.0,51,58,1204.7058823529412,0.33510255813598633
v27_seed2,115,2480.8149844578334,4404.7890625,1.0,56,58,1097.142857142857,0.34221526980400085
v27_seed2,116,2882.0753252301897,4405.77685546875,0.7857142857142857,70,55,877.7142857142857,0.38305574655532837
v27_seed2,117,2458.880383066031,4404.13330078125,0.8307692307692308,65,54,945.2307692307693,0.29390203952789307
v27_seed2,118,2682.517596745895,4404.14208984375,0.9491525423728814,59,56,1041.3559322033898,0.3586916923522949
v27_seed2,119,2644.068977217241,4404.79248046875,0.9454545454545454,55,52,1117.090909090909,0.3848661184310913
v27_seed2,120,2395.484499867757,4406.18505859375,0.9,60,54,1024.0,0.3225274980068207
v27_seed2,121,2593.2901391601563,4550.404296875,1.0,50,57,1228.8,0.3498515486717224
v27_seed2,122,2639.989314638335,4601.2744140625,0.9827586206896551,58,57,1059.3103448275863,0.3589087426662445
v27_seed2,123,2639.2055655216827,4403.8017578125,0.8260869565217391,69,57,890.4347826086956,0.3208308815956116
v27_seed2,124,2790.660317451723,4405.8095703125,0.9193548387096774,62,57,990.9677419354839,0.34800663590431213
v27_seed2,125,2478.561457726263,4550.43408203125,0.9354838709677419,62,58,990.9677419354839,0.3215848505496979
v27_seed2,126,2661.769320452655,4406.53662109375,1.0,54,57,1137.7777777777778,0.3192041218280792
v27_seed2,127,2723.1216524909523,4404.79931640625,0.8088235294117647,68,55,903.5294117647059,0.3257737159729004
v27_seed2,128,2519.3220054081507,4406.12548828125,1.0,56,56,1097.142857142857,0.36924469470977783
v27_seed2,129,2485.3650743961334,4404.79736328125,0.875,64,56,960.0,0.34902244806289673
v27_seed2,130,2640.410489400228,4406.58251953125,1.0,48,57,1280.0,0.3234981894493103
v27_seed2,131,2470.8533068670745,4550.7646484375,0.7971014492753623,69,55,890.4347826086956,0.34806323051452637
v27_seed2,132,2334.866044813587,4406.505859375,0.9354838709677419,62,58,990.9677419354839,0.29973721504211426
v27_seed2,133,2658.7995494719476,4404.15087890625,0.8870967741935484,62,55,990.9677419354839,0.3226606845855713
v27_seed2,134,2642.8525144932632,4551.45458984375,0.9322033898305084,59,55,1041.3559322033898,0.3199807405471802
v27_seed2,135,2309.3415236253004,4550.70458984375,0.8923076923076924,65,58,945.2307692307693,0.3158802092075348
v27_seed2,136,2803.5874198631004,4406.125,1.0,54,59,1137.7777777777778,0.2867923378944397
v27_seed2,137,2646.8300784024327,4404.818359375,1.0,55,59,1117.090909090909,0.326705664396286
v27_seed2,138,2445.1034947148078,4403.810546875,1.0,54,55,1137.7777777777778,0.27952826023101807
v27_seed2,139,2500.843257246346,4550.564453125,0.9827586206896551,58,57,1059.3103448275863,0.33204779028892517
v27_seed2,140,2510.5536382147607,4403.79931640625,1.0,47,55,1307.2340425531916,0.30530691146850586
v27_seed2,141,2750.145698793473,4552.443359375,0.9516129032258065,62,59,990.9677419354839,0.2844242453575134
v27_seed2,142,2527.5328290303546,4404.80322265625,0.9166666666666666,60,55,1024.0,0.2943604588508606
v27_seed2,143,2936.7992077338986,4404.8125,1.0,41,60,1498.5365853658536,0.2801196277141571
v27_seed2,144,2543.3875033569334,4405.7978515625,1.0,50,58,1228.8,0.31908783316612244
v27_seed2,145,2037.5243673778716,4405.81494140625,0.6309523809523809,84,53,731.4285714285714,0.3042238652706146
v27_seed2,146,2455.698960763437,4550.07373046875,1.0,54,59,1137.7777777777778,0.2866867184638977
v27_seed2,147,2597.8103053206105,4404.8154296875,0.9491525423728814,59,56,1041.3559322033898,0.2898038625717163
v27_seed2,148,2776.548064650151,4605.87451171875,1.0,57,59,1077.8947368421052,0.31889814138412476
v27_seed2,149,2622.5301653887773,4405.78076171875,0.7702702702702703,74,57,830.2702702702703,0.2921764850616455
v27_seed2,150,2467.0293860599913,4404.81005859375,1.0,58,58,1059.3103448275863,0.2682904601097107
v27_seed2,151,2526.6708756831654,4407.67431640625,1.0,57,58,1077.8947368421052,0.2958407998085022
v27_seed2,152,2306.9606416346664,4550.71484375,0.9491525423728814,59,56,1041.3559322033898,0.31429022550582886
v27_seed2,153,2364.959906606963,4404.8017578125,0.8333333333333334,66,55,930.9090909090909,0.293917715549469
v27_seed2,154,2155.975345914326,4406.15625,0.8888888888888888,63,56,975.2380952380952,0.31710463762283325
v27_seed2,155,2451.7375160073334,4405.9140625,1.0,53,58,1159.245283018868,0.2536018192768097
v27_seed2,156,2255.9945086854877,4404.7919921875,0.8787878787878788,66,58,930.9090909090909,0.2600301504135132
v27_seed2,157,2332.050419147198,4404.80712890625,1.0,52,58,1181.5384615384614,0.2960772216320038
v27_seed2,158,2379.2195587158203,4609.8544921875,1.0,58,58,1059.3103448275863,0.26770108938217163
v27_seed2,159,2293.1281154237945,4406.166015625,1.0,58,58,1059.3103448275863,0.2560018301010132
v27_seed2,160,2527.6729703417013,4405.80517578125,1.0,51,60,1204.7058823529412,0.304351806640625
v27_seed2,161,2278.2992433117283,4404.798828125,0.8709677419354839,62,54,990.9677419354839,0.29633331298828125
v27_seed2,162,2637.664360951569,4593.7861328125,0.9661016949152542,59,57,1041.3559322033898,0.2820606827735901
v27_seed2,163,2269.4357727050783,4552.484375,0.9166666666666666,60,55,1024.0,0.2651492953300476
v27_seed2,164,2348.9773067898223,4405.8017578125,0.8888888888888888,63,56,975.2380952380952,0.2903347313404083
v27_seed2,165,2207.273505412357,4873.4736328125,0.8169014084507042,71,58,865.3521126760563,0.25031551718711853
v27_seed2,166,2440.8422085376496,4404.81005859375,1.0,47,56,1307.2340425531916,0.25202226638793945
v27_seed2,167,1934.309092445979,4405.14111328125,0.873015873015873,63,55,975.2380952380952,0.24994584918022156
v27_seed2,168,2097.1021626790366,4550.4443359375,0.7333333333333333,75,55,819.2,0.2318945974111557
v27_seed2,169,2350.6673505147296,4405.95361328125,0.9,60,54,1024.0,0.250151664018631
v27_seed2,170,2263.1018949939357,4404.8046875,0.9193548387096774,62,57,990.9677419354839,0.24606113135814667
v27_seed2,171,1919.413654493249,4404.80908203125,0.7971014492753623,69,55,890.4347826086956,0.24039138853549957
v27_seed2,172,2103.5209874333564,4404.80322265625,0.7297297297297297,74,54,830.2702702702703,0.25572529435157776
v27_seed2,173,2217.161089658737,4609.65576171875,0.859375,64,55,960.0,0.24661734700202942
v27_seed2,174,1569.2059884673183,4404.79833984375,0.4854368932038835,103,50,596.504854368932,0.22998365759849548
v27_seed2,175,1602.101812985864,4403.80029296875,0.39603960396039606,101,40,608.3168316831683,0.23847061395645142
v27_seed2,176,1505.2982359855405,4364.26904296875,0.3387096774193548,124,42,495.48387096774195,0.22251594066619873
v27_seed2,177,1162.4957436575016,4405.77294921875,0.31690140845070425,142,45,432.67605633802816,0.22488883137702942
v27_seed2,178,1228.445284873561,4441.0810546875,0.12105263157894737,190,23,323.36842105263156,0.24656261503696442
v27_seed2,179,1161.6835085800271,4366.43896484375,0.13725490196078433,153,21,401.5686274509804,0.2905573844909668
v27_seed2,180,1180.8201607465744,4404.14453125,0.15625,128,20,480.0,0.22053085267543793
v27_seed2,181,1073.180765030232,4207.9140625,0.09929078014184398,141,14,435.74468085106383,0.3016604483127594
v27_seed2,182,1058.660422092014,4403.7685546875,0.1037037037037037,135,14,455.1111111111111,0.2780953049659729
v27_seed2,183,1063.767664448599,4302.77880859375,0.06741573033707865,178,12,345.1685393258427,0.3088391125202179
v27_seed2,184,1259.1288521137644,4143.67333984375,0.05851063829787234,188,11,326.8085106382979,0.28136003017425537
v27_seed2,185,1230.6118716398876,3619.75048828125,0.08333333333333333,192,16,320.0,0.24280457198619843
v27_seed2,186,1148.1111750003681,4132.75146484375,0.06030150753768844,199,12,308.7437185929648,0.2216355800628662
v27_seed2,187,1204.3095440380075,4302.08935546875,0.0427807486631016,187,8,328.5561497326203,0.2718539237976074
v27_seed2,188,1249.5476337092937,4230.88671875,0.054455445544554455,202,11,304.15841584158414,0.23539602756500244
v27_seed2,189,1254.8869851733011,4319.98779296875,0.0582010582010582,189,11,325.07936507936506,0.15487051010131836
v27_seed2,190,1170.3888432429387,4150.69287109375,0.038461538461538464,208,8,295.38461538461536,0.16882988810539246
v27_seed2,191,1109.6555877839676,3894.69140625,0.03535353535353535,198,7,310.3030303030303,0.14783000946044922
v27_seed2,192,1126.9087676292243,3443.19287109375,0.013953488372093023,215,3,285.7674418604651,0.14574456214904785
v27_seed2,193,1216.418464445125,4145.34521484375,0.03954802259887006,177,7,347.1186440677966,0.13569766283035278
v27_seed2,194,977.022942482157,3747.75048828125,0.026595744680851064,188,5,326.8085106382979,0.14494872093200684
v27_seed2,195,1001.8519753848805,4159.59326171875,0.016042780748663103,187,3,328.5561497326203,0.11695820093154907
v27_seed2,196,1056.167741034441,4142.80517578125,0.025477707006369428,157,4,391.3375796178344,0.17918068170547485
v27_seed2,197,1063.17733318485,4317.177734375,0.011695906432748537,171,2,359.29824561403507,0.13477516174316406
v27_seed2,198,1047.0756784150094,3598.401123046875,0.030303030303030304,165,5,372.3636363636364,0.15818627178668976
v27_seed2,199,1086.8919139241063,3756.750732421875,0.029069767441860465,172,5,357.2093023255814,0.17023582756519318
v27_seed2,200,1080.1467395271222,3893.940673828125,0.020618556701030927,194,4,316.70103092783506,0.1539057493209839
v27_seed2,201,1041.6202819271864,3334.97265625,0.004524886877828055,221,1,278.00904977375563,0.13169708847999573
v27_seed2,202,1089.3183233781294,3733.75146484375,0.013636363636363636,220,3,279.27272727272725,0.14756342768669128
v27_seed2,203,1062.4349695709702,3748.75048828125,0.02072538860103627,193,4,318.3419689119171,0.10391834378242493
v27_seed2,204,1167.271381419192,4366.78759765625,0.021505376344086023,186,4,330.3225806451613,0.1533105969429016
v27_seed2,205,1245.3295351225754,4156.80322265625,0.022988505747126436,174,4,353.1034482758621,0.1313086897134781
v27_seed2,206,1206.387188916136,3780.75048828125,0.014778325123152709,203,3,302.6600985221675,0.12609483301639557
v27_seed2,207,1139.074032203824,3428.282958984375,0.004901960784313725,204,1,301.1764705882353,0.15104486048221588
v27_seed2,208,1183.5798467535722,3934.75048828125,0.005263157894736842,190,1,323.36842105263156,0.1726115643978119
v27_seed2,209,1165.0089814322334,3908.890625,0.015306122448979591,196,3,313.46938775510205,0.17166724801063538
v27_seed2,210,1220.902276958534,4142.1142578125,0.023952095808383235,167,4,367.90419161676647,0.22846511006355286
v27_seed2,211,1167.6666561929803,3977.75048828125,0.06578947368421052,152,10,404.2105263157895,0.2667886018753052
v27_seed2,212,1237.613588101602,3600.702392578125,0.023121387283236993,173,4,355.1445086705202,0.15290114283561707
v27_seed2,213,1256.5470181900935,3733.8115234375,0.039735099337748346,151,6,406.887417218543,0.21988895535469055
v27_seed2,214,1181.3691376974416,3920.75048828125,0.011627906976744186,172,2,357.2093023255814,0.17449921369552612
v27_seed2,215,1184.07171330827,4448.759765625,0.02247191011235955,178,4,345.1685393258427,0.1622912436723709
v27_seed2,216,1133.867693942526,3266.661376953125,0.005434782608695652,184,1,333.9130434782609,0.13796421885490417
v27_seed2,217,1127.446946393093,3268.383056640625,0.0049261083743842365,203,1,302.6600985221675,0.11916310340166092
v27_seed2,218,1131.1396202736712,3265.75048828125,0.005319148936170213,188,1,326.8085106382979,0.12904465198516846
v27_seed2,219,1135.9429601794945,2690.7763671875,0.0,167,0,367.90419161676647,0.17448538541793823
v27_seed2,220,1114.6181835281516,3268.453125,0.004672897196261682,214,1,287.10280373831773,0.12968604266643524
v27_seed2,221,1151.0634767744277,3619.75048828125,0.013888888888888888,216,3,284.44444444444446,0.11668659746646881
v27_seed2,222,1136.5600867696328,3556.861572265625,0.01485148514851485,202,3,304.15841584158414,0.11306597292423248
v27_seed2,223,1208.7771402744236,3749.662353515625,0.019704433497536946,203,4,302.6600985221675,0.10923357307910919
v27_seed2,224,1148.4469893171981,3587.75048828125,0.018018018018018018,222,4,276.7567567567568,0.091313935816288
v27_seed2,225,1174.491660447554,2694.245849609375,0.0,220,0,279.27272727272725,0.1265496015548706
v27_seed2,226,1178.7606662731266,3589.6923828125,0.004975124378109453,201,1,305.67164179104475,0.13783317804336548
v27_seed2,227,1177.142218961844,2526.706298828125,0.0,223,0,275.5156950672646,0.1190871149301529
v27_seed2,228,1166.3917598724365,3589.171875,0.014423076923076924,208,3,295.38461538461536,0.1297278106212616
v27_seed2,229,1187.5449556421352,3596.902587890625,0.023148148148148147,216,5,284.44444444444446,0.09667156636714935
v27_seed2,230,1140.9086778251287,3268.483154296875,0.005235602094240838,191,1,321.67539267015707,0.09903258830308914
v27_seed2,231,1160.043032536741,3585.801513671875,0.00546448087431694,183,1,335.73770491803276,0.11092509329319
v27_seed2,232,1166.830704436905,3747.75048828125,0.017241379310344827,174,3,353.1034482758621,0.1672603189945221
v27_seed2,233,1249.1370593681538,3910.8916015625,0.026455026455026454,189,5,325.07936507936506,0.11440350860357285
v27_seed2,234,1228.5608796619233,3337.412353515625,0.011904761904761904,168,2,365.7142857142857,0.09549187123775482
v27_seed2,235,1240.144484111241,3322.26318359375,0.011904761904761904,168,2,365.7142857142857,0.09858937561511993
v27_seed2,236,1101.3540058482777,3433.542236328125,0.00909090909090909,220,2,279.27272727272725,0.11935576796531677
v27_seed2,237,1207.0092005411784,3750.750732421875,0.01904761904761905,210,4,292.57142857142856,0.11519010365009308
v27_seed2,238,1144.5312866983534,3588.75048828125,0.012658227848101266,237,3,259.24050632911394,0.12270097434520721
v27_seed2,239,1257.4337874432,3555.75048828125,0.05102040816326531,196,10,313.46938775510205,0.11374950408935547
v27_seed2,240,1165.0327561826123,3587.75048828125,0.02040816326530612,196,4,313.46938775510205,0.1180012971162796
v27_seed2,241,1120.75083760862,3779.75048828125,0.032407407407407406,216,7,284.44444444444446,0.13457685708999634
v27_seed2,242,1141.7284806513153,3593.682373046875,0.01327433628318584,226,3,271.85840707964604,0.12837788462638855
v27_seed2,243,1282.1027724828475,3555.75048828125,0.005128205128205128,195,1,315.0769230769231,0.1298290640115738
v27_seed2,244,1255.916807418751,3555.75048828125,0.03317535545023697,211,7,291.18483412322274,0.10906293988227844
v27_seed2,245,1209.3904277305433,3602.382080078125,0.026905829596412557,223,6,275.5156950672646,0.107655368745327
v27_seed2,246,1240.9403979689987,3587.75048828125,0.013888888888888888,216,3,284.44444444444446,0.08655950427055359
v27_seed2,247,1262.582455927012,3588.75048828125,0.030612244897959183,196,6,313.46938775510205,0.10728856921195984
v27_seed2,248,1281.4930793243705,3414.803466796875,0.024271844660194174,206,5,298.252427184466,0.10412421822547913
v27_seed2,249,1255.689200124433,3433.362060546875,0.009216589861751152,217,2,283.1336405529954,0.0803508311510086
v27_seed3,30,1372.1702458775458,4197.68408203125,0.11940298507462686,201,24,305.67164179104475,1.2107601165771484
v27_seed3,31,1458.184237882581,4300.810546875,0.13872832369942195,173,24,355.1445086705202,1.161692500114441
v27_seed3,32,1314.808642015959,4158.373046875,0.13157894736842105,190,25,323.36842105263156,1.150018572807312
v27_seed3,33,1391.1150479997907,4141.474609375,0.19642857142857142,168,33,365.7142857142857,1.1109260320663452
v27_seed3,34,1718.0325870237489,4226.75732421875,0.2463768115942029,138,34,445.2173913043478,1.1255587339401245
v27_seed3,35,1591.8780190883538,4312.58056640625,0.23717948717948717,156,37,393.84615384615387,1.038116455078125
v27_seed3,36,1638.1087349083773,4312.95849609375,0.18471337579617833,157,29,391.3375796178344,1.066678762435913
v27_seed3,37,1808.0473835408186,4309.8779296875,0.35294117647058826,119,42,516.3025210084033,1.0420253276824951
v27_seed3,38,1835.093098640442,4347.853515625,0.41964285714285715,112,47,548.5714285714286,1.0311830043792725
v27_seed3,39,1683.279205918312,4299.01171875,0.3359375,128,43,480.0,1.0089173316955566
v27_seed3,40,1966.4789396654658,4339.232421875,0.3445378151260504,119,41,516.3025210084033,0.9658142924308777
v27_seed3,41,1954.35159380008,4321.4892578125,0.358974358974359,117,42,525.1282051282051,0.9354581832885742
v27_seed3,42,1894.132131591797,4434.95068359375,0.32,125,40,491.52,0.8912146091461182
v27_seed3,43,1837.812616418909,4314.9599609375,0.4537037037037037,108,49,568.8888888888889,0.9050785303115845
v27_seed3,44,1808.6519052054136,4306.73876953125,0.31297709923664124,131,41,469.00763358778624,0.9030782580375671
v27_seed3,45,2181.23761376275,4296.54150390625,0.5888888888888889,90,53,682.6666666666666,0.8945860862731934
v27_seed3,46,1829.3050852899967,4312.00830078125,0.3565217391304348,115,41,534.2608695652174,0.8382552862167358
v27_seed3,47,2019.0264147494702,4309.94921875,0.44680851063829785,94,42,653.6170212765958,0.8313361406326294
v27_seed3,48,2141.647903442383,4311.0,0.5730337078651685,89,51,690.3370786516854,0.8858281373977661
v27_seed3,49,2326.8402138175547,4330.21337890625,0.5494505494505495,91,50,675.1648351648352,0.8849760293960571
v27_seed3,50,2438.891205180775,4306.900390625,0.6022727272727273,88,53,698.1818181818181,0.8531796932220459
v27_seed3,51,2208.5738233049337,4307.65966796875,0.45794392523364486,107,49,574.2056074766355,0.8306494355201721
v27_seed3,52,2318.8402210871377,4310.05029296875,0.5208333333333334,96,50,640.0,0.7786882519721985
v27_seed3,53,2338.1959677706946,4314.099609375,0.5393258426966292,89,48,690.3370786516854,0.807370662689209
v27_seed3,54,2692.8459313964845,4296.611328125,0.72,75,54,819.2,0.8168524503707886
v27_seed3,55,2423.945622253418,4346.0908203125,0.51,100,51,614.4,0.7991387844085693
v27_seed3,56,2330.726267863795,4308.279296875,0.5257731958762887,97,51,633.4020618556701,0.7259200811386108
v27_seed3,57,2470.737445831299,4311.39208984375,0.5795454545454546,88,51,698.1818181818181,0.7020720839500427
v27_seed3,58,2309.9340250651044,4304.90966796875,0.5888888888888889,90,53,682.6666666666666,0.7270241975784302
v27_seed3,59,2489.164323743883,4340.37255859375,0.5824175824175825,91,53,675.1648351648352,0.7414305210113525
v27_seed3,60,2552.1598834302054,4305.58984375,0.6626506024096386,83,55,740.2409638554217,0.7556552886962891
v27_seed3,61,2632.2045909083167,4361.63232421875,0.6162790697674418,86,53,714.4186046511628,0.6703370809555054
v27_seed3,62,2498.962278226527,4403.7841796875,0.6585365853658537,82,54,749.2682926829268,0.6769192218780518
v27_seed3,63,3022.1981654575893,4316.6279296875,0.8142857142857143,70,57,877.7142857142857,0.6380546689033508
v27_seed3,64,2609.35127112979,4308.0595703125,0.6309523809523809,84,53,731.4285714285714,0.6574640274047852
v27_seed3,65,2303.509740964331,4309.41015625,0.5151515151515151,99,51,620.6060606060606,0.6418818831443787
v27_seed3,66,2469.861421064897,4347.43212890625,0.5681818181818182,88,50,698.1818181818181,0.6496020555496216
v27_seed3,67,2652.4193937413834,4311.11962890625,0.6470588235294118,85,55,722.8235294117648,0.6808369755744934
v27_seed3,68,2752.1761878291263,4306.662109375,0.7215189873417721,79,57,777.7215189873418,0.6171551942825317
v27_seed3,69,2562.273835717178,4306.91015625,0.6585365853658537,82,54,749.2682926829268,0.6547247171401978
v27_seed3,70,2782.241966923581,4304.6513671875,0.7215189873417721,79,57,777.7215189873418,0.6451736092567444
v27_seed3,71,2581.8308875505313,4304.8232421875,0.5697674418604651,86,49,714.4186046511628,0.5944743752479553
v27_seed3,72,2857.9310603997646,4311.74951171875,0.7051282051282052,78,55,787.6923076923077,0.5959299802780151
v27_seed3,73,2458.025957148126,4342.7958984375,0.5531914893617021,94,52,653.6170212765958,0.59588223695755
v27_seed3,74,2673.987419404179,4355.97314453125,0.6746987951807228,83,56,740.2409638554217,0.5893108248710632
v27_seed3,75,2608.9816982014972,4307.39990234375,0.7466666666666667,75,56,819.2,0.5564283132553101
v27_seed3,76,2720.2142348516554,4304.47998046875,0.6428571428571429,84,54,731.4285714285714,0.5241059064865112
v27_seed3,77,2583.860171200184,4347.21142578125,0.6292134831460674,89,56,690.3370786516854,0.5551760196685791
v27_seed3,78,2228.5945231660885,4352.39453125,0.574468085106383,94,54,653.6170212765958,0.5607964992523193
v27_seed3,79,2151.1130789120994,4302.9697265625,0.5416666666666666,96,52,640.0,0.5236364603042603
v27_seed3,80,2412.204241300884,4307.08837890625,0.5263157894736842,95,50,646.7368421052631,0.5151229500770569
v27_seed3,81,2695.0904853457496,4375.8857421875,0.6666666666666666,84,56,731.4285714285714,0.49484652280807495
v27_seed3,82,2416.6321097479927,4306.10986328125,0.6333333333333333,90,57,682.6666666666666,0.48318374156951904
v27_seed3,83,2817.985510063171,4307.3203125,0.7125,80,57,768.0,0.5205971002578735
v27_seed3,84,2649.140771559727,4383.2333984375,0.7160493827160493,81,58,758.5185185185185,0.47017309069633484
v27_seed3,85,2657.517265227904,4305.6201171875,0.6746987951807228,83,56,740.2409638554217,0.49405038356781006
v27_seed3,86,2622.2102290807147,4306.111328125,0.6404494382022472,89,57,690.3370786516854,0.5257251262664795
v27_seed3,87,2556.705483943858,4308.27978515625,0.5851063829787234,94,55,653.6170212765958,0.5202938318252563
v27_seed3,88,2349.4382221952396,4377.79638671875,0.6170212765957447,94,58,653.6170212765958,0.450791597366333
v27_seed3,89,2755.9853221348353,4304.35205078125,0.6904761904761905,84,58,731.4285714285714,0.44663548469543457
v27_seed3,90,2910.389072907277,4305.07958984375,0.7307692307692307,78,57,787.6923076923077,0.4263974130153656
v27_seed3,91,2344.1556593153214,4372.8134765625,0.6222222222222222,90,56,682.6666666666666,0.47261515259742737
v27_seed3,92,1958.9601543079723,4306.02099609375,0.4909090909090909,110,54,558.5454545454545,0.38207370042800903
v27_seed3,93,2568.5928319009504,4404.1513671875,0.6629213483146067,89,59,690.3370786516854,0.36980533599853516
v27_seed3,94,2460.62226370878,4382.86328125,0.6162790697674418,86,53,714.4186046511628,0.42390453815460205
v27_seed3,95,2534.504298909505,4304.79052734375,0.6444444444444445,90,58,682.6666666666666,0.3511675000190735
v27_seed3,96,2543.7892449420433,4387.9853515625,0.5978260869565217,92,55,667.8260869565217,0.39627307653427124
v27_seed3,97,1877.8676905138739,4308.85009765625,0.4396551724137931,116,51,529.6551724137931,0.32708585262298584
v27_seed3,98,2059.1287355243035,4305.2021484375,0.46226415094339623,106,49,579.622641509434,0.33569493889808655
v27_seed3,99,1997.8949934126022,4692.28662109375,0.4774774774774775,111,53,553.5135135135135,0.3140610158443451
v27_seed3,100,2039.3389858518328,4354.31298828125,0.42857142857142855,112,48,548.5714285714286,0.3033221662044525
v27_seed3,101,2128.717440114438,4355.92333984375,0.49514563106796117,103,51,596.504854368932,0.33894163370132446
v27_seed3,102,1908.6667368570963,4306.4599609375,0.5142857142857142,105,54,585.1428571428571,0.28685060143470764
v27_seed3,103,1921.4367208394917,4387.1728515625,0.45045045045045046,111,50,553.5135135135135,0.31974276900291443
v27_seed3,104,1463.4333428775562,4323.7587890625,0.3161764705882353,136,43,451.7647058823529,0.3112815022468567
v27_seed3,105,2054.8559199067736,4376.4912109375,0.5051546391752577,97,49,633.4020618556701,0.30319228768348694
v27_seed3,106,2081.9555413482385,4355.04443359375,0.44954128440366975,109,49,563.6697247706422,0.27181476354599
v27_seed3,107,1857.758714330478,4350.482421875,0.3543307086614173,127,45,483.7795275590551,0.281459242105484
v27_seed3,108,1532.9229338940956,4319.3447265625,0.302158273381295,139,42,442.0143884892086,0.2544638514518738
v27_seed3,109,1763.8471856924205,4343.9130859375,0.3230769230769231,130,42,472.61538461538464,0.263443261384964
v27_seed3,110,1502.5422834738706,4306.97021484375,0.2692307692307692,156,42,393.84615384615387,0.30422404408454895
v27_seed3,111,1304.9923249301532,4303.5302734375,0.2119205298013245,151,32,406.887417218543,0.28503066301345825
v27_seed3,112,1255.211104657573,4352.44140625,0.2064516129032258,155,32,396.38709677419354,0.23799030482769012
v27_seed3,113,1626.4054647272283,4286.86279296875,0.34545454545454546,110,38,558.5454545454545,0.3166112005710602
v27_seed3,114,1479.9509031772614,4287.7607421875,0.2421875,128,31,480.0,0.3263183534145355
v27_seed3,115,1392.2562907484712,4389.39990234375,0.30327868852459017,122,37,503.60655737704917,0.26572293043136597
v27_seed3,116,1319.8424552207769,4302.0986328125,0.09302325581395349,172,16,357.2093023255814,0.27910009026527405
v27_seed3,117,1361.4667095715486,4450.7626953125,0.18354430379746836,158,29,388.8607594936709,0.2011730819940567
v27_seed3,118,1170.82253334739,4134.826171875,0.08021390374331551,187,15,328.5561497326203,0.29937970638275146
v27_seed3,119,1184.5579833984375,4302.1396484375,0.1678832116788321,137,23,448.46715328467155,0.2478145956993103
v27_seed3,120,1027.3535858501089,4141.6337890625,0.07954545454545454,176,14,349.09090909090907,0.22731731832027435
v27_seed3,121,995.401813182425,3840.75048828125,0.010638297872340425,188,2,326.8085106382979,0.23228026926517487
v27_seed3,122,944.887193137721,4404.17919921875,0.05789473684210526,190,11,323.36842105263156,0.1819353699684143
v27_seed3,123,958.8532410488334,4128.35302734375,0.021505376344086023,186,4,330.3225806451613,0.2090531885623932
v27_seed3,124,1063.1933488942157,4150.75244140625,0.03535353535353535,198,7,310.3030303030303,0.21204155683517456
v27_seed3,125,948.8675162703903,3920.180908203125,0.023148148148148147,216,5,284.44444444444446,0.1760806441307068
v27_seed3,126,954.3357744793559,3164.984619140625,0.004651162790697674,215,1,285.7674418604651,0.19679465889930725
v27_seed3,127,969.6487906743022,4149.25537109375,0.024271844660194174,206,5,298.252427184466,0.17770975828170776
v27_seed3,128,898.3430036423523,3709.441162109375,0.005780346820809248,173,1,355.1445086705202,0.2517630457878113
v27_seed3,129,852.1776043362088,2867.57421875,0.0,180,0,341.3333333333333,0.19619220495224
v27_seed3,130,901.5440855176037,2538.9736328125,0.0,191,0,321.67539267015707,0.19390968978405
v27_seed3,131,970.1188837687174,2879.75048828125,0.0,198,0,310.3030303030303,0.18936432898044586
v27_seed3,132,966.5925169103286,3268.413330078125,0.011764705882352941,170,2,361.4117647058824,0.2219158113002777
v27_seed3,133,910.7897618087296,3750.11083984375,0.010309278350515464,194,2,316.70103092783506,0.2323547899723053
v27_seed3,134,979.1872297793019,3432.881591796875,0.02040816326530612,196,4,313.46938775510205,0.2297866940498352
v27_seed3,135,1162.8076735166746,3103.75048828125,0.0,214,0,287.10280373831773,0.20271903276443481
v27_seed3,136,1119.3073482752843,3440.23291015625,0.008368200836820083,239,2,257.07112970711296,0.23134954273700714
v27_seed3,137,1228.8209488057644,2882.43310546875,0.0,214,0,287.10280373831773,0.23772527277469635
v27_seed3,138,1216.7834387585126,3606.722412109375,0.01327433628318584,226,3,271.85840707964604,0.17676664888858795
v27_seed3,139,1236.6810381535633,3397.162841796875,0.009389671361502348,213,2,288.4507042253521,0.1965826004743576
v27_seed3,140,1239.3550810111585,3722.162841796875,0.011627906976744186,258,3,238.13953488372093,0.17228950560092926
v27_seed3,141,1292.4698263511498,3441.241943359375,0.012552301255230125,239,3,257.07112970711296,0.20193102955818176
v27_seed3,142,1277.10311798745,3907.75048828125,0.00851063829787234,235,2,261.4468085106383,0.17063213884830475
v27_seed3,143,1246.5075512669116,3267.95263671875,0.004291845493562232,233,1,263.6909871244635,0.19353483617305756
v27_seed3,144,1313.9224900894512,4157.7333984375,0.0136986301369863,219,3,280.54794520547944,0.20044568181037903
v27_seed3,145,1333.0722398429082,3683.75048828125,0.014778325123152709,203,3,302.6600985221675,0.1975332796573639
v27_seed3,146,1214.527146911621,3911.362060546875,0.016,250,4,245.76,0.19498221576213837
v27_seed3,147,1273.862335452184,3268.383056640625,0.004048582995951417,247,1,248.74493927125505,0.19358451664447784
v27_seed3,148,1358.0331305018012,3926.701416015625,0.009433962264150943,212,2,289.811320754717,0.14954335987567902
v27_seed3,149,1319.0503704726434,3601.840576171875,0.030837004405286344,227,7,270.66079295154185,0.1861870139837265
v27_seed3,150,1359.4567514818768,3903.03173828125,0.013953488372093023,215,3,285.7674418604651,0.12169896811246872
v27_seed3,151,1493.9623999384237,3923.8515625,0.014778325123152709,203,3,302.6600985221675,0.14090096950531006
v27_seed3,152,1409.3818924937082,3604.55322265625,0.014925373134328358,201,3,305.67164179104475,0.168785959482193
v27_seed3,153,1443.8287369662492,4157.27294921875,0.037037037037037035,189,7,325.07936507936506,0.14742672443389893
v27_seed3,154,1412.7747276793134,4105.10986328125,0.031914893617021274,188,6,326.8085106382979,0.18256457149982452
v27_seed3,155,1387.5918596611648,3905.091796875,0.02185792349726776,183,4,335.73770491803276,0.15995311737060547
v27_seed3,156,1447.0896799448374,3268.483154296875,0.005405405405405406,185,1,332.1081081081081,0.15401992201805115
v27_seed3,157,1407.6299981953184,3907.75048828125,0.018518518518518517,162,3,379.25925925925924,0.12405360490083694
v27_seed3,158,1461.230584517769,2900.104736328125,0.0,184,0,333.9130434782609,0.14251863956451416
v27_seed3,159,1491.0589733338088,2886.19580078125,0.0,178,0,345.1685393258427,0.13365834951400757
v27_seed3,160,1399.1470931480671,2895.75048828125,0.0,174,0,353.1034482758621,0.14319616556167603
v27_seed3,161,1380.4829132080079,2900.483154296875,0.0,165,0,372.3636363636364,0.13700522482395172
v27_seed3,162,1370.054214292584,3867.750732421875,0.006060606060606061,165,1,372.3636363636364,0.1309947967529297
v27_seed3,163,1410.8341883906612,2901.025634765625,0.0,189,0,325.07936507936506,0.14070352911949158
v27_seed3,164,1349.7079806660497,2900.87548828125,0.0,172,0,357.2093023255814,0.15730935335159302
v27_seed3,165,1273.121656719007,2885.39599609375,0.0,228,0,269.4736842105263,0.13914629817008972
v27_seed3,166,1422.518240408464,2902.03662109375,0.0,176,0,349.09090909090907,0.13950245082378387
v27_seed3,167,1358.2650271622592,3016.305908203125,0.0,189,0,325.07936507936506,0.1192837804555893
v27_seed3,168,1381.2271243364382,2882.353271484375,0.0,195,0,315.0769230769231,0.11249644309282303
v27_seed3,169,1311.8203725994758,2869.54541015625,0.0,212,0,289.811320754717,0.14731019735336304
v27_seed3,170,1442.0995557204537,2884.985595703125,0.0,184,0,333.9130434782609,0.14381563663482666
v27_seed3,171,1306.4682605160867,2899.964599609375,0.0,203,0,302.6600985221675,0.11572075635194778
v27_seed3,172,1346.49261466493,2900.134765625,0.0,188,0,326.8085106382979,0.139970600605011
v27_seed3,173,1302.7208959139311,2885.675537109375,0.0,208,0,295.38461538461536,0.12850061058998108
v27_seed3,174,1337.3048070807206,2897.0517578125,0.0,190,0,323.36842105263156,0.15796984732151031
v27_seed3,175,1361.5862088508793,3165.425048828125,0.0049261083743842365,203,1,302.6600985221675,0.12443588674068451
v27_seed3,176,1356.3797246271643,2897.892578125,0.0,199,0,308.7437185929648,0.1290528029203415
v27_seed3,177,1337.930000149474,2896.75048828125,0.0,196,0,313.46938775510205,0.13157206773757935
v27_seed3,178,1400.422172712243,2885.486083984375,0.0,184,0,333.9130434782609,0.13278397917747498
v27_seed3,179,1348.7990302853468,2900.084716796875,0.0,205,0,299.7073170731707,0.14084595441818237
v27_seed3,180,1385.7785217003889,2898.19287109375,0.0,217,0,283.1336405529954,0.12410518527030945
v27_seed3,181,1299.1699645233155,2897.75048828125,0.0,200,0,307.2,0.14400750398635864
v27_seed3,182,1356.5960659208752,2882.642333984375,0.0,210,0,292.57142857142856,0.16600793600082397
v27_seed3,183,1280.8418604141627,2900.8154296875,0.0,195,0,315.0769230769231,0.1013251543045044
v27_seed3,184,1200.3275676172736,2895.75048828125,0.0,227,0,270.66079295154185,0.11235678195953369
v27_seed3,185,1233.962995485628,2896.75048828125,0.0,219,0,280.54794520547944,0.09929686784744263
v27_seed3,186,1368.5892276154261,2901.045654296875,0.0,219,0,280.54794520547944,0.11062213033437729
v27_seed3,187,1350.6919550601906,2900.63525390625,0.0,211,0,291.18483412322274,0.10660110414028168
v27_seed3,188,1268.6928902378788,2897.962646484375,0.0,216,0,284.44444444444446,0.12612438201904297
v27_seed3,189,1270.3473921446043,2898.11279296875,0.0,214,0,287.10280373831773,0.12298215925693512
v27_seed3,190,1326.7076171735011,2895.75048828125,0.0,218,0,281.8348623853211,0.11933265626430511
v27_seed3,191,1288.7870211459622,2885.15576171875,0.0,202,0,304.15841584158414,0.10660278797149658
v27_seed3,192,1237.6414585377215,2879.75048828125,0.0,217,0,283.1336405529954,0.09734471142292023
v27_seed3,193,1334.376425394198,2879.75048828125,0.0,205,0,299.7073170731707,0.08950944989919662
v27_seed3,194,1265.2560502511483,2898.002685546875,0.0,216,0,284.44444444444446,0.0941758081316948
v27_seed3,195,1302.5366534651996,2882.212890625,0.0,214,0,287.10280373831773,0.11037037521600723
v27_seed3,196,1309.013468469292,2896.4912109375,0.0,227,0,270.66079295154185,0.09572097659111023
v27_seed3,197,1317.531751571163,2896.75048828125,0.0,217,0,283.1336405529954,0.07834415882825851
v27_seed3,198,1234.7177650188578,3524.75048828125,0.004310344827586207,232,1,264.82758620689657,0.12137596309185028
v27_seed3,199,1312.980371263292,3269.664306640625,0.004273504273504274,234,1,262.56410256410254,0.1123989075422287
v27_seed3,200,1289.9981358176783,2897.75048828125,0.0,228,0,269.4736842105263,0.10118243098258972
v27_seed3,201,1284.7694235646252,3270.364990234375,0.004405286343612335,227,1,270.66079295154185,0.0982416495680809
v27_seed3,202,1311.4760923083552,2863.75048828125,0.0,221,0,278.00904977375563,0.0908019095659256
v27_seed3,203,1239.776622790469,4204.58447265625,0.009569377990430622,209,2,293.9712918660287,0.10231176018714905
v27_seed3,204,1298.5679463425727,2884.6552734375,0.0,219,0,280.54794520547944,0.12437311559915543
v27_seed3,205,1301.3172882637477,2898.563232421875,0.0,219,0,280.54794520547944,0.0786096528172493
v27_seed3,206,1322.5597474801593,2901.95556640625,0.0,221,0,278.00904977375563,0.09211307018995285
v27_seed3,207,1257.699804980682,3557.63232421875,0.008733624454148471,229,2,268.29694323144105,0.09893707931041718
v27_seed3,208,1258.1681621446521,3179.4951171875,0.0045871559633027525,218,1,281.8348623853211,0.11144518852233887
v27_seed3,209,1323.9601885876848,2900.625244140625,0.0,223,0,275.5156950672646,0.06869132071733475
v27_seed3,210,1292.9100264833685,2883.67333984375,0.0,228,0,269.4736842105263,0.09480215609073639
v27_seed3,211,1281.054072380066,2898.15283203125,0.0,224,0,274.2857142857143,0.09409092366695404
v27_seed3,212,1264.9538013442157,2899.55419921875,0.0,237,0,259.24050632911394,0.09296788275241852
v27_seed3,213,1350.6265061633421,2867.99462890625,0.0,202,0,304.15841584158414,0.08380143344402313
v27_seed3,214,1261.8916890740938,2898.583251953125,0.0,219,0,280.54794520547944,0.09932198375463486
v27_seed3,215,1319.1828144822166,3587.75048828125,0.004672897196261682,214,1,287.10280373831773,0.09657468646764755
v27_seed3,216,1342.3727769302448,2900.264892578125,0.0,191,0,321.67539267015707,0.06894338876008987
v27_seed3,217,1349.8653871103186,3395.75048828125,0.00966183574879227,207,2,296.81159420289856,0.08377429842948914
v27_seed3,218,1378.1508695814346,2899.263916015625,0.0,216,0,284.44444444444446,0.07760000973939896
v27_seed3,219,1353.9588071649725,3268.643310546875,0.004545454545454545,220,1,279.27272727272725,0.09274481981992722
v27_seed3,220,1338.8477630615234,2898.4931640625,0.0,223,0,275.5156950672646,0.08115661144256592
v27_seed3,221,1336.4410257647114,3536.140869140625,0.004608294930875576,217,1,283.1336405529954,0.10246555507183075
v27_seed3,222,1368.7934605167602,3621.75048828125,0.01015228426395939,197,2,311.8781725888325,0.088274747133255
v27_seed3,223,1348.3394352565301,3440.4921875,0.009345794392523364,214,2,287.10280373831773,0.10329432785511017
v27_seed3,224,1360.2457589421954,3446.022705078125,0.004464285714285714,224,1,274.2857142857143,0.07394278049468994
v27_seed3,225,1390.3923787287467,3525.03173828125,0.00966183574879227,207,2,296.81159420289856,0.08058050274848938
v27_seed3,226,1394.2646121423222,3587.75048828125,0.009708737864077669,206,2,298.252427184466,0.06991593539714813
v27_seed3,227,1395.5405066651724,3620.47119140625,0.01092896174863388,183,2,335.73770491803276,0.08991800993680954
v27_seed3,228,1351.14550296844,3443.102783203125,0.015873015873015872,189,3,325.07936507936506,0.08123275637626648
v27_seed3,229,1345.2769827371114,3558.75048828125,0.01098901098901099,182,2,337.5824175824176,0.0908021628856659
v27_seed3,230,1292.525452041626,3188.425048828125,0.005,200,1,307.2,0.0906425416469574
v27_seed3,231,1342.4423987240714,2902.125732421875,0.0,187,0,328.5561497326203,0.10674017667770386
v27_seed3,232,1318.7887444632395,2933.03564453125,0.0,210,0,292.57142857142856,0.07840146869421005
v27_seed3,233,1406.467700979563,2898.39306640625,0.0,179,0,343.24022346368713,0.0784047394990921
v27_seed3,234,1362.0394748805725,2898.262939453125,0.0,194,0,316.70103092783506,0.09502582252025604
v27_seed3,235,1401.8939050470742,2943.75048828125,0.0,206,0,298.252427184466,0.09181703627109528
v27_seed3,236,1337.605376793594,3588.75048828125,0.010582010582010581,189,2,325.07936507936506,0.06993314623832703
v27_seed3,237,1385.8375280612852,3529.1728515625,0.00975609756097561,205,2,299.7073170731707,0.08676140010356903
v27_seed3,238,1454.8577258639866,3524.75048828125,0.016666666666666666,180,3,341.3333333333333,0.062023360282182693
v27_seed3,239,1423.1752964474376,3747.75048828125,0.0051813471502590676,193,1,318.3419689119171,0.07228630036115646
v27_seed3,240,1457.3998731986555,3526.212890625,0.021164021164021163,189,4,325.07936507936506,0.05281531810760498
v27_seed3,241,1471.183308783998,3438.382080078125,0.010638297872340425,188,2,326.8085106382979,0.06661605089902878
v27_seed3,242,1494.5634019546087,3715.75048828125,0.022099447513812154,181,4,339.4475138121547,0.09880049526691437
v27_seed3,243,1471.5848066819822,3270.31494140625,0.01092896174863388,183,2,335.73770491803276,0.06277333199977875
v27_seed3,244,1449.139335095043,3702.75244140625,0.02112676056338028,142,3,432.67605633802816,0.12170618027448654
v27_seed3,245,1426.373512150691,3619.75048828125,0.015384615384615385,195,3,315.0769230769231,0.06733504682779312
v27_seed3,246,1473.1060493344166,4307.23828125,0.03278688524590164,183,6,335.73770491803276,0.08942891657352448
v27_seed3,247,1361.709684202657,3619.75048828125,0.011834319526627219,169,2,363.55029585798815,0.06207271292805672
v27_seed3,248,1395.625659942627,3715.75048828125,0.021739130434782608,184,4,333.9130434782609,0.09759490191936493
v27_seed3,249,1334.6499638027615,3587.750732421875,0.022222222222222223,180,4,341.3333333333333,0.0812029093503952
v28_seed0,30,1524.3151719376847,4130.6533203125,0.10270270270270271,185,19,332.1081081081081,1.1847442388534546
v28_seed0,31,1498.3782387173053,4318.26806640625,0.0979381443298969,194,19,316.70103092783506,1.151136875152588
v28_seed0,32,1515.4744754645342,4133.5263671875,0.12021857923497267,183,22,335.73770491803276,1.1785359382629395
v28_seed0,33,1644.9527138374947,4867.88330078125,0.22297297297297297,148,33,415.13513513513516,1.141408920288086
v28_seed0,34,1664.6427656046549,4289.3017578125,0.20666666666666667,150,31,409.6,1.1295170783996582
v28_seed0,35,1660.2247439297762,4328.77685546875,0.24475524475524477,143,35,429.65034965034965,1.111427903175354
v28_seed0,36,1545.12696296938,4439.7685546875,0.2129032258064516,155,33,396.38709677419354,1.1701862812042236
v28_seed0,37,1599.5784855130353,4327.76513671875,0.20253164556962025,158,32,388.8607594936709,1.1446492671966553
v28_seed0,38,1699.5785154633174,4297.01904296875,0.2052980132450331,151,31,406.887417218543,1.0686664581298828
v28_seed0,39,1702.336591551904,4378.7734375,0.21768707482993196,147,32,417.9591836734694,1.0720360279083252
v28_seed0,40,1777.0568585917897,4264.3232421875,0.26277372262773724,137,36,448.46715328467155,1.0228559970855713
v28_seed0,41,1881.14978515625,4292.38134765625,0.272,125,34,491.52,1.0169594287872314
v28_seed0,42,2142.9875970217263,4484.77880859375,0.46534653465346537,101,47,608.3168316831683,0.9899662733078003
v28_seed0,43,2008.066648891994,4732.78564453125,0.36607142857142855,112,41,548.5714285714286,0.9239834547042847
v28_seed0,44,2195.7628634498233,4718.77734375,0.4,105,42,585.1428571428571,0.888347327709198
v28_seed0,45,2183.2122951968686,4321.38720703125,0.5714285714285714,91,52,675.1648351648352,0.9232607483863831
v28_seed0,46,2087.298465237759,4698.77001953125,0.48514851485148514,101,49,608.3168316831683,0.9042506217956543
v28_seed0,47,2474.2181230770643,4322.8193359375,0.5376344086021505,93,50,660.6451612903226,0.8824684023857117
v28_seed0,48,2571.4144753542814,4307.74853515625,0.5795454545454546,88,51,698.1818181818181,0.8856072425842285
v28_seed0,49,2590.848162596253,4366.42626953125,0.5977011494252874,87,52,706.2068965517242,0.8273640871047974
v28_seed0,50,2578.4529546381355,4444.2607421875,0.5824175824175825,91,53,675.1648351648352,0.8064727783203125
v28_seed0,51,2709.58331580784,4294.5810546875,0.5760869565217391,92,53,667.8260869565217,0.8408144116401672
v28_seed0,52,2561.35217171527,4312.64794921875,0.5638297872340425,94,53,653.6170212765958,0.8373505473136902
v28_seed0,53,2890.044309728286,4365.673828125,0.6470588235294118,85,55,722.8235294117648,0.8558729887008667
v28_seed0,54,2641.3701654193046,4321.63818359375,0.6436781609195402,87,56,706.2068965517242,0.8103291988372803
v28_seed0,55,2798.6197564768236,4319.3798828125,0.6744186046511628,86,58,714.4186046511628,0.789306640625
v28_seed0,56,2668.593817277388,4313.93798828125,0.625,88,55,698.1818181818181,0.8014427423477173
v28_seed0,57,2783.725341796875,4386.58837890625,0.6867469879518072,83,57,740.2409638554217,0.8057637810707092
v28_seed0,58,2706.5135767618817,4428.8798828125,0.6222222222222222,90,56,682.6666666666666,0.7840590476989746
v28_seed0,59,2817.804508806711,4311.1650390625,0.6626506024096386,83,55,740.2409638554217,0.758246660232544
v28_seed0,60,2797.9489735194616,4330.1650390625,0.6309523809523809,84,53,731.4285714285714,0.7696310877799988
v28_seed0,61,3154.481268717448,4711.92333984375,0.7733333333333333,75,58,819.2,0.7784270644187927
v28_seed0,62,3212.292244054094,4390.56103515625,0.7468354430379747,79,59,777.7215189873418,0.7459925413131714
v28_seed0,63,3246.8913217519785,4320.96875,0.7142857142857143,77,55,797.922077922078,0.6943668723106384
v28_seed0,64,3098.402554562217,4381.8154296875,0.7894736842105263,76,60,808.421052631579,0.7739837169647217
v28_seed0,65,3017.4082962427383,4363.64697265625,0.7435897435897436,78,58,787.6923076923077,0.808276891708374
v28_seed0,66,3032.187958556336,4706.72705078125,0.7792207792207793,77,60,797.922077922078,0.7500724792480469
v28_seed0,67,3077.4261561264225,4849.38330078125,0.7037037037037037,81,57,758.5185185185185,0.727983295917511
v28_seed0,68,2893.9308549790157,4354.521484375,0.6904761904761905,84,58,731.4285714285714,0.6991214752197266
v28_seed0,69,3097.0044436764406,4359.45849609375,0.7142857142857143,77,55,797.922077922078,0.745257556438446
v28_seed0,70,2868.9957998770255,4322.0302734375,0.691358024691358,81,56,758.5185185185185,0.6882297992706299
v28_seed0,71,2966.1436971028647,4879.43701171875,0.7435897435897436,78,58,787.6923076923077,0.7276706695556641
v28_seed0,72,2689.0032422517475,4317.5185546875,0.5578947368421052,95,53,646.7368421052631,0.7300487756729126
v28_seed0,73,3230.664826221955,4321.6181640625,0.7051282051282052,78,55,787.6923076923077,0.6555110216140747
v28_seed0,74,3210.351340332031,4335.38623046875,0.7733333333333333,75,58,819.2,0.7195127606391907
v28_seed0,75,2991.6155014038086,4319.96875,0.8333333333333334,72,60,853.3333333333334,0.6936545372009277
v28_seed0,76,3037.9568693909464,4361.99560546875,0.7215189873417721,79,57,777.7215189873418,0.721470057964325
v28_seed0,77,2983.627839355469,4546.1103515625,0.7866666666666666,75,59,819.2,0.7010599970817566
v28_seed0,78,2765.347662062872,4405.65576171875,0.6785714285714286,84,57,731.4285714285714,0.6763695478439331
v28_seed0,79,3157.179539730674,4706.27734375,0.75,76,57,808.421052631579,0.6094264984130859
v28_seed0,80,3227.2848084278594,4317.73828125,0.7564102564102564,78,59,787.6923076923077,0.5908538103103638
v28_seed0,81,3526.2614534166123,4704.66748046875,0.8194444444444444,72,59,853.3333333333334,0.5945241451263428
v28_seed0,82,2949.8013478973767,4389.13720703125,0.691358024691358,81,56,758.5185185185185,0.6212165951728821
v28_seed0,83,3128.924567464193,4599.044921875,0.7733333333333333,75,58,819.2,0.6020442843437195
v28_seed0,84,3472.3721313476562,4713.53662109375,0.8571428571428571,70,60,877.7142857142857,0.587020754814148
v28_seed0,85,3662.0665110118352,4732.7861328125,0.8955223880597015,67,60,917.0149253731344,0.5175796747207642
v28_seed0,86,3499.9167872186918,4874.017578125,0.8656716417910447,67,58,917.0149253731344,0.5139312744140625
v28_seed0,87,2968.496501404562,4696.0478515625,0.7160493827160493,81,58,758.5185185185185,0.5218056440353394
v28_seed0,88,3437.9094985278684,4404.8212890625,0.8507462686567164,67,57,917.0149253731344,0.5390932559967041
v28_seed0,89,3274.5579367501396,4364.85009765625,0.8285714285714286,70,58,877.7142857142857,0.48165571689605713
v28_seed0,90,3080.678576325717,4405.8212890625,0.7945205479452054,73,58,841.6438356164383,0.4927564263343811
v28_seed0,91,3246.180923461914,4403.79931640625,0.7763157894736842,76,59,808.421052631579,0.5035149455070496
v28_seed0,92,3293.9617135736007,4366.169921875,0.7468354430379747,79,59,777.7215189873418,0.4771774411201477
v28_seed0,93,3410.1810888671876,4403.7939453125,0.7866666666666666,75,59,819.2,0.5163511633872986
v28_seed0,94,2718.918883905178,4403.8017578125,0.7073170731707317,82,58,749.2682926829268,0.49844861030578613
v28_seed0,95,3059.8572731555346,4714.02734375,0.8309859154929577,71,59,865.3521126760563,0.4748407006263733
v28_seed0,96,3359.9830058083608,4403.81982421875,0.8955223880597015,67,60,917.0149253731344,0.44245660305023193
v28_seed0,97,2804.8647129388505,4605.11083984375,0.7160493827160493,81,58,758.5185185185185,0.46032458543777466
v28_seed0,98,2995.314602500514,4451.60595703125,0.7631578947368421,76,58,808.421052631579,0.4336245656013489
v28_seed0,99,3216.1801684570314,4875.10546875,0.76,75,57,819.2,0.48134565353393555
v28_seed0,100,3054.5035443987167,4716.54443359375,0.8571428571428571,70,60,877.7142857142857,0.45436084270477295
v28_seed0,101,3013.5460867745537,4602.70751953125,0.8,70,56,877.7142857142857,0.397043913602829
v28_seed0,102,3184.9158593932193,4703.94580078125,0.8656716417910447,67,58,917.0149253731344,0.4120718538761139
v28_seed0,103,3268.05905538892,4996.81494140625,0.9523809523809523,63,60,975.2380952380952,0.4406871199607849
v28_seed0,104,2958.080057480756,4595.9404296875,0.8382352941176471,68,57,903.5294117647059,0.45387953519821167
v28_seed0,105,2913.1105479045086,4714.6240234375,0.6867469879518072,83,57,740.2409638554217,0.3826230466365814
v28_seed0,106,3081.3564870733962,4562.59716796875,0.75,76,57,808.421052631579,0.39815956354141235
v28_seed0,107,2977.1920605171017,4713.2060546875,0.7073170731707317,82,58,749.2682926829268,0.3617625832557678
v28_seed0,108,3082.07900117573,4718.16455078125,0.7631578947368421,76,58,808.421052631579,0.35009247064590454
v28_seed0,109,3027.0955951397236,4707.66845703125,0.7435897435897436,78,58,787.6923076923077,0.32690972089767456
v28_seed0,110,3075.5279342849535,4738.333984375,0.7402597402597403,77,57,797.922077922078,0.3564625680446625
v28_seed0,111,2880.515882946196,4406.00439453125,0.6666666666666666,84,56,731.4285714285714,0.3496222496032715
v28_seed0,112,3060.988606017313,4870.33935546875,0.7037037037037037,81,57,758.5185185185185,0.30731090903282166
v28_seed0,113,2831.3823137981135,4717.08056640625,0.6829268292682927,82,56,749.2682926829268,0.3189893960952759
v28_seed0,114,3099.1880551993127,4404.8212890625,0.7108433734939759,83,59,740.2409638554217,0.2933270037174225
v28_seed0,115,2677.801449659394,4722.71337890625,0.7317073170731707,82,60,749.2682926829268,0.3268197178840637
v28_seed0,116,2567.7856260935464,4871.07958984375,0.5520833333333334,96,53,640.0,0.29094189405441284
v28_seed0,117,2611.090965270996,4404.81591796875,0.5520833333333334,96,53,640.0,0.30046510696411133
v28_seed0,118,2536.006740154606,4599.1064453125,0.504950495049505,101,51,608.3168316831683,0.30571264028549194
v28_seed0,119,2733.173523702739,4708.83740234375,0.691358024691358,81,56,758.5185185185185,0.28346237540245056
v28_seed0,120,2585.225299750434,4704.89697265625,0.6222222222222222,90,56,682.6666666666666,0.2875784635543823
v28_seed0,121,2880.150851092761,4706.77001953125,0.7215189873417721,79,57,777.7215189873418,0.28698843717575073
v28_seed0,122,2721.89286222912,4407.90869140625,0.6904761904761905,84,58,731.4285714285714,0.3252221941947937
v28_seed0,123,2644.0991182549055,4596.27734375,0.6395348837209303,86,55,714.4186046511628,0.29037702083587646
v28_seed0,124,2863.8234069167925,4548.90087890625,0.6344086021505376,93,59,660.6451612903226,0.29878556728363037
v28_seed0,125,2390.863686879476,4704.9873046875,0.5625,96,54,640.0,0.277490496635437
v28_seed0,126,2682.147971911308,4715.6884765625,0.7051282051282052,78,55,787.6923076923077,0.2781675159931183
v28_seed0,127,2735.51100822117,4523.109375,0.5978260869565217,92,55,667.8260869565217,0.2937694787979126
v28_seed0,128,2438.905835445796,4407.544921875,0.4953271028037383,107,53,574.2056074766355,0.28469201922416687
v28_seed0,129,2351.9952588351266,4550.916015625,0.4716981132075472,106,50,579.622641509434,0.23812401294708252
v28_seed0,130,2551.065447218875,4519.2890625,0.5851063829787234,94,55,653.6170212765958,0.27805331349372864
v28_seed0,131,2418.859923723832,4706.23828125,0.47572815533980584,103,49,596.504854368932,0.2505492568016052
v28_seed0,132,2330.464854313777,4407.1748046875,0.5096153846153846,104,53,590.7692307692307,0.25598299503326416
v28_seed0,133,2614.310540335519,4432.046875,0.6428571428571429,84,54,731.4285714285714,0.24637314677238464
v28_seed0,134,2416.9918654421544,4439.9814453125,0.5531914893617021,94,52,653.6170212765958,0.24965713918209076
v28_seed0,135,2599.180032078224,4406.70068359375,0.6962025316455697,79,55,777.7215189873418,0.22112953662872314
v28_seed0,136,2204.3047682989213,4361.46337890625,0.49523809523809526,105,52,585.1428571428571,0.2327033132314682
v28_seed0,137,2565.9969374338784,4403.8193359375,0.5104166666666666,96,49,640.0,0.20980122685432434
v28_seed0,138,2509.5326336799785,4597.681640625,0.6063829787234043,94,57,653.6170212765958,0.2059122622013092
v28_seed0,139,2218.706326120268,4705.86328125,0.3333333333333333,123,41,499.5121951219512,0.18973153829574585
v28_seed0,140,2488.378374966708,4386.17431640625,0.5454545454545454,99,54,620.6060606060606,0.19865605235099792
v28_seed0,141,2616.2323366940677,4403.8037109375,0.5934065934065934,91,54,675.1648351648352,0.20258736610412598
v28_seed0,142,2341.0572276597613,4520.26806640625,0.6067415730337079,89,54,690.3370786516854,0.1868935227394104
v28_seed0,143,2349.134268701604,4608.67578125,0.4247787610619469,113,48,543.7168141592921,0.19077706336975098
v28_seed0,144,2342.624311244234,4866.54931640625,0.5319148936170213,94,50,653.6170212765958,0.20017153024673462
v28_seed0,145,2317.203980819039,4597.71044921875,0.532608695652174,92,49,667.8260869565217,0.1700638234615326
v28_seed0,146,2096.8688930108297,4502.33251953125,0.3333333333333333,123,41,499.5121951219512,0.19529777765274048
v28_seed0,147,2247.609001879422,4361.53369140625,0.4528301886792453,106,48,579.622641509434,0.16337761282920837
v28_seed0,148,2108.056062342757,4484.7626953125,0.3644067796610169,118,43,520.6779661016949,0.1799784004688263
v28_seed0,149,2400.103204345703,4871.48828125,0.6125,80,49,768.0,0.1873096376657486
v28_seed0,150,2339.6345448213465,4403.81640625,0.45098039215686275,102,46,602.3529411764706,0.162802591919899
v28_seed0,151,2344.740965393768,4404.80322265625,0.5862068965517241,87,51,706.2068965517242,0.1333388090133667
v28_seed0,152,2186.704781367861,4407.1376953125,0.33620689655172414,116,39,529.6551724137931,0.1444130390882492
v28_seed0,153,2525.156751679211,4711.0078125,0.6097560975609756,82,50,749.2682926829268,0.1089240163564682
v28_seed0,154,2184.096384300376,4514.02734375,0.46226415094339623,106,49,579.622641509434,0.13227349519729614
v28_seed0,155,2094.4366548084076,4406.5205078125,0.4666666666666667,105,49,585.1428571428571,0.11658646911382675
v28_seed0,156,2483.1271640777586,4406.5009765625,0.65,80,52,768.0,0.15573640167713165
v28_seed0,157,2217.7346092763573,4403.80615234375,0.46464646464646464,99,46,620.6060606060606,0.15135134756565094
v28_seed0,158,2278.6012847277584,4602.46826171875,0.46938775510204084,98,46,626.9387755102041,0.10878955572843552
v28_seed0,159,2029.223135662894,4404.81396484375,0.37606837606837606,117,44,525.1282051282051,0.12074996531009674
v28_seed0,160,2188.3766705322264,4317.36865234375,0.36,100,36,614.4,0.14237311482429504
v28_seed0,161,2061.250344209893,4359.98974609375,0.21705426356589147,129,28,476.27906976744185,0.10742902755737305
v28_seed0,162,2200.4779357910156,4520.69775390625,0.23076923076923078,130,30,472.61538461538464,0.11925362050533295
v28_seed0,163,2129.102308485243,4613.150390625,0.3333333333333333,126,42,487.6190476190476,0.11092856526374817
v28_seed0,164,2248.09204321509,4716.5654296875,0.42342342342342343,111,47,553.5135135135135,0.12468083947896957
v28_seed0,165,2010.7796275212215,4404.7958984375,0.3076923076923077,130,40,472.61538461538464,0.08239979296922684
v28_seed0,166,2045.2431658576515,4600.2900390625,0.27205882352941174,136,37,451.7647058823529,0.09220996499061584
v28_seed0,167,2032.0821631295341,4891.4814453125,0.3482142857142857,112,39,548.5714285714286,0.10851328819990158
v28_seed0,168,2216.831336291083,4612.77734375,0.27586206896551724,145,40,423.7241379310345,0.0894773080945015
v28_seed0,169,1761.539411438836,4810.5546875,0.2847222222222222,144,41,426.6666666666667,0.08636932820081711
v28_seed0,170,1726.3670828683037,4319.03857421875,0.18857142857142858,175,33,351.0857142857143,0.07372747361660004
v28_seed0,171,1882.7421358548677,4360.140625,0.24475524475524477,143,35,429.65034965034965,0.100760817527771
v28_seed0,172,1576.1153651506472,4405.86669921875,0.23717948717948717,156,37,393.84615384615387,0.12440703809261322
v28_seed0,173,1579.4452403761586,4403.77880859375,0.18012422360248448,161,29,381.6149068322981,0.10173994302749634
v28_seed0,174,1656.0978016756019,4404.79541015625,0.19047619047619047,147,28,417.9591836734694,0.14990432560443878
v28_seed0,175,1615.4325241913666,4295.01220703125,0.18243243243243243,148,27,415.13513513513516,0.0920843854546547
v28_seed0,176,1570.9598411849781,4317.9990234375,0.1962025316455696,158,31,388.8607594936709,0.0844525545835495
v28_seed0,177,1537.1051381429036,4545.77001953125,0.15384615384615385,156,24,393.84615384615387,0.14317646622657776
v28_seed0,178,1468.2411126752272,4359.04541015625,0.1347517730496454,141,19,435.74468085106383,0.13488712906837463
v28_seed0,179,1057.7472103158223,3966.732421875,0.05154639175257732,194,10,316.70103092783506,0.11139579117298126
v28_seed0,180,1027.2182900656217,4316.67041015625,0.016736401673640166,239,4,257.07112970711296,0.0763610303401947
v28_seed0,181,1237.3862647784533,4865.7080078125,0.047337278106508875,169,8,363.55029585798815,0.07136492431163788
v28_seed0,182,1263.642006967582,3387.1328125,0.00980392156862745,204,2,301.1764705882353,0.08597377687692642
v28_seed0,183,953.804731473641,3685.662353515625,0.02531645569620253,237,6,259.24050632911394,0.08258314430713654
v28_seed0,184,1124.2445515734084,4098.15087890625,0.03404255319148936,235,8,261.4468085106383,0.08827248215675354
v28_seed0,185,1229.503139817571,4285.39111328125,0.03614457831325301,166,6,370.12048192771084,0.10040085017681122
v28_seed0,186,1171.351040047659,3734.75146484375,0.014084507042253521,142,2,432.67605633802816,0.06379402428865433
v28_seed0,187,1115.0648459598935,3442.362060546875,0.027586206896551724,145,4,423.7241379310345,0.0817280262708664
v28_seed0,188,977.9010745650487,3203.804443359375,0.0070921985815602835,141,1,435.74468085106383,0.06723522394895554
v28_seed0,189,1106.1284543169222,3446.103759765625,0.008130081300813009,123,1,499.5121951219512,0.06382465362548828
v28_seed0,190,1106.7777688455262,4135.7158203125,0.013422818791946308,149,2,412.3489932885906,0.0637982189655304
v28_seed0,191,1166.3083404980118,3594.892578125,0.02877697841726619,139,4,442.0143884892086,0.06761716306209564
v28_seed0,192,1123.2063295143084,3110.23583984375,0.0,181,0,339.4475138121547,0.08049264550209045
v28_seed0,193,1234.0679586501349,3734.2119140625,0.011904761904761904,168,2,365.7142857142857,0.11662375926971436
v28_seed0,194,1107.909024647304,3267.652587890625,0.005952380952380952,168,1,365.7142857142857,0.09387033432722092
v28_seed0,195,1205.8562110813184,4125.75341796875,0.028735632183908046,174,5,353.1034482758621,0.08371251821517944
v28_seed0,196,1108.7425850223256,3445.533447265625,0.011560693641618497,173,2,355.1445086705202,0.08323383331298828
v28_seed0,197,993.4307625906808,3210.565185546875,0.007142857142857143,140,1,438.85714285714283,0.05827794224023819
v28_seed0,198,911.6233662350077,2522.982666015625,0.0,142,0,432.67605633802816,0.0554911307990551
v28_seed0,199,971.8792886476259,2912.75048828125,0.0,148,0,415.13513513513516,0.06808561831712723
v28_seed0,200,928.3029134576971,2687.412109375,0.0,110,0,558.5454545454545,0.040435370057821274
v28_seed0,201,999.1610854630618,2799.75048828125,0.0,97,0,633.4020618556701,0.05554880201816559
v28_seed0,202,943.9609016690936,2176.771484375,0.0,112,0,548.5714285714286,0.07893692702054977
v28_seed0,203,849.1361762152778,2305.75048828125,0.0,99,0,620.6060606060606,0.04228480905294418
v28_seed0,204,988.0116842394677,2175.75048828125,0.0,107,0,574.2056074766355,0.06215856969356537
v28_seed0,205,1028.0116912243413,3307.75048828125,0.00980392156862745,102,1,602.3529411764706,0.07994268834590912
v28_seed0,206,912.5667216837907,2895.750732421875,0.0,119,0,516.3025210084033,0.08882807195186615
v28_seed0,207,1008.1934290824177,3411.75048828125,0.014388489208633094,139,2,442.0143884892086,0.06813795864582062
v28_seed0,208,1038.9497084281813,3779.75048828125,0.007042253521126761,142,1,432.67605633802816,0.07404579967260361
v28_seed0,209,1159.3764356825086,2863.75048828125,0.0,180,0,341.3333333333333,0.07063210010528564
v28_seed0,210,1121.5977659225464,2898.8134765625,0.0,208,0,295.38461538461536,0.11612462997436523
v28_seed0,211,1099.335179974956,3436.97265625,0.013824884792626729,217,3,283.1336405529954,0.12329084426164627
v28_seed0,212,1043.149208438554,2692.486083984375,0.0,227,0,270.66079295154185,0.09644158184528351
v28_seed0,213,1017.2267976342177,2209.07666015625,0.0,205,0,299.7073170731707,0.15900173783302307
v28_seed0,214,1015.0658680097706,3005.11572265625,0.0,197,0,311.8781725888325,0.13943681120872498
v28_seed0,215,1088.440089718731,3429.343017578125,0.004830917874396135,207,1,296.81159420289856,0.1376926600933075
v28_seed0,216,1051.4457165229612,2323.03369140625,0.0,205,0,299.7073170731707,0.13023361563682556
v28_seed0,217,1094.8270130335727,2322.29296875,0.0,214,0,287.10280373831773,0.10640223324298859
v28_seed0,218,1052.223690423733,2879.75048828125,0.0,205,0,299.7073170731707,0.12700003385543823
v28_seed0,219,1117.2084164089626,3255.264892578125,0.004273504273504274,234,1,262.56410256410254,0.12216643989086151
v28_seed0,220,938.4374452816543,2322.99365234375,0.0,186,0,330.3225806451613,0.10879965871572495
v28_seed0,221,1035.4552529945533,2322.55322265625,0.0,239,0,257.07112970711296,0.12245871871709824
v28_seed0,222,1102.6084063004473,2867.15380859375,0.0,196,0,313.46938775510205,0.09959027171134949
v28_seed0,223,982.5796035963067,2324.845458984375,0.0,233,0,263.6909871244635,0.10646820813417435
v28_seed0,224,1028.3600712235357,2322.7734375,0.0,231,0,265.97402597402595,0.08836600929498672
v28_seed0,225,1045.2361418719784,2537.506103515625,0.0,223,0,275.5156950672646,0.1033809706568718
v28_seed0,226,1080.4327541650166,2698.467041015625,0.0,217,0,283.1336405529954,0.09205009788274765
v28_seed0,227,1099.0112771698923,2880.291015625,0.0,231,0,265.97402597402595,0.11134785413742065
v28_seed0,228,1080.511293153505,2519.845458984375,0.0,222,0,276.7567567567568,0.08095631003379822
v28_seed0,229,1026.7736930503502,3268.333251953125,0.0045045045045045045,222,1,276.7567567567568,0.0922597348690033
v28_seed0,230,1081.743709252805,2520.91650390625,0.0,196,0,313.46938775510205,0.11629634350538254
v28_seed0,231,1113.6261895613236,3179.284912109375,0.004545454545454545,220,1,279.27272727272725,0.10359720885753632
v28_seed0,232,986.3576253030152,2319.75048828125,0.0,226,0,271.85840707964604,0.10198812931776047
v28_seed0,233,953.7050724920825,2688.525146484375,0.0,214,0,287.10280373831773,0.0803523063659668
v28_seed0,234,1058.5540462184597,2547.51416015625,0.0,222,0,276.7567567567568,0.10679206252098083
v28_seed0,235,904.6967804311314,2868.124755859375,0.0,257,0,239.06614785992218,0.09221997112035751
v28_seed0,236,939.8641652808999,2522.60546875,0.0,265,0,231.8490566037736,0.09267820417881012
v28_seed0,237,920.6035559850794,2540.27587890625,0.0,262,0,234.50381679389312,0.07111357152462006
v28_seed0,238,963.2602157947629,2545.602294921875,0.0,215,0,285.7674418604651,0.09398798644542694
v28_seed0,239,983.0634699906453,2525.983642578125,0.0,202,0,304.15841584158414,0.082218237221241
v28_seed0,240,1005.7784272527896,2544.75048828125,0.0,237,0,259.24050632911394,0.10049267113208771
v28_seed0,241,1012.7849375152588,2178.022705078125,0.0,200,0,307.2,0.1314595341682434
v28_seed0,242,1035.447089929149,2310.8173828125,0.0,243,0,252.8395061728395,0.10298383235931396
v28_seed0,243,941.9408660315572,2335.75048828125,0.0,213,0,288.4507042253521,0.12730304896831512
v28_seed0,244,961.5758652423494,2532.143798828125,0.0,199,0,308.7437185929648,0.1118062362074852
v28_seed0,245,902.8637913083567,3428.453125,0.009708737864077669,103,1,596.504854368932,0.11292101442813873
v28_seed0,246,926.0981178283691,2180.6953125,0.0,136,0,451.7647058823529,0.10021078586578369
v28_seed0,247,841.7620094245207,2129.75048828125,0.0,141,0,435.74468085106383,0.09711867570877075
v28_seed0,248,858.114142116112,2319.75048828125,0.0,158,0,388.8607594936709,0.0660821869969368
v28_seed0,249,940.1595199281807,2521.291015625,0.0,151,0,406.887417218543,0.08830080926418304
v28_seed1,30,1403.6870939835258,4155.97314453125,0.1358695652173913,184,25,333.9130434782609,1.1501998901367188
v28_seed1,31,1574.5855318329038,4284.841796875,0.17159763313609466,169,29,363.55029585798815,1.174413800239563
v28_seed1,32,1685.1191953834912,4709.9326171875,0.24113475177304963,141,34,435.74468085106383,1.1961036920547485
v28_seed1,33,1716.413833618164,4297.97119140625,0.2080536912751678,149,31,412.3489932885906,1.1515774726867676
v28_seed1,34,1686.990238833737,4152.37353515625,0.21428571428571427,154,33,398.961038961039,1.1053595542907715
v28_seed1,35,1896.1948940070101,4315.6982421875,0.2868217054263566,129,37,476.27906976744185,1.0867832899093628
v28_seed1,36,1715.3565140909222,4528.880859375,0.291044776119403,134,39,458.5074626865672,1.1220518350601196
v28_seed1,37,2097.480348568871,4404.78173828125,0.42857142857142855,105,45,585.1428571428571,1.1137287616729736
v28_seed1,38,1817.1220448420597,4370.7646484375,0.3153846153846154,130,41,472.61538461538464,1.077926516532898
v28_seed1,39,1884.6074696478443,4244.62060546875,0.4392523364485981,107,47,574.2056074766355,1.0506980419158936
v28_seed1,40,2113.265770612444,4319.83154296875,0.47619047619047616,105,50,585.1428571428571,1.0784785747528076
v28_seed1,41,2184.682279134534,4317.5986328125,0.5051546391752577,97,49,633.4020618556701,1.0370635986328125
v28_seed1,42,2399.5804865026985,4522.04345703125,0.5591397849462365,93,52,660.6451612903226,1.0331330299377441
v28_seed1,43,2037.1164228265936,4347.71044921875,0.625,88,55,698.1818181818181,0.9959664344787598
v28_seed1,44,2105.027361691653,4404.775390625,0.6263736263736264,91,57,675.1648351648352,1.0392091274261475
v28_seed1,45,2197.6454514294137,4349.5166015625,0.6707317073170732,82,55,749.2682926829268,1.027801752090454
v28_seed1,46,2414.2917954818063,4315.33056640625,0.5978260869565217,92,55,667.8260869565217,0.964999794960022
v28_seed1,47,2432.522025119053,4404.798828125,0.6067415730337079,89,54,690.3370786516854,0.9238052368164062
v28_seed1,48,3143.4751697887073,4403.7998046875,0.8939393939393939,66,59,930.9090909090909,0.9578908681869507
v28_seed1,49,2442.040667967363,4369.10791015625,0.5909090909090909,88,52,698.1818181818181,0.9286230802536011
v28_seed1,50,2646.927412751433,4430.3720703125,0.7402597402597403,77,57,797.922077922078,0.895794153213501
v28_seed1,51,2637.0028317473657,4437.79296875,0.6744186046511628,86,58,714.4186046511628,0.8054593205451965
v28_seed1,52,3052.2840052065644,4451.4326171875,0.855072463768116,69,59,890.4347826086956,0.8946885466575623
v28_seed1,53,2736.621145506163,4438.91162109375,0.7972972972972973,74,59,830.2702702702703,0.8359777927398682
v28_seed1,54,2776.139118248308,4436.1103515625,0.7887323943661971,71,56,865.3521126760563,0.8197647333145142
v28_seed1,55,2867.4978251737707,4404.78466796875,0.8676470588235294,68,59,903.5294117647059,0.8735888004302979
v28_seed1,56,3275.817650349935,4403.7998046875,0.9833333333333333,60,59,1024.0,0.7946162819862366
v28_seed1,57,2879.956485577484,4403.796875,0.8507462686567164,67,57,917.0149253731344,0.814673662185669
v28_seed1,58,3046.5522587299347,4717.14501953125,0.90625,64,58,960.0,0.7751920223236084
v28_seed1,59,3059.0911371707916,4439.5107421875,0.921875,64,59,960.0,0.7398760318756104
v28_seed1,60,2910.902147565569,4403.80517578125,0.9365079365079365,63,59,975.2380952380952,0.6450783014297485
v28_seed1,61,2983.1663473160543,4437.07470703125,0.9508196721311475,61,58,1007.2131147540983,0.7074071764945984
v28_seed1,62,2869.233482837677,4678.08154296875,0.875,64,56,960.0,0.6949124932289124
v28_seed1,63,2841.0422315597534,4607.30810546875,0.90625,64,58,960.0,0.7086088061332703
v28_seed1,64,2746.4573706993688,4597.76025390625,0.9076923076923077,65,59,945.2307692307693,0.5633987188339233
v28_seed1,65,3081.468203011206,4604.2890625,1.0,59,59,1041.3559322033898,0.5685617923736572
v28_seed1,66,3181.2268692275225,4707.0927734375,1.0,59,60,1041.3559322033898,0.5959475040435791
v28_seed1,67,3284.436772184552,4344.4716796875,1.0,53,60,1159.245283018868,0.6419311761856079
v28_seed1,68,2861.134082191869,4621.5185546875,1.0,57,60,1077.8947368421052,0.6184744834899902
v28_seed1,69,2972.6875205204406,4601.26806640625,0.9827586206896551,58,57,1059.3103448275863,0.5776110887527466
v28_seed1,70,3005.9048630934494,4712.18310546875,0.8923076923076924,65,58,945.2307692307693,0.6116015911102295
v28_seed1,71,2941.276594543457,4720.70361328125,1.0,60,60,1024.0,0.5603162050247192
v28_seed1,72,3166.3552519699624,4603.181640625,1.0,58,58,1059.3103448275863,0.6093438863754272
v28_seed1,73,3017.930320046165,4887.61181640625,1.0,55,59,1117.090909090909,0.5872732400894165
v28_seed1,74,3236.13415035959,4862.8994140625,1.0,59,60,1041.3559322033898,0.5821689963340759
v28_seed1,75,2752.5550537109375,4862.7822265625,0.8208955223880597,67,55,917.0149253731344,0.5559171438217163
v28_seed1,76,2759.129129900251,4711.44287109375,0.8,70,56,877.7142857142857,0.5431485176086426
v28_seed1,77,2626.7845452152083,4877.5595703125,0.8805970149253731,67,59,917.0149253731344,0.4792954623699188
v28_seed1,78,3069.7974065965223,4729.77294921875,0.9516129032258065,62,59,990.9677419354839,0.49396759271621704
v28_seed1,79,2956.7242572118366,4866.32666015625,0.9206349206349206,63,58,975.2380952380952,0.5014239549636841
v28_seed1,80,2600.6201889514923,4873.50830078125,0.921875,64,59,960.0,0.4809170961380005
v28_seed1,81,2913.425543613121,4730.7119140625,0.9672131147540983,61,59,1007.2131147540983,0.5016595721244812
v28_seed1,82,3158.472397395543,4885.78564453125,1.0,56,59,1097.142857142857,0.5007346272468567
v28_seed1,83,3165.2173194362695,4883.357421875,0.7671232876712328,73,56,841.6438356164383,0.4587804675102234
v28_seed1,84,2995.757980145906,4878.607421875,0.75,76,57,808.421052631579,0.40038880705833435
v28_seed1,85,3179.662066607408,4858.3564453125,0.8450704225352113,71,60,865.3521126760563,0.4297354519367218
v28_seed1,86,3402.6508583858094,4714.3134765625,1.0,58,58,1059.3103448275863,0.37512531876564026
v28_seed1,87,3268.9384803771973,4704.5029296875,0.890625,64,57,960.0,0.3620402216911316
v28_seed1,88,3306.3413795702386,4863.29638671875,0.9090909090909091,66,60,930.9090909090909,0.3869016766548157
v28_seed1,89,3310.8777412746263,4872.15673828125,0.855072463768116,69,59,890.4347826086956,0.32868900895118713
v28_seed1,90,3216.2108387802587,4995.806640625,0.8484848484848485,66,56,930.9090909090909,0.38451656699180603
v28_seed1,91,3338.869011341442,4875.45849609375,1.0,55,60,1117.090909090909,0.3740464746952057
v28_seed1,92,3505.1534322102866,5464.97216796875,0.9090909090909091,66,60,930.9090909090909,0.3686610162258148
v28_seed1,93,3626.185312740138,4872.5771484375,0.9672131147540983,61,59,1007.2131147540983,0.3601114749908447
v28_seed1,94,3513.2698845297605,4863.947265625,0.9152542372881356,59,54,1041.3559322033898,0.4175502061843872
v28_seed1,95,3594.80779838562,4717.9638671875,0.9375,64,60,960.0,0.3805183470249176
v28_seed1,96,3510.4092298235214,4870.3896484375,0.8285714285714286,70,58,877.7142857142857,0.3380933403968811
v28_seed1,97,2646.9355533306416,4875.7978515625,0.7051282051282052,78,55,787.6923076923077,0.3788761794567108
v28_seed1,98,2431.2924300745913,4721.77734375,0.7368421052631579,76,56,808.421052631579,0.30375826358795166
v28_seed1,99,3029.6525613363688,4715.4921875,0.7402597402597403,77,57,797.922077922078,0.30377909541130066
v28_seed1,100,3221.730379441205,4873.87744140625,0.8823529411764706,68,60,903.5294117647059,0.3428145945072174
v28_seed1,101,3047.768986577573,5400.06884765625,0.7681159420289855,69,53,890.4347826086956,0.3380820155143738
v28_seed1,102,2885.221705183198,4868.73828125,0.7341772151898734,79,58,777.7215189873418,0.30938851833343506
v28_seed1,103,3207.49237203598,4897.78564453125,0.828125,64,53,960.0,0.26271140575408936
v28_seed1,104,3275.680073765346,4864.91845703125,0.8285714285714286,70,58,877.7142857142857,0.31045323610305786
v28_seed1,105,2978.286424294496,4873.4873046875,0.7435897435897436,78,58,787.6923076923077,0.3402784466743469
v28_seed1,106,3305.91934114344,4869.388671875,0.8529411764705882,68,58,903.5294117647059,0.29431116580963135
v28_seed1,107,3049.059257617895,5322.80517578125,0.8405797101449275,69,58,890.4347826086956,0.3043937683105469
v28_seed1,108,3594.5609220064603,4883.4365234375,0.8923076923076924,65,58,945.2307692307693,0.30722302198410034
v28_seed1,109,3437.9482065836587,4860.20654296875,0.8939393939393939,66,59,930.9090909090909,0.29589980840682983
v28_seed1,110,3382.766578351948,4851.41748046875,0.8169014084507042,71,58,865.3521126760563,0.2897232174873352
v28_seed1,111,3301.450261813491,4870.4873046875,0.8507462686567164,67,57,917.0149253731344,0.3387492299079895
v28_seed1,112,3157.6332520323913,4857.8466796875,0.7532467532467533,77,58,797.922077922078,0.2598944902420044
v28_seed1,113,3044.775466071235,4874.58642578125,0.8055555555555556,72,58,853.3333333333334,0.3069935739040375
v28_seed1,114,2655.1300985874273,4871.6884765625,0.7307692307692307,78,57,787.6923076923077,0.30293142795562744
v28_seed1,115,2742.49847946167,4866.3994140625,0.725,80,58,768.0,0.30975833535194397
v28_seed1,116,2700.7157541910806,4870.3779296875,0.6547619047619048,84,55,731.4285714285714,0.27525949478149414
v28_seed1,117,2707.922900860126,4870.6171875,0.717948717948718,78,56,787.6923076923077,0.26852789521217346
v28_seed1,118,2847.698331298828,4865.77783203125,0.7866666666666666,75,59,819.2,0.26314592361450195
v28_seed1,119,2674.882988685785,4868.5166015625,0.6395348837209303,86,55,714.4186046511628,0.27324312925338745
v28_seed1,120,2608.8198948395557,4879.77783203125,0.7564102564102564,78,59,787.6923076923077,0.2200205773115158
v28_seed1,121,2639.017059326172,4886.7880859375,0.6941176470588235,85,59,722.8235294117648,0.26368701457977295
v28_seed1,122,3041.70799123505,4874.8369140625,0.7037037037037037,81,57,758.5185185185185,0.2665035128593445
v28_seed1,123,2652.431248715049,4868.4365234375,0.75,76,57,808.421052631579,0.2763665020465851
v28_seed1,124,2691.084660456731,4875.15673828125,0.5824175824175825,91,53,675.1648351648352,0.2515864074230194
v28_seed1,125,2872.839232846915,4886.78076171875,0.6987951807228916,83,58,740.2409638554217,0.2424452304840088
v28_seed1,126,2579.084642958367,4874.53662109375,0.6436781609195402,87,56,706.2068965517242,0.25081297755241394
v28_seed1,127,2766.7868995143945,4712.7822265625,0.7534246575342466,73,55,841.6438356164383,0.2623709440231323
v28_seed1,128,2477.262420311403,4876.20654296875,0.5955056179775281,89,53,690.3370786516854,0.22901543974876404
v28_seed1,129,2692.972345525568,4864.546875,0.7662337662337663,77,59,797.922077922078,0.17671656608581543
v28_seed1,130,2777.37333597819,4879.78125,0.7866666666666666,75,59,819.2,0.23278430104255676
v28_seed1,131,2406.1396222060985,4867.79638671875,0.6404494382022472,89,57,690.3370786516854,0.22290757298469543
v28_seed1,132,2184.575872218355,4869.79736328125,0.6063829787234043,94,57,653.6170212765958,0.17842242121696472
v28_seed1,133,2111.2154341610994,4872.947265625,0.5227272727272727,88,46,698.1818181818181,0.24663500487804413
v28_seed1,134,1604.6878729293596,4870.4873046875,0.35074626865671643,134,47,458.5074626865672,0.204593226313591
v28_seed1,135,2022.8313621387147,4868.078125,0.45614035087719296,114,52,538.9473684210526,0.2198893278837204
v28_seed1,136,1974.4256751864564,4868.57666015625,0.5,102,51,602.3529411764706,0.2248411327600479
v28_seed1,137,1892.0718636348329,4886.642578125,0.3879310344827586,116,45,529.6551724137931,0.22903427481651306
v28_seed1,138,1664.2202576164186,4724.78173828125,0.33070866141732286,127,42,483.7795275590551,0.18371930718421936
v28_seed1,139,1601.882548127351,4864.8251953125,0.3111111111111111,135,42,455.1111111111111,0.2082393616437912
v28_seed1,140,1647.2782476152693,4713.99267578125,0.21428571428571427,140,30,438.85714285714283,0.17151981592178345
v28_seed1,141,1405.820789919061,4846.8974609375,0.23728813559322035,118,28,520.6779661016949,0.16385772824287415
v28_seed1,142,926.7683630371093,4085.51123046875,0.08,125,10,491.52,0.2029133439064026
v28_seed1,143,1175.8483380514479,4087.091796875,0.12698412698412698,126,16,487.6190476190476,0.18254192173480988
v28_seed1,144,1061.4124192933778,4709.17333984375,0.13513513513513514,148,20,415.13513513513516,0.16110606491565704
v28_seed1,145,963.7035868445108,4710.830078125,0.06976744186046512,172,12,357.2093023255814,0.15228483080863953
v28_seed1,146,1109.999517223503,4159.283203125,0.14556962025316456,158,23,388.8607594936709,0.15979592502117157
v28_seed1,147,1061.7882794224938,4205.53515625,0.10465116279069768,172,18,357.2093023255814,0.16628718376159668
v28_seed1,148,1063.3310550323313,4351.291015625,0.10734463276836158,177,19,347.1186440677966,0.18905800580978394
v28_seed1,149,1003.1396915108817,4444.32470703125,0.10857142857142857,175,19,351.0857142857143,0.1861637830734253
v28_seed1,150,1161.8474882460132,4445.33154296875,0.09278350515463918,194,18,316.70103092783506,0.12578099966049194
v28_seed1,151,1094.8444609851372,4320.177734375,0.07317073170731707,205,15,299.7073170731707,0.13103191554546356
v28_seed1,152,1140.4911694703278,4157.443359375,0.10648148148148148,216,23,284.44444444444446,0.1546536087989807
v28_seed1,153,1274.6443833733483,4319.54052734375,0.0967741935483871,217,21,283.1336405529954,0.10842684656381607
v28_seed1,154,1141.4027098135095,4090.702880859375,0.0966183574879227,207,20,296.81159420289856,0.1437310129404068
v28_seed1,155,1082.0227181763776,3782.262939453125,0.05752212389380531,226,13,271.85840707964604,0.1601310521364212
v28_seed1,156,1139.2705296383629,3620.75048828125,0.03375527426160337,237,8,259.24050632911394,0.18245652318000793
v28_seed1,157,1124.2048069526409,4316.8779296875,0.04741379310344827,232,11,264.82758620689657,0.11104285717010498
v28_seed1,158,1166.966668637923,4047.39208984375,0.10880829015544041,193,21,318.3419689119171,0.11051325500011444
v28_seed1,159,1201.753826407499,4205.044921875,0.07906976744186046,215,17,285.7674418604651,0.11358661949634552
v28_seed1,160,1149.192879813058,3603.922607421875,0.03571428571428571,224,8,274.2857142857143,0.12062806636095047
v28_seed1,161,1155.2851141416108,4160.50390625,0.04326923076923077,208,9,295.38461538461536,0.14476832747459412
v28_seed1,162,1178.7444756431917,3763.042724609375,0.022123893805309734,226,5,271.85840707964604,0.10529929399490356
v28_seed1,163,1169.0535662142715,3730.03173828125,0.022026431718061675,227,5,270.66079295154185,0.15480771660804749
v28_seed1,164,1108.8499976942273,4243.77294921875,0.03111111111111111,225,7,273.06666666666666,0.10130208730697632
v28_seed1,165,1077.8351359776088,3749.2109375,0.06666666666666667,210,14,292.57142857142856,0.1200329065322876
v28_seed1,166,1082.4330317831448,3709.602294921875,0.029914529914529916,234,7,262.56410256410254,0.10139119625091553
v28_seed1,167,1139.643692224676,4043.281982421875,0.031818181818181815,220,7,279.27272727272725,0.09204167127609253
v28_seed1,168,1161.80892357972,3925.750732421875,0.026200873362445413,229,6,268.29694323144105,0.11640013754367828
v28_seed1,169,1235.7681517690983,4137.9365234375,0.04245283018867924,212,9,289.811320754717,0.10945503413677216
v28_seed1,170,1243.6197138217533,3620.75048828125,0.026905829596412557,223,6,275.5156950672646,0.10553428530693054
v28_seed1,171,1339.014058886834,3922.95166015625,0.05188679245283019,212,11,289.811320754717,0.09782879054546356
v28_seed1,172,1341.3794073574784,3922.8525390625,0.04830917874396135,207,10,296.81159420289856,0.17207607626914978
v28_seed1,173,1233.2115397218797,3779.75048828125,0.028688524590163935,244,7,251.80327868852459,0.11016100645065308
v28_seed1,174,1205.4418085329703,3270.664306640625,0.012552301255230125,239,3,257.07112970711296,0.1109452173113823
v28_seed1,175,1228.74238170277,3430.032958984375,0.008264462809917356,242,2,253.88429752066116,0.10384504497051239
v28_seed1,176,1190.0488936742147,3620.781494140625,0.025,240,6,256.0,0.13002774119377136
v28_seed1,177,1147.2465420644219,2881.95263671875,0.0,218,0,281.8348623853211,0.09436476230621338
v28_seed1,178,1228.5417020051375,2868.445068359375,0.0,230,0,267.1304347826087,0.12855839729309082
v28_seed1,179,1182.4158213464289,2804.204833984375,0.0,183,0,335.73770491803276,0.10470232367515564
v28_seed1,180,1207.32692861557,2696.005615234375,0.0,224,0,274.2857142857143,0.10695843398571014
v28_seed1,181,1169.894852729693,2864.581298828125,0.0,219,0,280.54794520547944,0.11032658070325851
v28_seed1,182,1229.9999110135166,2799.75048828125,0.0,220,0,279.27272727272725,0.08281172811985016
v28_seed1,183,1231.309029377682,2804.75537109375,0.0,213,0,288.4507042253521,0.14497831463813782
v28_seed1,184,1283.6527316623265,2803.654296875,0.0,225,0,273.06666666666666,0.10648687183856964
v28_seed1,185,1229.5268541002488,2883.463134765625,0.0,223,0,275.5156950672646,0.07752759754657745
v28_seed1,186,1258.172609638964,2932.745361328125,0.0,234,0,262.56410256410254,0.11322090029716492
v28_seed1,187,1274.8451592581612,2864.75048828125,0.0,210,0,292.57142857142856,0.09528260678052902
v28_seed1,188,1265.2670543105514,2863.75048828125,0.0,216,0,284.44444444444446,0.0826847031712532
v28_seed1,189,1280.773103237152,2900.685302734375,0.0,224,0,274.2857142857143,0.07612843811511993
v28_seed1,190,1265.0180390760634,3269.504150390625,0.0044444444444444444,225,1,273.06666666666666,0.08849414438009262
v28_seed1,191,1310.8795759709121,3597.862548828125,0.013100436681222707,229,3,268.29694323144105,0.11340642720460892
v28_seed1,192,1274.4183106939477,3878.75048828125,0.012048192771084338,249,3,246.74698795180723,0.08550174534320831
v28_seed1,193,1387.841910628911,3590.662353515625,0.014218009478672985,211,3,291.18483412322274,0.10726778954267502
v28_seed1,194,1300.9125191042776,3270.0146484375,0.008968609865470852,223,2,275.5156950672646,0.09901822358369827
v28_seed1,195,1335.8754163255878,4120.31494140625,0.014705882352941176,204,3,301.1764705882353,0.07784892618656158
v28_seed1,196,1303.703593896694,3270.084716796875,0.008583690987124463,233,2,263.6909871244635,0.10959608852863312
v28_seed1,197,1399.825910653641,3620.75048828125,0.009950248756218905,201,2,305.67164179104475,0.12859153747558594
v28_seed1,198,1322.818575279735,2868.87451171875,0.0,214,0,287.10280373831773,0.09106508642435074
v28_seed1,199,1326.9850113725893,2869.646240234375,0.0,207,0,296.81159420289856,0.09319348633289337
v28_seed1,200,1379.0593664986748,2865.91259765625,0.0,196,0,313.46938775510205,0.08410222083330154
v28_seed1,201,1338.8625755496141,3444.322998046875,0.00975609756097561,205,2,299.7073170731707,0.110040083527565
v28_seed1,202,1386.1572804666644,3265.750732421875,0.005025125628140704,199,1,308.7437185929648,0.08752351254224777
v28_seed1,203,1376.9268690567442,3698.75048828125,0.01675977653631285,179,3,343.24022346368713,0.11333887279033661
v28_seed1,204,1350.0309062848771,3918.9306640625,0.011428571428571429,175,2,351.0857142857143,0.07359234988689423
v28_seed1,205,1422.3810849322954,3367.75048828125,0.0111731843575419,179,2,343.24022346368713,0.10266359895467758
v28_seed1,206,1295.5847658227992,2863.75048828125,0.0,216,0,284.44444444444446,0.08256692439317703
v28_seed1,207,1372.7167030103278,3425.75048828125,0.012121212121212121,165,2,372.3636363636364,0.07422041147947311
v28_seed1,208,1363.1523303665929,2866.222900390625,0.0,179,0,343.24022346368713,0.08764269948005676
v28_seed1,209,1375.0497029063465,2883.79443359375,0.0,182,0,337.5824175824176,0.09835521876811981
v28_seed1,210,1402.5745978148086,3269.042724609375,0.005434782608695652,184,1,333.9130434782609,0.0817304253578186
v28_seed1,211,1298.2443230946858,3619.750732421875,0.011904761904761904,168,2,365.7142857142857,0.07300916314125061
v28_seed1,212,1423.1066154562018,3924.8115234375,0.010752688172043012,186,2,330.3225806451613,0.08837452530860901
v28_seed1,213,1440.8565063476562,4069.75048828125,0.00641025641025641,156,1,393.84615384615387,0.07535485923290253
v28_seed1,214,1487.2658034653691,3903.4013671875,0.011695906432748537,171,2,359.29824561403507,0.08964450657367706
v28_seed1,215,1368.2600301914115,3443.402099609375,0.015873015873015872,189,3,325.07936507936506,0.08369326591491699
v28_seed1,216,1418.7156921558167,3105.75048828125,0.0,178,0,345.1685393258427,0.09096259623765945
v28_seed1,217,1346.5276212950012,3266.621337890625,0.005405405405405406,185,1,332.1081081081081,0.07138526439666748
v28_seed1,218,1351.0964410621,3435.43212890625,0.006024096385542169,166,1,370.12048192771084,0.06484825909137726
v28_seed1,219,1383.7445052574421,3725.75048828125,0.017241379310344827,174,3,353.1034482758621,0.07999232411384583
v28_seed1,220,1349.3852291796582,3779.75048828125,0.024096385542168676,166,4,370.12048192771084,0.06841228902339935
v28_seed1,221,1320.5072863002024,4036.041015625,0.029940119760479042,167,5,367.90419161676647,0.07291559129953384
v28_seed1,222,1430.732234125552,3381.75048828125,0.024844720496894408,161,4,381.6149068322981,0.07871031761169434
v28_seed1,223,1533.9822598544033,3710.760498046875,0.024242424242424242,165,4,372.3636363636364,0.07718916237354279
v28_seed1,224,1435.7222708032486,3428.533203125,0.026595744680851064,188,5,326.8085106382979,0.06949543952941895
v28_seed1,225,1484.8386023319129,3599.502197265625,0.024242424242424242,165,4,372.3636363636364,0.043869584798812866
v28_seed1,226,1405.728618048375,3620.75146484375,0.032679738562091505,153,5,401.5686274509804,0.08045636117458344
v28_seed1,227,1534.9182093839468,4134.71630859375,0.043478260869565216,161,7,381.6149068322981,0.0601511225104332
v28_seed1,228,1575.0615946451824,3895.75146484375,0.050314465408805034,159,8,386.41509433962267,0.0792710930109024
v28_seed1,229,1450.5901676992353,3747.75048828125,0.0449438202247191,178,8,345.1685393258427,0.07250525802373886
v28_seed1,230,1433.604622237984,3927.8115234375,0.034482758620689655,174,6,353.1034482758621,0.06731151044368744
v28_seed1,231,1486.5447466477103,3270.63525390625,0.010869565217391304,184,2,333.9130434782609,0.0796273946762085
v28_seed1,232,1442.4099806203137,3888.661376953125,0.020134228187919462,149,3,412.3489932885906,0.06240801513195038
v28_seed1,233,1501.4250030517578,3268.63330078125,0.017543859649122806,171,3,359.29824561403507,0.10367757827043533
v28_seed1,234,1443.6465847097713,3619.75048828125,0.02158273381294964,139,3,442.0143884892086,0.06183423101902008
v28_seed1,235,1473.562538994683,3267.942626953125,0.006535947712418301,153,1,401.5686274509804,0.06565799564123154
v28_seed1,236,1479.0309538970123,3595.801513671875,0.02027027027027027,148,3,415.13513513513516,0.07947024703025818
v28_seed1,237,1509.6416787719727,3619.75048828125,0.013333333333333334,150,2,409.6,0.11686752736568451
v28_seed1,238,1463.5004762649537,3620.63134765625,0.025,160,4,384.0,0.07152019441127777
v28_seed1,239,1480.4057706362241,3587.75048828125,0.06493506493506493,154,10,398.961038961039,0.08115464448928833
v28_seed1,240,1517.6906946273077,3621.11083984375,0.03571428571428571,168,6,365.7142857142857,0.08352355659008026
v28_seed1,241,1555.7097138139538,4082.621337890625,0.06766917293233082,133,9,461.9548872180451,0.04605439305305481
v28_seed1,242,1437.48353782607,3437.801513671875,0.03680981595092025,163,6,376.9325153374233,0.08427300304174423
v28_seed1,243,1373.3510432272965,3440.03271484375,0.031055900621118012,161,5,381.6149068322981,0.06162063777446747
v28_seed1,244,1459.633060901196,4056.160888671875,0.032467532467532464,154,5,398.961038961039,0.07908786833286285
v28_seed1,245,1392.297560531102,3971.581298828125,0.06179775280898876,178,11,345.1685393258427,0.07519429922103882
v28_seed1,246,1449.5480246036611,3920.79150390625,0.06382978723404255,188,12,326.8085106382979,0.08962357044219971
v28_seed1,247,1499.2068524051022,3751.75048828125,0.14285714285714285,154,22,398.961038961039,0.06961452960968018
v28_seed1,248,1465.5477126854053,3890.75048828125,0.14492753623188406,138,20,445.2173913043478,0.07072846591472626
v28_seed1,249,1436.9630200195313,3921.130859375,0.06857142857142857,175,12,351.0857142857143,0.09265781939029694
v28_seed2,30,1208.6969074753094,4177.75537109375,0.09905660377358491,212,21,289.811320754717,1.0847164392471313
v28_seed2,31,1265.5857704818518,4120.751953125,0.06334841628959276,221,14,278.00904977375563,1.0411405563354492
v28_seed2,32,1163.8022507220082,4130.9345703125,0.14691943127962084,211,31,291.18483412322274,1.0532569885253906
v28_seed2,33,1385.6948356628418,4085.821044921875,0.09803921568627451,204,20,301.1764705882353,0.9473027586936951
v28_seed2,34,1474.5901683827556,4133.22314453125,0.1111111111111111,189,21,325.07936507936506,1.0274895429611206
v28_seed2,35,1489.1859604074984,4302.13134765625,0.2088607594936709,158,33,388.8607594936709,1.0581833124160767
v28_seed2,36,1456.128532820833,4141.06494140625,0.19760479041916168,167,33,367.90419161676647,1.0310429334640503
v28_seed2,37,1513.8505480465474,4197.75390625,0.21476510067114093,149,32,412.3489932885906,0.9781621694564819
v28_seed2,38,1576.6788808649237,4288.88134765625,0.22077922077922077,154,34,398.961038961039,0.9712306261062622
v28_seed2,39,1582.6096087455749,4305.92041015625,0.15,160,24,384.0,0.9537460803985596
v28_seed2,40,1727.0524649583656,4403.77490234375,0.2900763358778626,131,38,469.00763358778624,0.9551970958709717
v28_seed2,41,1842.0565045300652,4307.83837890625,0.29411764705882354,136,40,451.7647058823529,0.9726925492286682
v28_seed2,42,1811.6454779885032,4346.76220703125,0.2878787878787879,132,38,465.45454545454544,0.9353946447372437
v28_seed2,43,1781.8529862814803,4615.849609375,0.34146341463414637,123,42,499.5121951219512,0.9392585754394531
v28_seed2,44,1924.1764819904909,4300.28173828125,0.3728813559322034,118,44,520.6779661016949,0.9439606070518494
v28_seed2,45,2195.5881570916426,4403.77197265625,0.47368421052631576,95,45,646.7368421052631,0.8919333219528198
v28_seed2,46,2274.5280871391296,4307.87158203125,0.46875,96,45,640.0,0.8897227048873901
v28_seed2,47,2593.651348407452,4403.77099609375,0.5714285714285714,91,52,675.1648351648352,0.8298115134239197
v28_seed2,48,2213.7470075469655,4301.591796875,0.5670103092783505,97,55,633.4020618556701,0.8695515394210815
v28_seed2,49,2412.243800816911,4304.91162109375,0.6292134831460674,89,56,690.3370786516854,0.8521653413772583
v28_seed2,50,2364.577684339586,4403.77685546875,0.5494505494505495,91,50,675.1648351648352,0.759614884853363
v28_seed2,51,2116.3816253359955,4304.30126953125,0.5346534653465347,101,54,608.3168316831683,0.7588515877723694
v28_seed2,52,2291.434280730866,4403.7978515625,0.5714285714285714,91,52,675.1648351648352,0.7340670228004456
v28_seed2,53,2549.7457517426587,4403.77392578125,0.632183908045977,87,55,706.2068965517242,0.7277016043663025
v28_seed2,54,2374.596874698178,4301.11865234375,0.5714285714285714,91,52,675.1648351648352,0.7071948051452637
v28_seed2,55,2611.4331158447267,4404.77294921875,0.7866666666666666,75,59,819.2,0.7107956409454346
v28_seed2,56,2570.4757071408358,4314.02099609375,0.5795454545454546,88,51,698.1818181818181,0.7333306670188904
v28_seed2,57,2687.8793712615966,4367.03076171875,0.7,80,56,768.0,0.7316277623176575
v28_seed2,58,2335.504479477086,4313.16845703125,0.5154639175257731,97,50,633.4020618556701,0.7001175284385681
v28_seed2,59,2776.297071434986,4348.29296875,0.632183908045977,87,55,706.2068965517242,0.7455030679702759
v28_seed2,60,2174.8494183010525,4405.77490234375,0.6,90,54,682.6666666666666,0.6753721237182617
v28_seed2,61,2725.0078494225017,4374.67626953125,0.6666666666666666,81,54,758.5185185185185,0.6603984236717224
v28_seed2,62,2393.4685403202357,4404.1513671875,0.6067415730337079,89,54,690.3370786516854,0.6907257437705994
v28_seed2,63,2584.2411992272664,4404.15869140625,0.627906976744186,86,54,714.4186046511628,0.6379187703132629
v28_seed2,64,2505.489415354543,4550.771484375,0.7272727272727273,77,56,797.922077922078,0.6745560765266418
v28_seed2,65,3052.51548039363,4404.78955078125,0.9076923076923077,65,59,945.2307692307693,0.6438785791397095
v28_seed2,66,2403.1122782692983,4441.40478515625,0.8507462686567164,67,57,917.0149253731344,0.6215263605117798
v28_seed2,67,2280.5772690716913,4442.9814453125,0.611764705882353,85,52,722.8235294117648,0.6221686601638794
v28_seed2,68,2559.592159647337,4453.13525390625,0.8169014084507042,71,58,865.3521126760563,0.625958263874054
v28_seed2,69,2622.1017707945807,4542.53857421875,0.8888888888888888,63,56,975.2380952380952,0.6705025434494019
v28_seed2,70,2147.084561282641,4404.76904296875,0.7671232876712328,73,56,841.6438356164383,0.6693680882453918
v28_seed2,71,2164.5473907058304,4600.7861328125,0.7837837837837838,74,58,830.2702702702703,0.6964892148971558
v28_seed2,72,1914.5418818047706,4436.8935546875,0.5425531914893617,94,51,653.6170212765958,0.5652738213539124
v28_seed2,73,1819.5899441189235,4403.8046875,0.6222222222222222,90,56,682.6666666666666,0.5961124897003174
v28_seed2,74,2255.443397400871,4405.7919921875,0.9365079365079365,63,59,975.2380952380952,0.5806388854980469
v28_seed2,75,2320.1624084472655,4711.81201171875,0.95,60,57,1024.0,0.6121755838394165
v28_seed2,76,1910.8676651463363,4404.779296875,0.8484848484848485,66,56,930.9090909090909,0.604947030544281
v28_seed2,77,1911.9317992746014,4450.66455078125,0.7808219178082192,73,57,841.6438356164383,0.5291832685470581
v28_seed2,78,1694.4446465341668,4405.166015625,0.7763157894736842,76,59,808.421052631579,0.47780534625053406
v28_seed2,79,1825.5322046012523,4403.79638671875,0.4766355140186916,107,51,574.2056074766355,0.4690002501010895
v28_seed2,80,2261.5707495839974,4403.7958984375,0.7631578947368421,76,58,808.421052631579,0.44531407952308655
v28_seed2,81,1936.5226750093348,4404.15087890625,0.5490196078431373,102,56,602.3529411764706,0.49153628945350647
v28_seed2,82,2076.3705636001214,4404.65087890625,0.7195121951219512,82,59,749.2682926829268,0.47300636768341064
v28_seed2,83,2151.4193797778057,4550.46533203125,0.5913978494623656,93,55,660.6451612903226,0.4163867235183716
v28_seed2,84,1903.698151459565,4724.7802734375,0.7567567567567568,74,56,830.2702702702703,0.46825188398361206
v28_seed2,85,1864.1688684240564,4404.7744140625,0.7012987012987013,77,54,797.922077922078,0.46668851375579834
v28_seed2,86,1766.8155330113002,4404.7890625,0.8,70,56,877.7142857142857,0.43486160039901733
v28_seed2,87,1572.2104604969854,4866.0986328125,0.5652173913043478,92,52,667.8260869565217,0.43992310762405396
v28_seed2,88,2373.2237166313275,4404.79052734375,0.7671232876712328,73,56,841.6438356164383,0.4243447780609131
v28_seed2,89,2044.9086688813709,4404.79931640625,0.8888888888888888,63,56,975.2380952380952,0.4440603256225586
v28_seed2,90,1569.0269249581002,4403.806640625,0.6891891891891891,74,51,830.2702702702703,0.42225557565689087
v28_seed2,91,2323.8467742321536,4403.7998046875,1.0,51,56,1204.7058823529412,0.4349152147769928
v28_seed2,92,2148.743356112776,4404.16162109375,0.9655172413793104,58,56,1059.3103448275863,0.40880754590034485
v28_seed2,93,2090.2038113576064,4403.79833984375,1.0,53,60,1159.245283018868,0.43088656663894653
v28_seed2,94,2301.940938472748,4545.98583984375,0.84375,64,54,960.0,0.41190168261528015
v28_seed2,95,1900.2004511091445,4404.640625,0.7222222222222222,72,52,853.3333333333334,0.41242682933807373
v28_seed2,96,1864.1244606711648,4707.29248046875,0.9454545454545454,55,52,1117.090909090909,0.390384703874588
v28_seed2,97,2041.3937815196477,4403.798828125,0.8656716417910447,67,58,917.0149253731344,0.3788365125656128
v28_seed2,98,2429.5814597088356,4437.1142578125,1.0,46,55,1335.6521739130435,0.36415475606918335
v28_seed2,99,2186.154648805276,4404.79638671875,0.717948717948718,78,56,787.6923076923077,0.36426758766174316
v28_seed2,100,2129.6682310242586,4699.1328125,0.7681159420289855,69,53,890.4347826086956,0.35936790704727173
v28_seed2,101,1888.6600430137232,4424.8251953125,0.8771929824561403,57,50,1077.8947368421052,0.41526055335998535
v28_seed2,102,2213.337076187134,4406.8349609375,0.859375,64,55,960.0,0.33934587240219116
v28_seed2,103,2230.1641850191004,4404.79443359375,0.8235294117647058,68,56,903.5294117647059,0.3141186833381653
v28_seed2,104,2094.968553519543,4404.61328125,0.691358024691358,81,56,758.5185185185185,0.31532782316207886
v28_seed2,105,2243.268649793651,4547.2158203125,0.7671232876712328,73,56,841.6438356164383,0.3241451382637024
v28_seed2,106,2637.0930271693637,4403.7919921875,0.8142857142857143,70,57,877.7142857142857,0.3300884962081909
v28_seed2,107,2318.5173615349663,4899.7861328125,0.7916666666666666,72,57,853.3333333333334,0.3566439151763916
v28_seed2,108,2594.6953540039062,4404.80078125,1.0,50,59,1228.8,0.2638258934020996
v28_seed2,109,2042.1935557315223,4404.8017578125,0.75,76,57,808.421052631579,0.2672819495201111
v28_seed2,110,2013.929777622223,4404.7900390625,0.875,64,56,960.0,0.29840028285980225
v28_seed2,111,2311.7641548945985,4446.71484375,1.0,58,58,1059.3103448275863,0.310932993888855
v28_seed2,112,2163.209167265556,4404.8837890625,0.7746478873239436,71,55,865.3521126760563,0.2962457835674286
v28_seed2,113,2198.382553100586,4706.8427734375,0.6506024096385542,83,54,740.2409638554217,0.24097533524036407
v28_seed2,114,2278.752749004061,4403.79541015625,0.873015873015873,63,55,975.2380952380952,0.2767259180545807
v28_seed2,115,2006.4881601333618,4713.1728515625,0.5520833333333334,96,53,640.0,0.2716354429721832
v28_seed2,116,2217.2357878866073,4404.78759765625,0.7088607594936709,79,56,777.7215189873418,0.25285404920578003
v28_seed2,117,2029.2453698879335,4404.7900390625,0.6585365853658537,82,54,749.2682926829268,0.27274787425994873
v28_seed2,118,2243.340610033845,4405.19189453125,0.7671232876712328,73,56,841.6438356164383,0.28579896688461304
v28_seed2,119,1973.6044885694366,4403.7900390625,0.5257731958762887,97,51,633.4020618556701,0.2890295088291168
v28_seed2,120,2228.693936200209,4440.974609375,0.8028169014084507,71,57,865.3521126760563,0.3158382773399353
v28_seed2,121,1948.861011131137,4449.41455078125,0.5,102,51,602.3529411764706,0.33312302827835083
v28_seed2,122,1777.8015829857359,4406.40185546875,0.5319148936170213,94,50,653.6170212765958,0.2907091975212097
v28_seed2,123,1791.5485411557283,4722.77685546875,0.6136363636363636,88,54,698.1818181818181,0.32050925493240356
v28_seed2,124,1505.2616880700944,4404.810546875,0.3829787234042553,94,36,653.6170212765958,0.47700291872024536
v28_seed2,125,1740.8292808942897,4403.78857421875,0.4731182795698925,93,44,660.6451612903226,0.4102995693683624
v28_seed2,126,1657.1346943614246,4706.53369140625,0.5164835164835165,91,47,675.1648351648352,0.3266512155532837
v28_seed2,127,1661.7365514846076,4707.85302734375,0.38095238095238093,105,40,585.1428571428571,0.3621196448802948
v28_seed2,128,1610.0727963067789,4403.791015625,0.35398230088495575,113,40,543.7168141592921,0.351662278175354
v28_seed2,129,1278.5832664192496,4316.66845703125,0.2012987012987013,154,31,398.961038961039,0.40196871757507324
v28_seed2,130,1244.2548348855653,4314.71875,0.21476510067114093,149,32,412.3489932885906,0.3380652666091919
v28_seed2,131,1205.9236194561054,4312.2587890625,0.22077922077922077,154,34,398.961038961039,0.295803427696228
v28_seed2,132,1209.504601396833,4404.732421875,0.2571428571428571,140,36,438.85714285714283,0.33095091581344604
v28_seed2,133,1275.9483633100617,4315.94677734375,0.2236024844720497,161,36,381.6149068322981,0.2809334397315979
v28_seed2,134,1215.4455342212868,4405.2001953125,0.18994413407821228,179,34,343.24022346368713,0.2502044141292572
v28_seed2,135,1219.325824243417,4317.23828125,0.13989637305699482,193,27,318.3419689119171,0.23949405550956726
v28_seed2,136,1264.8099037679037,4404.81298828125,0.26666666666666666,150,40,409.6,0.2742924392223358
v28_seed2,137,1089.2383568535024,4312.87939453125,0.1085972850678733,221,24,278.00904977375563,0.2235514223575592
v28_seed2,138,1197.0549310302733,4302.3798828125,0.11428571428571428,175,20,351.0857142857143,0.30677399039268494
v28_seed2,139,1216.2686414718628,4405.51611328125,0.08928571428571429,224,20,274.2857142857143,0.1823398619890213
v28_seed2,140,1353.7374957509019,4086.31201171875,0.0861244019138756,209,18,293.9712918660287,0.20794951915740967
v28_seed2,141,1264.4114297659287,3922.171875,0.08290155440414508,193,16,318.3419689119171,0.1936621218919754
v28_seed2,142,1243.8911786553983,4086.7724609375,0.06635071090047394,211,14,291.18483412322274,0.16875694692134857
v28_seed2,143,1231.8965609402126,4159.12353515625,0.035555555555555556,225,8,273.06666666666666,0.18743956089019775
v28_seed2,144,1281.1465851119344,3932.87158203125,0.052132701421800945,211,11,291.18483412322274,0.1450650990009308
v28_seed2,145,1316.93995265697,3918.601318359375,0.059907834101382486,217,13,283.1336405529954,0.15223340690135956
v28_seed2,146,1301.949964703254,4404.80322265625,0.05660377358490566,212,12,289.811320754717,0.19267457723617554
v28_seed2,147,1319.1775050571987,3921.2119140625,0.03333333333333333,210,7,292.57142857142856,0.18356655538082123
v28_seed2,148,1320.5675918240017,4151.0634765625,0.02666666666666667,225,6,273.06666666666666,0.16898825764656067
v28_seed2,149,1364.308055781839,3619.75048828125,0.03015075376884422,199,6,308.7437185929648,0.15941888093948364
v28_seed2,150,1425.1733146265933,3917.43115234375,0.05263157894736842,190,10,323.36842105263156,0.14450961351394653
v28_seed2,151,1273.73624500093,3922.810546875,0.04285714285714286,210,9,292.57142857142856,0.14755071699619293
v28_seed2,152,1107.956072227977,3779.75048828125,0.037383177570093455,214,8,287.10280373831773,0.12242906540632248
v28_seed2,153,1284.2080741960979,3619.75048828125,0.03608247422680412,194,7,316.70103092783506,0.12578080594539642
v28_seed2,154,1251.6843442563656,3780.4912109375,0.0582010582010582,189,11,325.07936507936506,0.12528863549232483
v28_seed2,155,1119.4718674822552,3360.862548828125,0.004878048780487805,205,1,299.7073170731707,0.13088706135749817
v28_seed2,156,1214.2857667865176,3620.120849609375,0.03636363636363636,165,6,372.3636363636364,0.09192392230033875
v28_seed2,157,1256.6828509990985,3932.462158203125,0.046153846153846156,195,9,315.0769230769231,0.12160488218069077
v28_seed2,158,1246.846261710764,3768.240966796875,0.018691588785046728,214,4,287.10280373831773,0.12027771770954132
v28_seed2,159,1224.0672504796391,3620.8916015625,0.03982300884955752,226,9,271.85840707964604,0.11549954116344452
v28_seed2,160,1205.178986566717,3609.322265625,0.02727272727272727,220,6,279.27272727272725,0.12965115904808044
v28_seed2,161,1290.9071162238192,3914.141845703125,0.04522613065326633,199,9,308.7437185929648,0.0987110584974289
v28_seed2,162,1263.6733803262516,3610.563232421875,0.04081632653061224,196,8,313.46938775510205,0.10945603251457214
v28_seed2,163,1294.2480710953,3619.75048828125,0.010582010582010581,189,2,325.07936507936506,0.10580667853355408
v28_seed2,164,1188.263341833044,3619.75048828125,0.023148148148148147,216,5,284.44444444444446,0.08491837233304977
v28_seed2,165,1321.3084279906075,3308.062744140625,0.0047169811320754715,212,1,289.811320754717,0.09329593181610107
v28_seed2,166,1246.265495227632,3566.662353515625,0.01904761904761905,210,4,292.57142857142856,0.10640572011470795
v28_seed2,167,1131.152552700499,2765.59521484375,0.0,209,0,293.9712918660287,0.09605516493320465
v28_seed2,168,1131.209560394287,4084.990966796875,0.022321428571428572,224,5,274.2857142857143,0.12165653705596924
v28_seed2,169,1131.840855916341,3609.5732421875,0.014285714285714285,210,3,292.57142857142856,0.0745975598692894
v28_seed2,170,1217.5636644105653,3628.67138671875,0.018018018018018018,222,4,276.7567567567568,0.07607042789459229
v28_seed2,171,1140.4838831006866,3269.364013671875,0.005154639175257732,194,1,316.70103092783506,0.11306437849998474
v28_seed2,172,1196.1199211160135,3269.814453125,0.0051813471502590676,193,1,318.3419689119171,0.09874894469976425
v28_seed2,173,1226.557326299494,2776.786376953125,0.0,220,0,279.27272727272725,0.08686761558055878
v28_seed2,174,1260.2022247314453,3165.775390625,0.005376344086021506,186,1,330.3225806451613,0.0665571540594101
v28_seed2,175,1170.7646372178021,3268.262939453125,0.004901960784313725,204,1,301.1764705882353,0.08189824223518372
v28_seed2,176,1243.0212077875246,3609.31298828125,0.005747126436781609,174,1,353.1034482758621,0.12343259900808334
v28_seed2,177,1165.868722067939,2522.364990234375,0.0,216,0,284.44444444444446,0.06402784585952759
v28_seed2,178,1144.7598220753557,3916.7705078125,0.004694835680751174,213,1,288.4507042253521,0.08152563124895096
v28_seed2,179,1169.9297561645508,2898.503173828125,0.0,200,0,307.2,0.1499251425266266
v28_seed2,180,1107.3929361146072,2338.55322265625,0.0,232,0,264.82758620689657,0.10048863291740417
v28_seed2,181,1128.8086363326672,3438.291015625,0.004651162790697674,215,1,285.7674418604651,0.11021595448255539
v28_seed2,182,1128.8471098223936,3265.75048828125,0.0048543689320388345,206,1,298.252427184466,0.11046230047941208
v28_seed2,183,1091.8466151208336,2882.102783203125,0.0,229,0,268.29694323144105,0.10158580541610718
v28_seed2,184,1220.7713153431716,2883.764404296875,0.0,206,0,298.252427184466,0.0920371264219284
v28_seed2,185,1165.3209713286003,2867.75341796875,0.0,226,0,271.85840707964604,0.08374783396720886
v28_seed2,186,1239.4798971322866,2863.75048828125,0.0,208,0,295.38461538461536,0.08371517807245255
v28_seed2,187,1148.5920302594295,2853.385986328125,0.0,183,0,335.73770491803276,0.0962333083152771
v28_seed2,188,1289.0123485218394,2895.75048828125,0.0,165,0,372.3636363636364,0.11784452944993973
v28_seed2,189,1157.2669680547056,2865.862548828125,0.0,217,0,283.1336405529954,0.08896207809448242
v28_seed2,190,1162.4358810334516,2354.7734375,0.0,169,0,363.55029585798815,0.10438831150531769
v28_seed2,191,1122.117697778692,2309.726318359375,0.0,197,0,311.8781725888325,0.09734511375427246
v28_seed2,192,1196.533918720967,2699.245849609375,0.0,185,0,332.1081081081081,0.07582170516252518
v28_seed2,193,1337.7938975191664,3265.75048828125,0.005747126436781609,174,1,353.1034482758621,0.08714018762111664
v28_seed2,194,1278.0061483895906,2698.026611328125,0.0,186,0,330.3225806451613,0.11524014919996262
v28_seed2,195,1335.4090862488479,2705.466064453125,0.0,178,0,345.1685393258427,0.10550887882709503
v28_seed2,196,1345.0975580705915,2882.162841796875,0.0,175,0,351.0857142857143,0.0994960367679596
v28_seed2,197,1403.9762878417969,2883.59326171875,0.0,179,0,343.24022346368713,0.09978625178337097
v28_seed2,198,1237.5418916411747,2804.244873046875,0.0,151,0,406.887417218543,0.12172512710094452
v28_seed2,199,1298.978285315441,2847.75048828125,0.0,171,0,359.29824561403507,0.07841470837593079
v28_seed2,200,1220.7433615684508,2864.75048828125,0.0,160,0,384.0,0.0756494477391243
v28_seed2,201,1369.545625114441,2911.75048828125,0.0,160,0,384.0,0.0858808159828186
v28_seed2,202,1365.4474213248805,2976.083984375,0.0,152,0,404.2105263157895,0.12330794334411621
v28_seed2,203,1327.8503204114509,3747.75048828125,0.007575757575757576,132,1,465.45454545454544,0.07994446158409119
v28_seed2,204,1285.3273895778013,2933.205810546875,0.0,178,0,345.1685393258427,0.11040496081113815
v28_seed2,205,1422.7201674779255,2799.75048828125,0.0,144,0,426.6666666666667,0.10954824090003967
v28_seed2,206,1377.9422523592725,2879.75048828125,0.0,162,0,379.25925925925924,0.12487268447875977
v28_seed2,207,1326.8019892085683,3269.163818359375,0.005681818181818182,176,1,349.09090909090907,0.09080839157104492
v28_seed2,208,1359.5979079737808,2799.75048828125,0.0,165,0,372.3636363636364,0.12497901916503906
v28_seed2,209,1357.3153568522137,3163.943603515625,0.006666666666666667,150,1,409.6,0.1078636422753334
v28_seed2,210,1339.589774250114,2916.505126953125,0.0,137,0,448.46715328467155,0.07140036672353745
v28_seed2,211,1355.3992188771565,2884.685302734375,0.0,144,0,426.6666666666667,0.06333548575639725
v28_seed2,212,1400.3965920522703,2895.75048828125,0.0,141,0,435.74468085106383,0.07249794900417328
v28_seed2,213,1338.6977812203254,2882.782470703125,0.0,181,0,339.4475138121547,0.09865899384021759
v28_seed2,214,1333.3855621002533,3619.75048828125,0.005494505494505495,182,1,337.5824175824176,0.09628849476575851
v28_seed2,215,1308.2936561939327,2804.6455078125,0.0,172,0,357.2093023255814,0.08078280836343765
v28_seed2,216,1421.165488349067,3268.343017578125,0.006172839506172839,162,1,379.25925925925924,0.13577350974082947
v28_seed2,217,1386.0201351331627,3077.783447265625,0.0,184,0,333.9130434782609,0.09923557937145233
v28_seed2,218,1378.0688969681903,3095.333984375,0.0,164,0,374.6341463414634,0.09517782926559448
v28_seed2,219,1362.5264207443388,2805.255859375,0.0,202,0,304.15841584158414,0.09434038400650024
v28_seed2,220,1340.934704664277,3077.75048828125,0.0,164,0,374.6341463414634,0.07975196093320847
v28_seed2,221,1401.887098702771,2911.75048828125,0.0,171,0,359.29824561403507,0.08119839429855347
v28_seed2,222,1350.373355065991,3442.022705078125,0.005988023952095809,167,1,367.90419161676647,0.07166991382837296
v28_seed2,223,1204.4366816665188,2900.79541015625,0.0,165,0,372.3636363636364,0.14844492077827454
v28_seed2,224,1294.6529924180772,2527.15576171875,0.0,135,0,455.1111111111111,0.196330726146698
v28_seed2,225,1270.1738419621627,2805.0556640625,0.0,161,0,381.6149068322981,0.16346073150634766
v28_seed2,226,1310.1759701036426,2943.75048828125,0.0,146,0,420.82191780821915,0.15991704165935516
v28_seed2,227,1364.5209192240013,3102.31298828125,0.0,106,0,579.622641509434,0.19161145389080048
v28_seed2,228,1253.6129121278461,3619.75048828125,0.006578947368421052,152,1,404.2105263157895,0.15216714143753052
v28_seed2,229,1333.2596737228278,2884.615234375,0.0,131,0,469.00763358778624,0.15285621583461761
v28_seed2,230,1354.4245868512055,3079.75048828125,0.0,134,0,458.5074626865672,0.1256314516067505
v28_seed2,231,1378.6011647006922,3107.364013671875,0.0,114,0,538.9473684210526,0.17540311813354492
v28_seed2,232,1365.5096371558404,3524.75048828125,0.008064516129032258,124,1,495.48387096774195,0.14921876788139343
v28_seed2,233,1467.9846818966973,3509.931640625,0.007518796992481203,133,1,461.9548872180451,0.1067405492067337
v28_seed2,234,1492.3628934317262,2877.305908203125,0.0,137,0,448.46715328467155,0.16565954685211182
v28_seed2,235,1401.6365548940805,3268.563232421875,0.007692307692307693,130,1,472.61538461538464,0.17825601994991302
v28_seed2,236,1341.7251202618634,2799.75048828125,0.0,135,0,455.1111111111111,0.13434362411499023
v28_seed2,237,1434.3678030160756,3393.2939453125,0.007692307692307693,130,1,472.61538461538464,0.24036148190498352
v28_seed2,238,1488.1894388738667,3440.182861328125,0.009433962264150943,106,1,579.622641509434,0.26326489448547363
v28_seed2,239,1391.8914113554565,2545.75048828125,0.0,159,0,386.41509433962267,0.14213374257087708
v28_seed2,240,1355.1647765128844,3349.963623046875,0.0064516129032258064,155,1,396.38709677419354,0.16198047995567322
v28_seed2,241,1204.809243258308,3307.75048828125,0.007352941176470588,136,1,451.7647058823529,0.1705830842256546
v28_seed2,242,1127.4778354042455,3600.55322265625,0.011695906432748537,171,2,359.29824561403507,0.13581888377666473
v28_seed2,243,1268.3986339327655,3511.212890625,0.006329113924050633,158,1,388.8607594936709,0.14561821520328522
v28_seed2,244,1348.543549016858,3510.402099609375,0.0070921985815602835,141,1,435.74468085106383,0.14962974190711975
v28_seed2,245,1349.722162695492,3523.75048828125,0.007352941176470588,136,1,451.7647058823529,0.16520458459854126
v28_seed2,246,1289.366362751394,3439.87255859375,0.007246376811594203,138,1,445.2173913043478,0.11247403174638748
v28_seed2,247,1235.5246009273806,3523.75048828125,0.021739130434782608,138,3,445.2173913043478,0.15930186212062836
v28_seed2,248,1204.9850416719244,2545.75244140625,0.0,178,0,345.1685393258427,0.1192510798573494
v28_seed2,249,1298.4071659088136,3218.43505859375,0.00625,160,1,384.0,0.1402183473110199
v28_seed3,30,1302.6165958658855,4291.64306640625,0.06222222222222222,225,14,273.06666666666666,1.2373199462890625
v28_seed3,31,1419.6873121364142,4142.1748046875,0.10215053763440861,186,19,330.3225806451613,1.2119650840759277
v28_seed3,32,1331.810727886125,4091.571533203125,0.08823529411764706,204,18,301.1764705882353,1.141479730606079
v28_seed3,33,1528.1682252771714,4286.35400390625,0.12352941176470589,170,21,361.4117647058824,1.1196902990341187
v28_seed3,34,1695.2136609270856,4311.9091796875,0.23776223776223776,143,34,429.65034965034965,1.0622024536132812
v28_seed3,35,1563.3756277901787,4152.36328125,0.17391304347826086,161,28,381.6149068322981,1.050549864768982
v28_seed3,36,1654.7208591037327,4404.77587890625,0.2740740740740741,135,37,455.1111111111111,1.0775871276855469
v28_seed3,37,1859.8310198488489,4177.92724609375,0.3893805309734513,113,44,543.7168141592921,0.9973512887954712
v28_seed3,38,1838.452324661554,4403.78125,0.45098039215686275,102,46,602.3529411764706,0.9702963829040527
v28_seed3,39,2066.830343905362,4339.0419921875,0.4,110,44,558.5454545454545,0.9592410326004028
v28_seed3,40,1841.208412230484,4285.07470703125,0.30708661417322836,127,39,483.7795275590551,0.9534083604812622
v28_seed3,41,2123.0829915585723,4318.4794921875,0.4673913043478261,92,43,667.8260869565217,0.954667866230011
v28_seed3,42,2187.46081606547,4403.77685546875,0.5104166666666666,96,49,640.0,0.8491125702857971
v28_seed3,43,2172.1821580239393,4289.8720703125,0.3853211009174312,109,42,563.6697247706422,0.8963253498077393
v28_seed3,44,2366.486061818976,4313.73828125,0.5157894736842106,95,49,646.7368421052631,0.8385640382766724
v28_seed3,45,2302.4294665792713,4389.75341796875,0.5543478260869565,92,51,667.8260869565217,0.9143234491348267
v28_seed3,46,2490.071402217565,4428.37353515625,0.5955056179775281,89,53,690.3370786516854,0.8451364040374756
v28_seed3,47,2671.8490158472305,4403.7744140625,0.6794871794871795,78,53,787.6923076923077,0.8806160092353821
v28_seed3,48,2732.0805722891564,4316.76806640625,0.6626506024096386,83,55,740.2409638554217,0.9017256498336792
v28_seed3,49,2859.781019810268,4304.15966796875,0.8,70,56,877.7142857142857,0.8335986137390137
v28_seed3,50,2844.8102306897126,4403.7666015625,0.7088607594936709,79,56,777.7215189873418,0.8439569473266602
v28_seed3,51,2993.3974260602677,4317.498046875,0.8285714285714286,70,58,877.7142857142857,0.7756062150001526
v28_seed3,52,2840.4326336669924,4403.7900390625,0.7466666666666667,75,56,819.2,0.8710862994194031
v28_seed3,53,2648.246480372045,4304.04931640625,0.7142857142857143,77,55,797.922077922078,0.7745267748832703
v28_seed3,54,2902.7368036905923,4403.78271484375,0.7777777777777778,72,56,853.3333333333334,0.7629857063293457
v28_seed3,55,2852.81017238072,4316.98779296875,0.8142857142857143,70,57,877.7142857142857,0.7535618543624878
v28_seed3,56,2738.366822676225,4346.0126953125,0.7142857142857143,77,55,797.922077922078,0.7599774599075317
v28_seed3,57,3084.9033575346975,4403.763671875,0.8787878787878788,66,58,930.9090909090909,0.772438645362854
v28_seed3,58,3423.756081717355,4344.97314453125,0.9365079365079365,63,59,975.2380952380952,0.7649518251419067
v28_seed3,59,2985.3237790001763,4317.9482421875,0.8055555555555556,72,58,853.3333333333334,0.7318207025527954
v28_seed3,60,3301.0489142118995,4316.40087890625,0.8955223880597015,67,60,917.0149253731344,0.7425203919410706
v28_seed3,61,2971.0631501168914,4550.1376953125,0.8787878787878788,66,58,930.9090909090909,0.7280875444412231
v28_seed3,62,3018.1896434110754,4404.78076171875,0.8529411764705882,68,58,903.5294117647059,0.6407648324966431
v28_seed3,63,3197.7120913550966,4608.46142578125,0.9206349206349206,63,58,975.2380952380952,0.7269474864006042
v28_seed3,64,2674.096151775784,4403.78955078125,0.8055555555555556,72,58,853.3333333333334,0.679451584815979
v28_seed3,65,3034.149523925781,4435.65576171875,0.8615384615384616,65,56,945.2307692307693,0.709531307220459
v28_seed3,66,2389.5531352815174,4403.796875,0.6428571428571429,84,54,731.4285714285714,0.6290209889411926
v28_seed3,67,2589.9966718646842,4404.66796875,0.7605633802816901,71,54,865.3521126760563,0.6457704305648804
v28_seed3,68,3001.6712376730784,4403.794921875,1.0,56,59,1097.142857142857,0.6501781344413757
v28_seed3,69,2966.446601629257,4514.5732421875,0.9375,64,60,960.0,0.648522138595581
v28_seed3,70,2429.814848327637,4722.77978515625,0.6625,80,53,768.0,0.6098462343215942
v28_seed3,71,2790.9033317106314,4404.6875,0.6626506024096386,83,55,740.2409638554217,0.649019181728363
v28_seed3,72,2890.492919024299,4605.56103515625,0.8088235294117647,68,55,903.5294117647059,0.6135336756706238
v28_seed3,73,2690.018478958695,4616.03076171875,0.691358024691358,81,56,758.5185185185185,0.6003305315971375
v28_seed3,74,2794.7988915694386,4321.1298828125,0.75,76,57,808.421052631579,0.5523310303688049
v28_seed3,75,3030.251786872522,4876.5390625,0.835820895522388,67,56,917.0149253731344,0.6409116387367249
v28_seed3,76,2636.796475822543,4547.015625,0.6049382716049383,81,49,758.5185185185185,0.5997169017791748
v28_seed3,77,2668.7688678243885,4403.79541015625,0.7971014492753623,69,55,890.4347826086956,0.5683534145355225
v28_seed3,78,2818.139805753466,4442.384765625,0.7746478873239436,71,55,865.3521126760563,0.5838527679443359
v28_seed3,79,3075.2955425423634,4606.8603515625,0.8028169014084507,71,57,865.3521126760563,0.5227764844894409
v28_seed3,80,3087.1678280047518,4465.15869140625,0.8208955223880597,67,55,917.0149253731344,0.5547806024551392
v28_seed3,81,2989.7699434795077,4464.013671875,0.9365079365079365,63,59,975.2380952380952,0.5409024953842163
v28_seed3,82,2621.267707072513,4442.9462890625,0.8028169014084507,71,57,865.3521126760563,0.49166643619537354
v28_seed3,83,2706.7117037386506,4614.05126953125,0.7702702702702703,74,57,830.2702702702703,0.5021357536315918
v28_seed3,84,3228.4428041898286,4883.78173828125,1.0,52,59,1181.5384615384614,0.4697078764438629
v28_seed3,85,3187.994483803803,4614.84033203125,1.0,53,59,1159.245283018868,0.501983642578125
v28_seed3,86,3466.345122201102,4996.78955078125,1.0,56,57,1097.142857142857,0.465476930141449
v28_seed3,87,2938.0368158677047,4546.8349609375,0.8382352941176471,68,57,903.5294117647059,0.4875847399234772
v28_seed3,88,3071.5544644059805,4612.59033203125,0.9655172413793104,58,56,1059.3103448275863,0.47406160831451416
v28_seed3,89,2790.598846891033,4609.48974609375,0.8656716417910447,67,58,917.0149253731344,0.4602198898792267
v28_seed3,90,3193.227939538788,4609.43017578125,1.0,57,59,1077.8947368421052,0.44901159405708313
v28_seed3,91,3065.155491904607,4716.02392578125,0.9365079365079365,63,59,975.2380952380952,0.44012483954429626
v28_seed3,92,2730.1735525558242,4444.11474609375,0.8805970149253731,67,59,917.0149253731344,0.44430601596832275
v28_seed3,93,3215.7980553763255,4806.3046875,1.0,56,58,1097.142857142857,0.4513525366783142
v28_seed3,94,3334.807884724935,4613.87109375,0.9666666666666667,60,58,1024.0,0.39842912554740906
v28_seed3,95,3032.2906683263645,4601.53125,0.8028169014084507,71,57,865.3521126760563,0.4245951771736145
v28_seed3,96,3024.4152603149414,4606.54052734375,0.90625,64,58,960.0,0.43779149651527405
v28_seed3,97,2828.4810827454526,4601.87109375,0.8507462686567164,67,57,917.0149253731344,0.4406478703022003
v28_seed3,98,3022.1952903053975,4406.57958984375,0.8333333333333334,66,55,930.9090909090909,0.47381529211997986
v28_seed3,99,2940.6528857786266,4619.201171875,0.8656716417910447,67,58,917.0149253731344,0.39922741055488586
v28_seed3,100,3068.6654759967137,4617.5205078125,0.9206349206349206,63,58,975.2380952380952,0.41260796785354614
v28_seed3,101,2060.294049013008,4440.76416015625,0.47572815533980584,103,49,596.504854368932,0.344606876373291
v28_seed3,102,2750.519556681315,4443.21728515625,0.7777777777777778,72,56,853.3333333333334,0.4468565583229065
v28_seed3,103,2744.5505834960936,4878.38916015625,0.76,75,57,819.2,0.43254438042640686
v28_seed3,104,2710.343953450521,4618.7314453125,0.7777777777777778,72,56,853.3333333333334,0.36100393533706665
v28_seed3,105,2755.2373347627945,4442.1044921875,0.8260869565217391,69,57,890.4347826086956,0.41138070821762085
v28_seed3,106,3068.731253788389,4444.0458984375,1.0,58,59,1059.3103448275863,0.3849109411239624
v28_seed3,107,3076.1868735259436,4451.9951171875,1.0,53,57,1159.245283018868,0.44804269075393677
v28_seed3,108,2846.253330560378,4519.86279296875,0.691358024691358,81,56,758.5185185185185,0.3618302345275879
v28_seed3,109,3144.4233077199838,4600.90087890625,1.0,57,58,1077.8947368421052,0.35081279277801514
v28_seed3,110,2954.962386842758,4708.634765625,0.873015873015873,63,55,975.2380952380952,0.33554744720458984
v28_seed3,111,3047.642571918035,4551.205078125,0.9830508474576272,59,58,1041.3559322033898,0.3970012366771698
v28_seed3,112,2900.373394866488,4614.712890625,0.835820895522388,67,56,917.0149253731344,0.3469736576080322
v28_seed3,113,2790.57050678092,4447.724609375,0.8169014084507042,71,58,865.3521126760563,0.33865928649902344
v28_seed3,114,2893.2086825900606,4405.5400390625,0.8055555555555556,72,58,853.3333333333334,0.3615749478340149
v28_seed3,115,2717.291933885261,4608.69091796875,0.8208955223880597,67,55,917.0149253731344,0.3214123249053955
v28_seed3,116,2686.325610616933,4868.5185546875,0.7971014492753623,69,55,890.4347826086956,0.2804592251777649
v28_seed3,117,2508.31006213202,4616.609375,0.7971014492753623,69,55,890.4347826086956,0.31046509742736816
v28_seed3,118,2435.713762808537,4447.4560546875,0.8115942028985508,69,56,890.4347826086956,0.2964293956756592
v28_seed3,119,2760.6817682439632,4441.2646484375,0.8636363636363636,66,57,930.9090909090909,0.2910435199737549
v28_seed3,120,2462.6417215983074,4404.8125,0.95,60,57,1024.0,0.28506678342819214
v28_seed3,121,2340.5767671561534,4404.64453125,0.654320987654321,81,53,758.5185185185185,0.3022904098033905
v28_seed3,122,2317.0460036057693,4436.6552734375,0.8,65,52,945.2307692307693,0.32604268193244934
v28_seed3,123,2133.944498235529,4435.7265625,0.5454545454545454,88,48,698.1818181818181,0.27445095777511597
v28_seed3,124,2078.107031804865,4617.6201171875,0.4,110,44,558.5454545454545,0.2699534296989441
v28_seed3,125,2395.7845420231893,4598.1806640625,0.8095238095238095,63,51,975.2380952380952,0.2985420823097229
v28_seed3,126,2518.227229588468,4595.2705078125,0.7323943661971831,71,52,865.3521126760563,0.3229551911354065
v28_seed3,127,2474.112258429276,4444.716796875,0.5263157894736842,95,50,646.7368421052631,0.26360762119293213
v28_seed3,128,2801.510581752232,4602.2001953125,0.8,70,56,877.7142857142857,0.2393377274274826
v28_seed3,129,2510.50927026721,5320.8076171875,0.7101449275362319,69,49,890.4347826086956,0.23987050354480743
v28_seed3,130,2661.298824734158,4618.63037109375,0.7777777777777778,72,56,853.3333333333334,0.24032744765281677
v28_seed3,131,2774.3500748697916,4876.857421875,0.7466666666666667,75,56,819.2,0.23391009867191315
v28_seed3,132,2462.8121108111213,4803.75732421875,0.6,85,51,722.8235294117648,0.2193530648946762
v28_seed3,133,2688.4398604991825,4711.75341796875,0.6395348837209303,86,55,714.4186046511628,0.24284204840660095
v28_seed3,134,1925.5751183055272,4605.94091796875,0.3925233644859813,107,42,574.2056074766355,0.2262662649154663
v28_seed3,135,2639.062333050896,4899.78369140625,0.6470588235294118,85,55,722.8235294117648,0.236424520611763
v28_seed3,136,2216.5157558795104,4995.79931640625,0.5257731958762887,97,51,633.4020618556701,0.20541837811470032
v28_seed3,137,2249.3437598642677,4616.68310546875,0.46464646464646464,99,46,620.6060606060606,0.22917303442955017
v28_seed3,138,2181.894355701265,4660.60302734375,0.4,105,42,585.1428571428571,0.21420994400978088
v28_seed3,139,1930.4453108692896,4966.2880859375,0.31297709923664124,131,41,469.00763358778624,0.18465936183929443
v28_seed3,140,2115.232177734375,4804.34716796875,0.36036036036036034,111,40,553.5135135135135,0.20638756453990936
v28_seed3,141,2050.618908862134,4615.58984375,0.23776223776223776,143,34,429.65034965034965,0.2093680500984192
v28_seed3,142,1806.6567084520384,4550.34912109375,0.2857142857142857,133,38,461.9548872180451,0.20911888778209686
v28_seed3,143,1800.924914317526,4551.515625,0.1592356687898089,157,25,391.3375796178344,0.20850427448749542
v28_seed3,144,1689.1200280761718,4319.47900390625,0.11428571428571428,175,20,351.0857142857143,0.16477593779563904
v28_seed3,145,1498.5785029163098,3894.97265625,0.0319634703196347,219,7,280.54794520547944,0.20034372806549072
v28_seed3,146,1482.3766722502533,4317.341796875,0.041666666666666664,216,9,284.44444444444446,0.21239161491394043
v28_seed3,147,1467.5775514799973,4154.97509765625,0.019704433497536946,203,4,302.6600985221675,0.2369886338710785
v28_seed3,148,1453.8131774902345,4199.81591796875,0.02926829268292683,205,6,299.7073170731707,0.23397761583328247
v28_seed3,149,1497.476736466515,4378.70263671875,0.03208556149732621,187,6,328.5561497326203,0.25814494490623474
v28_seed3,150,1507.8389366710253,4364.56494140625,0.06779661016949153,177,12,347.1186440677966,0.2103344202041626
v28_seed3,151,1631.304468545569,4317.458984375,0.0783132530120482,166,13,370.12048192771084,0.19959673285484314
v28_seed3,152,1789.0734307183159,4277.037109375,0.09444444444444444,180,17,341.3333333333333,0.20647719502449036
v28_seed3,153,1700.8814009700914,4613.12060546875,0.12048192771084337,166,20,370.12048192771084,0.14679080247879028
v28_seed3,154,1682.9136242675781,4403.7705078125,0.12,150,18,409.6,0.24453476071357727
v28_seed3,155,1616.144780756353,4600.27978515625,0.08241758241758242,182,15,337.5824175824176,0.1967044472694397
v28_seed3,156,1572.5489401792868,4314.58935546875,0.07692307692307693,195,15,315.0769230769231,0.18336254358291626
v28_seed3,157,1644.4871277951909,4456.26708984375,0.08982035928143713,167,15,367.90419161676647,0.21192480623722076
v28_seed3,158,1501.871328147924,4604.63232421875,0.051643192488262914,213,11,288.4507042253521,0.18961337208747864
v28_seed3,159,1435.9175516282212,4159.3740234375,0.03317535545023697,211,7,291.18483412322274,0.22554469108581543
v28_seed3,160,1561.045446837477,4310.509765625,0.04926108374384237,203,10,302.6600985221675,0.1399548053741455
v28_seed3,161,1651.4622608376615,4314.72802734375,0.061452513966480445,179,11,343.24022346368713,0.17349407076835632
v28_seed3,162,1772.6068643339981,4454.95556640625,0.05673758865248227,141,8,435.74468085106383,0.23216888308525085
v28_seed3,163,1600.6359284499597,3995.83251953125,0.028735632183908046,174,5,353.1034482758621,0.17693454027175903
v28_seed3,164,1639.5170233222875,3781.762451171875,0.02247191011235955,178,4,345.1685393258427,0.18820185959339142
v28_seed3,165,1634.5027202674728,4147.46484375,0.0718562874251497,167,12,367.90419161676647,0.16022181510925293
v28_seed3,166,1714.591303695867,4557.0166015625,0.05555555555555555,162,9,379.25925925925924,0.13451094925403595
v28_seed3,167,1633.3684300013952,3708.8525390625,0.027472527472527472,182,5,337.5824175824176,0.1496732532978058
v28_seed3,168,1438.894396033654,4045.821533203125,0.023076923076923078,130,3,472.61538461538464,0.07515639811754227
v28_seed3,169,1475.7643064028257,3723.482177734375,0.01948051948051948,154,3,398.961038961039,0.15269242227077484
v28_seed3,170,1022.6817867235205,3269.804443359375,0.0028735632183908046,348,1,176.55172413793105,0.10700535774230957
v28_seed3,171,1424.5819472324702,3558.643310546875,0.006172839506172839,162,1,379.25925925925924,0.10646125674247742
v28_seed3,172,1516.8396362953997,2933.35595703125,0.0,188,0,326.8085106382979,0.09357234090566635
v28_seed3,173,1510.368424331586,2946.943603515625,0.0,193,0,318.3419689119171,0.11672589182853699
v28_seed3,174,995.1009609685468,2898.543212890625,0.0,346,0,177.5722543352601,0.09231353551149368
v28_seed3,175,1025.598373145388,2948.904541015625,0.0,342,0,179.64912280701753,0.11068437993526459
v28_seed3,176,968.1078491210938,2948.0947265625,0.0,316,0,194.43037974683546,0.09321628510951996
v28_seed3,177,1061.9282884740119,3747.75048828125,0.007462686567164179,268,2,229.2537313432836,0.10573065280914307
v28_seed3,178,1205.2656536680279,2895.75048828125,0.0,264,0,232.72727272727272,0.10349701344966888
v28_seed3,179,1059.2623960781941,2944.75048828125,0.0,226,0,271.85840707964604,0.0795627236366272
v28_seed3,180,978.6241203915756,2884.665283203125,0.0,226,0,271.85840707964604,0.09717303514480591
v28_seed3,181,967.2409288031031,2947.964599609375,0.0,249,0,246.74698795180723,0.0827794000506401
v28_seed3,182,1011.9485033671061,2949.11572265625,0.0,240,0,256.0,0.11513154208660126
v28_seed3,183,1053.7021621631093,3265.75048828125,0.004784688995215311,209,1,293.9712918660287,0.0689382553100586
v28_seed3,184,1079.2206365690759,2941.775390625,0.0,199,0,308.7437185929648,0.08221951127052307
v28_seed3,185,1206.8951328405353,3104.75048828125,0.0,209,0,293.9712918660287,0.1256420612335205
v28_seed3,186,1314.4876861572266,2916.765380859375,0.0,184,0,333.9130434782609,0.09058355540037155
v28_seed3,187,1087.3022790419318,2895.75048828125,0.0,226,0,271.85840707964604,0.07559973001480103
v28_seed3,188,1090.8477497930112,3105.55224609375,0.0,184,0,333.9130434782609,0.07528315484523773
v28_seed3,189,1224.0912645634135,3619.75048828125,0.004975124378109453,201,1,305.67164179104475,0.07231228053569794
v28_seed3,190,1306.6613620260487,3268.182861328125,0.005434782608695652,184,1,333.9130434782609,0.09915938973426819
v28_seed3,191,1333.4124108516808,3103.75048828125,0.0,198,0,310.3030303030303,0.09626451879739761
v28_seed3,192,1271.2903730445933,3165.004638671875,0.004672897196261682,214,1,287.10280373831773,0.07421068102121353
v28_seed3,193,1335.306538015172,3270.3349609375,0.004830917874396135,207,1,296.81159420289856,0.08150821179151535
v28_seed3,194,1285.250835963658,2896.75048828125,0.0,224,0,274.2857142857143,0.0928758755326271
v28_seed3,195,1282.63627406529,3106.43310546875,0.0,231,0,265.97402597402595,0.11194837838411331
v28_seed3,196,1211.1476510555185,3560.75048828125,0.00425531914893617,235,1,261.4468085106383,0.08130455017089844
v28_seed3,197,1183.426438817438,3105.95263671875,0.0,212,0,289.811320754717,0.11135363578796387
v28_seed3,198,1257.6287535214753,2900.785400390625,0.0,217,0,283.1336405529954,0.08816374838352203
v28_seed3,199,1258.0471084377778,2306.923583984375,0.0,211,0,291.18483412322274,0.07749174535274506
v28_seed3,200,1303.2314239920001,3107.3330078125,0.0,219,0,280.54794520547944,0.0800168514251709
v28_seed3,201,1309.0020776245724,3428.453125,0.004975124378109453,201,1,305.67164179104475,0.08505600690841675
v28_seed3,202,1309.7180383985287,3108.533203125,0.0,214,0,287.10280373831773,0.06253648549318314
v28_seed3,203,1365.9796223771682,3105.841552734375,0.0,218,0,281.8348623853211,0.09300275892019272
v28_seed3,204,1386.7155826534845,3426.222900390625,0.004424778761061947,226,1,271.85840707964604,0.08047659695148468
v28_seed3,205,1354.693039021164,3719.75048828125,0.005291005291005291,189,1,325.07936507936506,0.07924631237983704
v28_seed3,206,1424.8840247744606,3104.75048828125,0.0,210,0,292.57142857142856,0.08081582933664322
v28_seed3,207,1364.4941693310325,2899.51416015625,0.0,219,0,280.54794520547944,0.07729868590831757
v28_seed3,208,1309.92513862023,2895.75048828125,0.0,208,0,295.38461538461536,0.07127388566732407
v28_seed3,209,1333.1371300373603,3107.03271484375,0.0,218,0,281.8348623853211,0.10807080566883087
v28_seed3,210,1371.301598459629,3715.75048828125,0.0049261083743842365,203,1,302.6600985221675,0.08838945627212524
v28_seed3,211,1338.039364956393,3269.43408203125,0.0049504950495049506,202,1,304.15841584158414,0.06477171927690506
v28_seed3,212,1239.46800005008,3443.541259765625,0.005128205128205128,195,1,315.0769230769231,0.0788998082280159
v28_seed3,213,1220.3968627377333,3105.9326171875,0.0,221,0,278.00904977375563,0.07233277708292007
v28_seed3,214,1234.792252499833,3107.89453125,0.0,234,0,262.56410256410254,0.06035807728767395
v28_seed3,215,1346.639156634991,3986.3720703125,0.009615384615384616,208,2,295.38461538461536,0.0548684187233448
v28_seed3,216,1260.7474461923732,2932.3349609375,0.0,202,0,304.15841584158414,0.06521846354007721
v28_seed3,217,1144.9318698718787,2927.75048828125,0.0,209,0,293.9712918660287,0.04768301546573639
v28_seed3,218,1183.09384765625,2694.766357421875,0.0,220,0,279.27272727272725,0.08200394362211227
v28_seed3,219,1258.4067869828773,2928.83154296875,0.0,193,0,318.3419689119171,0.095303013920784
v28_seed3,220,1205.785212726514,3271.736328125,0.004149377593360996,241,1,254.9377593360996,0.07620581239461899
v28_seed3,221,1213.521156957594,2803.4140625,0.0,236,0,260.33898305084745,0.08474599570035934
v28_seed3,222,1215.9479579298709,3430.71142578125,0.004694835680751174,213,1,288.4507042253521,0.06603959202766418
v28_seed3,223,1243.3260243733723,3444.463134765625,0.004629629629629629,216,1,284.44444444444446,0.0687699243426323
v28_seed3,224,1238.7487765098815,3329.03369140625,0.0182648401826484,219,4,280.54794520547944,0.05780681595206261
v28_seed3,225,1204.6869114063404,3443.99267578125,0.004629629629629629,216,1,284.44444444444446,0.06019951403141022
v28_seed3,226,1173.2777158359793,2543.75048828125,0.0,187,0,328.5561497326203,0.1202891618013382
v28_seed3,227,1186.4715567355686,2881.902587890625,0.0,225,0,273.06666666666666,0.07226961106061935
v28_seed3,228,1205.2581407861803,3106.703369140625,0.0,206,0,298.252427184466,0.10726851969957352
v28_seed3,229,1231.4966548504215,3442.483154296875,0.0049504950495049506,202,1,304.15841584158414,0.07775353640317917
v28_seed3,230,1264.2071421212013,3734.322021484375,0.009174311926605505,218,2,281.8348623853211,0.08189316093921661
v28_seed3,231,1179.0396295000417,2943.75048828125,0.0,258,0,238.13953488372093,0.07883791625499725
v28_seed3,232,1165.3730297778027,2882.03271484375,0.0,249,0,246.74698795180723,0.06450443714857101
v28_seed3,233,1243.4780803830342,3433.453125,0.004366812227074236,229,1,268.29694323144105,0.0611317902803421
v28_seed3,234,1343.878290577424,3106.623291015625,0.0,195,0,315.0769230769231,0.06671782582998276
v28_seed3,235,1230.6752041382408,3441.483154296875,0.004694835680751174,213,1,288.4507042253521,0.09525294601917267
v28_seed3,236,1212.7789397158865,4113.64501953125,0.00847457627118644,236,2,260.33898305084745,0.08716606348752975
v28_seed3,237,1139.4866994697356,3429.333984375,0.004672897196261682,214,1,287.10280373831773,0.057704709470272064
v28_seed3,238,1233.5422988027897,3164.183837890625,0.0047169811320754715,212,1,289.811320754717,0.0883786529302597
v28_seed3,239,1197.3858785083116,3590.29296875,0.00881057268722467,227,2,270.66079295154185,0.0715731680393219
v28_seed3,240,1236.9913914203644,2946.463134765625,0.0,192,0,320.0,0.0876874178647995
v28_seed3,241,1197.3219300615026,3103.75048828125,0.0,235,0,261.4468085106383,0.06259964406490326
v28_seed3,242,1123.718354988924,3106.302978515625,0.0,231,0,265.97402597402595,0.06688280403614044
v28_seed3,243,1208.9556628715702,2927.75048828125,0.0,205,0,299.7073170731707,0.061186280101537704
v28_seed3,244,1181.0618210847158,2868.91552734375,0.0,227,0,270.66079295154185,0.04511363431811333
v28_seed3,245,1256.3000957347729,3103.75048828125,0.0,216,0,284.44444444444446,0.04788476973772049
v28_seed3,246,1248.8821873276997,3105.75048828125,0.0,209,0,293.9712918660287,0.059815626591444016
v28_seed3,247,1269.5106808892613,3596.322998046875,0.004310344827586207,232,1,264.82758620689657,0.06449761986732483
v28_seed3,248,1218.3313984893946,3425.843505859375,0.004830917874396135,207,1,296.81159420289856,0.058780111372470856
v28_seed3,249,1288.5967785063244,3103.75048828125,0.0,210,0,292.57142857142856,0.05219532549381256
