run,iter,is_peak,param,numel,step,m_mean_abs,m_rms,v_mean,v_min,v_max,eff_lr_mean,eff_lr_median,eff_lr_min,eff_lr_max,frac_v_near_zero
v28_seed3,10,False,fc1.weight,68352,26401.0,0.10000000149011612,0.10000274330377579,0.0010145275155082345,0.0010000000474974513,0.014823202975094318,0.009455513209104538,0.009486771188676357,0.0024640539195388556,0.009486828930675983,0.0
v28_seed3,10,False,fc1.bias,96,26401.0,0.10000000149011612,0.1000000536441803,0.0010002803755924106,0.0010000269394367933,0.0010034404695034027,0.009485500864684582,0.009486263617873192,0.009470553137362003,0.009486702270805836,0.0
v28_seed3,10,False,norm1.weight,96,26401.0,0.09998679161071777,0.09998719394207001,0.0010024174116551876,0.0010002171620726585,0.0010176713112741709,0.00947540532797575,0.009477999992668629,0.009404102340340614,0.009485800750553608,0.0
v28_seed3,10,False,norm1.bias,96,26401.0,0.10006346553564072,0.10006413608789444,0.0010033783037215471,0.001000504824332893,0.0010166544234380126,0.009470880031585693,0.009476430714130402,0.009408803656697273,0.009484436362981796,0.0
v28_seed3,10,False,fc2.weight,3072,26401.0,0.10000000149011612,0.10000032186508179,0.00100154138635844,0.0010000199545174837,0.0010485254460945725,0.009479555301368237,0.00948361400514841,0.009264706633985043,0.009486735798418522,0.0
v28_seed3,10,False,fc2.bias,32,26401.0,0.09999999403953552,0.10000212490558624,0.0010086266556754708,0.0010016567539423704,0.0010413925629109144,0.009446529671549797,0.00946658942848444,0.009296380914747715,0.009478981606662273,0.0
v28_seed3,10,False,norm2.weight,32,26401.0,0.10008317232131958,0.10008327662944794,0.0010004492942243814,0.0010000420734286308,0.0010015704901888967,0.009484700858592987,0.009485432878136635,0.00947938859462738,0.00948663055896759,0.0
v28_seed3,10,False,norm2.bias,32,26401.0,0.10012723505496979,0.10012732446193695,0.0010003773495554924,0.0010000679176300764,0.0010016467422246933,0.009485040791332722,0.009485566057264805,0.009479028172791004,0.009486507624387741,0.0
v28_seed3,10,False,actor.weight,192,26401.0,0.10000000149011612,0.10000047832727432,0.0010020982008427382,0.0010000034235417843,0.0010181866819038987,0.009476948529481888,0.009486716240644455,0.009401722811162472,0.00948681402951479,0.0
v28_seed3,10,False,actor.bias,6,26401.0,0.10000000149011612,0.1000000536441803,0.0010001134360209107,0.0010000519687309861,0.0010001829359680414,0.00948629155755043,0.009486065246164799,0.009485962800681591,0.00948658399283886,0.0
v28_seed3,10,False,critic.weight,32,26401.0,0.10014186054468155,0.1001422330737114,0.0010010821279138327,0.0010000044712796807,0.0010047658579424024,0.009481711313128471,0.009486616589128971,0.009464303962886333,0.009486809372901917,0.0
v28_seed3,10,False,critic.bias,1,26401.0,0.10000935941934586,0.10000935941934586,0.0010001377668231726,0.0010001377668231726,0.0010001377668231726,0.009486177004873753,0.009486177004873753,0.009486177004873753,0.009486177004873753,0.0
v28_seed3,10,False,rnd.predictor.net.0.weight,91136,26401.0,0.09999999403953552,0.10000000149011612,0.0010000019101426005,0.0010000000474974513,0.0010000078473240137,0.009486822411417961,0.009486821480095387,0.009486792609095573,0.009486828930675983,0.0
v28_seed3,10,False,rnd.predictor.net.0.bias,128,26401.0,0.09999999403953552,0.10000000149011612,0.0010000041220337152,0.0010000007459893823,0.0010000092443078756,0.009486811235547066,0.009486813098192215,0.009486786089837551,0.00948682613670826,0.0
v28_seed3,10,False,rnd.predictor.net.1.weight,128,26401.0,0.10000073164701462,0.10000073164701462,0.00100000633392483,0.0010000023758038878,0.001000019139610231,0.00948680005967617,0.009486803784966469,0.009486738592386246,0.009486818686127663,0.0
v28_seed3,10,False,rnd.predictor.net.1.bias,128,26401.0,0.09999891370534897,0.09999892115592957,0.0010000084294006228,0.001000002259388566,0.001000016462057829,0.009486790746450424,0.009486790746450424,0.009486752562224865,0.009486819617450237,0.0
v28_seed3,10,False,rnd.predictor.net.3.weight,16384,26401.0,0.09999999403953552,0.10000000149011612,0.00100000761449337,0.0010000001639127731,0.0010000496404245496,0.009486793540418148,0.009486799128353596,0.00948659423738718,0.009486828930675983,0.0
v28_seed3,10,False,rnd.predictor.net.3.bias,128,26401.0,0.10000000149011612,0.10000000894069672,0.0010000420734286308,0.001000001560896635,0.0010000886395573616,0.00948663055896759,0.009486624039709568,0.009486408904194832,0.009486823342740536,0.0
v28_seed3,10,False,rnd.predictor.net.4.weight,128,26401.0,0.10000007599592209,0.10000008344650269,0.0010000066831707954,0.0010000005131587386,0.0010000233305618167,0.009486798197031021,0.009486804716289043,0.009486719965934753,0.009486827068030834,0.0
v28_seed3,10,False,rnd.predictor.net.4.bias,128,26401.0,0.09999996423721313,0.09999996423721313,0.0010000122711062431,0.0010000001639127731,0.0010000233305618167,0.009486772119998932,0.009486769326031208,0.009486719965934753,0.009486828930675983,0.0
v28_seed3,10,False,rnd.predictor.net.6.weight,8192,26401.0,0.10000039637088776,0.10000039637088776,0.001000010990537703,0.001000001560896635,0.0010000590700656176,0.00948677770793438,0.009486792609095573,0.009486550465226173,0.009486823342740536,0.0
v28_seed3,10,False,rnd.predictor.net.6.bias,64,26401.0,0.10000170767307281,0.10000172257423401,0.0010000566253438592,0.0010000491747632623,0.0010000689653679729,0.009486561641097069,0.009486558847129345,0.009486502967774868,0.009486597031354904,0.0
v28_seed3,20,False,fc1.weight,68352,50400.0,9.81594348559156e-05,0.0008062788983806968,1.456373320252169e-05,0.0,0.012498878873884678,173.43418884277344,3.429116725921631,0.002683401806280017,30000.001953125,0.006247073877602816
v28_seed3,20,False,fc1.bias,96,50400.0,8.270091348094866e-05,0.00011507765884744003,2.7507908839652373e-07,1.2343522648450289e-08,2.3098839392332593e-06,0.977695643901825,0.9145011305809021,0.19738918542861938,2.699993133544922,0.0
v28_seed3,20,False,norm1.weight,96,50400.0,0.0002678928431123495,0.00036002343404106796,2.159700898118899e-06,2.33011405725847e-07,1.2286721357668284e-05,0.25156688690185547,0.2447032630443573,0.08558586239814758,0.6214749813079834,0.0
v28_seed3,20,False,norm1.bias,96,50400.0,0.00027083640452474356,0.00036010047188028693,2.946117319879704e-06,4.968172788721859e-07,2.395929186604917e-05,0.2187262922525406,0.20221732556819916,0.06128912419080734,0.4256148338317871,0.0
v28_seed3,20,False,fc2.weight,3072,50400.0,0.00016524466627743095,0.00023919122759252787,1.1241860420341254e-06,7.284292724563102e-09,3.1655905331717804e-05,0.43294262886047363,0.38697418570518494,0.053320370614528656,3.514606475830078,0.0
v28_seed3,20,False,fc2.bias,32,50400.0,0.0003988886019214988,0.0005258994642645121,6.844937161076814e-06,1.7431979131288244e-06,2.7302994567435235e-05,0.14362889528274536,0.14274688065052032,0.05741367116570473,0.22721898555755615,0.0
v28_seed3,20,False,norm2.weight,32,50400.0,8.930225158110261e-05,0.00011126213939860463,3.76557466097438e-07,1.498197832461301e-08,3.467085889496957e-06,1.0414801836013794,1.2088778018951416,0.16111524403095245,2.4507625102996826,0.0
v28_seed3,20,False,norm2.bias,32,50400.0,5.3954361646901816e-05,6.26782129984349e-05,2.3349903699454444e-07,2.073607596742022e-08,8.349579729838297e-07,0.9735043048858643,1.0833169221878052,0.3283100724220276,2.0831849575042725,0.0
v28_seed3,20,False,actor.weight,192,50400.0,0.00022033137793187052,0.00047001559869386256,1.7628527757551637e-06,9.785194876599235e-10,2.4384564312640578e-05,2.611997365951538,2.5624120235443115,0.060752324759960175,9.58733081817627,0.0
v28_seed3,20,False,actor.bias,6,50400.0,8.50244759931229e-05,0.00010035823652287945,6.188311374444311e-08,1.5847108514321917e-08,1.1546035239007324e-07,1.5162925720214844,1.0442478656768799,0.8828603625297546,2.382932662963867,0.0
v28_seed3,20,False,critic.weight,32,50400.0,7.758184801787138e-05,0.0001324156764894724,1.066704498953186e-06,3.0371731796208223e-09,8.769702617428266e-06,2.5877041816711426,2.9495913982391357,0.10130418837070465,5.442615985870361,0.0
v28_seed3,20,False,critic.bias,1,50400.0,1.9701425117091276e-05,1.9701425117091276e-05,4.740591208474143e-08,4.740591208474143e-08,4.740591208474143e-08,1.3777965307235718,1.3777965307235718,1.3777965307235718,1.3777965307235718,0.0
v28_seed3,20,False,rnd.predictor.net.0.weight,91136,50400.0,4.723665369965602e-06,6.263729574129684e-06,1.0219970425495717e-09,0.0,5.8485456477797015e-09,180.1333465576172,10.336048126220703,3.922297716140747,30000.001953125,0.012004038318991661
v28_seed3,20,False,rnd.predictor.net.0.bias,128,50400.0,5.818102181365248e-06,7.3512592280167155e-06,2.7724125217787332e-09,5.448574924571403e-10,6.1158629272028975e-09,6.1087164878845215,5.650424480438232,3.8356313705444336,12.84676456451416,0.0
v28_seed3,20,False,rnd.predictor.net.1.weight,128,50400.0,1.164349578175461e-05,1.4637323147326242e-05,6.678138930737987e-09,2.7182043282891755e-09,1.6030652361109787e-08,3.881206512451172,3.7783615589141846,2.3692526817321777,5.753033638000488,0.0
v28_seed3,20,False,rnd.predictor.net.1.bias,128,50400.0,1.0568397556198761e-05,1.3422706615529023e-05,8.582249577671064e-09,2.0280257473359597e-09,1.8549570768300327e-08,3.3850433826446533,3.2640540599823,2.20253324508667,6.660212516784668,0.0
v28_seed3,20,False,rnd.predictor.net.3.weight,16384,50400.0,9.99328403850086e-06,1.3030366062594112e-05,5.31269650494437e-09,1.1814134392995612e-10,4.165850242543456e-08,5.1702189445495605,4.4817328453063965,1.4697660207748413,27.575342178344727,0.0
v28_seed3,20,False,rnd.predictor.net.3.bias,128,50400.0,1.774757583916653e-05,2.307272734469734e-05,3.3305983748732615e-08,1.5731665969909159e-09,8.061121548053052e-08,1.9481838941574097,1.6549102067947388,1.0565942525863647,7.56178617477417,0.0
v28_seed3,20,False,rnd.predictor.net.4.weight,128,50400.0,9.699382644612342e-06,1.2281164345040452e-05,6.655923812104447e-09,7.57132301298924e-10,2.4748397109419784e-08,4.652080535888672,4.2675461769104,1.9068658351898193,10.898772239685059,0.0
v28_seed3,20,False,rnd.predictor.net.4.bias,128,50400.0,1.0721040780481417e-05,1.389125463902019e-05,1.1695433954628243e-08,1.8711213134459115e-10,2.5248613866324376e-08,3.302016258239746,2.798801898956299,1.8878834247589111,21.915576934814453,0.0
v28_seed3,20,False,rnd.predictor.net.6.weight,8192,50400.0,1.21090297398041e-05,1.5824924048501998e-05,7.951828528973692e-09,1.2746730337909185e-09,4.0067217099704067e-08,4.2109479904174805,4.111766815185547,1.498666524887085,8.400404930114746,0.0
v28_seed3,20,False,rnd.predictor.net.6.bias,64,50400.0,2.5686651497380808e-05,3.2085052225738764e-05,4.799395725285649e-08,3.870370690606251e-08,5.7794377283926224e-08,1.3724970817565918,1.3743088245391846,1.2478443384170532,1.524835228919983,0.0
v28_seed3,30,False,fc1.weight,68352,74400.0,9.277010394725949e-05,0.0008112092036753893,1.456402605981566e-05,0.0,0.008684014901518822,173.79608154296875,3.5664758682250977,0.003219296457245946,30000.001953125,0.009158473461866379
v28_seed3,30,False,fc1.bias,96,74400.0,0.00010043332440545782,0.00017231721722055227,2.780491001885821e-07,6.367970151188729e-09,2.167309503420256e-06,1.0645612478256226,0.9009917974472046,0.20377826690673828,3.758948564529419,0.0
v28_seed3,30,False,norm1.weight,96,74400.0,0.00023651511583011597,0.0003173081495333463,2.289204076078022e-06,2.6886138471127197e-07,1.4984766494308133e-05,0.24141210317611694,0.23489513993263245,0.07749883830547333,0.5785603523254395,0.0
v28_seed3,30,False,norm1.bias,96,74400.0,0.00025339500280097127,0.0003444300382398069,3.122700718449778e-06,2.824709781634738e-07,1.5371650079032406e-05,0.21498335897922516,0.19026319682598114,0.07651735097169876,0.5644509196281433,0.0
v28_seed3,30,False,fc2.weight,3072,74400.0,0.00015571201220154762,0.0002248306991532445,1.0823351885846932e-06,5.447105433376009e-09,2.1670897695003077e-05,0.44604039192199707,0.3879019320011139,0.0644439160823822,4.064242362976074,0.0
v28_seed3,30,False,fc2.bias,32,74400.0,0.0002774593303911388,0.00038636979297734797,8.58566454553511e-06,1.7974460888581234e-06,3.6250639823265374e-05,0.1356014460325241,0.11016727983951569,0.049826767295598984,0.22376394271850586,0.0
v28_seed3,30,False,norm2.weight,32,74400.0,0.00016315511311404407,0.00020665836927946657,4.571306249090412e-07,1.7402101093466626e-08,3.2243142413790338e-06,1.0234284400939941,1.0588074922561646,0.1670706570148468,2.273984670639038,0.0
v28_seed3,30,False,norm2.bias,32,74400.0,0.0001566971477586776,0.00019283138681203127,2.9139832236069196e-07,1.7986389266866354e-08,9.63448087532015e-07,1.0416711568832397,1.0649782419204712,0.3056347072124481,2.2367472648620605,0.0
v28_seed3,30,False,actor.weight,192,74400.0,9.83903300948441e-05,0.00020932417828589678,1.8354788835495128e-06,4.135894959844677e-10,2.4353354092454538e-05,3.05893874168396,2.6885008811950684,0.060791242867708206,14.744260787963867,0.0
v28_seed3,30,False,actor.bias,6,74400.0,2.7528027203516103e-05,3.6567689676303416e-05,5.067944286452075e-08,6.307263600291435e-09,9.482552343342832e-08,1.9054304361343384,1.0558089017868042,0.9741919636726379,3.7769923210144043,0.0
v28_seed3,30,False,critic.weight,32,74400.0,0.0002136839902959764,0.0003702910616993904,1.3272190244606463e-06,2.175240432222836e-09,8.609483302279841e-06,2.771216630935669,2.7625269889831543,0.10224245488643646,6.430941104888916,0.0
v28_seed3,30,False,critic.bias,1,74400.0,9.172005957225338e-05,9.172005957225338e-05,4.2607702255281765e-08,4.2607702255281765e-08,4.2607702255281765e-08,1.4533030986785889,1.4533030986785889,1.4533030986785889,1.4533030986785889,0.0
v28_seed3,30,False,rnd.predictor.net.0.weight,91136,74400.0,2.3044945010042284e-06,3.0311634873214643e-06,2.9088914610397865e-10,0.0,1.6414472003845049e-09,189.9732208251953,19.414962768554688,7.402878761291504,30000.001953125,0.16474279761314392
v28_seed3,30,False,rnd.predictor.net.0.bias,128,74400.0,3.120802148259827e-06,3.9123451642808504e-06,8.196461287468537e-10,3.0268901274332904e-10,2.417180455793755e-09,11.165563583374023,11.198074340820312,6.100682735443115,17.233495712280273,0.0
v28_seed3,30,False,rnd.predictor.net.1.weight,128,74400.0,5.739048901887145e-06,7.3176342993974686e-06,2.2203980876156493e-09,7.499117438136693e-10,6.692911114214439e-09,6.776908874511719,6.731516361236572,3.6665759086608887,10.95109748840332,0.0
v28_seed3,30,False,rnd.predictor.net.1.bias,128,74400.0,5.663399861077778e-06,6.999252491368679e-06,2.4707340617879936e-09,1.161754470402343e-09,7.289342907057517e-09,6.267906665802002,6.264640808105469,3.5133888721466064,8.79906940460205,0.0
v28_seed3,30,False,rnd.predictor.net.3.weight,16384,74400.0,4.483013071876485e-06,5.884769507247256e-06,1.1950214151568161e-09,1.9882128929338272e-11,1.6281823889130465e-08,10.58979606628418,9.516484260559082,2.3509087562561035,67.13004302978516,0.01483154296875
v28_seed3,30,False,rnd.predictor.net.3.bias,128,74400.0,8.95564335223753e-06,1.1242083928664215e-05,7.166724547147396e-09,2.5795648950222017e-10,1.901850588126308e-08,4.084661483764648,3.5919382572174072,2.1752121448516846,18.667137145996094,0.0
v28_seed3,30,False,rnd.predictor.net.4.weight,128,74400.0,6.062494776415406e-06,7.959574759297539e-06,2.2338855210080055e-09,8.614119834104983e-11,9.964736591427936e-09,7.95645809173584,7.191157817840576,3.005002975463867,32.28852081298828,0.0078125
v28_seed3,30,False,rnd.predictor.net.4.bias,128,74400.0,5.195030098548159e-06,6.4078662944666576e-06,2.387809949766506e-09,4.5231190320960124e-11,5.8208704523110555e-09,7.148703575134277,6.2972636222839355,3.931609869003296,44.54069900512695,0.015625
v28_seed3,30,False,rnd.predictor.net.6.weight,8192,74400.0,6.709768058499321e-06,8.710589099791832e-06,2.4212511995358454e-09,5.072497977209878e-10,1.116915271381913e-08,7.093971252441406,6.739739418029785,2.838376998901367,13.314274787902832,0.0
v28_seed3,30,False,rnd.predictor.net.6.bias,64,74400.0,1.3395548194239382e-05,1.626831726753153e-05,1.630573720490247e-08,1.3267899667823713e-08,1.926919956929396e-08,2.3550639152526855,2.352565288543701,2.1610169410705566,2.6042487621307373,0.0
v28_seed3,40,False,fc1.weight,68352,98400.0,7.474806625396013e-05,0.0006159780896268785,1.4541271411872003e-05,0.0,0.01534315850585699,174.08042907714844,3.710613965988159,0.0024219427723437548,30000.001953125,0.009334035217761993
v28_seed3,40,False,fc1.bias,96,98400.0,5.7099339755950496e-05,8.459554373985156e-05,3.063296674099547e-07,4.331003555790858e-09,2.9360819553403417e-06,1.0724931955337524,0.878829836845398,0.17507925629615784,4.557860851287842,0.0
v28_seed3,40,False,norm1.weight,96,98400.0,0.0002521676360629499,0.0003572941932361573,3.219019845346338e-06,3.4961831829605217e-07,2.409442276984919e-05,0.21793882548809052,0.20617389678955078,0.0611170195043087,0.5073607563972473,0.0
v28_seed3,40,False,norm1.bias,96,98400.0,0.0002520547714084387,0.0003391875943634659,4.059966158820316e-06,2.4741083848311973e-07,3.443891182541847e-05,0.1965739130973816,0.17912240326404572,0.051120590418577194,0.6031192541122437,0.0
v28_seed3,40,False,fc2.weight,3072,98400.0,0.0001597108057467267,0.00023263054026756436,1.4871047824271955e-06,7.580532646045413e-09,3.3465745218563825e-05,0.41151008009910583,0.3623414933681488,0.05185853689908981,3.445256471633911,0.0
v28_seed3,40,False,fc2.bias,32,98400.0,0.0004248071345500648,0.0006060895975679159,1.4287988960859366e-05,2.211554829045781e-06,7.352561806328595e-05,0.1180570125579834,0.09916266053915024,0.034986574202775955,0.20172953605651855,0.0
v28_seed3,40,False,norm2.weight,32,98400.0,7.736188126727939e-05,9.416266402695328e-05,5.634122999254032e-07,1.90250890597099e-08,3.329489118186757e-06,0.7879670858383179,0.745882511138916,0.16441069543361664,2.174835681915283,0.0
v28_seed3,40,False,norm2.bias,32,98400.0,5.901348777115345e-05,6.979234603932127e-05,4.094990231351403e-07,2.7325180340653787e-08,1.402977204634226e-06,0.8395044207572937,0.7931148409843445,0.25327497720718384,1.8147361278533936,0.0
v28_seed3,40,False,actor.weight,192,98400.0,6.464302714448422e-05,0.00012719845108222216,1.4906830756444833e-06,3.183963370734233e-10,2.1559793822234496e-05,3.7938339710235596,3.2853872776031494,0.06460974365472794,16.803274154663086,0.0
v28_seed3,40,False,actor.bias,6,98400.0,1.681909452599939e-05,2.3496342691942118e-05,3.484415955767872e-08,4.701270484019915e-09,7.347285446712704e-08,2.47770094871521,1.2937120199203491,1.106730341911316,4.374721050262451,0.0
v28_seed3,40,False,critic.weight,32,98400.0,5.5420543503714725e-05,8.443015394732356e-05,1.5359823919425253e-06,2.869119386517127e-09,9.02348074305337e-06,2.309880495071411,1.952843189239502,0.09986948221921921,5.599714279174805,0.0
v28_seed3,40,False,critic.bias,1,98400.0,1.3800374290440232e-05,1.3800374290440232e-05,5.213601639297849e-08,5.213601639297849e-08,5.213601639297849e-08,1.313812255859375,1.313812255859375,1.313812255859375,1.313812255859375,0.0
v28_seed3,40,False,rnd.predictor.net.0.weight,91136,98400.0,2.1589143273104128e-07,2.8445188604564464e-07,1.1931085459881974e-11,0.0,1.3722535607829656e-10,293.98236083984375,111.52044677734375,25.587833404541016,30000.001953125,0.998332142829895
v28_seed3,40,False,rnd.predictor.net.0.bias,128,98400.0,2.4314797997249116e-07,3.074184462548146e-07,3.9911289551053386e-11,1.39105645405313e-11,1.2029718887696106e-10,51.33607482910156,49.9074592590332,27.327363967895508,80.22061920166016,0.9765625
v28_seed3,40,False,rnd.predictor.net.1.weight,128,98400.0,4.900534236185194e-07,6.269195864661015e-07,8.308891075170521e-11,2.4086585156957163e-11,2.876181515176768e-10,37.00772476196289,36.807960510253906,17.678974151611328,61.002784729003906,0.7734375
v28_seed3,40,False,rnd.predictor.net.1.bias,128,98400.0,4.068862722306221e-07,5.039058237343852e-07,9.24010520875207e-11,3.717846516759771e-11,2.1031169861185361e-10,32.59192657470703,32.35641098022461,20.672365188598633,49.12062454223633,0.6328125
v28_seed3,40,False,rnd.predictor.net.3.weight,16384,98400.0,3.704387268044229e-07,4.883696078650246e-07,3.313330165788386e-11,1.113911805676604e-12,5.698027050193843e-10,70.41361999511719,62.81086730957031,12.562529563903809,281.5790710449219,0.95501708984375
v28_seed3,40,False,rnd.predictor.net.3.bias,128,98400.0,6.719271823385498e-07,8.686999990459299e-07,2.2835106028296082e-10,2.1748273321131606e-11,7.212191399652568e-10,23.110919952392578,20.65529441833496,11.166728019714355,64.19165802001953,0.1484375
v28_seed3,40,False,rnd.predictor.net.4.weight,128,98400.0,5.203834234634996e-07,6.878850626890198e-07,8.605133272610033e-11,2.2151629489042257e-12,4.0370060072625336e-10,49.242713928222656,38.84284973144531,14.923663139343262,200.2212677001953,0.703125
v28_seed3,40,False,rnd.predictor.net.4.bias,128,98400.0,4.397419104407163e-07,5.685080282091803e-07,8.794934225342388e-11,7.648973468499243e-12,3.027047779102787e-10,37.71792984008789,33.16221618652344,17.23304557800293,108.08172607421875,0.640625
v28_seed3,40,False,rnd.predictor.net.6.weight,8192,98400.0,6.920142254784878e-07,9.114315844271914e-07,1.0710209108477642e-10,1.1630370277959656e-11,7.082918140888239e-10,37.83275604248047,35.31764602661133,11.268134117126465,87.71076965332031,0.6402587890625
v28_seed3,40,False,rnd.predictor.net.6.bias,64,98400.0,1.3766828033112688e-06,1.8315886336495169e-06,8.061409317861035e-10,6.605115343560897e-10,1.010766581543976e-09,10.607873916625977,10.590746879577637,9.433204650878906,11.668420791625977,0.0
v28_seed3,50,False,fc1.weight,68352,122400.0,6.806649616919458e-05,0.0005168446223251522,1.4538716641254723e-05,0.0,0.021175989881157875,174.9358367919922,4.127469539642334,0.0020615761168301105,30000.001953125,0.015478698536753654
v28_seed3,50,False,fc1.bias,96,122400.0,6.656813638983294e-05,0.00010064278467325494,3.3962911061280465e-07,4.488012628200977e-09,3.8403291000577156e-06,1.156992793083191,0.8583211302757263,0.15308578312397003,4.477436542510986,0.0
v28_seed3,50,False,norm1.weight,96,122400.0,0.0002544096205383539,0.0003201169893145561,3.6297687984188087e-06,3.6140764336778375e-07,3.574448055587709e-05,0.21846437454223633,0.21016742289066315,0.05017831549048424,0.49901705980300903,0.0
v28_seed3,50,False,norm1.bias,96,122400.0,0.0002830572775565088,0.00035233129165135324,4.909302788291825e-06,3.823926988388848e-07,7.518340862588957e-05,0.1955777257680893,0.18050457537174225,0.0345986969769001,0.48513147234916687,0.0
v28_seed3,50,False,fc2.weight,3072,122400.0,0.00015426457684952766,0.00022604086552746594,1.511798132014519e-06,1.0505687875195235e-08,3.944266791222617e-05,0.4376382827758789,0.3797888159751892,0.04776804521679878,2.9266223907470703,0.0
v28_seed3,50,False,fc2.bias,32,122400.0,0.0004506664117798209,0.0006302106776274741,1.606705154699739e-05,2.3399211386276875e-06,7.742171874269843e-05,0.11544474959373474,0.09017226099967957,0.03409489616751671,0.19611816108226776,0.0
v28_seed3,50,False,norm2.weight,32,122400.0,9.532508556731045e-05,0.0001453173899790272,5.90223862673156e-07,1.3437014168005135e-08,3.289649839643971e-06,0.7123075723648071,0.6615217924118042,0.16540324687957764,2.5878102779388428,0.0
v28_seed3,50,False,norm2.bias,32,122400.0,8.587836055085063e-05,0.00012743455590680242,4.446986849870882e-07,2.1545698558611548e-08,1.3654668009621673e-06,0.7656989097595215,0.7314894199371338,0.25673019886016846,2.043673038482666,0.0
v28_seed3,50,False,actor.weight,192,122400.0,5.9260561101837084e-05,0.00012356809747871011,1.0509671710678958e-06,4.0104669585261377e-10,1.340969083685195e-05,3.310138463973999,3.145613431930542,0.08192391693592072,14.972936630249023,0.0
v28_seed3,50,False,actor.bias,6,122400.0,1.3516073522623628e-05,1.982386311283335e-05,2.592182823946132e-08,4.518831975275361e-09,5.359477839306237e-08,2.5473012924194336,1.5164562463760376,1.2958099842071533,4.462143898010254,0.0
v28_seed3,50,False,critic.weight,32,122400.0,0.0001525206316728145,0.0002632710966281593,1.5460675513168098e-06,2.722138736643842e-09,8.808645361568779e-06,2.171396255493164,1.672299861907959,0.10108000040054321,5.748875617980957,0.0
v28_seed3,50,False,critic.bias,1,122400.0,2.5770164938876405e-05,2.5770164938876405e-05,5.2156554630755636e-08,5.2156554630755636e-08,5.2156554630755636e-08,1.3135536909103394,1.3135536909103394,1.3135536909103394,1.3135536909103394,0.0
v28_seed3,50,False,rnd.predictor.net.0.weight,91136,122400.0,2.119275137602017e-07,2.903941833665158e-07,1.3473132332020299e-11,0.0,3.178182994556522e-10,312.32635498046875,125.7942123413086,16.818540573120117,30000.001953125,0.9886981844902039
v28_seed3,50,False,rnd.predictor.net.0.bias,128,122400.0,2.8392636863827647e-07,3.6339773146210064e-07,4.616308030280791e-11,7.610262246771082e-12,1.9471493861722422e-10,51.12177276611328,49.00274658203125,21.4837703704834,108.35527038574219,0.9296875
v28_seed3,50,False,rnd.predictor.net.1.weight,128,122400.0,5.29947556060506e-07,6.631762516917661e-07,9.219590368925168e-11,1.1750677687827338e-11,5.217083987041349e-10,40.503997802734375,40.38132858276367,13.12856388092041,87.26191711425781,0.734375
v28_seed3,50,False,rnd.predictor.net.1.bias,128,122400.0,4.4486588990366727e-07,5.529894906430854e-07,1.0244968762229689e-10,2.5883132442894308e-11,3.0594884958823343e-10,32.67848587036133,32.6557502746582,17.14149284362793,58.85184097290039,0.6328125
v28_seed3,50,False,rnd.predictor.net.3.weight,16384,122400.0,3.3434656643294147e-07,4.523431869074557e-07,3.077110788396453e-11,2.5004293340707973e-13,7.975791693759504e-10,89.75788879394531,76.81226348876953,10.618926048278809,588.185791015625,0.93975830078125
v28_seed3,50,False,rnd.predictor.net.3.bias,128,122400.0,5.843507437930384e-07,7.564994461972674e-07,2.076902400061087e-10,1.3650210302362797e-11,8.054016342740056e-10,26.068965911865234,22.405487060546875,10.567251205444336,80.97998809814453,0.2265625
v28_seed3,50,False,rnd.predictor.net.4.weight,128,122400.0,3.94295710748338e-07,5.295270852911926e-07,7.628068315890246e-11,6.397644458470964e-13,4.1274711426453337e-10,62.397117614746094,45.31208801269531,14.759291648864746,370.43768310546875,0.75
v28_seed3,50,False,rnd.predictor.net.4.bias,128,122400.0,3.5168690715181583e-07,4.5362037326412974e-07,7.920891026413912e-11,4.782662980928887e-12,2.8097316140396345e-10,42.44049835205078,37.395782470703125,17.886682510375977,136.55419921875,0.703125
v28_seed3,50,False,rnd.predictor.net.6.weight,8192,122400.0,6.179424758556706e-07,8.17760508198262e-07,9.797932604138637e-11,6.923540300102227e-12,1.2547965999587518e-09,43.731971740722656,39.90248107910156,8.466657638549805,113.58207702636719,0.6678466796875
v28_seed3,50,False,rnd.predictor.net.6.bias,64,122400.0,1.1241974107178976e-06,1.424923198101169e-06,6.77235933999043e-10,5.04230157627461e-10,1.1042132763705581e-09,11.649932861328125,11.69111156463623,9.025350570678711,13.35406494140625,0.0
v28_seed3,60,False,fc1.weight,68352,146400.0,8.042356057558209e-05,0.0009026386542245746,1.451683056075126e-05,0.0,0.02803749404847622,175.3026123046875,4.365961074829102,0.0017916435608640313,30000.001953125,0.02146242931485176
v28_seed3,60,False,fc1.bias,96,146400.0,6.739764648955315e-05,0.0001285966282011941,3.4466086162865395e-07,3.6419409710219952e-09,5.186127964407206e-06,1.1972509622573853,0.8520936965942383,0.1317339688539505,4.970303058624268,0.0
v28_seed3,60,False,norm1.weight,96,146400.0,0.0002615493140183389,0.0003912287065759301,4.245919171808055e-06,3.1866366612121055e-07,6.06586218054872e-05,0.2093971222639084,0.19359053671360016,0.03851895034313202,0.5314315557479858,0.0
v28_seed3,60,False,norm1.bias,96,146400.0,0.00026562754646874964,0.0004113767936360091,6.09647213423159e-06,4.520206005054206e-07,0.00012950599193572998,0.18698973953723907,0.16437914967536926,0.026361852884292603,0.44620630145072937,0.0
v28_seed3,60,False,fc2.weight,3072,146400.0,0.00017374819435644895,0.00026298488955944777,1.8768472500596545e-06,1.0723764987119466e-08,3.977026426582597e-05,0.4197659194469452,0.3581693768501282,0.04757089912891388,2.896714687347412,0.0
v28_seed3,60,False,fc2.bias,32,146400.0,0.0002862093679141253,0.00034119709744118154,2.107369618897792e-05,2.4422765818599146e-06,0.0001140371459769085,0.10484394431114197,0.08777448534965515,0.028092971071600914,0.19196456670761108,0.0
v28_seed3,60,False,norm2.weight,32,146400.0,8.967194298747927e-05,0.0001134007761720568,9.395820370627916e-07,1.3495675688091069e-08,5.726769359171158e-06,0.5886582136154175,0.5271678566932678,0.1253616213798523,2.5821805000305176,0.0
v28_seed3,60,False,norm2.bias,32,146400.0,7.54546927055344e-05,8.845352567732334e-05,6.718393024129909e-07,2.2297179214092466e-08,2.0822969872824615e-06,0.6325230002403259,0.6211535930633545,0.2078963816165924,2.008941411972046,0.0
v28_seed3,60,False,actor.weight,192,146400.0,0.00017078658856917173,0.00044146712752990425,1.0184247685174341e-06,6.163632382261142e-10,1.5218738553812727e-05,3.0911619663238525,2.696744918823242,0.07690079510211945,12.078916549682617,0.0
v28_seed3,60,False,actor.bias,6,146400.0,5.6017237511696294e-05,7.490585267078131e-05,2.7871822183556105e-08,7.968671056346466e-09,6.010365893871494e-08,2.290759325027466,1.500961184501648,1.2236382961273193,3.3603127002716064,0.0
v28_seed3,60,False,critic.weight,32,146400.0,6.595105514861643e-05,0.0001088391145458445,2.450670308462577e-06,3.547607096976435e-09,1.4890317288518418e-05,1.7740962505340576,1.2453500032424927,0.07774423062801361,5.035940647125244,0.0
v28_seed3,60,False,critic.bias,1,146400.0,3.177339749527164e-05,3.177339749527164e-05,7.796531065196177e-08,7.796531065196177e-08,7.796531065196177e-08,1.07437264919281,1.07437264919281,1.07437264919281,1.07437264919281,0.0
v28_seed3,60,False,rnd.predictor.net.0.weight,91136,146400.0,2.933907694568916e-07,4.3153244178029126e-07,1.2448870927161959e-11,0.0,3.256828695619163e-10,322.755126953125,136.30078125,16.61434555053711,30000.001953125,0.9894663095474243
v28_seed3,60,False,rnd.predictor.net.0.bias,128,146400.0,3.9474360846725176e-07,5.132384330863715e-07,3.9629660664175503e-11,6.017884541381635e-12,2.06448344530763e-10,56.30748748779297,52.45830154418945,20.864761352539062,121.79588317871094,0.9453125
v28_seed3,60,False,rnd.predictor.net.1.weight,128,146400.0,7.138190198929806e-07,1.0002129329222953e-06,8.74121747207468e-11,1.1693343342222828e-11,6.054223233853406e-10,43.3126335144043,42.51148223876953,12.18752670288086,87.47496032714844,0.7421875
v28_seed3,60,False,rnd.predictor.net.1.bias,128,146400.0,6.903170515215606e-07,9.030541718857421e-07,9.385024701824562e-11,2.2296183996295404e-11,2.8846947053295935e-10,34.93632888793945,34.98251724243164,17.652883529663086,63.39970016479492,0.65625
v28_seed3,60,False,rnd.predictor.net.3.weight,16384,146400.0,4.7187313612084836e-07,6.67914321184071e-07,2.7417582093569592e-11,2.1910275785526345e-13,8.012666641299404e-10,98.0457992553711,83.9310302734375,10.59447193145752,627.504638671875,0.94769287109375
v28_seed3,60,False,rnd.predictor.net.3.bias,128,146400.0,1.0993409205184435e-06,1.4182071481627645e-06,1.7538651087001256e-10,1.094154020858662e-11,6.998261969926034e-10,28.668991088867188,24.518932342529297,11.33605670928955,90.42137145996094,0.3203125
v28_seed3,60,False,rnd.predictor.net.4.weight,128,146400.0,7.143768243622617e-07,1.0082836752189905e-06,6.877949598749211e-11,4.807195223485716e-13,4.509750628489684e-10,67.41683197021484,48.940528869628906,14.120189666748047,426.53662109375,0.78125
v28_seed3,60,False,rnd.predictor.net.4.bias,128,146400.0,6.9738314323331e-07,9.045644446814549e-07,6.972999955223713e-11,4.2000196723290806e-12,2.8951871455795697e-10,45.6658821105957,39.65825653076172,17.620887756347656,145.6738739013672,0.7890625
v28_seed3,60,False,rnd.predictor.net.6.weight,8192,146400.0,9.333183470516815e-07,1.2805525102521642e-06,9.072703699430917e-11,5.962024710731706e-12,1.3547716282147348e-09,46.28340530395508,42.124210357666016,8.148361206054688,122.36280822753906,0.7061767578125
v28_seed3,60,False,rnd.predictor.net.6.bias,64,146400.0,2.1524074327317066e-06,2.8033334729116177e-06,5.901184541023952e-10,4.306822676269917e-10,8.790547179060582e-10,12.48969554901123,12.596485137939453,10.115023612976074,14.448858261108398,0.0
v28_seed3,70,False,fc1.weight,68352,170400.0,7.742358866380528e-05,0.0006947656511329114,1.4513191672449466e-05,0.0,0.02911125123500824,175.11521911621094,4.225024700164795,0.0017582910368219018,30000.001953125,0.019648291170597076
v28_seed3,70,False,fc1.bias,96,170400.0,6.036915510776453e-05,8.923150016926229e-05,2.9619113206535985e-07,3.766928546866666e-09,5.69931535210344e-06,1.242164969444275,0.8982677459716797,0.12566320598125458,4.8871636390686035,0.0
v28_seed3,70,False,norm1.weight,96,170400.0,0.0002690564142540097,0.00038457976188510656,3.956927230319707e-06,5.259476552055276e-07,5.7431730965618044e-05,0.2024741917848587,0.19022437930107117,0.03958628699183464,0.41366046667099,0.0
v28_seed3,70,False,norm1.bias,96,170400.0,0.00030196685111150146,0.00040874123806133866,6.477215265476843e-06,6.386925406332011e-07,0.000152076332597062,0.1798025518655777,0.16523368656635284,0.02432708628475666,0.37537896633148193,0.0
v28_seed3,70,False,fc2.weight,3072,170400.0,0.00020426191622391343,0.00031797753763385117,1.8985525684911408e-06,1.0624831681127489e-08,5.0501763325883076e-05,0.4080524146556854,0.35088661313056946,0.04221506044268608,2.910168409347534,0.0
v28_seed3,70,False,fc2.bias,32,170400.0,0.0005558417178690434,0.0007163704140111804,2.3861337467678823e-05,3.235522626710008e-06,0.00013425554789137095,0.09784102439880371,0.0779423862695694,0.02589135244488716,0.16678102314472198,0.0
v28_seed3,70,False,norm2.weight,32,170400.0,0.0001105754854506813,0.0001463693188270554,1.1218329518669634e-06,1.7822541664713754e-08,7.675464075873606e-06,0.5939743518829346,0.5337058305740356,0.10828477144241333,2.247004508972168,0.0
v28_seed3,70,False,norm2.bias,32,170400.0,0.00011866961722262204,0.00015639234334230423,7.354611852861126e-07,2.319216996227169e-08,2.2298975181911374e-06,0.6489917635917664,0.6650869250297546,0.20089814066886902,1.9697997570037842,0.0
v28_seed3,70,False,actor.weight,192,170400.0,3.775144068640657e-05,7.563560211565346e-05,1.351486389467027e-06,4.721424362585935e-10,2.504554322513286e-05,3.271165609359741,2.479173421859741,0.05994530767202377,13.800186157226562,0.0
v28_seed3,70,False,actor.bias,6,170400.0,1.6473357391078025e-05,1.9605464331107214e-05,3.1797963373492166e-08,6.345785230621459e-09,7.361592224697233e-08,2.271389961242676,1.5697987079620361,1.1056543588638306,3.765512466430664,0.0
v28_seed3,70,False,critic.weight,32,170400.0,0.00014559380360879004,0.0002497779787518084,2.9820125746482518e-06,4.231691885792088e-09,1.9496479580993764e-05,1.7744399309158325,1.2330998182296753,0.06794260442256927,4.611025333404541,0.0
v28_seed3,70,False,critic.bias,1,170400.0,3.524704516166821e-05,3.524704516166821e-05,7.86905616223521e-08,7.86905616223521e-08,7.86905616223521e-08,1.0694105625152588,1.0694105625152588,1.0694105625152588,1.0694105625152588,0.0
v28_seed3,70,False,rnd.predictor.net.0.weight,91136,170400.0,1.8800686518716248e-07,2.496154536402173e-07,9.687509475164724e-12,0.0,2.554610134541946e-10,333.141357421875,148.56715393066406,18.758033752441406,30000.001953125,0.995654821395874
v28_seed3,70,False,rnd.predictor.net.0.bias,128,170400.0,3.124013119304436e-07,3.9841316379352065e-07,3.5912446627595074e-11,7.210849539002195e-12,3.0602312350858085e-10,58.68537902832031,55.244651794433594,17.139413833618164,111.30477905273438,0.9765625
v28_seed3,70,False,rnd.predictor.net.1.weight,128,170400.0,5.374241140998492e-07,6.850147542536433e-07,7.761538634021292e-11,1.358580782595542e-11,7.490819076139132e-10,44.253910064697266,44.94260787963867,10.957159042358398,81.17118072509766,0.7890625
v28_seed3,70,False,rnd.predictor.net.1.bias,128,170400.0,5.16144268658536e-07,6.473717917288013e-07,8.371604104384645e-11,2.767466984743283e-11,4.68279581777864e-10,35.97160720825195,36.237998962402344,13.856961250305176,56.918739318847656,0.734375
v28_seed3,70,False,rnd.predictor.net.3.weight,16384,170400.0,3.167482987009862e-07,4.2075444639522175e-07,2.3392647194309113e-11,1.9856264256521566e-13,6.283061293466119e-10,103.2780532836914,87.75481414794922,11.963613510131836,658.467041015625,0.96343994140625
v28_seed3,70,False,rnd.predictor.net.3.bias,128,170400.0,7.058671940285421e-07,8.513006832799874e-07,1.5759982208152223e-10,9.432371550488483e-12,4.91752139009094e-10,29.72776222229004,25.158184051513672,13.522355079650879,97.36414337158203,0.34375
v28_seed3,70,False,rnd.predictor.net.4.weight,128,170400.0,4.54854387044179e-07,5.713715722777124e-07,6.217400899677372e-11,4.724125821434222e-13,3.13599424206501e-10,68.43898010253906,50.738792419433594,16.93122673034668,430.21685791015625,0.796875
v28_seed3,70,False,rnd.predictor.net.4.bias,128,170400.0,4.685260250880674e-07,5.654328560922295e-07,6.487734655058475e-11,3.929319543349852e-12,1.9422397024015936e-10,46.325927734375,39.622657775878906,21.510889053344727,150.58343505859375,0.8046875
v28_seed3,70,False,rnd.predictor.net.6.weight,8192,170400.0,6.559191092492256e-07,8.826697239783243e-07,8.223008385321862e-11,5.13420772910167e-12,9.360345831765926e-10,47.51658248901367,42.22294235229492,9.802421569824219,131.8172149658203,0.715087890625
v28_seed3,70,False,rnd.predictor.net.6.bias,64,170400.0,1.540195398774813e-06,1.9577762486733263e-06,5.727834873070492e-10,4.1288647500969944e-10,8.321733302452117e-10,12.665574073791504,12.772815704345703,10.395941734313965,14.75680160522461,0.0
v28_seed3,80,False,fc1.weight,68352,194400.0,8.782875374890864e-05,0.0008940646075643599,1.4496313269773964e-05,0.0,0.037293750792741776,174.70938110351562,4.059104919433594,0.0015534712001681328,30000.001953125,0.01594686321914196
v28_seed3,80,False,fc1.bias,96,194400.0,7.941845979075879e-05,0.0001316134730586782,3.0505447057294077e-07,3.74837583194676e-09,6.624331490456825e-06,1.2161582708358765,0.9055278301239014,0.11655973643064499,4.899240970611572,0.0
v28_seed3,80,False,norm1.weight,96,194400.0,0.00032177046523429453,0.00043520203325897455,4.580718723445898e-06,7.253709668475494e-07,7.945465040393174e-05,0.18879078328609467,0.1865324079990387,0.03365589305758476,0.35223791003227234,0.0
v28_seed3,80,False,norm1.bias,96,194400.0,0.000403563492000103,0.0005586195620708168,7.179818112490466e-06,8.060818004196335e-07,0.000189921775017865,0.16902415454387665,0.16681008040905,0.021768752485513687,0.33413878083229065,0.0
v28_seed3,80,False,fc2.weight,3072,194400.0,0.00023605767637491226,0.00036576250568032265,2.1889090930926614e-06,9.735965811330516e-09,5.008465450373478e-05,0.3936898708343506,0.32929763197898865,0.042390480637550354,3.0400991439819336,0.0
v28_seed3,80,False,fc2.bias,32,194400.0,0.0005764192901551723,0.0006747892475686967,2.714700167416595e-05,2.9552429623436183e-06,0.00015387966413982213,0.09426352381706238,0.07071959972381592,0.024184120818972588,0.17451074719429016,0.0
v28_seed3,80,False,norm2.weight,32,194400.0,0.00022574642207473516,0.00031655855127610266,1.473160409659613e-06,1.967564955407397e-08,1.0313268830941524e-05,0.5305864810943604,0.4860682487487793,0.09341610223054886,2.1385815143585205,0.0
v28_seed3,80,False,norm2.bias,32,194400.0,0.00018536229617893696,0.0002630740054883063,9.342775797449576e-07,4.37625899962768e-08,2.9016198368481128e-06,0.5659612417221069,0.5952972769737244,0.17611587047576904,1.4339995384216309,0.0
v28_seed3,80,False,actor.weight,192,194400.0,4.1508337744744495e-05,7.853820716263726e-05,1.2600585250766017e-06,2.6998100977060346e-10,2.3177264665719122e-05,3.27498459815979,2.500378131866455,0.06231452897191048,18.24695587158203,0.0
v28_seed3,80,False,actor.bias,6,194400.0,1.2505690392572433e-05,1.4838520655757748e-05,3.218654143211097e-08,5.493346222351647e-09,6.997345991521797e-08,2.1985316276550293,1.5768462419509888,1.1340655088424683,4.047102928161621,0.0
v28_seed3,80,False,critic.weight,32,194400.0,0.00032422220101580024,0.0005628344952128828,3.898427166859619e-06,5.217516640954045e-09,2.5443509002798237e-05,1.5917129516601562,1.0355591773986816,0.059474654495716095,4.152687072753906,0.0
v28_seed3,80,False,critic.bias,1,194400.0,9.444618626730517e-05,9.444618626730517e-05,1.0370998637654338e-07,1.0370998637654338e-07,1.0370998637654338e-07,0.9315313696861267,0.9315313696861267,0.9315313696861267,0.9315313696861267,0.0
v28_seed3,80,False,rnd.predictor.net.0.weight,91136,194400.0,1.516338556939445e-07,2.1243822345695662e-07,9.424492436460596e-12,0.0,2.0456895899467753e-10,336.4559326171875,153.01792907714844,20.960315704345703,30000.001953125,0.9959182143211365
v28_seed3,80,False,rnd.predictor.net.0.bias,128,194400.0,2.034446708876203e-07,2.7338572294866026e-07,3.1731492433628716e-11,6.35703642504204e-12,1.3956516498048188e-10,61.69089889526367,57.28194046020508,25.372617721557617,118.51541900634766,0.984375
v28_seed3,80,False,rnd.predictor.net.1.weight,128,194400.0,3.328700017846131e-07,4.578114101150277e-07,7.323599365838263e-11,1.1998916617239619e-11,4.2388226262346507e-10,44.9930534362793,42.6510009765625,14.564237594604492,86.35714721679688,0.796875
v28_seed3,80,False,rnd.predictor.net.1.bias,128,194400.0,3.1128649879974546e-07,4.050037603064993e-07,8.060695166900445e-11,2.4195581302399738e-11,2.3147748995366868e-10,36.789878845214844,36.606021881103516,19.705230712890625,60.865509033203125,0.75
v28_seed3,80,False,rnd.predictor.net.3.weight,16384,194400.0,2.2311455438739358e-07,3.119090195013996e-07,2.1989708665071106e-11,1.7082473944499826e-13,5.668386870993913e-10,106.43809509277344,90.94367218017578,12.595318794250488,708.7013549804688,0.9678955078125
v28_seed3,80,False,rnd.predictor.net.3.bias,128,194400.0,3.669614443424507e-07,4.7191798557832954e-07,1.4473233722611667e-10,7.720812704448132e-12,5.419932835870611e-10,31.142929077148438,27.102827072143555,12.880650520324707,107.57952880859375,0.390625
v28_seed3,80,False,rnd.predictor.net.4.weight,128,194400.0,2.8010495611852093e-07,3.7416319287331135e-07,6.059516777234819e-11,4.427953229774184e-13,3.286445560135576e-10,69.69544219970703,51.36117935180664,16.53935432434082,444.1623840332031,0.796875
v28_seed3,80,False,rnd.predictor.net.4.bias,128,194400.0,2.385367565693741e-07,3.099951868534845e-07,6.226302806666695e-11,3.3961494640827317e-12,2.3627824696781374e-10,47.510013580322266,42.009498596191406,19.504146575927734,161.91146850585938,0.8046875
v28_seed3,80,False,rnd.predictor.net.6.weight,8192,194400.0,4.386833438729809e-07,5.851691184943775e-07,8.099415582663028e-11,5.3177726978825834e-12,8.982953825231732e-10,48.2088508605957,43.52285385131836,10.006145477294922,129.5320281982422,0.730224609375
v28_seed3,80,False,rnd.predictor.net.6.bias,64,194400.0,7.570869229311938e-07,9.672727401266457e-07,5.41560463140911e-10,4.0703287962351453e-10,7.336687368741934e-10,12.989192962646484,12.93593978881836,11.071614265441895,14.862481117248535,0.0
v28_seed3,90,True,fc1.weight,68352,218400.0,7.667015597689897e-05,0.0006171254790388048,1.450210311304545e-05,0.0,0.042588185518980026,174.7203826904297,4.023871421813965,0.0014537062961608171,30000.001953125,0.015771301463246346
v28_seed3,90,True,fc1.bias,96,218400.0,7.75936059653759e-05,0.0001246200845343992,3.111077262474282e-07,4.156565758250963e-09,7.335703685384942e-06,1.241782784461975,0.8490630984306335,0.1107640340924263,4.652502536773682,0.0
v28_seed3,90,True,norm1.weight,96,218400.0,0.0003411579818930477,0.00045219651656225324,4.809575784747722e-06,8.225637770920002e-07,9.194174344884232e-05,0.1869155615568161,0.17952772974967957,0.03128703683614731,0.3307742476463318,0.0
v28_seed3,90,True,norm1.bias,96,218400.0,0.00037965356023050845,0.0004912010626867414,7.384279797406634e-06,7.101991172930866e-07,0.0002127672778442502,0.1691727191209793,0.16677865386009216,0.02056688629090786,0.35598036646842957,0.0
v28_seed3,90,True,fc2.weight,3072,218400.0,0.00020041871175635606,0.0003188361879438162,2.086284212055034e-06,1.0690900609233722e-08,4.999713200959377e-05,0.4068657159805298,0.34516608715057373,0.04242756590247154,2.901163101196289,0.0
v28_seed3,90,True,fc2.bias,32,218400.0,0.0006908754585310817,0.0009772854391485453,2.485055483703036e-05,3.29884210259479e-06,0.00012921531742904335,0.09397565573453903,0.0770503580570221,0.026391489431262016,0.16517263650894165,0.0
v28_seed3,90,True,norm2.weight,32,218400.0,0.00016125862020999193,0.00020522471459116787,1.3831856904289452e-06,2.4204622306456258e-08,8.903398338588886e-06,0.4935012459754944,0.46486034989356995,0.10054069757461548,1.9281649589538574,0.0
v28_seed3,90,True,norm2.bias,32,218400.0,0.00015369696484412998,0.00019348066416569054,9.030144383359584e-07,4.566849653997451e-08,2.6540194539848017e-06,0.5297147631645203,0.5449807047843933,0.18414780497550964,1.4037591218948364,0.0
v28_seed3,90,True,actor.weight,192,218400.0,9.916513954522088e-05,0.00021756220667157322,1.0918711268459447e-06,3.4743349863752826e-10,1.8909733626060188e-05,3.566190004348755,2.850497245788574,0.06898864358663559,16.086164474487305,0.0
v28_seed3,90,True,actor.bias,6,218400.0,3.3597891160752624e-05,4.4429179979488254e-05,2.7533552326985955e-08,6.02910343872054e-09,6.647174899399033e-08,2.3634634017944336,1.6741523742675781,1.163552165031433,3.8631272315979004,0.0
v28_seed3,90,True,critic.weight,32,218400.0,0.00017489548190496862,0.0003126949304714799,3.5044802189077018e-06,4.898627725680171e-09,2.2152615201775916e-05,1.557030439376831,0.9897400140762329,0.06373938173055649,4.285702705383301,0.0
v28_seed3,90,True,critic.bias,1,218400.0,8.048736344790086e-05,8.048736344790086e-05,1.0542173356498097e-07,1.0542173356498097e-07,1.0542173356498097e-07,0.9239379167556763,0.9239379167556763,0.9239379167556763,0.9239379167556763,0.0
v28_seed3,90,True,rnd.predictor.net.0.weight,91136,218400.0,9.211590423774396e-08,1.2219541645208665e-07,9.817268525891265e-12,0.0,2.466472304174516e-10,336.6949157714844,153.39491271972656,19.09003257751465,30000.001953125,0.9950184226036072
v28_seed3,90,True,rnd.predictor.net.0.bias,128,218400.0,1.390357340369519e-07,1.8633431864145678e-07,3.26098315017731e-11,5.074047952635663e-12,1.4225201572237722e-10,61.9337158203125,57.0912971496582,25.13205909729004,132.5928955078125,0.984375
v28_seed3,90,True,rnd.predictor.net.1.weight,128,218400.0,2.6618110382514715e-07,3.39689819384148e-07,7.782577360337939e-11,1.0773660609475488e-11,5.308848916030229e-10,45.17528533935547,45.114009857177734,13.014654159545898,91.12100982666016,0.765625
v28_seed3,90,True,rnd.predictor.net.1.bias,128,218400.0,2.6625832560966955e-07,3.4385487879262655e-07,8.425669884015718e-11,1.9565413525435282e-11,2.4116703079002377e-10,36.442291259765625,36.14990234375,19.305574417114258,67.66998291015625,0.7265625
v28_seed3,90,True,rnd.predictor.net.3.weight,16384,218400.0,1.5411188769576256e-07,2.076861420619025e-07,2.2358967108337957e-11,1.4520368685645019e-13,6.637816407639718e-10,110.8220443725586,93.32705688476562,11.639655113220215,767.1535034179688,0.9638671875
v28_seed3,90,True,rnd.predictor.net.3.bias,128,218400.0,3.469224907348689e-07,4.505371009599912e-07,1.4309953222380045e-10,7.790951911390565e-12,5.362383870277654e-10,31.844236373901367,27.530363082885742,12.949554443359375,107.09590911865234,0.3984375
v28_seed3,90,True,rnd.predictor.net.4.weight,128,218400.0,2.413071911178122e-07,3.2415235295957245e-07,6.30546517776942e-11,3.0363876018547897e-13,3.862948294575119e-10,71.4704360961914,50.8438835144043,15.256007194519043,534.7267456054688,0.7890625
v28_seed3,90,True,rnd.predictor.net.4.bias,128,218400.0,2.294513024025946e-07,3.006198880939337e-07,6.381484229933676e-11,3.379604538930603e-12,2.4552687660772676e-10,47.69525146484375,41.31056594848633,19.13351058959961,162.30516052246094,0.8046875
v28_seed3,90,True,rnd.predictor.net.6.weight,8192,218400.0,3.3203701832462684e-07,4.372005264485779e-07,8.22270307399009e-11,4.643165626289081e-12,1.0578115050563497e-09,48.74571990966797,43.58912658691406,9.221118927001953,138.58090209960938,0.733642578125
v28_seed3,90,True,rnd.predictor.net.6.bias,64,218400.0,7.647662414456136e-07,9.52451216562622e-07,5.354393040057914e-10,4.2007219924755645e-10,7.838987237107631e-10,13.063896179199219,13.11972713470459,10.711152076721191,14.630105018615723,0.0
v28_seed3,100,False,fc1.weight,68352,242400.0,7.568394357804209e-05,0.0005929670296609402,1.4498636119242292e-05,0.0,0.03898695856332779,174.66201782226562,3.9750258922576904,0.0015193630242720246,30000.001953125,0.014644780196249485
v28_seed3,100,False,fc1.bias,96,242400.0,6.507806392619386e-05,9.535918070469052e-05,2.972072081774968e-07,4.4181769354167955e-09,6.3595266510674264e-06,1.2567946910858154,0.8964899778366089,0.11896170675754547,4.512678623199463,0.0
v28_seed3,100,False,norm1.weight,96,242400.0,0.0003071350511163473,0.0004317414714023471,4.92249955641455e-06,7.852143539821554e-07,7.551081944257021e-05,0.18050314486026764,0.18054451048374176,0.0345236100256443,0.33854958415031433,0.0
v28_seed3,100,False,norm1.bias,96,242400.0,0.0003835013194475323,0.0005347897531464696,7.707812983426265e-06,9.972156931326026e-07,0.00019944299128837883,0.16199594736099243,0.1605413854122162,0.021242791786789894,0.3004155158996582,0.0
v28_seed3,100,False,fc2.weight,3072,242400.0,0.0001971867895917967,0.00030645664082840085,2.0738245893880958e-06,1.0731667998697958e-08,3.7915200664428994e-05,0.40232720971107483,0.33766764402389526,0.048720747232437134,2.8956480026245117,0.0
v28_seed3,100,False,fc2.bias,32,242400.0,0.0007952474988996983,0.0011118467664346099,2.747817779891193e-05,3.3252961202379083e-06,0.0001360498135909438,0.09138396382331848,0.07276344299316406,0.025720058009028435,0.16451431810855865,0.0
v28_seed3,100,False,norm2.weight,32,242400.0,0.00016261846758425236,0.00021389265020843595,1.5881394119787728e-06,3.355447120156896e-08,1.0927401490334887e-05,0.5063046216964722,0.4283902645111084,0.09075310826301575,1.6376547813415527,0.0
v28_seed3,100,False,norm2.bias,32,242400.0,0.00012184409570181742,0.0001602596021257341,1.0052476682176348e-06,5.084792320531051e-08,3.0066266845096834e-06,0.5632109642028809,0.5669994354248047,0.1730131059885025,1.3303484916687012,0.0
v28_seed3,100,False,actor.weight,192,242400.0,0.00012729688023682684,0.00030299852369353175,1.7057433296940872e-06,3.6172853601357247e-10,3.1817970011616126e-05,3.251973867416382,2.935603380203247,0.05318440496921539,15.765275955200195,0.0
v28_seed3,100,False,actor.bias,6,242400.0,3.331177867949009e-05,4.181929034530185e-05,3.463811637516301e-08,7.4365846813861936e-09,8.422905040106343e-08,1.9919272661209106,1.5249640941619873,1.0336543321609497,3.4784371852874756,0.0
v28_seed3,100,False,critic.weight,32,242400.0,0.00012931950914207846,0.0002419940137770027,4.203895059617935e-06,5.26124832589403e-09,2.6923813493340276e-05,1.583224892616272,1.0091005563735962,0.05781654641032219,4.135395050048828,0.0
v28_seed3,100,False,critic.bias,1,242400.0,5.662344483425841e-05,5.662344483425841e-05,1.1690060119917689e-07,1.1690060119917689e-07,1.1690060119917689e-07,0.8774051666259766,0.8774051666259766,0.8774051666259766,0.8774051666259766,0.0
v28_seed3,100,False,rnd.predictor.net.0.weight,91136,242400.0,1.2648362712752714e-07,1.684754380448794e-07,9.269672703038356e-12,0.0,1.9816402685446377e-10,344.28240966796875,161.05712890625,21.296119689941406,30000.001953125,0.9949855208396912
v28_seed3,100,False,rnd.predictor.net.0.bias,128,242400.0,1.7927399653672182e-07,2.2078921801949036e-07,2.975407420446885e-11,4.878239739242174e-12,1.4401520254114786e-10,63.80392074584961,58.956172943115234,24.977867126464844,135.21592712402344,0.984375
v28_seed3,100,False,rnd.predictor.net.1.weight,128,242400.0,3.4543779747764347e-07,4.4671222099168517e-07,7.625882564310515e-11,1.0378750810169368e-11,4.6120868235632884e-10,45.39861297607422,44.61749267578125,13.962730407714844,92.83308410644531,0.7890625
v28_seed3,100,False,rnd.predictor.net.1.bias,128,242400.0,3.2902977409321466e-07,4.096751524684805e-07,8.330459932981427e-11,2.0101703288033512e-11,2.5753149612839366e-10,36.5341911315918,36.27716827392578,18.682523727416992,66.76322174072266,0.734375
v28_seed3,100,False,rnd.predictor.net.3.weight,16384,242400.0,2.107604188950063e-07,2.8422772402336705e-07,2.1308947661946576e-11,1.2470535400762456e-13,6.620679005031604e-10,113.153076171875,95.38301849365234,11.654704093933105,826.1357421875,0.9669189453125
v28_seed3,100,False,rnd.predictor.net.3.bias,128,242400.0,4.328654199525772e-07,6.029182486599893e-07,1.3709104684789253e-10,8.406304298491651e-12,4.943581100036454e-10,32.325958251953125,28.430238723754883,13.486681938171387,103.1153793334961,0.453125
v28_seed3,100,False,rnd.predictor.net.4.weight,128,242400.0,2.836648604898073e-07,3.85605773089992e-07,6.376488226322863e-11,2.92773211273481e-13,4.2743636408104635e-10,72.17323303222656,52.15907669067383,14.50359058380127,544.3804321289062,0.7890625
v28_seed3,100,False,rnd.predictor.net.4.bias,128,242400.0,2.9986219374222856e-07,4.1296706854154763e-07,6.357624843245091e-11,3.959385770635482e-12,2.336137949754402e-10,47.58415603637695,41.83302307128906,19.6149845123291,150.0134735107422,0.8125
v28_seed3,100,False,rnd.predictor.net.6.weight,8192,242400.0,4.63525964278233e-07,6.158268206490902e-07,8.366454057329165e-11,4.891106183263494e-12,1.0204160849625055e-09,48.681854248046875,43.54343795776367,9.388509750366211,135.03875732421875,0.7320556640625
v28_seed3,100,False,rnd.predictor.net.6.bias,64,242400.0,1.0580774869595189e-06,1.312197241531976e-06,5.445400796944e-10,3.950678117980999e-10,7.566387516533268e-10,12.94561767578125,12.983287811279297,10.902324676513672,15.085752487182617,0.0
v28_seed3,110,False,fc1.weight,68352,266400.0,6.090847455197945e-05,0.0005214909906499088,1.4504816135740839e-05,0.0,0.027827754616737366,175.1823272705078,4.207979679107666,0.0017983828438445926,30000.001953125,0.01948735862970352
v28_seed3,110,False,fc1.bias,96,266400.0,4.5283144572749734e-05,6.787404709029943e-05,2.7568253813115007e-07,4.521227392473293e-09,4.7624698709114455e-06,1.3316195011138916,0.9584051370620728,0.13746848702430725,4.460962295532227,0.0
v28_seed3,110,False,norm1.weight,96,266400.0,0.0002542130823712796,0.00032953228219412267,4.627792350220261e-06,6.803674637012591e-07,5.098473047837615e-05,0.18451885879039764,0.18778374791145325,0.04201463609933853,0.363700807094574,0.0
v28_seed3,110,False,norm1.bias,96,266400.0,0.00023080296523403376,0.0003021159500349313,7.133734925446333e-06,6.746221288267407e-07,0.000154941895743832,0.1664906144142151,0.16039405763149261,0.024101080372929573,0.3652461767196655,0.0
v28_seed3,110,False,fc2.weight,3072,266400.0,0.00016463098290842026,0.0002524097799323499,2.0423710793693317e-06,1.0448933274176397e-08,6.532151746796444e-05,0.41384637355804443,0.3487049341201782,0.037118688225746155,2.934558868408203,0.0
v28_seed3,110,False,fc2.bias,32,266400.0,0.00031081243650987744,0.00041862521902658045,2.43092690652702e-05,2.654761374287773e-06,0.00012319091183599085,0.09394682943820953,0.07994578033685684,0.027029097080230713,0.18412208557128906,0.0
v28_seed3,110,False,norm2.weight,32,266400.0,7.64357391744852e-05,0.00010000077600125223,1.251499952559243e-06,1.839447882900913e-08,8.408620487898588e-06,0.556117594242096,0.4259815216064453,0.10345640778541565,2.2117981910705566,0.0
v28_seed3,110,False,norm2.bias,32,266400.0,7.498871127609164e-05,9.923382458509877e-05,7.81093149271328e-07,2.92439903404329e-08,2.2381614144251216e-06,0.6162886619567871,0.5406787991523743,0.2005269080400467,1.7541937828063965,0.0
v28_seed3,110,False,actor.weight,192,266400.0,4.5877695811213925e-05,9.473506361246109e-05,1.2238934914421407e-06,2.642913943251557e-10,1.718187195365317e-05,3.9771130084991455,3.0376105308532715,0.07237441092729568,18.442197799682617,0.0
v28_seed3,110,False,actor.bias,6,266400.0,8.625692316854838e-06,1.131348926719511e-05,2.6923139273549168e-08,5.038052197647858e-09,5.7845436884917945e-08,2.3927154541015625,1.8081547021865845,1.2472935914993286,4.2259931564331055,0.0
v28_seed3,110,False,critic.weight,32,266400.0,7.061516953399405e-05,0.00012202772632008418,3.231943537684856e-06,4.077207016450757e-09,2.0552490241243504e-05,1.648728609085083,0.9850185513496399,0.06617411226034164,4.697555065155029,0.0
v28_seed3,110,False,critic.bias,1,266400.0,1.9225708456360735e-05,1.9225708456360735e-05,8.528465400559071e-08,8.528465400559071e-08,8.528465400559071e-08,1.0272376537322998,1.0272376537322998,1.0272376537322998,1.0272376537322998,0.0
v28_seed3,110,False,rnd.predictor.net.0.weight,91136,266400.0,7.295576409660498e-08,9.88710908700341e-08,8.762545376794773e-12,0.0,1.945041072648479e-10,346.0879211425781,157.10037231445312,21.495403289794922,30000.001953125,0.9961156845092773
v28_seed3,110,False,rnd.predictor.net.0.bias,128,266400.0,1.1513253639350296e-07,1.4497531708457245e-07,2.5467941991430543e-11,4.3061665344623634e-12,9.191793159946116e-11,68.62605285644531,66.54148864746094,31.258520126342773,143.87591552734375,1.0
v28_seed3,110,False,rnd.predictor.net.1.weight,128,266400.0,2.10133066502749e-07,2.785428705465165e-07,7.51706336066249e-11,1.1542383368534637e-11,5.277734360653596e-10,45.1903076171875,42.74930953979492,13.05294418334961,88.04345703125,0.765625
v28_seed3,110,False,rnd.predictor.net.1.bias,128,266400.0,2.1377091741214826e-07,2.7184478312847205e-07,8.184093680529969e-11,2.0209849418972858e-11,2.8949184716076104e-10,37.22681427001953,37.30971908569336,17.6217041015625,66.58474731445312,0.7578125
v28_seed3,110,False,rnd.predictor.net.3.weight,16384,266400.0,1.211742954865258e-07,1.6240294087310758e-07,2.0455269422736677e-11,1.488768960541953e-13,6.783084649519822e-10,112.10269165039062,94.99390411376953,11.514389991760254,757.8711547851562,0.9727783203125
v28_seed3,110,False,rnd.predictor.net.3.bias,128,266400.0,2.5939743864000775e-07,3.386006142136466e-07,1.3172468671385218e-10,7.821026812293574e-12,5.893546206614531e-10,32.56044006347656,29.470455169677734,12.352477073669434,106.89054107666016,0.484375
v28_seed3,110,False,rnd.predictor.net.4.weight,128,266400.0,1.742560584716557e-07,2.409371120393189e-07,6.235496147199981e-11,2.828187174470226e-13,4.22468532379483e-10,69.76677703857422,50.78268051147461,14.58857250213623,553.7026977539062,0.8203125
v28_seed3,110,False,rnd.predictor.net.4.bias,128,266400.0,1.7680204678072187e-07,2.3293851825201273e-07,6.370653310439067e-11,3.873422416145189e-12,2.9486860175786944e-10,47.004539489746094,42.594329833984375,17.460397720336914,151.6605987548828,0.8203125
v28_seed3,110,False,rnd.predictor.net.6.weight,8192,266400.0,2.702102506191295e-07,3.6799838198930956e-07,8.356920710994586e-11,5.4474679975213824e-12,1.1130109056622928e-09,48.62095260620117,43.33279800415039,8.98962116241455,127.98738098144531,0.7557373046875
v28_seed3,110,False,rnd.predictor.net.6.bias,64,266400.0,6.037801085767569e-07,7.849763505873852e-07,5.519458223801621e-10,4.358704508433675e-10,8.39514069372882e-10,12.862815856933594,12.909913063049316,10.3504056930542,14.362649917602539,0.0
v28_seed3,120,False,fc1.weight,68352,290400.0,8.29716373118572e-05,0.0007969095604494214,1.448013699700823e-05,0.0,0.029183492064476013,174.08763122558594,3.5346856117248535,0.0017561136046424508,30000.001953125,0.01088483165949583
v28_seed3,120,False,fc1.bias,96,290400.0,6.499281880678609e-05,0.00010513354936847463,2.945799337794597e-07,4.2792134280489336e-09,5.043311375629855e-06,1.192337155342102,0.8764904141426086,0.13358615338802338,4.585354804992676,0.0
v28_seed3,120,False,norm1.weight,96,290400.0,0.0002928092435467988,0.0003707848663907498,5.240715381660266e-06,8.528323292011919e-07,4.8194175178650767e-05,0.1612708419561386,0.1625341773033142,0.043213896453380585,0.324851393699646,0.0
v28_seed3,120,False,norm1.bias,96,290400.0,0.0003344175929669291,0.0004692979564424604,8.081789019342978e-06,1.1683729326250614e-06,0.00016576277266722172,0.14416347444057465,0.14162003993988037,0.023301154375076294,0.2775405943393707,0.0
v28_seed3,120,False,fc2.weight,3072,290400.0,0.0001940383081091568,0.00028581448714248836,2.404108272457961e-06,1.1279168710132126e-08,6.788134487578645e-05,0.36805832386016846,0.3125275671482086,0.036412086337804794,2.8245019912719727,0.0
v28_seed3,120,False,fc2.bias,32,290400.0,0.000454748107586056,0.000573804893065244,3.133403151878156e-05,3.7406036881293403e-06,0.00015119639283511788,0.08261764049530029,0.07128160446882248,0.024397771805524826,0.15511299669742584,0.0
v28_seed3,120,False,norm2.weight,32,290400.0,0.00012408368638716638,0.00021450048370752484,1.674022769293515e-06,3.418020355638873e-08,1.0993854630214628e-05,0.4688952565193176,0.3585284352302551,0.09047841280698776,1.622596263885498,0.0
v28_seed3,120,False,norm2.bias,32,290400.0,9.305140702053905e-05,0.00011707928206305951,1.047260184350307e-06,4.047252843975002e-08,3.0342846457642736e-06,0.5198686122894287,0.40065866708755493,0.1722227931022644,1.491143822669983,0.0
v28_seed3,120,False,actor.weight,192,290400.0,8.388577407458797e-05,0.00017682812176644802,1.9962219539593207e-06,3.338634368965643e-10,3.10413415718358e-05,3.285435676574707,2.08858323097229,0.0538456067442894,16.409645080566406,0.0
v28_seed3,120,False,actor.bias,6,290400.0,3.479752558632754e-05,4.754383917315863e-05,4.086311022888367e-08,6.925065854090917e-09,7.72097834556007e-08,1.8771058320999146,1.3784946203231812,1.0796163082122803,3.604600667953491,0.0
v28_seed3,120,False,critic.weight,32,290400.0,0.0001650759659241885,0.0003186873800586909,4.161078777542571e-06,5.666714208985013e-09,2.7206157028558664e-05,1.4097824096679688,0.8248019218444824,0.05751575902104378,3.9847211837768555,0.0
v28_seed3,120,False,critic.bias,1,290400.0,1.2998670172237325e-05,1.2998670172237325e-05,1.1941594380004972e-07,1.1941594380004972e-07,1.1941594380004972e-07,0.8681156039237976,0.8681156039237976,0.8681156039237976,0.8681156039237976,0.0
v28_seed3,120,False,rnd.predictor.net.0.weight,91136,290400.0,1.8619566333200055e-07,2.5798570391089015e-07,7.70292857277255e-12,0.0,1.565209073461915e-10,352.8817138671875,157.72073364257812,23.960071563720703,30000.001953125,0.9984418749809265
v28_seed3,120,False,rnd.predictor.net.0.bias,128,290400.0,3.062579594370618e-07,3.8994173223727557e-07,2.3087563111312548e-11,5.241907602426821e-12,7.472408802833286e-11,71.40310668945312,68.10269927978516,34.66481018066406,130.4619598388672,1.0
v28_seed3,120,False,rnd.predictor.net.1.weight,128,290400.0,5.538493610401929e-07,7.211165211629122e-07,7.004180568870311e-11,9.46975223931057e-12,4.2567430136308815e-10,45.372074127197266,42.993919372558594,14.533562660217285,97.17241668701172,0.7734375
v28_seed3,120,False,rnd.predictor.net.1.bias,128,290400.0,5.505563080987486e-07,6.93814286023553e-07,7.44336328684092e-11,2.414602025269108e-11,2.1879335843077996e-10,38.151466369628906,38.542686462402344,20.26799201965332,60.92781448364258,0.8046875
v28_seed3,120,False,rnd.predictor.net.3.weight,16384,290400.0,3.0036986231607443e-07,4.173485592673387e-07,1.8714054611512765e-11,1.717225401589792e-13,5.393354651772597e-10,115.0467529296875,97.27290344238281,12.912334442138672,706.8900146484375,0.97833251953125
v28_seed3,120,False,rnd.predictor.net.3.bias,128,290400.0,7.171383913373575e-07,9.234415188075218e-07,1.184306125390222e-10,7.807293873896004e-12,4.053021529504264e-10,33.72853469848633,30.0870361328125,14.894164085388184,106.98416900634766,0.5078125
v28_seed3,120,False,rnd.predictor.net.4.weight,128,290400.0,4.718272634818277e-07,6.682946604996687e-07,5.91561521989803e-11,2.8638091789483233e-13,3.5333144743354694e-10,70.8864517211914,50.62165832519531,15.951412200927734,550.3115844726562,0.8203125
v28_seed3,120,False,rnd.predictor.net.4.bias,128,290400.0,5.048216280556517e-07,6.488187977993221e-07,5.90560100821591e-11,3.699453937633379e-12,2.0721564741865706e-10,47.8675422668457,42.50440216064453,20.826122283935547,155.16737365722656,0.84375
v28_seed3,120,False,rnd.predictor.net.6.weight,8192,290400.0,6.48093532618077e-07,8.871397767507005e-07,7.915207378417222e-11,4.400009436661412e-12,8.707823351272737e-10,49.56394958496094,43.40701675415039,10.162939071655273,142.34066772460938,0.765869140625
v28_seed3,120,False,rnd.predictor.net.6.bias,64,290400.0,1.5429187669724342e-06,1.897732090583304e-06,5.144875636631241e-10,3.9135605867102186e-10,7.031812354618694e-10,13.30640983581543,13.094414710998535,11.308991432189941,15.157087326049805,0.0
v28_seed3,130,False,fc1.weight,68352,314400.0,8.003645780263469e-05,0.0006680739461444318,1.4471027498075273e-05,0.0,0.027417059987783432,173.79530334472656,3.376655340194702,0.001811802270822227,30000.001953125,0.00909995287656784
v28_seed3,130,False,fc1.bias,96,314400.0,6.546330405399203e-05,0.0001005497615551576,3.047591974336683e-07,5.25571097753641e-09,4.8882207011047285e-06,1.142001748085022,0.8487880229949951,0.13568876683712006,4.137572765350342,0.0
v28_seed3,130,False,norm1.weight,96,314400.0,0.00032690129592083395,0.0004206878656987101,5.614423116639955e-06,6.220284376468044e-07,4.7371246182592586e-05,0.15452368557453156,0.1480567306280136,0.04358762875199318,0.38037383556365967,0.0
v28_seed3,130,False,norm1.bias,96,314400.0,0.00034093146678060293,0.00044918301864527166,8.195228474505711e-06,1.5728807056802907e-06,0.00016479006444569677,0.13763929903507233,0.13628429174423218,0.023369822651147842,0.23920482397079468,0.0
v28_seed3,130,False,fc2.weight,3072,314400.0,0.00024416265659965575,0.000378444412490353,2.5452827685512602e-06,1.2906646418286982e-08,5.26644398632925e-05,0.35721492767333984,0.3038018047809601,0.04133918881416321,2.6404404640197754,0.0
v28_seed3,130,False,fc2.bias,32,314400.0,0.0006743457051925361,0.0008296929881908,3.608144470490515e-05,3.859253411064856e-06,0.0001942805974977091,0.07870130985975266,0.0680483877658844,0.021523170173168182,0.1527099758386612,0.0
v28_seed3,130,False,norm2.weight,32,314400.0,0.00021896092221140862,0.000333085103193298,2.0880147530988324e-06,2.790900666127527e-08,1.4832878150627948e-05,0.4734983444213867,0.33904320001602173,0.07789462059736252,1.7956558465957642,0.0
v28_seed3,130,False,norm2.bias,32,314400.0,0.0001575728674652055,0.0002196298592025414,1.23190864087519e-06,4.46012684562902e-08,3.6724193250847748e-06,0.5291218161582947,0.4294668734073639,0.15654632449150085,1.4204537868499756,0.0
v28_seed3,130,False,actor.weight,192,314400.0,5.824422987643629e-05,0.00011834878387162462,1.6376638996007387e-06,4.823958454913679e-10,2.190993654949125e-05,3.5166730880737305,2.796644449234009,0.06409141421318054,13.652802467346191,0.0
v28_seed3,130,False,actor.bias,6,314400.0,1.4634923900302965e-05,1.8794564311974682e-05,3.5708950463231304e-08,1.3593020931068622e-08,7.550533354105937e-08,1.8712453842163086,1.5348381996154785,1.0917335748672485,2.5729188919067383,0.0
v28_seed3,130,False,critic.weight,32,314400.0,0.0003176493337377906,0.0005563045851886272,5.381233222578885e-06,6.293392917910978e-09,3.636320980149321e-05,1.29972243309021,0.823672354221344,0.04974958300590515,3.78115177154541,0.0
v28_seed3,130,False,critic.bias,1,314400.0,4.904156958218664e-05,4.904156958218664e-05,1.3907447282690555e-07,1.3907447282690555e-07,1.3907447282690555e-07,0.8044256567955017,0.8044256567955017,0.8044256567955017,0.8044256567955017,0.0
v28_seed3,130,False,rnd.predictor.net.0.weight,91136,314400.0,7.41907939527664e-08,9.634809572389713e-08,7.002575602710337e-12,0.0,1.4570669670810332e-10,365.15032958984375,177.0442352294922,24.832582473754883,30000.001953125,0.9991770386695862
v28_seed3,130,False,rnd.predictor.net.0.bias,128,314400.0,1.0203585532053694e-07,1.3234652840310446e-07,2.298169467229716e-11,5.299198579944431e-12,9.347638635359701e-11,72.28250122070312,68.64144134521484,30.997121810913086,129.7578582763672,1.0
v28_seed3,130,False,rnd.predictor.net.1.weight,128,314400.0,1.8727004658103397e-07,2.405733141586097e-07,6.717534861699903e-11,9.458790521665872e-12,4.3150480411036085e-10,47.16286087036133,45.82469177246094,14.435088157653809,97.228515625,0.8046875
v28_seed3,130,False,rnd.predictor.net.1.bias,128,314400.0,2.043212248281634e-07,2.5583156570974097e-07,7.364623494376943e-11,2.3231437606963112e-11,2.2240824459895947e-10,38.79069519042969,38.72514724731445,20.10271453857422,62.11308670043945,0.78125
v28_seed3,130,False,rnd.predictor.net.3.weight,16384,314400.0,1.341901736395812e-07,1.7737308155574283e-07,1.7081466449631044e-11,1.3630393200844e-13,4.749460824626794e-10,122.75621032714844,103.93360137939453,13.759411811828613,791.1525268554688,0.98077392578125
v28_seed3,130,False,rnd.predictor.net.3.bias,128,314400.0,3.0053027444409963e-07,3.7923692275398935e-07,1.1228214191749686e-10,6.227515898793445e-12,4.0246350696548916e-10,35.33432388305664,31.65863037109375,14.946571350097656,119.73663330078125,0.5703125
v28_seed3,130,False,rnd.predictor.net.4.weight,128,314400.0,2.2456488579791767e-07,2.965049930025998e-07,5.70710700920074e-11,2.8189139932889573e-13,3.61657009895211e-10,74.3515396118164,53.38044738769531,15.766834259033203,554.5958251953125,0.828125
v28_seed3,130,False,rnd.predictor.net.4.bias,128,314400.0,2.2115138165190729e-07,2.7762402510234097e-07,5.734754338071468e-11,3.2570638894280357e-12,2.1200474709104355e-10,49.50081253051758,44.18646240234375,20.58971405029297,165.31350708007812,0.8671875
v28_seed3,130,False,rnd.predictor.net.6.weight,8192,314400.0,3.0438567932833394e-07,4.0527001488044334e-07,7.382512656750606e-11,4.355838172792614e-12,8.097835735298986e-10,51.48003387451172,45.9135856628418,10.538631439208984,143.05712890625,0.7708740234375
v28_seed3,130,False,rnd.predictor.net.6.bias,64,314400.0,6.461706334448536e-07,8.301345815198147e-07,4.910304385319364e-10,3.598037146002042e-10,6.78480049920438e-10,13.628185272216797,13.636131286621094,11.512933731079102,15.807367324829102,0.0
v28_seed3,140,False,fc1.weight,68352,338400.0,9.34705458348617e-05,0.0007564146653749049,1.447312934033107e-05,0.0,0.01665578782558441,173.34983825683594,3.218604564666748,0.002324548549950123,30000.001953125,0.007461376488208771
v28_seed3,140,False,fc1.bias,96,338400.0,7.44761127862148e-05,0.00010722111619543284,2.5730750508046185e-07,5.782102352469565e-09,2.294104206157499e-06,1.146154522895813,0.8283629417419434,0.1980668604373932,3.9447662830352783,0.0
v28_seed3,140,False,norm1.weight,96,338400.0,0.00041102050454355776,0.0005178763531148434,5.7641677813080605e-06,4.0592027517050155e-07,2.5623468900448643e-05,0.148517444729805,0.13721352815628052,0.05926543474197388,0.470862478017807,0.0
v28_seed3,140,False,norm1.bias,96,338400.0,0.0004208951722830534,0.0005312491557560861,7.721561814832967e-06,1.8606631329021184e-06,8.409393922192976e-05,0.1302790492773056,0.12893018126487732,0.0327143594622612,0.21992987394332886,0.0
v28_seed3,140,False,fc2.weight,3072,338400.0,0.00025202930555678904,0.0003975137369707227,2.464364115439821e-06,1.0723092636055753e-08,4.853122300119139e-05,0.3570230305194855,0.29923731088638306,0.04306356981396675,2.89680552482605,0.0
v28_seed3,140,False,fc2.bias,32,338400.0,0.0007659801631234586,0.0010460419580340385,3.9795340853743255e-05,4.399526005727239e-06,0.0002405834529781714,0.076203353703022,0.06600885093212128,0.01934140920639038,0.1430264115333557,0.0
v28_seed3,140,False,norm2.weight,32,338400.0,0.00037848245119675994,0.0005854068440385163,2.2338872440741397e-06,3.265622794401679e-08,1.6947684343904257e-05,0.559607744216919,0.36700794100761414,0.07287273555994034,1.66002357006073,0.0
v28_seed3,140,False,norm2.bias,32,338400.0,0.00020236551063135266,0.0002706190280150622,1.2854063697886886e-06,2.2180367764690345e-08,4.168137820670381e-06,0.6311736702919006,0.47339704632759094,0.14694273471832275,2.014224052429199,0.0
v28_seed3,140,False,actor.weight,192,338400.0,9.389666956849396e-05,0.0001912567822728306,1.5931337884467212e-06,5.748438947072998e-10,1.8942091628559865e-05,3.2860300540924072,2.42795729637146,0.06892968714237213,12.507346153259277,0.0
v28_seed3,140,False,actor.bias,6,338400.0,2.564192436693702e-05,2.7978372600045986e-05,3.3786658804046965e-08,1.9331832135094373e-08,5.0269960638615885e-08,1.7249120473861694,1.572532296180725,1.3379738330841064,2.1575136184692383,0.0
v28_seed3,140,False,critic.weight,32,338400.0,0.0004738042189273983,0.0008558505214750767,6.027092240401544e-06,6.330760804473812e-09,4.2058181861648336e-05,1.3990226984024048,1.0500543117523193,0.04625890776515007,3.769977331161499,0.0
v28_seed3,140,False,critic.bias,1,338400.0,2.4507478883606382e-05,2.4507478883606382e-05,1.4717669216679496e-07,1.4717669216679496e-07,1.4717669216679496e-07,0.7819705605506897,0.7819705605506897,0.7819705605506897,0.7819705605506897,0.0
v28_seed3,140,False,rnd.predictor.net.0.weight,91136,338400.0,1.6755814158386784e-07,2.2114605258138909e-07,5.68854208529701e-12,0.0,9.481459367632894e-11,378.66534423828125,189.43292236328125,30.77782440185547,30000.001953125,1.0
v28_seed3,140,False,rnd.predictor.net.0.bias,128,338400.0,2.1368273905864044e-07,2.6488714865990914e-07,1.7846583585945375e-11,5.698197989845166e-12,6.566916455064131e-11,79.65664672851562,77.751708984375,36.97472381591797,125.15176391601562,1.0
v28_seed3,140,False,rnd.predictor.net.1.weight,128,338400.0,4.912831172987353e-07,5.987809572616243e-07,5.766935193274314e-11,1.0401394155701293e-11,3.217778543618266e-10,48.0294303894043,47.5573844909668,16.714797973632812,92.73229217529297,0.8671875
v28_seed3,140,False,rnd.predictor.net.1.bias,128,338400.0,4.367114456726995e-07,5.281119683786528e-07,6.498605126248336e-11,2.4445011986840015e-11,2.1455195953201667e-10,40.64817428588867,40.882633209228516,20.46721076965332,60.5548095703125,0.875
v28_seed3,140,False,rnd.predictor.net.3.weight,16384,338400.0,2.767767455225112e-07,3.658933565020561e-07,1.4599750228216912e-11,1.4713622301879697e-13,3.3100966412291655e-10,122.62344360351562,104.51709747314453,16.480192184448242,762.227294921875,0.98883056640625
v28_seed3,140,False,rnd.predictor.net.3.bias,128,338400.0,4.89517788082594e-07,6.209212415342336e-07,1.0198309557951646e-10,7.154538680248512e-12,4.0274156232200653e-10,36.218841552734375,32.47279739379883,14.941412925720215,111.74031066894531,0.640625
v28_seed3,140,False,rnd.predictor.net.4.weight,128,338400.0,3.8223259934966336e-07,4.938868300996546e-07,5.237613814879083e-11,4.056658709037514e-13,3.625712508004142e-10,72.85279846191406,57.37765884399414,15.746954917907715,463.736572265625,0.8828125
v28_seed3,140,False,rnd.predictor.net.4.bias,128,338400.0,3.665680878839339e-07,4.5840002371733135e-07,5.420493914831681e-11,3.756364577028881e-12,2.2350926665026805e-10,49.846927642822266,45.564109802246094,20.053173065185547,153.99349975585938,0.890625
v28_seed3,140,False,rnd.predictor.net.6.weight,8192,338400.0,6.34803598131839e-07,8.372877573492588e-07,7.015411168653785e-11,4.6458115132708144e-12,7.582364180969137e-10,51.661964416503906,46.72860336303711,10.890837669372559,138.5416259765625,0.7845458984375
v28_seed3,140,False,rnd.predictor.net.6.bias,64,338400.0,1.3145796629032702e-06,1.579022637088201e-06,4.916085316608587e-10,3.881513166437145e-10,7.109645094871553e-10,13.605361938476562,13.688813209533691,11.246941566467285,15.219498634338379,0.0
v28_seed3,150,False,fc1.weight,68352,362400.0,9.638841584092006e-05,0.0007665021112188697,1.439926381863188e-05,0.0,0.0093450415879488,173.21775817871094,3.1262831687927246,0.0031033488921821117,30000.001953125,0.009641268290579319
v28_seed3,150,False,fc1.bias,96,362400.0,6.974667485337704e-05,0.00010115733311977237,2.518107464766217e-07,9.138159562382953e-09,1.7719409015626297e-06,0.9876642823219299,0.7690640091896057,0.22536858916282654,3.137953281402588,0.0
v28_seed3,150,False,norm1.weight,96,362400.0,0.0004302688466850668,0.0005711746052838862,8.238514965341892e-06,3.2229144153461675e-07,4.2632746044546366e-05,0.13662871718406677,0.12286825478076935,0.045946136116981506,0.5284321308135986,0.0
v28_seed3,150,False,norm1.bias,96,362400.0,0.00047574061318300664,0.0005900192772969604,9.810924893827178e-06,1.1531365089467727e-06,5.854016853845678e-05,0.11097180098295212,0.10666804015636444,0.03920971602201462,0.279368132352829,0.0
v28_seed3,150,False,fc2.weight,3072,362400.0,0.0002935107331722975,0.0004532074963208288,3.8049481645430205e-06,5.516958445639375e-09,0.0001609650207683444,0.30365681648254395,0.24803473055362701,0.023645862936973572,4.038434028625488,0.0
v28_seed3,150,False,fc2.bias,32,362400.0,0.0007819300517439842,0.001108393887989223,6.043727626092732e-05,4.652340066968463e-06,0.0003126010997220874,0.060677286237478256,0.05431297421455383,0.016967808827757835,0.1390860378742218,0.0
v28_seed3,150,False,norm2.weight,32,362400.0,0.0001712245139060542,0.00026174879167228937,1.8706070932239527e-06,4.46651853280855e-08,1.4314485270006116e-05,0.4901818335056305,0.3708973824977875,0.07929252833127975,1.4194371700286865,0.0
v28_seed3,150,False,norm2.bias,32,362400.0,7.2724767960608e-05,9.122936171479523e-05,1.219719706568867e-06,2.208565952344088e-08,3.510720262056566e-06,0.5528602600097656,0.4430758059024811,0.16011089086532593,2.018537759780884,0.0
v28_seed3,150,False,actor.weight,192,362400.0,5.9403751947684214e-05,0.00012013600644422695,9.927855444402667e-07,5.426715743439559e-10,1.582240111019928e-05,3.07678484916687,1.796448826789856,0.07541956007480621,12.872602462768555,0.0
v28_seed3,150,False,actor.bias,6,362400.0,1.2318746485107113e-05,1.4273665328801144e-05,2.7492083276570156e-08,1.1123083787367705e-08,5.2663619243276116e-08,2.048348903656006,1.7437524795532227,1.3072148561477661,2.8442482948303223,0.0
v28_seed3,150,False,critic.weight,32,362400.0,0.0001941681985044852,0.00035698976716957986,4.837059805140598e-06,6.435896260370555e-09,3.554864815669134e-05,1.284296989440918,0.8347790241241455,0.05031633749604225,3.7390615940093994,0.0
v28_seed3,150,False,critic.bias,1,362400.0,1.6238956959568895e-05,1.6238956959568895e-05,1.2165584450940514e-07,1.2165584450940514e-07,1.2165584450940514e-07,0.8600868582725525,0.8600868582725525,0.8600868582725525,0.8600868582725525,0.0
v28_seed3,150,False,rnd.predictor.net.0.weight,91136,362400.0,1.372869888882633e-07,1.8246655031362025e-07,3.801048018003961e-12,0.0,6.761813331479516e-11,407.19317626953125,217.79647827148438,36.43861389160156,30000.001953125,1.0
v28_seed3,150,False,rnd.predictor.net.0.bias,128,362400.0,2.636706710745784e-07,3.317684331705095e-07,1.5572345496428497e-11,5.132329023577187e-12,4.8272420782868863e-11,83.2460708618164,82.4094009399414,43.116859436035156,131.8412322998047,1.0
v28_seed3,150,False,rnd.predictor.net.1.weight,128,362400.0,5.085282737127272e-07,6.417344593501184e-07,4.589050667247463e-11,8.262743787790239e-12,2.483570571421012e-10,52.276729583740234,49.13737869262695,19.024248123168945,104.00421142578125,0.9140625
v28_seed3,150,False,rnd.predictor.net.1.bias,128,362400.0,5.255859036878974e-07,6.452898446696054e-07,5.728174531927088e-11,2.4681380203506187e-11,1.480124911523717e-10,42.307865142822266,42.853370666503906,24.6385555267334,60.264739990234375,0.953125
v28_seed3,150,False,rnd.predictor.net.3.weight,16384,362400.0,2.455896037645289e-07,3.352848523263674e-07,1.1379558753632502e-11,1.1583557734968358e-13,3.59937607496974e-10,136.7770233154297,117.06707763671875,15.804428100585938,856.2957153320312,0.99505615234375
v28_seed3,150,False,rnd.predictor.net.3.bias,128,362400.0,6.434290753531968e-07,8.280237580038374e-07,9.251869409476754e-11,6.827575831092059e-12,4.0908817999785185e-10,38.758628845214844,33.622230529785156,14.825116157531738,114.37448120117188,0.6171875
v28_seed3,150,False,rnd.predictor.net.4.weight,128,362400.0,4.476083290683164e-07,6.273104986576072e-07,4.8154626119956134e-11,4.4126730264562597e-13,3.8001404800702687e-10,77.19776916503906,54.300601959228516,15.381500244140625,444.91937255859375,0.8828125
v28_seed3,150,False,rnd.predictor.net.4.bias,128,362400.0,4.930740260533639e-07,6.229558948689373e-07,5.095058402959651e-11,3.5037092584871976e-12,2.2822417566903397e-10,52.4454345703125,45.24749755859375,19.845090866088867,159.42015075683594,0.953125
v28_seed3,150,False,rnd.predictor.net.6.weight,8192,362400.0,5.651459105138201e-07,7.744521894892387e-07,6.076310982150446e-11,4.102163053687491e-12,6.432369081821321e-10,56.53511428833008,48.466094970703125,11.824003219604492,147.3926544189453,0.8326416015625
v28_seed3,150,False,rnd.predictor.net.6.bias,64,362400.0,1.4521538105327636e-06,1.7616317791180336e-06,4.614483795073454e-10,3.38439498648313e-10,6.098244687002818e-10,14.070029258728027,14.056975364685059,12.143475532531738,16.298389434814453,0.0
v28_seed3,160,False,fc1.weight,68352,386400.0,0.00011190540681127459,0.0009244947577826679,1.4419889339478686e-05,0.0,0.009353569708764553,173.0789794921875,3.0495924949645996,0.0031019337475299835,30000.001953125,0.008280664682388306
v28_seed3,160,False,fc1.bias,96,386400.0,8.499855175614357e-05,0.0001200160404550843,2.3920065927995893e-07,8.036570520175701e-09,1.5438212130902684e-06,1.0431761741638184,0.7958550453186035,0.24144558608531952,3.3460888862609863,0.0
v28_seed3,160,False,norm1.weight,96,386400.0,0.0004449911939445883,0.0005862434627488256,7.545624157501152e-06,2.901178675074334e-07,3.87245490856003e-05,0.1392240673303604,0.12039467692375183,0.048208922147750854,0.5569624900817871,0.0
v28_seed3,160,False,norm1.bias,96,386400.0,0.0005113062215968966,0.0006901912856847048,9.065489393833559e-06,1.1120855560875498e-06,3.4691514883888885e-05,0.11409904807806015,0.10842061042785645,0.05093413591384888,0.2844775915145874,0.0
v28_seed3,160,False,fc2.weight,3072,386400.0,0.0003026739286724478,0.000477738183690235,3.4297670481464593e-06,9.906454323527214e-09,0.00015925883781164885,0.31800881028175354,0.26347097754478455,0.023772187530994415,3.0138285160064697,0.0
v28_seed3,160,False,fc2.bias,32,386400.0,0.00096282665617764,0.001212779083289206,5.469653115142137e-05,4.759495368489297e-06,0.00027603498892858624,0.06509458273649216,0.04707082360982895,0.018056724220514297,0.13751143217086792,0.0
v28_seed3,160,False,norm2.weight,32,386400.0,0.0001712982775643468,0.00021232060680631548,1.9367694221728016e-06,2.0905263298232057e-08,1.7605758330319077e-05,0.5686807036399841,0.4391394555568695,0.0714978352189064,2.0747389793395996,0.0
v28_seed3,160,False,norm2.bias,32,386400.0,0.00013571495946962386,0.00016662101552356035,1.1977354006376117e-06,1.4074514886885936e-08,3.547057531250175e-06,0.6095463633537292,0.40902435779571533,0.1592886596918106,2.528528928756714,0.0
v28_seed3,160,False,actor.weight,192,386400.0,8.151671499945223e-05,0.0002372834278503433,1.2771939736921922e-06,7.35842442534107e-10,2.191522071370855e-05,3.1004860401153564,1.8097882270812988,0.06408367305994034,11.055254936218262,0.0
v28_seed3,160,False,actor.bias,6,386400.0,2.409687112958636e-05,3.293988629593514e-05,3.2255389470492446e-08,1.424238149638768e-08,5.59398039001735e-08,1.8448114395141602,1.9150474071502686,1.2683597803115845,2.513585090637207,0.0
v28_seed3,160,False,critic.weight,32,386400.0,0.00012981337204109877,0.00018174119759351015,5.096077074995264e-06,5.535503611042714e-09,4.22075972892344e-05,1.3920297622680664,1.0756924152374268,0.046176958829164505,4.0316643714904785,0.0
v28_seed3,160,False,critic.bias,1,386400.0,4.49965191364754e-05,4.49965191364754e-05,1.1609583339122764e-07,1.1609583339122764e-07,1.1609583339122764e-07,0.880440890789032,0.880440890789032,0.880440890789032,0.880440890789032,0.0
v28_seed3,160,False,rnd.predictor.net.0.weight,91136,386400.0,1.803361868724096e-07,2.7130906232741836e-07,3.788407088034518e-12,0.0,8.035596493760622e-11,413.1280212402344,224.96322631835938,33.42935562133789,30000.001953125,1.0
v28_seed3,160,False,rnd.predictor.net.0.bias,128,386400.0,3.122749205886066e-07,4.2681176637415774e-07,1.5407414927226526e-11,4.54211017755779e-12,5.722574150657245e-11,84.45649719238281,82.82365417480469,39.605167388916016,140.10687255859375,1.0
v28_seed3,160,False,rnd.predictor.net.1.weight,128,386400.0,5.083907126390841e-07,7.190145083768584e-07,4.709294759708271e-11,7.934128180842048e-12,2.65062000126548e-10,52.004852294921875,49.56837463378906,18.415388107299805,106.12863159179688,0.9375
v28_seed3,160,False,rnd.predictor.net.1.bias,128,386400.0,5.026046210332424e-07,6.596045523110661e-07,5.84532491854084e-11,2.102645314805418e-11,1.740942390249245e-10,41.92378234863281,40.91856384277344,22.719566345214844,65.28180694580078,0.9375
v28_seed3,160,False,rnd.predictor.net.3.weight,16384,386400.0,2.735199871040095e-07,4.0446758475809474e-07,1.137653686533735e-11,1.2283353316693696e-13,3.5019889765841583e-10,139.09805297851562,117.45127868652344,16.022558212280273,832.232666015625,0.99462890625
v28_seed3,160,False,rnd.predictor.net.3.bias,128,386400.0,6.128660743343062e-07,7.976266260811826e-07,9.137856443741654e-11,6.039725577305921e-12,4.219105342873064e-10,39.023128509521484,33.470458984375,14.598213195800781,121.57634735107422,0.6484375
v28_seed3,160,False,rnd.predictor.net.4.weight,128,386400.0,5.005969683224976e-07,7.449600616382668e-07,4.973106301764396e-11,5.37132350316577e-13,3.718184371503952e-10,77.6131591796875,55.61112594604492,15.550008773803711,403.82659912109375,0.859375
v28_seed3,160,False,rnd.predictor.net.4.bias,128,386400.0,4.662759351958812e-07,6.088507120693976e-07,5.167577130094081e-11,3.1372740776774988e-12,2.4135257681301425e-10,51.980018615722656,44.00093078613281,19.29815673828125,168.42247009277344,0.9140625
v28_seed3,160,False,rnd.predictor.net.6.weight,8192,386400.0,6.092864168749657e-07,8.507988127348654e-07,6.216600845210252e-11,3.609550592448274e-12,6.202321989334791e-10,56.38600540161133,47.729278564453125,12.041200637817383,157.07781982421875,0.8260498046875
v28_seed3,160,False,rnd.predictor.net.6.bias,64,386400.0,1.4000067949382355e-06,1.6775412632341613e-06,4.673803566390689e-10,3.775269263872616e-10,6.43454844961866e-10,13.958511352539062,14.102274894714355,11.822003364562988,15.432058334350586,0.0
v28_seed3,170,False,fc1.weight,68352,410400.0,9.054888505488634e-05,0.0008307429379783571,1.4471505892288405e-05,0.0,0.01709594763815403,174.63768005371094,3.7183964252471924,0.002294429112225771,30000.001953125,0.020935744047164917
v28_seed3,170,False,fc1.bias,96,410400.0,6.871388177387416e-05,0.0001111833771574311,2.2351333939241158e-07,5.987267570617405e-09,2.785811830108287e-06,1.1596757173538208,0.937485933303833,0.17973919212818146,3.876598358154297,0.0
v28_seed3,170,False,norm1.weight,96,410400.0,0.00046345320879481733,0.0005966870812699199,6.470423613791354e-06,1.8599253337470145e-07,2.781170405796729e-05,0.1599940061569214,0.1378626823425293,0.05688616633415222,0.6956062316894531,0.0
v28_seed3,170,False,norm1.bias,96,410400.0,0.000489182653836906,0.0006504932534880936,7.449416443705559e-06,6.939247896298184e-07,2.553382182668429e-05,0.1299983710050583,0.12326768040657043,0.05936938151717186,0.3601304590702057,0.0
v28_seed3,170,False,fc2.weight,3072,410400.0,0.0003147753013763577,0.0004635412187781185,2.5888205072988058e-06,5.39947775379801e-09,8.701086335349828e-05,0.3520779609680176,0.29372531175613403,0.03216133639216423,4.082125186920166,0.0
v28_seed3,170,False,fc2.bias,32,410400.0,0.00162090128287673,0.002106540370732546,3.975829531555064e-05,3.582905719667906e-06,0.0001658256514929235,0.0739484652876854,0.05463686212897301,0.023296736180782318,0.15848977863788605,0.0
v28_seed3,170,False,norm2.weight,32,410400.0,0.0001292213419219479,0.00017477183428127319,8.993792448563909e-07,1.2944262550718122e-08,6.7736441451415885e-06,0.680929958820343,0.48966264724731445,0.11526791006326675,2.636601448059082,0.0
v28_seed3,170,False,norm2.bias,32,410400.0,0.00013756207772530615,0.0001807288354029879,6.069913638384605e-07,7.102217480792206e-09,1.680375930845912e-06,0.7403361797332764,0.5459574460983276,0.2314273566007614,3.5593671798706055,0.0
v28_seed3,170,False,actor.weight,192,410400.0,5.467775554279797e-05,0.0001221554121002555,9.458732961320493e-07,4.33403563038226e-10,1.2267317288205959e-05,3.001993179321289,1.6275863647460938,0.08565352857112885,14.403448104858398,0.0
v28_seed3,170,False,actor.bias,6,410400.0,1.776584394974634e-05,2.2278763935901225e-05,2.614186378480099e-08,1.1975491709392827e-08,4.5360280864770175e-08,2.01887583732605,1.927328109741211,1.408519983291626,2.741163492202759,0.0
v28_seed3,170,False,critic.weight,32,410400.0,0.000180328352143988,0.00030144499032758176,2.183834340030444e-06,3.0619480284599376e-09,1.62230571731925e-05,1.7245992422103882,1.1650627851486206,0.07448243349790573,5.420556545257568,0.0
v28_seed3,170,False,critic.bias,1,410400.0,5.6126526033040136e-05,5.6126526033040136e-05,5.9578731281817454e-08,5.9578731281817454e-08,5.9578731281817454e-08,1.229016900062561,1.229016900062561,1.229016900062561,1.229016900062561,0.0
v28_seed3,170,False,rnd.predictor.net.0.weight,91136,410400.0,1.2682434658017883e-07,1.7820720188410633e-07,5.632568196578536e-12,0.0,1.729290599605804e-10,416.39703369140625,214.92221069335938,22.795923233032227,30000.001953125,0.9985954761505127
v28_seed3,170,False,rnd.predictor.net.0.bias,128,410400.0,2.2927221721147362e-07,2.827190144216729e-07,2.079284834588524e-11,2.888479169391167e-12,1.1178799552702401e-10,82.08195495605469,78.64363861083984,28.347393035888672,175.48452758789062,0.9921875
v28_seed3,170,False,rnd.predictor.net.1.weight,128,410400.0,3.8849333350299275e-07,5.176173658583139e-07,5.845943173987678e-11,5.565444806399089e-12,5.158932725457532e-10,53.62046432495117,51.17250061035156,13.202317237854004,126.62934112548828,0.828125
v28_seed3,170,False,rnd.predictor.net.1.bias,128,410400.0,4.280056771222007e-07,5.173674821890017e-07,6.880009062459891e-11,1.4837976333725855e-11,3.0761737601636696e-10,41.552711486816406,40.89396667480469,17.094966888427734,77.67977905273438,0.8046875
v28_seed3,170,False,rnd.predictor.net.3.weight,16384,410400.0,1.9019371677586605e-07,2.732905954871967e-07,1.4115741561737671e-11,1.1211372135571177e-13,7.659003431470524e-10,144.97801208496094,121.55816650390625,10.836230278015137,869.984130859375,0.9798583984375
v28_seed3,170,False,rnd.predictor.net.3.bias,128,410400.0,4.264655899532954e-07,5.726354288526636e-07,9.293853187042345e-11,5.389523896615067e-12,6.286104969888129e-10,41.12852478027344,36.716339111328125,11.960718154907227,128.6706085205078,0.6875
v28_seed3,170,False,rnd.predictor.net.4.weight,128,410400.0,3.1960678370523965e-07,4.659939065732033e-07,6.00886909674081e-11,3.7789164701075573e-13,6.602089430707281e-10,84.08338928222656,61.98834228515625,11.671093940734863,480.208251953125,0.84375
v28_seed3,170,False,rnd.predictor.net.4.bias,128,410400.0,3.244713582262193e-07,4.4463311610343226e-07,5.424956317501284e-11,2.802876420543443e-12,3.729544728603429e-10,54.10818099975586,48.34354782104492,15.526320457458496,178.12831115722656,0.84375
v28_seed3,170,False,rnd.predictor.net.6.weight,8192,410400.0,4.5989776253918535e-07,6.407372552530433e-07,6.994662488102321e-11,3.091746043210053e-12,1.2455725340032586e-09,59.321598052978516,51.61466979980469,8.497941017150879,169.65101623535156,0.8365478515625
v28_seed3,170,False,rnd.predictor.net.6.bias,64,410400.0,1.124655000239727e-06,1.3859515775038744e-06,4.4009865196592557e-10,3.1403091238502157e-10,6.355041493044666e-10,14.473125457763672,14.512563705444336,11.895695686340332,16.919599533081055,0.0
v28_seed3,180,False,fc1.weight,68352,434400.0,8.27333569759503e-05,0.0006880664732307196,1.4434443073696457e-05,0.0,0.01077184733003378,176.77964782714844,3.913649559020996,0.0028905211947858334,30000.001953125,0.051571279764175415
v28_seed3,180,False,fc1.bias,96,434400.0,5.944964141235687e-05,8.740692283026874e-05,2.4752583271947515e-07,5.8375158040746555e-09,2.012345930779702e-06,1.1189390420913696,0.9892238974571228,0.2114788293838501,3.9260010719299316,0.0
v28_seed3,180,False,norm1.weight,96,434400.0,0.0003529613895807415,0.0004750679654534906,8.690006325196009e-06,1.9701747078215703e-07,6.154167203931138e-05,0.15247875452041626,0.12478066235780716,0.03824159875512123,0.6758636832237244,0.0
v28_seed3,180,False,norm1.bias,96,434400.0,0.0003906320780515671,0.0005063926801085472,9.227832379110623e-06,3.977508242769545e-07,3.6276680475566536e-05,0.12047942727804184,0.10843586176633835,0.04980888217687607,0.4756733775138855,0.0
v28_seed3,180,False,fc2.weight,3072,434400.0,0.0002338820049772039,0.0003550227847881615,3.212935780538828e-06,3.661605685323366e-09,0.00012579675239976496,0.35988354682922363,0.26582035422325134,0.0267476849257946,4.956940650939941,0.0
v28_seed3,180,False,fc2.bias,32,434400.0,0.0006320266984403133,0.0008215577690862119,4.933276795782149e-05,2.768393869700958e-06,0.0001961648667929694,0.07056903839111328,0.05992884933948517,0.021419547498226166,0.18030373752117157,0.0
v28_seed3,180,False,norm2.weight,32,434400.0,9.38356970436871e-05,0.00012041778245475143,5.702947873942321e-07,6.75193945198771e-09,2.649519274200429e-06,0.7589354515075684,0.4653588831424713,0.1843041181564331,3.65051531791687,0.0
v28_seed3,180,False,norm2.bias,32,434400.0,9.404899174114689e-05,0.00012827689351979643,4.9079238806371e-07,3.291370731517418e-09,1.490160457251477e-06,0.874032735824585,0.4789789021015167,0.24575434625148773,5.228260040283203,0.0
v28_seed3,180,False,actor.weight,192,434400.0,5.322783181327395e-05,0.00012435068492777646,7.534986821156053e-07,3.667112447036658e-10,8.562212315155193e-06,2.5088939666748047,1.2423114776611328,0.1025242879986763,15.65786075592041,0.0
v28_seed3,180,False,actor.bias,6,434400.0,1.658797737036366e-05,1.8621805793372914e-05,2.7611768871338427e-08,1.307497221603171e-08,3.9809574303717454e-08,1.946338176727295,1.6077231168746948,1.5035080909729004,2.6233904361724854,0.0
v28_seed3,180,False,critic.weight,32,434400.0,8.851483289618045e-05,0.00014395281323231757,1.273517000299762e-06,2.6567517075193336e-09,6.800346454838291e-06,1.657582402229309,1.062105417251587,0.11504138261079788,5.81917667388916,0.0
v28_seed3,180,False,critic.bias,1,434400.0,4.8095331294462085e-05,4.8095331294462085e-05,4.8582517564454974e-08,4.8582517564454974e-08,4.8582517564454974e-08,1.3610106706619263,1.3610106706619263,1.3610106706619263,1.3610106706619263,0.0
v28_seed3,180,False,rnd.predictor.net.0.weight,91136,434400.0,6.184249912166706e-08,8.708739329676973e-08,6.854057252314583e-12,0.0,2.8331703649797646e-10,417.11004638671875,213.75314331054688,17.812585830688477,30000.001953125,0.9973446130752563
v28_seed3,180,False,rnd.predictor.net.0.bias,128,434400.0,6.67431407919139e-08,8.536862594610284e-08,2.119309241987999e-11,3.2081099929359702e-12,7.050703076938447e-11,76.9989013671875,72.3353042602539,35.685203552246094,166.5630645751953,1.0
v28_seed3,180,False,rnd.predictor.net.1.weight,128,434400.0,1.8944982116408937e-07,2.508029126602196e-07,8.05150529581411e-11,4.472860450077665e-12,5.878482145504904e-10,49.73594284057617,42.427955627441406,12.368288040161133,141.18222045898438,0.7109375
v28_seed3,180,False,rnd.predictor.net.1.bias,128,434400.0,1.5015410781415994e-07,1.9107908144633257e-07,8.933897371887767e-11,1.5215441753757553e-11,3.0966407216226344e-10,36.659793853759766,34.94719314575195,17.03841209411621,76.71266174316406,0.6796875
v28_seed3,180,False,rnd.predictor.net.3.weight,16384,434400.0,1.0944881978502963e-07,1.48276342315512e-07,1.7728910353675964e-11,1.1732261483935608e-13,7.062493923015722e-10,140.728515625,115.27686309814453,11.284409523010254,851.0061645507812,0.97161865234375
v28_seed3,180,False,rnd.predictor.net.3.bias,128,434400.0,1.7061776702576026e-07,2.1940446970347693e-07,1.1418328782486498e-10,5.249526074252442e-12,4.71689354242244e-10,36.903709411621094,32.501094818115234,13.806809425354004,130.36766052246094,0.5625
v28_seed3,180,False,rnd.predictor.net.4.weight,128,434400.0,1.4856608743230026e-07,1.9893646197033377e-07,6.723768070093783e-11,5.0875883367274e-13,7.557741099617488e-10,77.63278198242188,52.52162170410156,10.908556938171387,414.78094482421875,0.828125
v28_seed3,180,False,rnd.predictor.net.4.bias,128,434400.0,1.2943003468990355e-07,1.688096205043621e-07,6.712054523294597e-11,2.46807674124383e-12,2.773436480474345e-10,48.48833084106445,42.96343231201172,18.003273010253906,189.751953125,0.796875
v28_seed3,180,False,rnd.predictor.net.6.weight,8192,434400.0,2.705650103962398e-07,3.6178775530970597e-07,8.237700105384604e-11,3.4066161350154722e-12,1.4954407712153284e-09,55.227272033691406,48.16960144042969,7.755760192871094,161.6638946533203,0.753662109375
v28_seed3,180,False,rnd.predictor.net.6.bias,64,434400.0,4.925106509290345e-07,6.450744649555418e-07,5.503000277684578e-10,3.6462483032906334e-10,8.034378717880486e-10,12.9359130859375,12.861116409301758,10.58015251159668,15.702569961547852,0.0
v28_seed3,190,False,fc1.weight,68352,458400.0,9.897136624203995e-05,0.0008158995187841356,1.4357498912431765e-05,0.0,0.0075539820827543736,173.76651000976562,3.1350364685058594,0.0034517019521445036,30000.001953125,0.009392555803060532
v28_seed3,190,False,fc1.bias,96,458400.0,7.205828296719119e-05,0.00010261990246362984,2.439078059524036e-07,8.884320834567916e-09,1.566111222928157e-06,0.9376409649848938,0.7509981989860535,0.23972123861312866,3.1824610233306885,0.0
v28_seed3,190,False,norm1.weight,96,458400.0,0.0005444263224489987,0.0007724848110228777,1.134574631578289e-05,3.3086834605455806e-07,7.266840111697093e-05,0.12247545272111893,0.10644859075546265,0.035192325711250305,0.5215381979942322,0.0
v28_seed3,190,False,norm1.bias,96,458400.0,0.0005457737133838236,0.0007211407064460218,1.1064341379096732e-05,1.6545370726817055e-06,3.0008643079781905e-05,0.10016622394323349,0.09491854906082153,0.0547642707824707,0.2332274317741394,0.0
v28_seed3,190,False,fc2.weight,3072,458400.0,0.0003534557472448796,0.0005311182467266917,4.520451966527617e-06,9.96404203590373e-09,8.578040433349088e-05,0.2746289372444153,0.20572644472122192,0.032391179352998734,3.0051074028015137,0.0
v28_seed3,190,False,fc2.bias,32,458400.0,0.0014075787039473653,0.0019215481588616967,6.973289418965578e-05,3.948910034523578e-06,0.00022700600675307214,0.05790429562330246,0.04018218070268631,0.019911423325538635,0.15096645057201385,0.0
v28_seed3,190,False,norm2.weight,32,458400.0,0.00025766680482774973,0.00033860892290249467,1.3426233635982499e-06,1.496038848358694e-08,9.179996595776174e-06,0.4555201828479767,0.3216620087623596,0.09901445358991623,2.4525303840637207,0.0
v28_seed3,190,False,norm2.bias,32,458400.0,0.00025985072716139257,0.00032290146918967366,1.2062919267918915e-06,7.502213961174675e-09,2.8104475404688856e-06,0.5169376134872437,0.3048160672187805,0.17894968390464783,3.463190793991089,0.0
v28_seed3,190,False,actor.weight,192,458400.0,9.081126336241141e-05,0.00019165815319865942,1.0413032214273699e-06,7.50991380193966e-10,1.1912941772607155e-05,2.382153272628784,1.2711817026138306,0.08691815286874771,10.943225860595703,0.0
v28_seed3,190,False,actor.bias,6,458400.0,2.440984098939225e-05,2.7312909878673963e-05,3.1399981281765577e-08,1.5973434130955866e-08,4.273697840062596e-08,1.7527532577514648,1.7102257013320923,1.4511034488677979,2.3734922409057617,0.0
v28_seed3,190,False,critic.weight,32,458400.0,0.0003321395779494196,0.0005389673751778901,3.088289304287173e-06,3.994124142536748e-09,2.390342160651926e-05,1.0802650451660156,0.5894206762313843,0.06136070936918259,4.746153831481934,0.0
v28_seed3,190,False,critic.bias,1,458400.0,0.0001208949979627505,0.0001208949979627505,1.143706214179474e-07,1.143706214179474e-07,1.143706214179474e-07,0.8870562314987183,0.8870562314987183,0.8870562314987183,0.8870562314987183,0.0
v28_seed3,190,False,rnd.predictor.net.0.weight,91136,458400.0,8.341152124557993e-08,1.1370502761565149e-07,3.392267803464799e-12,0.0,5.09044716101581e-11,445.463134765625,253.36375427246094,41.988948822021484,30000.001953125,1.0
v28_seed3,190,False,rnd.predictor.net.0.bias,128,458400.0,1.584353697126062e-07,1.9868684830726124e-07,1.2904543753022857e-11,4.700739797414144e-12,3.4843423285524366e-11,89.57811737060547,88.30488586425781,50.73711395263672,137.73353576660156,1.0
v28_seed3,190,False,rnd.predictor.net.1.weight,128,458400.0,3.142691866742098e-07,3.9446464938919235e-07,4.903920325372013e-11,7.958005782127131e-12,2.1805043881606423e-10,52.44282531738281,50.71624755859375,20.302465438842773,105.96985626220703,0.8984375
v28_seed3,190,False,rnd.predictor.net.1.bias,128,458400.0,3.1487573437516403e-07,3.9164970644378627e-07,5.862720031668545e-11,2.038162694173451e-11,1.404121263703928e-10,41.82463836669922,40.966400146484375,25.296043395996094,66.30418395996094,0.9296875
v28_seed3,190,False,rnd.predictor.net.3.weight,16384,458400.0,1.4895024946781632e-07,2.0798609057237627e-07,1.0613383435997825e-11,1.214832135712149e-13,2.7697805160542543e-10,150.8522491455078,126.7118148803711,18.015140533447266,836.7163696289062,0.9954833984375
v28_seed3,190,False,rnd.predictor.net.3.bias,128,458400.0,3.7864464275116916e-07,5.132761202730762e-07,8.385526995002834e-11,6.005040215084634e-12,4.3144463002242617e-10,40.8778076171875,36.0107307434082,14.4360933303833,121.925537109375,0.6875
v28_seed3,190,False,rnd.predictor.net.4.weight,128,458400.0,2.7237396693635674e-07,3.734486995199404e-07,4.8885787778951695e-11,5.050939050690872e-13,4.423802157926815e-10,80.0528564453125,53.7830924987793,14.256633758544922,416.2622375488281,0.8828125
v28_seed3,190,False,rnd.predictor.net.4.bias,128,458400.0,2.836661678884411e-07,3.875044569667807e-07,5.093134941569488e-11,2.9864411724839224e-12,2.585525404885658e-10,52.76366424560547,46.281429290771484,18.645620346069336,172.59906005859375,0.9296875
v28_seed3,190,False,rnd.predictor.net.6.weight,8192,458400.0,3.739221767773415e-07,5.115628027851926e-07,6.099040023022084e-11,3.0637638693403746e-12,7.393430312419014e-10,58.585960388183594,48.00236129760742,11.029062271118164,170.41958618164062,0.835205078125
v28_seed3,190,False,rnd.predictor.net.6.bias,64,458400.0,1.019188516693248e-06,1.220924787048716e-06,4.542777265470477e-10,3.30748733956554e-10,6.811211594737188e-10,14.183791160583496,14.246386528015137,11.490599632263184,16.4866886138916,0.0
v28_seed3,200,False,fc1.weight,68352,482400.0,9.547181980451569e-05,0.0007275607204064727,1.4343490875035059e-05,0.0,0.007022384088486433,173.79966735839844,3.227393627166748,0.003579966491088271,30000.001953125,0.010299625806510448
v28_seed3,200,False,fc1.bias,96,482400.0,7.809625094523653e-05,0.0001084812029148452,2.488037580405944e-07,1.1914031539106418e-08,1.5489472389162984e-06,0.9283270835876465,0.7677739858627319,0.241045743227005,2.7482240200042725,0.0
v28_seed3,200,False,norm1.weight,96,482400.0,0.000550308614037931,0.0007227413589134812,1.2066721865267027e-05,2.3248395564223756e-07,6.866789772175252e-05,0.12516136467456818,0.110482357442379,0.036202941089868546,0.6221795678138733,0.0
v28_seed3,200,False,norm1.bias,96,482400.0,0.0005550165078602731,0.0007016652962192893,1.1525531590450555e-05,1.0319539569536573e-06,3.719981759786606e-05,0.10080450773239136,0.09434846043586731,0.04918697848916054,0.2953158915042877,0.0
v28_seed3,200,False,fc2.weight,3072,482400.0,0.000312166492221877,0.0004741006123367697,4.777275989908958e-06,5.560525817571715e-09,9.812117787078023e-05,0.2657548785209656,0.20644593238830566,0.030285829678177834,4.022583961486816,0.0
v28_seed3,200,False,fc2.bias,32,482400.0,0.0011757580796256661,0.0015475782565772533,6.839402340119705e-05,4.157288913120283e-06,0.00025037588784471154,0.05664242058992386,0.04229605942964554,0.0189594067633152,0.14713433384895325,0.0
v28_seed3,200,False,norm2.weight,32,482400.0,0.00015240874199662358,0.00019091632566414773,1.8200702243120759e-06,3.2259773519172086e-08,1.235295167134609e-05,0.4035831391811371,0.3100643455982208,0.08535611629486084,1.6701922416687012,0.0
v28_seed3,200,False,norm2.bias,32,482400.0,0.00016122969100251794,0.00020021472300868481,1.4125150755717186e-06,1.2038150032367412e-08,3.6868566439807182e-06,0.462634801864624,0.29846853017807007,0.15623950958251953,2.734020948410034,0.0
v28_seed3,200,False,actor.weight,192,482400.0,4.150699533056468e-05,9.016193507704884e-05,1.2424794704202213e-06,9.70667435318262e-10,1.3287572073750198e-05,2.4236485958099365,1.1057039499282837,0.08229951560497284,9.626017570495605,0.0
v28_seed3,200,False,actor.bias,6,482400.0,9.210601092490833e-06,1.2968479495611973e-05,3.6633249322903794e-08,2.9431959092107718e-08,4.614459214735689e-08,1.5836414098739624,1.5443187952041626,1.3964990377426147,1.7485836744308472,0.0
v28_seed3,200,False,critic.weight,32,482400.0,0.0001501275401096791,0.00024683529045432806,4.260232799424557e-06,4.221418770100627e-09,3.048175130970776e-05,1.0116432905197144,0.6476758122444153,0.05433760955929756,4.616631507873535,0.0
v28_seed3,200,False,critic.bias,1,482400.0,7.59195681894198e-05,7.59195681894198e-05,1.3595298753443785e-07,1.3595298753443785e-07,1.3595298753443785e-07,0.8136078119277954,0.8136078119277954,0.8136078119277954,0.8136078119277954,0.0
v28_seed3,200,False,rnd.predictor.net.0.weight,91136,482400.0,7.194490336814852e-08,9.572205783570098e-08,4.391927359986836e-12,0.0,9.693136571176098e-11,420.8816833496094,226.91639709472656,30.440248489379883,30000.001953125,1.0
v28_seed3,200,False,rnd.predictor.net.0.bias,128,482400.0,1.1438994818036008e-07,1.3959049738332396e-07,1.803412801038018e-11,3.384405169309934e-12,6.544569053357208e-11,79.07372283935547,78.81071472167969,37.0377197265625,162.19064331054688,1.0
v28_seed3,200,False,rnd.predictor.net.1.weight,128,482400.0,2.423543037366471e-07,2.9464214890140283e-07,5.751953774391083e-11,7.060840193778839e-12,3.885693711236371e-10,48.697166442871094,45.84213638305664,15.211313247680664,112.47650146484375,0.875
v28_seed3,200,False,rnd.predictor.net.1.bias,128,482400.0,2.5260993652409525e-07,3.0705868425684457e-07,7.16012180101977e-11,2.0632067235237805e-11,2.1954968398851804e-10,38.25875473022461,37.49942398071289,20.233074188232422,65.90142822265625,0.8515625
v28_seed3,200,False,rnd.predictor.net.3.weight,16384,482400.0,1.2863678477970097e-07,1.728583356452873e-07,1.2692021045257462e-11,1.3440411164664795e-13,4.2027642477293625e-10,140.8942108154297,117.922607421875,14.626550674438477,796.5765380859375,0.98974609375
v28_seed3,200,False,rnd.predictor.net.3.bias,128,482400.0,2.738838418281375e-07,3.478727137462556e-07,9.781458976121371e-11,6.6830122165406625e-12,4.678940568325629e-10,38.477210998535156,33.9918212890625,13.862667083740234,115.60015869140625,0.625
v28_seed3,200,False,rnd.predictor.net.4.weight,128,482400.0,2.1702372521303914e-07,3.00135212683017e-07,6.052909562459519e-11,4.2643487482493803e-13,7.551383962578484e-10,74.96765899658203,51.43487548828125,10.913146018981934,452.47515869140625,0.8671875
v28_seed3,200,False,rnd.predictor.net.4.bias,128,482400.0,2.088765143071214e-07,2.689852749426791e-07,6.002062041821077e-11,4.0728735488382295e-12,2.8453742140222005e-10,49.30434036254883,43.43503189086914,17.774368286132812,147.91908264160156,0.875
v28_seed3,200,False,rnd.predictor.net.6.weight,8192,482400.0,3.28915689351561e-07,4.416697265696712e-07,7.164423221350802e-11,3.5644712008398027e-12,9.282181134828704e-10,55.011444091796875,44.5859260559082,9.843594551086426,158.06272888183594,0.8028564453125
v28_seed3,200,False,rnd.predictor.net.6.bias,64,482400.0,7.431713697769737e-07,9.150882647190883e-07,5.212864584436261e-10,4.017232102526691e-10,7.490957298905698e-10,13.238568305969238,13.285354614257812,10.95705795288086,14.96033000946045,0.0
v28_seed3,210,False,fc1.weight,68352,506400.0,9.095019777305424e-05,0.0007306794868782163,1.43856796057662e-05,4.494221160510859e-17,0.013525513932108879,34.86568832397461,3.066044569015503,0.002579552587121725,17959.8828125,0.010226475074887276
v28_seed3,210,False,fc1.bias,96,506400.0,6.613373261643574e-05,9.163151116808876e-05,2.3981093022484856e-07,1.1079592354690249e-08,2.0297602532082237e-06,0.9643446803092957,0.7923510670661926,0.21056969463825226,2.8498246669769287,0.0
v28_seed3,210,False,norm1.weight,96,506400.0,0.0004778067523147911,0.0006781028350815177,1.1087121492892038e-05,3.399421473204711e-07,4.434232323546894e-05,0.12809158861637115,0.11187092214822769,0.04505172371864319,0.5145307183265686,0.0
v28_seed3,210,False,norm1.bias,96,506400.0,0.0004998907097615302,0.0006164328078739345,1.090930436475901e-05,6.07319918799476e-07,3.12278643832542e-05,0.10500828176736832,0.09364734590053558,0.05368455871939659,0.3849523067474365,0.0
v28_seed3,210,False,fc2.weight,3072,506400.0,0.00028823965112678707,0.000450275867478922,4.0203362914326135e-06,1.579070563195728e-08,0.0001077168999472633,0.2833291292190552,0.22708724439144135,0.028905395418405533,2.3871843814849854,0.0
v28_seed3,210,False,fc2.bias,32,506400.0,0.0009160612244158983,0.0013979783980175853,5.6823329941835254e-05,3.967717475461541e-06,0.00022864638594910502,0.06219339743256569,0.057719845324754715,0.019839869812130928,0.15060824155807495,0.0
v28_seed3,210,False,norm2.weight,32,506400.0,0.00013635418144986033,0.00017337978351861238,1.6188114386750385e-06,1.979619845826619e-08,1.1602416634559631e-05,0.4608573913574219,0.27428877353668213,0.08807360380887985,2.1320605278015137,0.0
v28_seed3,210,False,norm2.bias,32,506400.0,9.517173748463392e-05,0.0001188076930702664,1.2562968549900688e-06,8.257068806472034e-09,3.121822601315216e-06,0.5081151127815247,0.32944878935813904,0.16979101300239563,3.301114082336426,0.0
v28_seed3,210,False,actor.weight,192,506400.0,5.293378490023315e-05,0.00011096774687757716,1.2490550034272019e-06,8.17029277566661e-10,1.6599895388935693e-05,2.5520427227020264,1.3921403884887695,0.07363216578960419,10.491813659667969,0.0
v28_seed3,210,False,actor.bias,6,506400.0,1.8264749087393284e-05,2.01598450075835e-05,3.391278013964438e-08,2.6834946709186625e-08,4.3780620018196714e-08,1.6530532836914062,1.6481460332870483,1.433704137802124,1.8312362432479858,0.0
v28_seed3,210,False,critic.weight,32,506400.0,0.0001206791857839562,0.00020214969117660075,3.525337433529785e-06,2.9963669323507247e-09,2.7681602659868076e-05,1.183230996131897,0.5647110342979431,0.05701969191431999,5.479544162750244,0.0
v28_seed3,210,False,critic.bias,1,506400.0,1.786756911315024e-05,1.786756911315024e-05,1.1359144735934024e-07,1.1359144735934024e-07,1.1359144735934024e-07,0.8900933861732483,0.8900933861732483,0.8900933861732483,0.8900933861732483,0.0
v28_seed3,210,False,rnd.predictor.net.0.weight,91136,506400.0,9.657556176989601e-08,1.2770685486884759e-07,3.1260655956183436e-12,2.687869534489574e-16,4.908773040823711e-11,325.1495056152344,259.3038330078125,42.7578010559082,11365.908203125,1.0
v28_seed3,210,False,rnd.predictor.net.0.bias,128,506400.0,1.251070074204108e-07,1.537074467705679e-07,1.2758846930360779e-11,3.3171421338906715e-12,3.880991361615571e-11,91.35658264160156,89.13359832763672,48.07876968383789,163.81785583496094,1.0
v28_seed3,210,False,rnd.predictor.net.1.weight,128,506400.0,3.225559339625761e-07,3.941994179967878e-07,4.599238004332484e-11,7.757368532257392e-12,2.017349204352925e-10,52.60145568847656,50.663143157958984,21.106929779052734,107.32665252685547,0.9375
v28_seed3,210,False,rnd.predictor.net.1.bias,128,506400.0,2.969923116324935e-07,3.5913831197831314e-07,5.730640267875842e-11,1.8559464728951092e-11,1.3731539516559366e-10,42.05607986450195,40.682621002197266,25.579448699951172,69.4754867553711,0.9453125
v28_seed3,210,False,rnd.predictor.net.3.weight,16384,506400.0,1.772746145434212e-07,2.3658510883706185e-07,9.79624194263895e-12,9.53304750135435e-14,2.4864463266105474e-10,155.02627563476562,130.33596801757812,19.01325035095215,941.1577758789062,0.99713134765625
v28_seed3,210,False,rnd.predictor.net.3.bias,128,506400.0,3.2057261023510364e-07,4.2011643586192804e-07,7.813050206806338e-11,4.191380315737847e-12,3.259800207544572e-10,42.62648391723633,36.12531661987305,16.606775283813477,145.8231964111328,0.703125
v28_seed3,210,False,rnd.predictor.net.4.weight,128,506400.0,3.100844878645148e-07,4.256233978594537e-07,4.757698401913757e-11,3.551960971442253e-13,3.5741784532028475e-10,83.79102325439453,54.43886184692383,15.86001205444336,495.06317138671875,0.8828125
v28_seed3,210,False,rnd.predictor.net.4.bias,128,506400.0,2.6018369680969045e-07,3.4130081871808216e-07,4.9907716848096584e-11,2.5856168334864593e-12,2.0439475112432604e-10,53.644073486328125,45.50656509399414,20.969242095947266,185.415771484375,0.9375
v28_seed3,210,False,rnd.predictor.net.6.weight,8192,506400.0,4.504526600612735e-07,6.012077164996299e-07,5.968374405806998e-11,3.248300933789139e-12,5.871920727429369e-10,58.14378356933594,47.78876495361328,12.37519359588623,165.5351104736328,0.8369140625
v28_seed3,210,False,rnd.predictor.net.6.bias,64,506400.0,9.083537406695541e-07,1.1174199698871234e-06,4.4864451043125086e-10,3.293660066905346e-10,5.777421319130838e-10,14.240757942199707,14.2002592086792,12.475948333740234,16.521240234375,0.0
v28_seed3,220,False,fc1.weight,68352,530400.0,9.997453889809549e-05,0.0008393714088015258,1.4365200513566379e-05,7.111219707707506e-14,0.009929678402841091,6.8375067710876465,3.0612831115722656,0.003010604064911604,1084.329345703125,0.006759128998965025
v28_seed3,220,False,fc1.bias,96,530400.0,7.688163168495521e-05,0.00011078984971391037,2.529615414914588e-07,1.5334329361849086e-08,2.1167197701288387e-06,0.950539767742157,0.8692337274551392,0.2061990201473236,2.4224443435668945,0.0
v28_seed3,220,False,norm1.weight,96,530400.0,0.0005232191178947687,0.0006846404867246747,1.1175077816005796e-05,2.0835983605138608e-07,5.091033744974993e-05,0.1270916759967804,0.10442151129245758,0.04204532131552696,0.6572108864784241,0.0
v28_seed3,220,False,norm1.bias,96,530400.0,0.0005798658239655197,0.000730873376596719,1.060544036590727e-05,8.656718932797958e-07,2.287658571731299e-05,0.10397211462259293,0.09314100444316864,0.06272270530462265,0.32243335247039795,0.0
v28_seed3,220,False,fc2.weight,3072,530400.0,0.000366286956705153,0.0005496420199051499,4.418996468302794e-06,7.0597394596916274e-09,9.873141971183941e-05,0.2793976664543152,0.20749132335186005,0.030192088335752487,3.5700578689575195,0.0
v28_seed3,220,False,fc2.bias,32,530400.0,0.001634269137866795,0.0020344587974250317,6.181153003126383e-05,3.939233010896714e-06,0.00021277015912346542,0.061393722891807556,0.04589275270700455,0.020566746592521667,0.15115176141262054,0.0
v28_seed3,220,False,norm2.weight,32,530400.0,0.0001765530469128862,0.00022165563132148236,1.7725083125696983e-06,1.649345726661977e-08,1.3475185369316023e-05,0.40813079476356506,0.2960028648376465,0.08172459155321121,2.3357784748077393,0.0
v28_seed3,220,False,norm2.bias,32,530400.0,0.00014733229181729257,0.0002051435294561088,1.5171079894571449e-06,7.866068685302707e-09,3.7117220017535146e-06,0.46600010991096497,0.2864442765712738,0.15571530163288116,3.382154703140259,0.0
v28_seed3,220,False,actor.weight,192,530400.0,0.00010171025496674702,0.00023759347095619887,1.2286139963180176e-06,5.399662383887005e-10,1.6530269931536168e-05,2.556295394897461,1.302681803703308,0.07378707081079483,12.904794692993164,0.0
v28_seed3,220,False,actor.bias,6,530400.0,3.049267252208665e-05,4.022002394776791e-05,3.531986436655643e-08,2.176841995549239e-08,4.534548736501165e-08,1.6460593938827515,1.4864697456359863,1.4087498188018799,2.0331921577453613,0.0
v28_seed3,220,False,critic.weight,32,530400.0,0.0001693643571343273,0.0002724639780353755,4.2779465729836375e-06,4.888699667304763e-09,3.3343694667564705e-05,0.9974860548973083,0.6088600158691406,0.05195336788892746,4.290051460266113,0.0
v28_seed3,220,False,critic.bias,1,530400.0,4.449718107935041e-05,4.449718107935041e-05,1.4095277833803266e-07,1.4095277833803266e-07,1.4095277833803266e-07,0.7990480065345764,0.7990480065345764,0.7990480065345764,0.7990480065345764,0.0
v28_seed3,220,False,rnd.predictor.net.0.weight,91136,530400.0,7.595321704911839e-08,1.0126563410040035e-07,3.376039465347036e-12,1.2002762853245631e-15,7.45476319563565e-11,316.560791015625,266.3662109375,34.70576477050781,6719.6767578125,1.0
v28_seed3,220,False,rnd.predictor.net.0.bias,128,530400.0,1.2863509368798987e-07,1.589972953297547e-07,1.3664500086996156e-11,2.7206021723652496e-12,4.728787153518432e-11,90.80906677246094,89.1047592163086,43.56275177001953,180.78553771972656,1.0
v28_seed3,220,False,rnd.predictor.net.1.weight,128,530400.0,2.8344464908514055e-07,3.764563984987035e-07,4.69512068113076e-11,7.012362478880929e-12,2.8220284442603827e-10,53.84564208984375,50.70250701904297,17.847692489624023,112.86314392089844,0.9296875
v28_seed3,220,False,rnd.predictor.net.1.bias,128,530400.0,2.9815981861247565e-07,3.682753231259994e-07,5.802412023081516e-11,1.7251993236766516e-11,1.6291959448189175e-10,42.52412414550781,40.156795501708984,23.485212326049805,72.05387115478516,0.9140625
v28_seed3,220,False,rnd.predictor.net.3.weight,16384,530400.0,1.4154241512187582e-07,1.8978055038587627e-07,9.705713663321625e-12,8.501536876825283e-14,3.452022834249391e-10,162.8235321044922,136.197998046875,16.138038635253906,994.7809448242188,0.9951171875
v28_seed3,220,False,rnd.predictor.net.3.bias,128,530400.0,3.315921048852033e-07,4.2339414108027995e-07,7.49910758490735e-11,4.663811871419288e-12,3.5307576307097577e-10,44.19239807128906,39.605594635009766,15.957183837890625,138.27523803710938,0.7421875
v28_seed3,220,False,rnd.predictor.net.4.weight,128,530400.0,2.527893627757294e-07,3.381460942364356e-07,4.772060524516064e-11,3.055044281788377e-13,4.265229003319604e-10,84.81915283203125,57.9046516418457,14.519104957580566,533.1205444335938,0.890625
v28_seed3,220,False,rnd.predictor.net.4.bias,128,530400.0,2.5729590902301425e-07,3.314853529445827e-07,4.854750282334841e-11,2.98451042525516e-12,2.330129700300887e-10,55.14448928833008,48.53947830200195,19.640239715576172,172.65457153320312,0.9296875
v28_seed3,220,False,rnd.predictor.net.6.weight,8192,530400.0,3.6572635053744307e-07,4.960673436471552e-07,5.796340837860292e-11,2.728683598518522e-12,7.699605952815602e-10,61.69538879394531,49.68787384033203,10.807631492614746,180.51925659179688,0.8603515625
v28_seed3,220,False,rnd.predictor.net.6.bias,64,530400.0,8.728187594897463e-07,1.1261939789619646e-06,4.188530910997912e-10,3.1686592238955313e-10,6.479974890005735e-10,14.78165054321289,14.695699691772461,11.780508041381836,16.843780517578125,0.0
v28_seed3,230,False,fc1.weight,68352,554400.0,0.00010580311936791986,0.0009341502445749938,1.4386007023858838e-05,2.6533614620577822e-24,0.011826430447399616,173.66329956054688,3.2122411727905273,0.002758636139333248,29995.115234375,0.009889981709420681
v28_seed3,230,False,fc1.bias,96,554400.0,7.711588841630146e-05,0.00012078190775355324,2.438858643927233e-07,7.195418927352648e-09,1.9878666535078082e-06,1.0025914907455444,0.8546552062034607,0.21277694404125214,3.5362424850463867,0.0
v28_seed3,230,False,norm1.weight,96,554400.0,0.0004985060659237206,0.0006803021533414721,1.0798551556945313e-05,2.389525377566315e-07,4.4701122533297166e-05,0.12453901022672653,0.11334219574928284,0.04487055540084839,0.6137006282806396,0.0
v28_seed3,230,False,norm1.bias,96,554400.0,0.0005632612155750394,0.0007583698607049882,1.0335065780964214e-05,1.2383409284666413e-06,3.578609903343022e-05,0.10421057790517807,0.09371719509363174,0.05014912411570549,0.2695859670639038,0.0
v28_seed3,230,False,fc2.weight,3072,554400.0,0.00030666327802464366,0.0004514868778642267,4.009067652077647e-06,7.098670984362343e-09,7.213120989035815e-05,0.28135302662849426,0.2168954759836197,0.0353231281042099,3.560256004333496,0.0
v28_seed3,230,False,fc2.bias,32,554400.0,0.0014539433177560568,0.00195028237067163,6.06065514148213e-05,4.234323569107801e-06,0.00019199895905330777,0.05981986224651337,0.04812717065215111,0.021650677546858788,0.14578980207443237,0.0
v28_seed3,230,False,norm2.weight,32,554400.0,0.0002705065708141774,0.00035208300687372684,1.6192883549592807e-06,1.3274638277493978e-08,1.4018801266502123e-05,0.4399895668029785,0.3090510666370392,0.0801243856549263,2.6035878658294678,0.0
v28_seed3,230,False,norm2.bias,32,554400.0,0.000230880337767303,0.00028590275906026363,1.3649737411469687e-06,6.41982733640134e-09,3.1374684112961404e-06,0.49974557757377625,0.29938870668411255,0.16936713457107544,3.7437376976013184,0.0
v28_seed3,230,False,actor.weight,192,554400.0,0.00010212181223323569,0.00022431177785620093,1.0378163324276102e-06,7.242689226139021e-10,1.5050613910716493e-05,2.3244709968566895,1.1894863843917847,0.0773291140794754,11.14320182800293,0.0
v28_seed3,230,False,actor.bias,6,554400.0,3.074005144299008e-05,3.752257543965243e-05,3.0899375502713156e-08,2.4818286092909148e-08,4.186900071090349e-08,1.7287064790725708,1.6705349683761597,1.466066837310791,1.9041792154312134,0.0
v28_seed3,230,False,critic.weight,32,554400.0,0.00027012990904040635,0.00044985770364291966,3.82253074349137e-06,3.9250558359071874e-09,3.3691081625875086e-05,1.0243704319000244,0.6703547239303589,0.051684826612472534,4.787723541259766,0.0
v28_seed3,230,False,critic.bias,1,554400.0,4.489405546337366e-05,4.489405546337366e-05,1.251422503401045e-07,1.251422503401045e-07,1.251422503401045e-07,0.8480218052864075,0.8480218052864075,0.8480218052864075,0.8480218052864075,0.0
v28_seed3,230,False,rnd.predictor.net.0.weight,91136,554400.0,6.169329935801215e-08,8.317049804418275e-08,3.30712432265734e-12,1.9931157734459577e-16,7.440355970222967e-11,336.1378479003906,270.30328369140625,34.739315032958984,12438.958984375,1.0
v28_seed3,230,False,rnd.predictor.net.0.bias,128,554400.0,9.068288164826299e-08,1.1610345751478235e-07,1.3363809191202503e-11,2.667127803335223e-12,4.945350726148767e-11,92.59541320800781,90.74314880371094,42.599609375,182.57789611816406,1.0
v28_seed3,230,False,rnd.predictor.net.1.weight,128,554400.0,1.854976829918087e-07,2.4267018261525664e-07,4.6566712291751244e-11,7.0148743584741435e-12,3.4532618431448725e-10,54.08528518676758,51.44870376586914,16.13514518737793,112.843017578125,0.9296875
v28_seed3,230,False,rnd.predictor.net.1.bias,128,554400.0,2.0262638145140954e-07,2.555409821525245e-07,5.795483190573769e-11,1.7438061411523265e-11,1.794156073708919e-10,42.85248565673828,41.7637939453125,22.380359649658203,71.66934967041016,0.90625
v28_seed3,230,False,rnd.predictor.net.3.weight,16384,554400.0,1.0971921682312313e-07,1.4903663725363003e-07,9.70056326932145e-12,9.075035780356858e-14,4.160403965780546e-10,158.24871826171875,133.46717834472656,14.700788497924805,963.8616333007812,0.99468994140625
v28_seed3,230,False,rnd.predictor.net.3.bias,128,554400.0,2.3269484472621116e-07,2.954667763788166e-07,7.462647166889269e-11,4.765739452378126e-12,4.0851011462450515e-10,43.66484451293945,38.201698303222656,14.835597038269043,136.7953338623047,0.7421875
v28_seed3,230,False,rnd.predictor.net.4.weight,128,554400.0,1.7603409219191235e-07,2.4063589876277547e-07,4.788340557393411e-11,4.317216072483032e-13,4.3623954448790414e-10,82.11692810058594,56.650611877441406,14.356575965881348,449.7378845214844,0.90625
v28_seed3,230,False,rnd.predictor.net.4.bias,128,554400.0,1.865431755732061e-07,2.3930240899971977e-07,4.920142765429958e-11,3.1202158912169153e-12,2.7483740283607005e-10,53.929351806640625,47.405147552490234,18.08512306213379,168.87962341308594,0.921875
v28_seed3,230,False,rnd.predictor.net.6.weight,8192,554400.0,2.8238159188731515e-07,3.8334781038429355e-07,5.90748283624265e-11,3.2955253109756555e-12,7.243459165806598e-10,60.35711669921875,49.53364562988281,11.142609596252441,164.351318359375,0.8529052734375
v28_seed3,230,False,rnd.predictor.net.6.bias,64,554400.0,6.304351813923859e-07,7.846456355764531e-07,4.286673238595995e-10,2.9080907126832756e-10,5.89912452220176e-10,14.602402687072754,14.538196563720703,12.346637725830078,17.581771850585938,0.0
v28_seed3,240,False,fc1.weight,68352,578400.0,9.69197426456958e-05,0.0008026903378777206,1.432701446901774e-05,9.900311887987819e-35,0.012811264954507351,173.34725952148438,2.9976367950439453,0.0026504844427108765,30000.001953125,0.008909760974347591
v28_seed3,240,False,fc1.bias,96,578400.0,7.163800910348073e-05,0.00010500109056010842,2.5467545583524043e-07,1.0286007601223446e-08,2.031691792581114e-06,0.9215138554573059,0.8236661553382874,0.2104695588350296,2.9577062129974365,0.0
v28_seed3,240,False,norm1.weight,96,578400.0,0.0005232741241343319,0.0006618818151764572,1.222780247189803e-05,2.448875022764696e-07,5.511678318725899e-05,0.12140237540006638,0.10300865024328232,0.040409062057733536,0.6062184572219849,0.0
v28_seed3,240,False,norm1.bias,96,578400.0,0.0005514665972441435,0.0006771660991944373,1.105136198020773e-05,1.0920455224550096e-06,2.5122992155957036e-05,0.10079833120107651,0.09437040239572525,0.05985284224152565,0.2870759069919586,0.0
v28_seed3,240,False,fc2.weight,3072,578400.0,0.00032089208252727985,0.0004736750270240009,5.149744993104832e-06,8.194019684992782e-09,0.00017325003864243627,0.2651132047176361,0.2035803198814392,0.022792095318436623,3.313788652420044,0.0
v28_seed3,240,False,fc2.bias,32,578400.0,0.0013896857853978872,0.0017641682643443346,6.66422420181334e-05,5.192723165237112e-06,0.00027480567223392427,0.05786438658833504,0.04843710735440254,0.01809706538915634,0.13165028393268585,0.0
v28_seed3,240,False,norm2.weight,32,578400.0,0.00021218904294073582,0.00025388330686837435,2.2103977244114503e-06,1.7943680319376654e-08,1.7068157831090502e-05,0.3616381287574768,0.2571170926094055,0.07261509448289871,2.239407539367676,0.0
v28_seed3,240,False,norm2.bias,32,578400.0,0.00018076389096677303,0.00021971047681290656,1.7724626104609342e-06,8.182216681973387e-09,4.143813839618815e-06,0.42326515913009644,0.2741377055644989,0.14737336337566376,3.3161776065826416,0.0
v28_seed3,240,False,actor.weight,192,578400.0,4.170549800619483e-05,8.119244739646092e-05,1.3444177966448478e-06,9.427100211567563e-10,1.60214513016399e-05,2.357466459274292,1.245493769645691,0.07494959235191345,9.767664909362793,0.0
v28_seed3,240,False,actor.bias,6,578400.0,1.0592209036985878e-05,1.3599790690932423e-05,3.820735727799729e-08,2.8559830056451574e-08,5.127660784864929e-08,1.5559083223342896,1.5660516023635864,1.32477605342865,1.7750792503356934,0.0
v28_seed3,240,False,critic.weight,32,578400.0,0.00018986285431310534,0.00029165996238589287,4.965368134435266e-06,5.251959311891596e-09,4.049485141877085e-05,0.8551008701324463,0.4639504849910736,0.047143373638391495,4.139050483703613,0.0
v28_seed3,240,False,critic.bias,1,578400.0,8.076919039012864e-05,8.076919039012864e-05,1.608569846212049e-07,1.608569846212049e-07,1.608569846212049e-07,0.7479808926582336,0.7479808926582336,0.7479808926582336,0.7479808926582336,0.0
v28_seed3,240,False,rnd.predictor.net.0.weight,91136,578400.0,1.0136491113144075e-07,1.3694497624783253e-07,3.891375503078942e-12,2.942430993105869e-16,6.96210727957336e-11,319.6346435546875,251.1520233154297,35.9112663269043,11048.2939453125,1.0
v28_seed3,240,False,rnd.predictor.net.0.bias,128,578400.0,1.5057689495279192e-07,1.8100489285188814e-07,1.421832443448956e-11,4.109362156112795e-12,4.9625404480169166e-11,88.474853515625,84.86637878417969,42.5258674621582,147.26412963867188,1.0
v28_seed3,240,False,rnd.predictor.net.1.weight,128,578400.0,3.735343057087448e-07,4.67549540417167e-07,5.444742573468275e-11,8.944600268789848e-12,3.6026837069158546e-10,49.58329391479492,45.65501022338867,15.797175407409668,99.97493743896484,0.8984375
v28_seed3,240,False,rnd.predictor.net.1.bias,128,578400.0,3.721583539118001e-07,4.4973523927183123e-07,6.619431391907682e-11,2.3391129311267633e-11,2.0720890281378246e-10,39.791526794433594,38.275604248046875,20.826459884643555,61.90114212036133,0.859375
v28_seed3,240,False,rnd.predictor.net.3.weight,16384,578400.0,1.8353249231495283e-07,2.463074508796126e-07,1.114781704447676e-11,1.2380328424758946e-13,3.3311681191250386e-10,148.51287841796875,125.10176086425781,16.428014755249023,829.0570068359375,0.99237060546875
v28_seed3,240,False,rnd.predictor.net.3.bias,128,578400.0,4.029710964914557e-07,5.224026722316921e-07,8.245547300500533e-11,6.703852750700179e-12,3.70181801878644e-10,41.191585540771484,37.30190658569336,15.58432674407959,115.42102813720703,0.6875
v28_seed3,240,False,rnd.predictor.net.4.weight,128,578400.0,3.2769196423032554e-07,4.6688532506777847e-07,5.5069761251136384e-11,5.316602193217168e-13,5.036889239029563e-10,75.63636016845703,52.85409927368164,13.361234664916992,405.8714294433594,0.890625
v28_seed3,240,False,rnd.predictor.net.4.bias,128,578400.0,3.359864990670758e-07,4.3771044033746875e-07,5.5628057715750856e-11,4.0764952177752e-12,2.4166568746153416e-10,50.306602478027344,45.552547454833984,19.285659790039062,147.8536834716797,0.8828125
v28_seed3,240,False,rnd.predictor.net.6.weight,8192,578400.0,4.78339586607035e-07,6.420403906304273e-07,6.881635539190967e-11,3.419391289213869e-12,1.110648462088193e-09,56.02154541015625,46.17456817626953,8.999174118041992,161.3632354736328,0.8133544921875
v28_seed3,240,False,rnd.predictor.net.6.bias,64,578400.0,1.0749109833341208e-06,1.3751889582636068e-06,4.910207240804709e-10,3.8394798451690804e-10,7.431950055369896e-10,13.613411903381348,13.574080467224121,11.000452995300293,15.302538871765137,0.0
v27_seed0,10,False,fc1.weight,45568,26401.0,0.10000000894069672,0.10000231117010117,0.0010218123206868768,0.0010000000474974513,0.021087046712636948,0.00944656040519476,0.009486759081482887,0.00206591933965683,0.009486828930675983,0.0
v27_seed0,10,False,fc1.bias,64,26401.0,0.10000000894069672,0.10000009089708328,0.0010005154181271791,0.0010000376496464014,0.001004346995614469,0.009484387934207916,0.0094853974878788,0.009466276504099369,0.009486651979386806,0.0
v27_seed0,10,False,norm1.weight,64,26401.0,0.09998199343681335,0.0999823734164238,0.0010040870402008295,0.001000341260805726,0.0010347890201956034,0.009467590600252151,0.009474305436015129,0.009325996041297913,0.009485211223363876,0.0
v27_seed0,10,False,norm1.bias,64,26401.0,0.10002872347831726,0.10002917796373367,0.0010055846069008112,0.0010007490636780858,0.0010337564162909985,0.009460540488362312,0.009466622024774551,0.00933065265417099,0.009483279660344124,0.0
v27_seed0,10,False,fc2.weight,2048,26401.0,0.10000000149011612,0.10000018775463104,0.0010018439497798681,0.0010000112233683467,0.0010932848090305924,0.009478191845119,0.009484182111918926,0.009073073975741863,0.009486776776611805,0.0
v27_seed0,10,False,fc2.bias,32,26401.0,0.10000000149011612,0.10000050812959671,0.0010119571816176176,0.001001962460577488,0.0010857998859137297,0.009431784972548485,0.009466208517551422,0.009104292839765549,0.009477535262703896,0.0
v27_seed0,10,False,norm2.weight,32,26401.0,0.10006009787321091,0.1000601127743721,0.0010003484785556793,0.001000005635432899,0.0010011896956712008,0.00948517769575119,0.009485122747719288,0.00948119256645441,0.009486803784966469,0.0
v27_seed0,10,False,norm2.bias,32,26401.0,0.10003754496574402,0.10003756731748581,0.0010003126226365566,0.0010000289184972644,0.0010011781705543399,0.009485348127782345,0.009485412389039993,0.009481245651841164,0.00948669295758009,0.0
v27_seed0,10,False,actor.weight,192,26401.0,0.10000000149011612,0.10000013560056686,0.0010012551210820675,0.001000000978820026,0.0010194913484156132,0.009480915032327175,0.00948676373809576,0.009395704604685307,0.009486825205385685,0.0
v27_seed0,10,False,actor.bias,6,26401.0,0.10000000149011612,0.10000000149011612,0.00100006815046072,0.0010000200709328055,0.001000129384920001,0.009486506693065166,0.00948638841509819,0.009486216120421886,0.009486733935773373,0.0
v27_seed0,10,False,critic.weight,32,26401.0,0.10000470280647278,0.10000473260879517,0.001000610296614468,0.001000002259388566,0.0010033861035481095,0.0094839408993721,0.009486673399806023,0.009470809251070023,0.009486819617450237,0.0
v27_seed0,10,False,critic.bias,1,26401.0,0.09995429962873459,0.09995429962873459,0.001000105170533061,0.001000105170533061,0.001000105170533061,0.009486330673098564,0.009486330673098564,0.009486330673098564,0.009486330673098564,0.0
v27_seed0,10,False,rnd.predictor.net.0.weight,91136,26401.0,0.09999999403953552,0.10000000149011612,0.001000001560896635,0.0010000000474974513,0.0010000100592151284,0.009486823342740536,0.00948682427406311,0.009486782364547253,0.009486828930675983,0.0
v27_seed0,10,False,rnd.predictor.net.0.bias,128,26401.0,0.10000000149011612,0.10000000149011612,0.001000003656372428,0.001000000280328095,0.0010000107577070594,0.009486813098192215,0.00948681402951479,0.009486778639256954,0.009486827999353409,0.0
v27_seed0,10,False,rnd.predictor.net.1.weight,128,26401.0,0.10000022500753403,0.10000023245811462,0.0010000055190175772,0.0010000013280659914,0.001000023097731173,0.009486803784966469,0.009486808441579342,0.009486720897257328,0.00948682427406311,0.0
v27_seed0,10,False,rnd.predictor.net.1.bias,128,26401.0,0.10000069439411163,0.10000068694353104,0.0010000071488320827,0.001000000978820026,0.0010000161128118634,0.009486795403063297,0.009486796334385872,0.00948675349354744,0.009486825205385685,0.0
v27_seed0,10,False,rnd.predictor.net.3.weight,16384,26401.0,0.10000000149011612,0.10000000149011612,0.0010000061010941863,0.0010000001639127731,0.001000049989670515,0.009486800990998745,0.009486808441579342,0.009486592374742031,0.009486828930675983,0.0
v27_seed0,10,False,rnd.predictor.net.3.bias,128,26401.0,0.09999999403953552,0.10000000894069672,0.0010000336915254593,0.0010000012116506696,0.0010000909678637981,0.009486670605838299,0.009486657567322254,0.009486398659646511,0.00948682427406311,0.0
v27_seed0,10,False,rnd.predictor.net.4.weight,128,26401.0,0.09999998658895493,0.09999998658895493,0.001000005635432899,0.001000000280328095,0.0010000253096222878,0.009486803784966469,0.009486808441579342,0.009486709721386433,0.009486827999353409,0.0
v27_seed0,10,False,rnd.predictor.net.4.bias,128,26401.0,0.10000083595514297,0.10000083595514297,0.0010000099427998066,0.0010000001639127731,0.0010000243782997131,0.009486783295869827,0.009486778639256954,0.009486714377999306,0.009486828930675983,0.0
v27_seed0,10,False,rnd.predictor.net.6.weight,8192,26401.0,0.10000056028366089,0.10000055283308029,0.001000009011477232,0.0010000005131587386,0.0010000395122915506,0.0094867879524827,0.009486798197031021,0.00948664266616106,0.009486827068030834,0.0
v27_seed0,10,False,rnd.predictor.net.6.bias,64,26401.0,0.10000205039978027,0.10000205039978027,0.0010000478941947222,0.0010000384645536542,0.0010000563925132155,0.009486602619290352,0.009486602619290352,0.009486562572419643,0.009486647322773933,0.0
v27_seed0,20,False,fc1.weight,45568,50400.0,0.00010910494165727869,0.0009423727751709521,2.1861027562408708e-05,0.0,0.011364432983100414,171.78271484375,2.388368606567383,0.002814150881022215,30000.001953125,0.00561797758564353
v27_seed0,20,False,fc1.bias,64,50400.0,0.00011693710985127836,0.00017090349865611643,4.458795217487932e-07,2.287375089338184e-08,2.0651589238696033e-06,0.72150719165802,0.6798972487449646,0.208757221698761,1.9834619760513306,0.0
v27_seed0,20,False,norm1.weight,64,50400.0,0.00025823572650551796,0.0003193001903127879,3.6078624816582305e-06,5.082243319520785e-07,1.6009194951038808e-05,0.18681809306144714,0.1798100620508194,0.0749782845377922,0.42081135511398315,0.0
v27_seed0,20,False,norm1.bias,64,50400.0,0.00027693226002156734,0.00037054347922094166,4.851938683714252e-06,7.772381991344446e-07,1.5789855751791038e-05,0.1651211678981781,0.1520254760980606,0.07549724727869034,0.34028223156929016,0.0
v27_seed0,20,False,fc2.weight,2048,50400.0,0.0001318632421316579,0.00018982113397214562,1.3321661072041024e-06,1.1490147500126113e-08,1.8266149709234014e-05,0.43123677372932434,0.3813026249408722,0.07019348442554474,2.798452615737915,0.0
v27_seed0,20,False,fc2.bias,32,50400.0,0.00023673988471273333,0.0003366493619978428,9.968055564968381e-06,2.1099349396536127e-06,4.1709143260959536e-05,0.1287131905555725,0.13482503592967987,0.04645206034183502,0.20653028786182404,0.0
v27_seed0,20,False,norm2.weight,32,50400.0,6.08795671723783e-05,9.279482765123248e-05,2.6289171728421934e-07,1.3847166968616875e-08,1.7422808014089242e-06,1.0923904180526733,1.1321377754211426,0.22727878391742706,2.5492000579833984,0.0
v27_seed0,20,False,norm2.bias,32,50400.0,4.49032595497556e-05,6.39975187368691e-05,1.778709304289805e-07,2.8317780120801217e-08,6.270655035223172e-07,1.0895087718963623,1.2446585893630981,0.3788430690765381,1.7826491594314575,0.0
v27_seed0,20,False,actor.weight,192,50400.0,8.672461990499869e-05,0.0002040210965787992,1.118461113946978e-06,4.807202969026036e-10,1.7353289877064526e-05,4.297718524932861,3.997832775115967,0.07201606035232544,13.676563262939453,0.0
v27_seed0,20,False,actor.bias,6,50400.0,3.080182068515569e-05,3.7146797694731504e-05,3.579228291528125e-08,8.134303008944244e-09,6.970109467374641e-08,2.1038174629211426,1.2567532062530518,1.1362791061401367,3.3259291648864746,0.0
v27_seed0,20,False,critic.weight,32,50400.0,8.287683158414438e-05,0.00015490548685193062,6.881764420541003e-07,1.765159796107696e-09,4.785357305081561e-06,3.642434597015381,4.015982151031494,0.13713935017585754,7.138811111450195,0.0
v27_seed0,20,False,critic.bias,1,50400.0,3.188442133250646e-05,3.188442133250646e-05,3.504870704773566e-08,3.504870704773566e-08,3.504870704773566e-08,1.6023672819137573,1.6023672819137573,1.6023672819137573,1.6023672819137573,0.0
v27_seed0,20,False,rnd.predictor.net.0.weight,91136,50400.0,4.212373369227862e-06,5.464680270961253e-06,8.020892283688852e-10,0.0,4.191218483384773e-09,180.81375122070312,11.463993072509766,4.633232116699219,30000.001953125,0.012453914619982243
v27_seed0,20,False,rnd.predictor.net.0.bias,128,50400.0,4.765653102367651e-06,6.206058969837613e-06,2.1625994328644538e-09,2.581997116113399e-10,5.136014280537893e-09,6.967846870422363,6.620844841003418,4.185502529144287,18.658348083496094,0.0
v27_seed0,20,False,rnd.predictor.net.1.weight,128,50400.0,1.0127962013939396e-05,1.2845558558183257e-05,5.6103228729398325e-09,2.234393781108679e-09,1.5258859065170327e-08,4.235029697418213,4.300599098205566,2.428427219390869,6.345261573791504,0.0
v27_seed0,20,False,rnd.predictor.net.1.bias,128,50400.0,7.909725354693364e-06,1.0449241926835384e-05,7.026627280026787e-09,1.6375316658212569e-09,1.310056418901695e-08,3.711009979248047,3.611661911010742,2.6208269596099854,7.411721229553223,0.0
v27_seed0,20,False,rnd.predictor.net.3.weight,16384,50400.0,8.409962902078405e-06,1.1039593118766788e-05,4.388796881471535e-09,1.1582048514702237e-10,2.809243859758226e-08,5.778962135314941,5.001067161560059,1.78978431224823,27.85000228881836,0.0
v27_seed0,20,False,rnd.predictor.net.3.bias,128,50400.0,1.4195480616763234e-05,1.789536327123642e-05,2.7747699249403013e-08,1.6428230997789228e-09,6.633178628590031e-08,2.1449997425079346,1.765227198600769,1.1647790670394897,7.399778842926025,0.0
v27_seed0,20,False,rnd.predictor.net.4.weight,128,50400.0,9.527795555186458e-06,1.2088416951883119e-05,5.656664026076896e-09,4.5334849763101204e-10,2.0194905303583255e-08,5.161245822906494,4.5241217613220215,2.110910415649414,14.083197593688965,0.0
v27_seed0,20,False,rnd.predictor.net.4.bias,128,50400.0,8.468486157653388e-06,1.060452723322669e-05,9.665485301013632e-09,1.0417489093583754e-10,2.083455896695341e-08,3.5688581466674805,2.9815478324890137,2.0782558917999268,29.36394691467285,0.0
v27_seed0,20,False,rnd.predictor.net.6.weight,8192,50400.0,1.0158161785511766e-05,1.3382204997469671e-05,6.8819701048994375e-09,2.53856324849977e-10,3.2854984510777285e-08,4.677548885345459,4.515791893005371,1.654995083808899,18.817188262939453,0.0
v27_seed0,20,False,rnd.predictor.net.6.bias,64,50400.0,1.963614886335563e-05,2.512651917641051e-05,4.113696050467297e-08,3.402746528990974e-08,4.947481002659515e-08,1.4823206663131714,1.4780813455581665,1.3486824035644531,1.626233696937561,0.0
v27_seed0,30,False,fc1.weight,45568,74400.0,0.00011064215505030006,0.000920319405850023,2.186571691709105e-05,0.0,0.01510202419012785,173.21755981445312,2.89479398727417,0.0024412015918642282,30000.001953125,0.009524227119982243
v27_seed0,30,False,fc1.bias,64,74400.0,8.476374205201864e-05,0.00012375817459542304,4.124290740037395e-07,2.4832900180626893e-08,2.389907194810803e-06,0.7693968415260315,0.6271747350692749,0.19405639171600342,1.9036189317703247,0.0
v27_seed0,30,False,norm1.weight,64,74400.0,0.0003107601369265467,0.0003809470508713275,3.571967226889683e-06,8.608416237620986e-07,1.2250016879988834e-05,0.18201567232608795,0.17573927342891693,0.08571398258209229,0.323336660861969,0.0
v27_seed0,30,False,norm1.bias,64,74400.0,0.00031309982296079397,0.00040742827695794404,4.907583388558123e-06,1.0234787168883486e-06,2.167439197364729e-05,0.16015499830245972,0.15153320133686066,0.06443872302770615,0.29653608798980713,0.0
v27_seed0,30,False,fc2.weight,2048,74400.0,0.00014670900418423116,0.00020666127966251224,1.2104354709663312e-06,9.597329153621104e-09,2.9180619094404392e-05,0.4328126013278961,0.38104549050331116,0.055535826832056046,3.0619759559631348,0.0
v27_seed0,30,False,fc2.bias,32,74400.0,0.0003225608670618385,0.0004529894213192165,1.0215996553597506e-05,2.217122755610035e-06,3.4912238334072754e-05,0.12173237651586533,0.11569362878799438,0.05077286809682846,0.2014760673046112,0.0
v27_seed0,30,False,norm2.weight,32,74400.0,3.317311711725779e-05,4.129032458877191e-05,3.5230959838372655e-07,1.3129334952566296e-08,2.864892849174794e-06,1.311866283416748,1.3381505012512207,0.17724114656448364,2.6179542541503906,0.0
v27_seed0,30,False,norm2.bias,32,74400.0,2.4475317331962287e-05,3.284653939772397e-05,2.0466882233449724e-07,1.0525169180652938e-08,7.300424158529495e-07,1.3982257843017578,1.2352937459945679,0.3511091470718384,2.92391300201416,0.0
v27_seed0,30,False,actor.weight,192,74400.0,8.192317181965336e-05,0.00022479479957837611,1.1924621503567323e-06,3.1340172124139087e-10,1.8289305444341153e-05,5.083549976348877,4.315005302429199,0.07014903426170349,16.93656349182129,0.0
v27_seed0,30,False,actor.bias,6,74400.0,2.3613529265276156e-05,3.4761240385705605e-05,3.131997416971899e-08,5.568718819404239e-09,5.98237335225349e-08,2.483649492263794,1.2983537912368774,1.2264976501464844,4.01962423324585,0.0
v27_seed0,30,False,critic.weight,32,74400.0,1.676607280387543e-05,2.7657179089146666e-05,9.676023182692006e-07,1.4162312433896318e-09,7.451566034433199e-06,4.167194366455078,3.811084270477295,0.10989955067634583,7.969642162322998,0.0
v27_seed0,30,False,critic.bias,1,74400.0,8.07906144473236e-06,8.07906144473236e-06,2.883949967724675e-08,2.883949967724675e-08,2.883949967724675e-08,1.7664519548416138,1.7664519548416138,1.7664519548416138,1.7664519548416138,0.0
v27_seed0,30,False,rnd.predictor.net.0.weight,91136,74400.0,2.9597749744425528e-06,3.944115633203182e-06,4.393977404149041e-10,0.0,2.5493473998494665e-09,186.51490783691406,16.03571128845215,5.940469264984131,30000.001953125,0.08223973214626312
v27_seed0,30,False,rnd.predictor.net.0.bias,128,74400.0,3.724563384821522e-06,4.781150892085861e-06,1.2623534439981654e-09,3.0714336629600325e-10,2.939999133033666e-09,9.019133567810059,8.680981636047363,5.531814098358154,17.108144760131836,0.0
v27_seed0,30,False,rnd.predictor.net.1.weight,128,74400.0,9.802376553125214e-06,1.218124361912487e-05,4.422556099115127e-09,1.379675595991614e-09,1.0268794703449657e-08,4.843689918518066,4.844679355621338,2.96018385887146,8.074503898620605,0.0
v27_seed0,30,False,rnd.predictor.net.1.bias,128,74400.0,8.655086276121438e-06,1.1178258318977896e-05,5.321490359477821e-09,1.874235433518834e-09,1.1139998257192474e-08,4.29055118560791,4.2388410568237305,2.842088460922241,6.92801570892334,0.0
v27_seed0,30,False,rnd.predictor.net.3.weight,16384,74400.0,6.62042521071271e-06,8.770537533564493e-06,2.432519519146581e-09,1.0467185451723537e-10,2.1968029173535797e-08,7.663943290710449,6.926903247833252,2.0239343643188477,29.294225692749023,0.0
v27_seed0,30,False,rnd.predictor.net.3.bias,128,74400.0,1.4661845852970146e-05,1.8589309547678567e-05,1.637187985181754e-08,1.666669469102544e-09,4.427552013908098e-08,2.7116143703460693,2.398426055908203,1.4256693124771118,7.346663475036621,0.0
v27_seed0,30,False,rnd.predictor.net.4.weight,128,74400.0,8.946976777224336e-06,1.1309802175674122e-05,4.369773876078398e-09,2.821208267000941e-10,1.944945893228578e-08,5.8367390632629395,5.034551620483398,2.150979995727539,17.85028648376465,0.0
v27_seed0,30,False,rnd.predictor.net.4.bias,128,74400.0,9.301938916905783e-06,1.1701577932399232e-05,6.246809292065336e-09,2.0097849773303977e-10,1.4713037899127812e-08,4.271763324737549,3.7943811416625977,2.473057985305786,21.146583557128906,0.0
v27_seed0,30,False,rnd.predictor.net.6.weight,8192,74400.0,8.814467037154827e-06,1.1603995517361909e-05,4.250766405533568e-09,3.6224012678331974e-10,2.6532331887096916e-08,5.765467643737793,5.566136837005615,1.841649055480957,15.754145622253418,0.0
v27_seed0,30,False,rnd.predictor.net.6.bias,64,74400.0,2.27664004341932e-05,2.6902907848125324e-05,2.8623780679026822e-08,2.481235128470871e-08,3.532288417318341e-08,1.7777276039123535,1.7823923826217651,1.5961366891860962,1.9044067859649658,0.0
v27_seed0,40,False,fc1.weight,45568,98400.0,0.00013243498688098043,0.0011351187713444233,2.183803553634789e-05,0.0,0.01032194122672081,172.6060028076172,2.695885419845581,0.0029528443701565266,30000.001953125,0.005991046316921711
v27_seed0,40,False,fc1.bias,64,98400.0,0.00011922494741156697,0.00016594516637269408,4.929469241687912e-07,1.9848968690894253e-08,5.171189513930585e-06,0.7552497386932373,0.525429368019104,0.1319240927696228,2.1292247772216797,0.0
v27_seed0,40,False,norm1.weight,64,98400.0,0.0004586987488437444,0.0005756824393756688,5.138202141097281e-06,1.1140854212499107e-06,2.3324801077251323e-05,0.15523281693458557,0.15702420473098755,0.06211713328957558,0.28422215580940247,0.0
v27_seed0,40,False,norm1.bias,64,98400.0,0.0005463059060275555,0.0006839773268438876,6.334998943202663e-06,9.991640581574757e-07,1.9863098714267835e-05,0.13683751225471497,0.13780713081359863,0.06731267273426056,0.3001224994659424,0.0
v27_seed0,40,False,fc2.weight,2048,98400.0,0.00021025052410550416,0.0003250076260883361,1.6223860939135193e-06,1.0563408814334707e-08,2.2573211026610807e-05,0.38955676555633545,0.3354966640472412,0.06314278393983841,2.9186160564422607,0.0
v27_seed0,40,False,fc2.bias,32,98400.0,0.0010939899366348982,0.0014909468591213226,1.576555223437026e-05,2.554095317464089e-06,5.012846668250859e-05,0.1048225462436676,0.10344759374856949,0.042371947318315506,0.18771545588970184,0.0
v27_seed0,40,False,norm2.weight,32,98400.0,0.00015086191706359386,0.00024149799719452858,4.5765929712615616e-07,9.222632435523792e-09,3.6615169847209472e-06,1.1434463262557983,0.9427070617675781,0.1567792147397995,3.1235511302948,0.0
v27_seed0,40,False,norm2.bias,32,98400.0,0.0001408944372087717,0.0002125762839568779,2.5742605203049607e-07,8.01107002956769e-09,8.843536534186569e-07,1.2649178504943848,0.9115349054336548,0.3190095126628876,3.351409435272217,0.0
v27_seed0,40,False,actor.weight,192,98400.0,0.0001149161034845747,0.00030609272653236985,1.3626500958707766e-06,3.0911198600769296e-10,2.209130980190821e-05,4.8804612159729,3.9308910369873047,0.0638277679681778,17.053613662719727,0.0
v27_seed0,40,False,actor.bias,6,98400.0,3.382215436431579e-05,4.651699782698415e-05,3.364234046898673e-08,5.794425383953694e-09,6.815731268261516e-08,2.535161256790161,1.2883284091949463,1.1490750312805176,3.940570116043091,0.0
v27_seed0,40,False,critic.weight,32,98400.0,0.00023043970577418804,0.00043957630987279117,1.192726131193922e-06,1.7856899292567618e-09,9.191908247885294e-06,3.562596321105957,3.5869312286376953,0.09895027428865433,7.097665309906006,0.0
v27_seed0,40,False,critic.bias,1,98400.0,8.118451660266146e-05,8.118451660266146e-05,3.242233859168664e-08,3.242233859168664e-08,3.242233859168664e-08,1.6660000085830688,1.6660000085830688,1.6660000085830688,1.6660000085830688,0.0
v27_seed0,40,False,rnd.predictor.net.0.weight,91136,98400.0,1.2032825225105626e-06,1.5672978861402953e-06,8.305695020638382e-11,0.0,4.111819218444168e-10,208.6768798828125,36.85950469970703,14.78734302520752,30000.001953125,0.6809822916984558
v27_seed0,40,False,rnd.predictor.net.0.bias,128,98400.0,1.607789045010577e-06,1.953146920641302e-06,2.1717898313067252e-10,8.14230766144064e-11,4.872933168087457e-10,21.64360809326172,20.96983528137207,13.584052085876465,33.20981979370117,0.046875
v27_seed0,40,False,rnd.predictor.net.1.weight,128,98400.0,3.2588261547061848e-06,4.081131464772625e-06,8.187559519257093e-10,2.7397001334250604e-10,2.5687414417774335e-09,11.288704872131348,11.291495323181152,5.91800594329834,18.113712310791016,0.0
v27_seed0,40,False,rnd.predictor.net.1.bias,128,98400.0,3.3511612400616286e-06,4.115383035241393e-06,8.34656621595542e-10,4.429982769504903e-10,1.994541865002475e-09,10.71165657043457,10.525321960449219,6.715872764587402,14.246688842773438,0.0
v27_seed0,40,False,rnd.predictor.net.3.weight,16384,98400.0,2.4180048967537005e-06,3.201647359674098e-06,3.5307040624488195e-10,1.1658375653755826e-11,3.5332523573572416e-09,20.004886627197266,18.54937744140625,5.046158313751221,87.60566711425781,0.10467529296875
v27_seed0,40,False,rnd.predictor.net.3.bias,128,98400.0,4.989131412003189e-06,6.305293482000707e-06,2.0785848597881795e-09,1.9204254853022462e-10,6.2466600780908266e-09,7.508463382720947,6.808694839477539,3.7952675819396973,21.632627487182617,0.0
v27_seed0,40,False,rnd.predictor.net.4.weight,128,98400.0,3.4564236557343975e-06,4.651015842682682e-06,9.713347903783642e-10,3.7120851531513566e-11,4.549796983610577e-09,13.594555854797363,10.727856636047363,4.44693660736084,49.158668518066406,0.0390625
v27_seed0,40,False,rnd.predictor.net.4.bias,128,98400.0,3.4381555451545864e-06,4.373606770968763e-06,8.888298985709753e-10,5.019066065536926e-11,2.707282620306728e-09,11.618608474731445,9.87393569946289,5.76462459564209,42.28606033325195,0.015625
v27_seed0,40,False,rnd.predictor.net.6.weight,8192,98400.0,4.067316695000045e-06,5.433978458313504e-06,9.609218976081024e-10,7.401614043889282e-11,5.2989337362419064e-09,12.063465118408203,11.39057731628418,4.120666027069092,34.83000564575195,0.0057373046875
v27_seed0,40,False,rnd.predictor.net.6.bias,64,98400.0,8.977236575447023e-06,1.151656215370167e-05,6.669252261559677e-09,5.400985880754661e-09,8.016413310940607e-09,3.6859025955200195,3.6718764305114746,3.350292682647705,4.081555366516113,0.0
v27_seed0,50,False,fc1.weight,45568,122400.0,0.0001039187700371258,0.0009169320692308247,2.1835077859577723e-05,0.0,0.022286303341388702,172.6659698486328,2.7233078479766846,0.002009565709158778,30000.001953125,0.007593047805130482
v27_seed0,50,False,fc1.bias,64,122400.0,9.790753392735496e-05,0.0002230949030490592,5.958910378467408e-07,2.0736321104664057e-08,1.2356626029941253e-05,0.7789808511734009,0.5256871581077576,0.08534342795610428,2.0831727981567383,0.0
v27_seed0,50,False,norm1.weight,64,122400.0,0.00031155726173892617,0.0004287569900043309,5.4016545618651435e-06,6.279783519858029e-07,1.815484938560985e-05,0.1530541032552719,0.14881448447704315,0.07040831446647644,0.3785676062107086,0.0
v27_seed0,50,False,norm1.bias,64,122400.0,0.0003505900385789573,0.00047579544479958713,6.300822406046791e-06,5.091210368846077e-07,1.7118343748734333e-05,0.1371043622493744,0.1291155219078064,0.07250857353210449,0.4204406142234802,0.0
v27_seed0,50,False,fc2.weight,2048,122400.0,0.00017422657401766628,0.00025679185637272894,1.6730584775359603e-06,1.0676703077194816e-08,2.6299005185137503e-05,0.3936435282230377,0.3427792489528656,0.05849931761622429,2.9030914306640625,0.0
v27_seed0,50,False,fc2.bias,32,122400.0,0.0005868813022971153,0.0009074734407477081,1.756103301886469e-05,2.2726146653440082e-06,6.747003499185666e-05,0.1038309708237648,0.10395731776952744,0.03652289882302284,0.19900110363960266,0.0
v27_seed0,50,False,norm2.weight,32,122400.0,3.1899253372102976e-05,4.244917363394052e-05,4.5756712552247336e-07,5.4341975364025075e-09,3.232682729503722e-06,1.059403657913208,0.8209517002105713,0.16685426235198975,4.069065570831299,0.0
v27_seed0,50,False,norm2.bias,32,122400.0,3.988125536125153e-05,5.4895179346203804e-05,2.6648268658391316e-07,6.245437500496109e-09,9.365260780214157e-07,1.1330466270446777,0.8678866624832153,0.3099965453147888,3.7956387996673584,0.0
v27_seed0,50,False,actor.weight,192,122400.0,0.00010060963541036472,0.00029070425080135465,1.1250799616391305e-06,1.5316790891173326e-10,1.759460246830713e-05,5.802692413330078,4.554536819458008,0.07152049243450165,24.22069549560547,0.0
v27_seed0,50,False,actor.bias,6,122400.0,3.08251655951608e-05,4.485468889470212e-05,2.4486311644977832e-08,3.2437283969954933e-09,4.973865586066495e-08,2.8435165882110596,1.5891245603561401,1.3451006412506104,5.26650857925415,0.0
v27_seed0,50,False,critic.weight,32,122400.0,2.6055862690554932e-05,4.434424408827908e-05,1.1435878377596964e-06,1.7459781398443397e-09,8.101483217615169e-06,3.378932476043701,3.0403051376342773,0.1053992360830307,7.177908897399902,0.0
v27_seed0,50,False,critic.bias,1,122400.0,4.043717126478441e-06,4.043717126478441e-06,3.322537978078799e-08,3.322537978078799e-08,3.322537978078799e-08,1.6457446813583374,1.6457446813583374,1.6457446813583374,1.6457446813583374,0.0
v27_seed0,50,False,rnd.predictor.net.0.weight,91136,122400.0,2.2004837774147745e-07,2.894885540172254e-07,6.459172172817995e-12,0.0,8.108652638227909e-11,340.89874267578125,155.02032470703125,33.278587341308594,30000.001953125,1.0
v27_seed0,50,False,rnd.predictor.net.0.bias,128,122400.0,3.2630089208396384e-07,4.100101875792461e-07,2.3804765450496923e-11,5.3911380568094636e-12,9.381834198407546e-11,69.03995513916016,69.18447875976562,30.940637588500977,128.65142822265625,1.0
v27_seed0,50,False,rnd.predictor.net.1.weight,128,122400.0,6.90007368575607e-07,8.579386303608771e-07,7.108941907363331e-11,1.0572224519445061e-11,6.534173202510374e-10,43.403221130371094,42.352806091308594,11.731568336486816,91.98234558105469,0.84375
v27_seed0,50,False,rnd.predictor.net.1.bias,128,122400.0,5.988213729324343e-07,7.411135243273748e-07,7.261588552687215e-11,2.8271210025798688e-11,1.9258739047955942e-10,37.31098937988281,37.31569290161133,21.602027893066406,56.316162109375,0.8515625
v27_seed0,50,False,rnd.predictor.net.3.weight,16384,122400.0,3.908695589416311e-07,5.22115215062513e-07,2.2422261963805923e-11,4.109805486381124e-13,1.3950439692322902e-09,97.31854248046875,86.56507110595703,8.029916763305664,460.7745666503906,0.97088623046875
v27_seed0,50,False,rnd.predictor.net.3.bias,128,122400.0,7.49892421936238e-07,9.723841003506095e-07,1.468451749087052e-10,1.3421017769355004e-11,5.926628077190799e-10,30.041345596313477,26.67792320251465,12.317967414855957,81.66664123535156,0.3984375
v27_seed0,50,False,rnd.predictor.net.4.weight,128,122400.0,5.57115129140584e-07,7.717705443610612e-07,7.681959929284332e-11,8.848531174270036e-13,6.867100221796818e-10,63.50316619873047,43.8765754699707,11.44376277923584,315.5681457519531,0.75
v27_seed0,50,False,rnd.predictor.net.4.bias,128,122400.0,5.333229751158797e-07,6.946253847672779e-07,6.989070433505162e-11,5.5017700464898844e-12,2.8609184465899773e-10,44.57301712036133,39.230438232421875,17.726043701171875,127.35689544677734,0.7890625
v27_seed0,50,False,rnd.predictor.net.6.weight,8192,122400.0,8.110324642984779e-07,1.1029968618458952e-06,8.805171175518822e-11,3.78530702876273e-13,6.941058283693735e-10,49.612815856933594,42.16156768798828,11.382655143737793,479.80926513671875,0.692626953125
v27_seed0,50,False,rnd.predictor.net.6.bias,64,122400.0,1.75156253590103e-06,2.195104798374814e-06,6.130232432788318e-10,4.947875997807216e-10,8.621084957027847e-10,12.170400619506836,12.241179466247559,10.213918685913086,13.480831146240234,0.0
v27_seed0,60,True,fc1.weight,45568,146400.0,0.00010283627489116043,0.0008170121582224965,2.178203249059152e-05,3.3066849928878804e-21,0.016815897077322006,165.8220672607422,2.51831316947937,0.0023134557995945215,29828.4765625,0.006451895926147699
v27_seed0,60,True,fc1.bias,64,146400.0,0.00010084542736876756,0.00021574439597316086,6.076062959436968e-07,3.0781876603214187e-08,1.1637881470960565e-05,0.7243083715438843,0.4847811758518219,0.0879393070936203,1.709814429283142,0.0
v27_seed0,60,True,norm1.weight,64,146400.0,0.00036490720231086016,0.0004674771917052567,7.877239113440737e-06,1.1524981573529658e-06,4.919638013234362e-05,0.13536539673805237,0.13253256678581238,0.042771462351083755,0.27944549918174744,0.0
v27_seed0,60,True,norm1.bias,64,146400.0,0.00036055996315553784,0.000469698483357206,8.373202945222147e-06,7.106719408511708e-07,3.578380710678175e-05,0.12148751318454742,0.12109632790088654,0.050150737166404724,0.35586193203926086,0.0
v27_seed0,60,True,fc2.weight,2048,146400.0,0.00020655283879023045,0.0003062663890887052,2.5424142222618684e-06,1.3122715358804271e-08,5.756417886004783e-05,0.3348952531814575,0.28686439990997314,0.03954072296619415,2.6186141967773438,0.0
v27_seed0,60,True,fc2.bias,32,146400.0,0.0007082928204908967,0.0010037290630862117,2.680197576410137e-05,2.6015204639406875e-06,9.59048411459662e-05,0.08710569143295288,0.0837082788348198,0.030633777379989624,0.18599656224250793,0.0
v27_seed0,60,True,norm2.weight,32,146400.0,0.0001705375761957839,0.0002518625697121024,7.230669325508643e-07,6.786748940612597e-09,5.561803845921531e-06,0.8474426865577698,0.6881956458091736,0.1272071748971939,3.6411426067352295,0.0
v27_seed0,60,True,norm2.bias,32,146400.0,0.00013386114733293653,0.0001826433726819232,4.3693941620404075e-07,7.454991290956059e-09,1.4768814935450791e-06,0.907345175743103,0.7406986355781555,0.2468566745519638,3.4741408824920654,0.0
v27_seed0,60,True,actor.weight,192,146400.0,6.201134965522215e-05,0.0001420305052306503,1.2000876949969097e-06,1.0294052416037758e-10,2.3347476599155925e-05,6.379756450653076,4.8193583488464355,0.062086962163448334,29.539304733276367,0.0
v27_seed0,60,True,actor.bias,6,146400.0,1.34806114147068e-05,1.7282724002143368e-05,2.4027004386084627e-08,2.6171411704467573e-09,5.768897182178989e-08,3.1286771297454834,1.7407691478729248,1.2489838600158691,5.863039016723633,0.0
v27_seed0,60,True,critic.weight,32,146400.0,0.00022453011479228735,0.00042169998050667346,1.8059508875012398e-06,2.58649257567356e-09,1.353763491351856e-05,2.7152695655822754,2.5741865634918213,0.08153586089611053,5.897666931152344,0.0
v27_seed0,60,True,critic.bias,1,146400.0,8.255640568677336e-05,8.255640568677336e-05,4.942208775560175e-08,4.942208775560175e-08,4.942208775560175e-08,1.3494014739990234,1.3494014739990234,1.3494014739990234,1.3494014739990234,0.0
v27_seed0,60,True,rnd.predictor.net.0.weight,91136,146400.0,1.5434781630574435e-07,2.0435847147837194e-07,5.493621182961483e-12,1.336479421471071e-16,7.618632114070323e-11,245.6551055908203,173.8374481201172,34.33092498779297,13914.2578125,1.0
v27_seed0,60,True,rnd.predictor.net.0.bias,128,146400.0,2.1611947431665612e-07,2.740909792464663e-07,2.0999670752308575e-11,4.066860129908756e-12,8.552732133626506e-11,74.62882995605469,72.72498321533203,32.4040641784668,148.02784729003906,1.0
v27_seed0,60,True,rnd.predictor.net.1.weight,128,146400.0,4.5120319214220217e-07,5.666318543262605e-07,6.46099770906794e-11,7.629692884425499e-12,7.646039912323488e-10,47.73743438720703,46.24435043334961,10.845409393310547,108.21770477294922,0.8671875
v27_seed0,60,True,rnd.predictor.net.1.bias,128,146400.0,3.84185227630951e-07,4.65375933345058e-07,6.591556467316906e-11,2.3054553058288185e-11,1.821600925655531e-10,39.555145263671875,38.095462799072266,22.21125030517578,62.35041809082031,0.8984375
v27_seed0,60,True,rnd.predictor.net.3.weight,16384,146400.0,2.8193633738737844e-07,3.811755391325278e-07,1.9265138095914125e-11,2.750382116067235e-13,1.3744650972924433e-09,111.51335144042969,98.42854309082031,8.089790344238281,561.3343505859375,0.97552490234375
v27_seed0,60,True,rnd.predictor.net.3.bias,128,146400.0,5.832696388097247e-07,7.058928872538672e-07,1.233133040123846e-10,9.769324238462218e-12,5.366734279199648e-10,33.42279052734375,28.991050720214844,12.944307327270508,95.67572021484375,0.484375
v27_seed0,60,True,rnd.predictor.net.4.weight,128,146400.0,4.0825065639182867e-07,5.34040793809254e-07,6.520405743115631e-11,5.069591664866313e-13,6.336747238044893e-10,73.52021789550781,48.65267562866211,11.912848472595215,415.50634765625,0.796875
v27_seed0,60,True,rnd.predictor.net.4.bias,128,146400.0,3.924281202216662e-07,4.799052817361371e-07,5.949058606846691e-11,4.374649080485238e-12,2.7367363930608235e-10,48.96693420410156,41.42695617675781,18.123510360717773,142.75070190429688,0.8515625
v27_seed0,60,True,rnd.predictor.net.6.weight,8192,146400.0,5.965690093034937e-07,8.198046543839155e-07,8.593419031921457e-11,2.6386168640660235e-13,7.777348209891954e-10,52.96430206298828,42.8827018737793,10.753498077392578,572.874755859375,0.700927734375
v27_seed0,60,True,rnd.predictor.net.6.bias,64,146400.0,1.2766853387802257e-06,1.5467687717318768e-06,5.381252110581158e-10,4.3523901149811195e-10,7.69588726079462e-10,12.987872123718262,13.034196853637695,10.81024169921875,14.37306022644043,0.0
v27_seed0,70,False,fc1.weight,45568,170400.0,0.0001133069017669186,0.0008483086130581796,2.175626650569029e-05,1.2337992232713782e-31,0.020120885223150253,171.84251403808594,2.3416013717651367,0.0021149383392184973,30000.001953125,0.0056618680246174335
v27_seed0,70,False,fc1.bias,64,170400.0,7.031313725747168e-05,8.721723133930936e-05,5.642856422127807e-07,2.4027865919151736e-08,1.1390860890969634e-05,0.6949119567871094,0.5253174304962158,0.08888771384954453,1.9352437257766724,0.0
v27_seed0,70,False,norm1.weight,64,170400.0,0.00046688620932400227,0.0006110750837251544,8.620765584055334e-06,1.5241580513247754e-06,5.465122376335785e-05,0.1280190646648407,0.12652339041233063,0.04058081656694412,0.24299803376197815,0.0
v27_seed0,70,False,norm1.bias,64,170400.0,0.00042611401295289397,0.00053831358673051,8.749427252041642e-06,1.4334435718410532e-06,2.9913873731857166e-05,0.11215750873088837,0.10928616672754288,0.05485095456242561,0.25056901574134827,0.0
v27_seed0,70,False,fc2.weight,2048,170400.0,0.00024600085453130305,0.00036495024687610567,2.9823495424352586e-06,1.268688354372216e-08,5.222778781899251e-05,0.30923885107040405,0.2624857723712921,0.04151163622736931,2.6632091999053955,0.0
v27_seed0,70,False,fc2.bias,32,170400.0,0.0007497125188820064,0.001062234747223556,3.3099757274612784e-05,3.128267280771979e-06,0.00012033850362058729,0.0783451497554779,0.07586933672428131,0.027347559109330177,0.16961602866649628,0.0
v27_seed0,70,False,norm2.weight,32,170400.0,8.133531082421541e-05,0.00011127609468530864,7.386522611341206e-07,6.270252761453321e-09,5.795023298560409e-06,0.833882749080658,0.6407724022865295,0.12462118268013,3.788121461868286,0.0
v27_seed0,70,False,norm2.bias,32,170400.0,7.306077895918861e-05,0.00010365751222707331,4.579313781505334e-07,6.451588596689817e-09,1.5413362461913493e-06,0.9037595987319946,0.7011475563049316,0.2416401356458664,3.7345120906829834,0.0
v27_seed0,70,False,actor.weight,192,170400.0,0.0001298629940720275,0.0003589467378333211,1.202259340971068e-06,9.047482207868995e-11,2.352650153625291e-05,6.428175449371338,4.574677467346191,0.06185028329491615,31.506563186645508,0.0052083334885537624
v27_seed0,70,False,actor.bias,6,170400.0,2.9963268389110453e-05,4.6876051783328876e-05,2.290710021668474e-08,2.0456285554359965e-09,5.401822278372492e-08,3.1486566066741943,1.7398769855499268,1.2907211780548096,6.6315016746521,0.0
v27_seed0,70,False,critic.weight,32,170400.0,9.171279089059681e-05,0.00017908556037582457,1.8323983113077702e-06,2.2831667667588817e-09,1.4099809050094336e-05,2.611724615097046,2.3263044357299805,0.07989387214183807,6.277136325836182,0.0
v27_seed0,70,False,critic.bias,1,170400.0,1.8799059034790844e-05,1.8799059034790844e-05,4.854041435464751e-08,4.854041435464751e-08,4.854041435464751e-08,1.3616008758544922,1.3616008758544922,1.3616008758544922,1.3616008758544922,0.0
v27_seed0,70,False,rnd.predictor.net.0.weight,91136,170400.0,2.4089612793432025e-07,3.296075306025159e-07,5.926552651414063e-12,1.1961711930852544e-16,7.941250435017366e-11,247.4346923828125,170.6116180419922,33.62712860107422,14328.7265625,1.0
v27_seed0,70,False,rnd.predictor.net.0.bias,128,170400.0,4.904227353108581e-07,6.450443379435455e-07,2.2944698224725002e-11,4.237542608476197e-12,1.0795018351439367e-10,72.93236541748047,70.48191833496094,28.846412658691406,145.0305938720703,0.9921875
v27_seed0,70,False,rnd.predictor.net.1.weight,128,170400.0,8.984918622445548e-07,1.1832413520096452e-06,7.343954611105374e-11,8.776280917277557e-12,7.776601029796382e-10,45.28811264038086,44.17867660522461,10.75401496887207,100.92587280273438,0.828125
v27_seed0,70,False,rnd.predictor.net.1.bias,128,170400.0,8.974267871053598e-07,1.1504040458021336e-06,7.480907560086791e-11,2.5237194278826536e-11,2.4686200306156536e-10,37.601383209228516,36.527976989746094,19.08173179626465,59.5987434387207,0.828125
v27_seed0,70,False,rnd.predictor.net.3.weight,16384,170400.0,4.262139441379986e-07,6.011740651956643e-07,2.0312205042949394e-11,2.394819097802786e-13,1.5428777144776973e-09,111.64100646972656,97.79520416259766,7.635631561279297,600.75830078125,0.97174072265625
v27_seed0,70,False,rnd.predictor.net.3.bias,128,170400.0,1.115417489927495e-06,1.420909597982245e-06,1.295605844831016e-10,1.1249202958030224e-11,5.915128942213244e-10,33.121978759765625,27.81348419189453,12.329930305480957,89.18000030517578,0.453125
v27_seed0,70,False,rnd.predictor.net.4.weight,128,170400.0,7.521705356339226e-07,1.0659937288437504e-06,7.115168176863307e-11,4.806580480853917e-13,7.315335004420831e-10,74.25328063964844,46.340660095214844,11.087754249572754,426.5635070800781,0.765625
v27_seed0,70,False,rnd.predictor.net.4.bias,128,170400.0,7.95163543898525e-07,1.0136056971532525e-06,6.48584380646966e-11,4.514977367670037e-12,3.1811528411473944e-10,47.61649703979492,39.42593765258789,16.810691833496094,140.52525329589844,0.8125
v27_seed0,70,False,rnd.predictor.net.6.weight,8192,170400.0,9.979909236790263e-07,1.3950674428997445e-06,9.355093089080668e-11,2.5370292889084767e-13,8.415714236598149e-10,52.067413330078125,41.608375549316406,10.337752342224121,584.0106201171875,0.6724853515625
v27_seed0,70,False,rnd.predictor.net.6.bias,64,170400.0,2.715831897148746e-06,3.243897253923933e-06,5.768596711419605e-10,4.5103520918132745e-10,8.22237666842085e-10,12.553224563598633,12.542768478393555,10.458541870117188,14.119248390197754,0.0
v27_seed0,80,False,fc1.weight,45568,194400.0,0.00011435181659180671,0.0009282745886594057,2.175846566387918e-05,4.6228836338075715e-42,0.00902891531586647,171.8187255859375,2.26958966255188,0.003157209837809205,30000.001953125,0.005639922805130482
v27_seed0,80,False,fc1.bias,64,194400.0,8.348986739292741e-05,0.00012083752517355606,4.5731638920187834e-07,2.3419488570652902e-08,5.28837426827522e-06,0.7095563411712646,0.5733541250228882,0.13045427203178406,1.9602172374725342,0.0
v27_seed0,80,False,norm1.weight,64,194400.0,0.000377902906620875,0.00045702725765295327,7.976474080351181e-06,1.4144136457616696e-06,3.545151048456319e-05,0.12766176462173462,0.12298067659139633,0.05038522556424141,0.25224897265434265,0.0
v27_seed0,80,False,norm1.bias,64,194400.0,0.0003980703477282077,0.0005046531441621482,8.506727681378834e-06,1.8843750240193913e-06,2.0917623260174878e-05,0.11085395514965057,0.1080620139837265,0.06559401005506516,0.21854177117347717,0.0
v27_seed0,80,False,fc2.weight,2048,194400.0,0.00022931235434953123,0.0003399211564101279,2.96845337288687e-06,1.071326938273387e-08,4.38642491644714e-05,0.3084563910961151,0.2567770183086395,0.0452965646982193,2.8981330394744873,0.0
v27_seed0,80,False,fc2.bias,32,194400.0,0.0006020271684974432,0.0007431015255860984,3.442335582803935e-05,4.620694653567625e-06,0.00013310070789884776,0.07591767609119415,0.0649588406085968,0.026003433391451836,0.1395615041255951,0.0
v27_seed0,80,False,norm2.weight,32,194400.0,0.00010023051436292008,0.00015467677440028638,6.492551278824976e-07,1.2126648130106332e-08,5.648443220707122e-06,0.8866878747940063,0.7171756029129028,0.12622781097888947,2.724027395248413,0.0
v27_seed0,80,False,norm2.bias,32,194400.0,5.931389387114905e-05,7.884225487941876e-05,4.231344803429238e-07,9.234410569547435e-09,1.3564647360908566e-06,0.9851379990577698,0.6778197288513184,0.2575806677341461,3.121558666229248,0.0
v27_seed0,80,False,actor.weight,192,194400.0,4.840945985051803e-05,0.00011167721095262095,9.925466883942136e-07,5.115179460557506e-11,1.8032493244390935e-05,6.382631778717041,3.985161781311035,0.07064678519964218,41.8874626159668,0.015625
v27_seed0,80,False,actor.bias,6,194400.0,1.7114396541728638e-05,2.327060792595148e-05,2.037790558517827e-08,1.7769672400191894e-09,4.427538513596119e-08,3.1804122924804688,1.8520691394805908,1.4256714582443237,7.1150593757629395,0.0
v27_seed0,80,False,critic.weight,32,194400.0,0.00011387240374460816,0.0002239848836325109,1.6285808897009701e-06,1.819205563968751e-09,1.3691475032828748e-05,2.835141181945801,2.3998780250549316,0.0810764953494072,7.0319952964782715,0.0
v27_seed0,80,False,critic.bias,1,194400.0,8.965766937762965e-06,8.965766937762965e-06,4.211547022237028e-08,4.211547022237028e-08,4.211547022237028e-08,1.4617708921432495,1.4617708921432495,1.4617708921432495,1.4617708921432495,0.0
v27_seed0,80,False,rnd.predictor.net.0.weight,91136,194400.0,1.4769400991099246e-07,1.9557666064429213e-07,4.078346167724067e-12,7.878189914941203e-17,4.858559388143391e-11,278.7190856933594,196.15481567382812,42.97787094116211,15893.2685546875,1.0
v27_seed0,80,False,rnd.predictor.net.0.bias,128,194400.0,2.3424499318025482e-07,2.8419921704880835e-07,1.8067734808280278e-11,3.1840758328571805e-12,6.857132223148099e-11,81.0488052368164,78.0069808959961,36.184776306152344,167.18701171875,1.0
v27_seed0,80,False,rnd.predictor.net.1.weight,128,194400.0,5.203770570005872e-07,6.629697395510448e-07,5.57284773883282e-11,7.274702108067688e-12,3.3444258473736e-10,49.347896575927734,49.63272476196289,16.39543914794922,110.8170166015625,0.875
v27_seed0,80,False,rnd.predictor.net.1.bias,128,194400.0,4.816733394363837e-07,5.860955525349709e-07,6.219195991530313e-11,1.8857464201271767e-11,1.911696634326887e-10,40.985313415527344,40.220211029052734,21.681922912597656,68.92562866210938,0.8828125
v27_seed0,80,False,rnd.predictor.net.3.weight,16384,194400.0,2.714381253099418e-07,3.6936381775376503e-07,1.524494419591349e-11,1.9558219789810732e-13,7.045674044192651e-10,122.87380981445312,106.88851165771484,11.297865867614746,663.354736328125,0.986083984375
v27_seed0,80,False,rnd.predictor.net.3.bias,128,194400.0,5.68788323107583e-07,7.188817789938184e-07,1.0967954322538276e-10,7.605583697556373e-12,4.952941390357068e-10,36.15732192993164,32.152095794677734,13.473938941955566,108.38846588134766,0.53125
v27_seed0,80,False,rnd.predictor.net.4.weight,128,194400.0,4.0589230820842204e-07,5.628016310765815e-07,5.84674669790175e-11,4.401539625397549e-13,6.051860679257004e-10,77.63031005859375,50.30839538574219,12.18990421295166,445.47332763671875,0.8359375
v27_seed0,80,False,rnd.predictor.net.4.bias,128,194400.0,3.984101226706116e-07,5.085012162453495e-07,5.6716444041260416e-11,3.678010153385092e-12,2.7106480948724254e-10,50.783878326416016,45.030025482177734,18.21046257019043,155.61669921875,0.890625
v27_seed0,80,False,rnd.predictor.net.6.weight,8192,194400.0,6.221557669050526e-07,8.407776022067992e-07,7.897779652488168e-11,2.8664942056284837e-13,8.386115690761642e-10,55.516422271728516,44.27616882324219,10.355972290039062,550.0585327148438,0.727783203125
v27_seed0,80,False,rnd.predictor.net.6.bias,64,194400.0,1.3731912531511625e-06,1.6712506294425111e-06,5.186688856184674e-10,3.986318775073272e-10,7.438398230696919e-10,13.231424331665039,13.201282501220703,10.995686531066895,15.018196105957031,0.0
v27_seed0,90,False,fc1.weight,45568,218400.0,0.00012423591397237033,0.0009515057899989188,2.1774007109343074e-05,7.006492321624085e-43,0.01659296080470085,173.1939239501953,2.72733998298645,0.002328945090994239,30000.001953125,0.009941186755895615
v27_seed0,90,False,fc1.bias,64,218400.0,0.00011945680307690054,0.00016640176181681454,3.7959617316118965e-07,2.3357726419703795e-08,1.856442622738541e-06,0.7326605319976807,0.642478883266449,0.2201797068119049,1.9628069400787354,0.0
v27_seed0,90,False,norm1.weight,64,218400.0,0.0006209587445482612,0.0007501072250306606,9.039534234034363e-06,9.135035838880867e-07,3.7645306292688474e-05,0.13041141629219055,0.11512504518032074,0.048895079642534256,0.31387853622436523,0.0
v27_seed0,90,False,norm1.bias,64,218400.0,0.0005302876816131175,0.0006619317573495209,9.271705494029447e-06,1.7980406710194075e-06,3.741199543583207e-05,0.11271432042121887,0.10579259693622589,0.049047306180000305,0.22372692823410034,0.0
v27_seed0,90,False,fc2.weight,2048,218400.0,0.0002595503756310791,0.00036674761213362217,2.6286520551366266e-06,5.487861720609999e-09,2.9111304684192874e-05,0.33311623334884644,0.2716579735279083,0.055601902306079865,4.049124240875244,0.0
v27_seed0,90,False,fc2.bias,32,218400.0,0.0009638272458687425,0.001197060220874846,3.512499461066909e-05,3.409972123336047e-06,0.0001460930798202753,0.0765332281589508,0.06742352992296219,0.024820245802402496,0.1624588817358017,0.0
v27_seed0,90,False,norm2.weight,32,218400.0,8.605515176896006e-05,0.00011091052874689922,2.994708268033719e-07,9.051908556045873e-09,1.9713997971848585e-06,1.0043199062347412,0.7508862614631653,0.2136637419462204,3.1528663635253906,0.0
v27_seed0,90,False,norm2.bias,32,218400.0,5.902778866584413e-05,7.349915540544316e-05,2.600668835839315e-07,5.8111910838931635e-09,8.058689218159998e-07,1.1162478923797607,0.7725629806518555,0.3341829180717468,3.934882164001465,0.0
v27_seed0,90,False,actor.weight,192,218400.0,9.205120295519009e-05,0.00022776312835048884,4.6312572976603406e-07,2.591865264078841e-11,8.018925655051135e-06,6.6422200202941895,3.1598927974700928,0.10594040900468826,58.811580657958984,0.046875
v27_seed0,90,False,actor.bias,6,218400.0,2.961949212476611e-05,3.991978519479744e-05,1.422093820480086e-08,5.79554737534238e-10,3.218471533728007e-08,4.150866985321045,2.497739553451538,1.6721385717391968,12.45643138885498,0.0
v27_seed0,90,False,critic.weight,32,218400.0,6.684228719677776e-05,0.00012445759784895927,6.887547669975902e-07,1.1654288645246424e-09,5.2397595027287025e-06,3.1747512817382812,1.8083927631378174,0.13105805218219757,8.78519058227539,0.0
v27_seed0,90,False,critic.bias,1,218400.0,2.3410404537571594e-05,2.3410404537571594e-05,2.383749553303005e-08,2.383749553303005e-08,2.383749553303005e-08,1.942955493927002,1.942955493927002,1.942955493927002,1.942955493927002,0.0
v27_seed0,90,False,rnd.predictor.net.0.weight,91136,218400.0,1.19901187645155e-07,1.6048956297254335e-07,3.9703279726410745e-12,9.91007703336095e-17,4.29422608583252e-11,299.4383239746094,207.40480041503906,45.710567474365234,15033.8740234375,1.0
v27_seed0,90,False,rnd.predictor.net.0.bias,128,218400.0,1.8539817858709284e-07,2.3121683057070186e-07,1.5869895675368895e-11,4.50027688725374e-12,5.098295396965824e-11,82.49640655517578,79.94095611572266,41.9566650390625,140.75352478027344,1.0
v27_seed0,90,False,rnd.predictor.net.1.weight,128,218400.0,3.830032824225782e-07,4.967394602317654e-07,5.7195335273485526e-11,1.0296818085675508e-11,3.0429730957237666e-10,48.1993408203125,45.092620849609375,17.18791961669922,93.20054626464844,0.859375
v27_seed0,90,False,rnd.predictor.net.1.bias,128,218400.0,3.7521530771300604e-07,4.632211414445919e-07,6.552788173186386e-11,2.091572227913563e-11,1.5003390196888233e-10,39.43309783935547,38.13618850708008,24.472152709960938,65.45401000976562,0.875
v27_seed0,90,False,rnd.predictor.net.3.weight,16384,218400.0,2.2257307819018024e-07,3.178410850068758e-07,1.467483252970414e-11,1.7903584973062714e-13,6.666145413447566e-10,125.5381088256836,107.77772521972656,11.614906311035156,692.6386108398438,0.988525390625
v27_seed0,90,False,rnd.predictor.net.3.bias,128,218400.0,4.6694412958458997e-07,6.407082651094242e-07,1.0994238852646276e-10,7.716787278622128e-12,4.837938383239759e-10,35.99628448486328,31.14396858215332,13.633070945739746,107.60747528076172,0.5234375
v27_seed0,90,False,rnd.predictor.net.4.weight,128,218400.0,3.5166161183042277e-07,4.909409199171932e-07,6.022608106670546e-11,3.4731519418275403e-13,6.21112383747402e-10,79.30464172363281,52.49148941040039,12.032668113708496,500.55517578125,0.8125
v27_seed0,90,False,rnd.predictor.net.4.bias,128,218400.0,3.284676495241001e-07,4.415367413912463e-07,5.8169295769072704e-11,3.997165012176174e-12,2.7138238878343657e-10,49.932281494140625,43.38765335083008,18.199810028076172,149.30641174316406,0.84375
v27_seed0,90,False,rnd.predictor.net.6.weight,8192,218400.0,5.100687303638551e-07,6.88084298872127e-07,7.92816784445094e-11,3.722730403023927e-13,7.976097560202788e-10,55.02664566040039,45.45635986328125,10.618722915649414,483.7603454589844,0.739013671875
v27_seed0,90,False,rnd.predictor.net.6.bias,64,218400.0,1.0556096867730957e-06,1.2856557987106498e-06,5.289716442646863e-10,4.0280034863116043e-10,7.754959452377364e-10,13.115903854370117,13.12415599822998,10.76900577545166,14.940322875976562,0.0
v27_seed0,100,False,fc1.weight,45568,242400.0,0.00011215005361009389,0.0008758782641962171,2.169156141462736e-05,1.335176679504238e-13,0.008389607071876526,4.958169460296631,2.456491470336914,0.0032752950210124254,799.1461181640625,0.0052887992933392525
v27_seed0,100,False,fc1.bias,64,242400.0,8.359602361451834e-05,0.00011368873674655333,4.4539208943206177e-07,3.365590828252607e-08,3.7838412936253008e-06,0.6589125394821167,0.5556110739707947,0.1542242169380188,1.6351852416992188,0.0
v27_seed0,100,False,norm1.weight,64,242400.0,0.00048607095959596336,0.0006210294086486101,1.1425820048316382e-05,1.0027549706137506e-06,3.6501620343187824e-05,0.11564464867115021,0.10093245655298233,0.04965516924858093,0.29958462715148926,0.0
v27_seed0,100,False,norm1.bias,64,242400.0,0.0004346818313933909,0.000557483290322125,1.0424156243971083e-05,4.039378382003633e-06,2.1176436348468997e-05,0.09941494464874268,0.0932663232088089,0.06519193947315216,0.1492663323879242,0.0
v27_seed0,100,False,fc2.weight,2048,242400.0,0.0002670544199645519,0.00039548249333165586,4.023330802738201e-06,9.497385100587508e-09,6.434571696445346e-05,0.2761380970478058,0.21404382586479187,0.03739907965064049,3.078043222427368,0.0
v27_seed0,100,False,fc2.bias,32,242400.0,0.0005707461386919022,0.0007738431449979544,5.246239743428305e-05,5.210702056501759e-06,0.0001928969577420503,0.06507118791341782,0.053553540259599686,0.02160022221505642,0.1314229518175125,0.0
v27_seed0,100,False,norm2.weight,32,242400.0,9.894496179185808e-05,0.00012575846631079912,7.055845117065473e-07,1.8474407781354785e-08,5.2334671636344865e-06,0.7384262084960938,0.5371568202972412,0.13113680481910706,2.2070088386535645,0.0
v27_seed0,100,False,norm2.bias,32,242400.0,8.082337444648147e-05,0.00010370187374064699,5.725958658331365e-07,1.1687661505277447e-08,1.5565253761451459e-06,0.7854475975036621,0.46086224913597107,0.24045825004577637,2.7747080326080322,0.0
v27_seed0,100,False,actor.weight,192,242400.0,7.385190110653639e-05,0.00015795179933775216,7.772605954414757e-07,7.422092801467883e-11,1.4552573702530935e-05,5.039626598358154,2.517597198486328,0.07864122092723846,34.781978607177734,0.02604166604578495
v27_seed0,100,False,actor.bias,6,242400.0,1.3144936929165851e-05,1.8968634321936406e-05,2.0071524886589032e-08,1.5598016211981758e-09,4.574988921035583e-08,3.0140488147735596,2.1105360984802246,1.4025099277496338,7.594105243682861,0.0
v27_seed0,100,False,critic.weight,32,242400.0,6.163375655887648e-05,0.00010383468179497868,1.6845510799612384e-06,2.0217765239749497e-09,1.3380042219068855e-05,2.2465789318084717,1.4618749618530273,0.08201463520526886,6.670495510101318,0.0
v27_seed0,100,False,critic.bias,1,242400.0,2.273713289469015e-05,2.273713289469015e-05,5.1622038199639064e-08,5.1622038199639064e-08,5.1622038199639064e-08,1.3203363418579102,1.3203363418579102,1.3203363418579102,1.3203363418579102,0.0
v27_seed0,100,False,rnd.predictor.net.0.weight,91136,242400.0,1.328320138327399e-07,1.7796878637454938e-07,3.666009336378284e-12,1.918587647287877e-15,4.4375184082845465e-11,260.9245910644531,214.2796630859375,44.96760177612305,5576.03369140625,1.0
v27_seed0,100,False,rnd.predictor.net.0.bias,128,242400.0,2.3135982019084622e-07,3.0684495300192793e-07,1.872321048201897e-11,2.1109065016788886e-12,6.985432371431344e-11,82.74492645263672,78.43922424316406,35.85133361816406,205.07269287109375,1.0
v27_seed0,100,False,rnd.predictor.net.1.weight,128,242400.0,4.479539370549901e-07,5.819476882606978e-07,5.6222061728394834e-11,6.37743547207692e-12,3.8415770564625973e-10,50.42866897583008,48.335079193115234,15.298362731933594,118.32647705078125,0.875
v27_seed0,100,False,rnd.predictor.net.1.bias,128,242400.0,4.5700687678618124e-07,5.858175313733227e-07,6.422509052361747e-11,1.4227196677707443e-11,2.00905042602173e-10,41.13794708251953,40.02288055419922,21.150447845458984,79.32530975341797,0.859375
v27_seed0,100,False,rnd.predictor.net.3.weight,16384,242400.0,2.403844518994447e-07,3.329510320781992e-07,1.38440769265058e-11,1.9996000298269645e-13,5.830400606754438e-10,134.04397583007812,116.44969177246094,12.419159889221191,656.2127075195312,0.98681640625
v27_seed0,100,False,rnd.predictor.net.3.bias,128,242400.0,6.014922746544471e-07,7.993083954715985e-07,1.0163239694271908e-10,6.785674886572446e-12,4.5869452680591394e-10,38.49782943725586,34.12874221801758,14.00092601776123,114.7257080078125,0.5625
v27_seed0,100,False,rnd.predictor.net.4.weight,128,242400.0,4.354972418241232e-07,5.974323471491516e-07,5.774640834954603e-11,3.0255900324190066e-13,6.306937749833708e-10,83.35035705566406,53.30962371826172,11.940956115722656,535.6630249023438,0.8359375
v27_seed0,100,False,rnd.predictor.net.4.bias,128,242400.0,4.518880700743466e-07,5.927993242949015e-07,5.6098459211284535e-11,3.795267919382006e-12,2.731566084435144e-10,52.461849212646484,46.614078521728516,18.140644073486328,153.20626831054688,0.8671875
v27_seed0,100,False,rnd.predictor.net.6.weight,8192,242400.0,5.914531584494398e-07,8.452242923340236e-07,7.794842549202485e-11,2.735353176602784e-13,8.294507858330746e-10,57.75676727294922,45.875221252441406,10.412983894348145,562.8453979492188,0.7591552734375
v27_seed0,100,False,rnd.predictor.net.6.bias,64,242400.0,1.4496479252557037e-06,1.924181788126589e-06,5.085312171360101e-10,3.976876328248835e-10,7.129214441015108e-10,13.372194290161133,13.418310165405273,11.231501579284668,15.036006927490234,0.0
v27_seed0,110,False,fc1.weight,45568,266400.0,0.00011863138934131712,0.0009697373025119305,2.17029191844631e-05,9.190762427046063e-19,0.012674978002905846,113.46054077148438,2.414655923843384,0.0026646957267075777,27375.548828125,0.005639922805130482
v27_seed0,110,False,fc1.bias,64,266400.0,9.093901462620124e-05,0.00012712112220469862,4.876443426837795e-07,3.783618396369093e-08,5.984365543554304e-06,0.6713341474533081,0.5143697261810303,0.12263386696577072,1.542216420173645,0.0
v27_seed0,110,False,norm1.weight,64,266400.0,0.0004275477840565145,0.0005396032938733697,1.1938611351069994e-05,1.0731964721344411e-06,3.2796477171359584e-05,0.11318439245223999,0.09839783608913422,0.05238499864935875,0.2895859181880951,0.0
v27_seed0,110,False,norm1.bias,64,266400.0,0.00044667269685305655,0.0005527295870706439,1.1159816494910046e-05,2.8537233447423205e-06,3.865166945615783e-05,0.09942320734262466,0.09831628948450089,0.0482543483376503,0.17758764326572418,0.0
v27_seed0,110,False,fc2.weight,2048,266400.0,0.00024963877513073385,0.00035919997026212513,3.779276312343427e-06,8.907896642540436e-09,6.695869524264708e-05,0.2834024131298065,0.2239616960287094,0.03666209429502487,3.1782472133636475,0.0
v27_seed0,110,False,fc2.bias,32,266400.0,0.0006059017032384872,0.0007294757524505258,4.950086076860316e-05,5.110970050736796e-06,0.000206815151614137,0.06628832221031189,0.057276125997304916,0.020860744640231133,0.13269901275634766,0.0
v27_seed0,110,False,norm2.weight,32,266400.0,0.00010262083378620446,0.0001371220569126308,8.843649084155913e-07,1.0485661228187837e-08,7.0158775997697376e-06,0.7480438947677612,0.5168129801750183,0.11326054483652115,2.929415464401245,0.0
v27_seed0,110,False,norm2.bias,32,266400.0,7.704370364081115e-05,0.00010122828098246828,6.292995635703846e-07,9.701422776231539e-09,1.7741326701070648e-06,0.7823041081428528,0.488071471452713,0.22522935271263123,3.045506000518799,0.0
v27_seed0,110,False,actor.weight,192,266400.0,3.070055026910268e-05,6.623603985644877e-05,6.486971528829599e-07,1.208570465927039e-10,1.3198360647947993e-05,5.526332855224609,3.9703171253204346,0.082577183842659,27.264055252075195,0.0
v27_seed0,110,False,actor.bias,6,266400.0,6.9557222559524234e-06,7.995090527401771e-06,1.4218044519509476e-08,2.29414531816019e-09,3.118833902249207e-08,3.09211802482605,2.7022433280944824,1.6986370086669922,6.2621026039123535,0.0
v27_seed0,110,False,critic.weight,32,266400.0,0.00011053944763261825,0.0001927526609506458,2.072197048619273e-06,2.677474464363172e-09,1.692088153504301e-05,2.065333604812622,1.3190059661865234,0.07293042540550232,5.7966179847717285,0.0
v27_seed0,110,False,critic.bias,1,266400.0,1.8694410755415447e-05,1.8694410755415447e-05,6.02130327820305e-08,6.02130327820305e-08,6.02130327820305e-08,1.2225265502929688,1.2225265502929688,1.2225265502929688,1.2225265502929688,0.0
v27_seed0,110,False,rnd.predictor.net.0.weight,91136,266400.0,1.3314186730895017e-07,1.734679244691506e-07,3.333556954782102e-12,9.207792355322856e-16,3.7867178143136115e-11,277.5793762207031,223.50657653808594,48.672611236572266,7435.986328125,1.0
v27_seed0,110,False,rnd.predictor.net.0.bias,128,266400.0,2.1407066697065602e-07,2.5736940756360127e-07,1.4561338246288358e-11,2.6777898474994455e-12,5.136708766673159e-11,89.10897827148438,85.67337036132812,41.79970932006836,182.2162628173828,1.0
v27_seed0,110,False,rnd.predictor.net.1.weight,128,266400.0,4.547314347291831e-07,5.679635250999127e-07,5.39062128268597e-11,6.86966282470447e-12,4.3081163636493613e-10,50.48418426513672,49.96284484863281,14.446690559387207,114.02491760253906,0.90625
v27_seed0,110,False,rnd.predictor.net.1.bias,128,266400.0,4.855734232478426e-07,5.806776925965096e-07,5.941747094340144e-11,1.9401955736464416e-11,1.6129414470711367e-10,41.685787200927734,41.08978271484375,23.603158950805664,67.95378875732422,0.921875
v27_seed0,110,False,rnd.predictor.net.3.weight,16384,266400.0,2.4717323299228156e-07,3.3110663366642257e-07,1.2934816412402128e-11,1.8257388602251762e-13,8.454569266902467e-10,134.75555419921875,116.56163024902344,10.313977241516113,686.048828125,0.9903564453125
v27_seed0,110,False,rnd.predictor.net.3.bias,128,266400.0,5.816395400870533e-07,7.303623306142981e-07,9.459788508081601e-11,8.007525198472365e-12,4.163139555313222e-10,38.85011291503906,34.48292922973633,14.69596004486084,105.6428451538086,0.6171875
v27_seed0,110,False,rnd.predictor.net.4.weight,128,266400.0,4.687009322879021e-07,6.279788635765726e-07,5.611212189338133e-11,3.3040871471115563e-13,5.464879104799536e-10,81.98407745361328,52.87594985961914,12.827594757080078,512.9854736328125,0.8203125
v27_seed0,110,False,rnd.predictor.net.4.bias,128,266400.0,4.47527213509602e-07,5.561543616749987e-07,5.3935082094946907e-11,4.620480647393732e-12,2.5234531131346216e-10,51.99790954589844,45.82497024536133,18.873409271240234,138.9191131591797,0.875
v27_seed0,110,False,rnd.predictor.net.6.weight,8192,266400.0,6.435600425902521e-07,8.685441343914135e-07,7.51468332005345e-11,2.8822059214110574e-13,7.017170733369937e-10,57.465972900390625,45.62465286254883,11.320779800415039,548.5846557617188,0.7548828125
v27_seed0,110,False,rnd.predictor.net.6.bias,64,266400.0,1.5362204521807143e-06,1.8494172309146961e-06,4.941452802498247e-10,3.8807224100878557e-10,6.983897904433434e-10,13.547002792358398,13.535456657409668,11.347704887390137,15.221048355102539,0.0
v27_seed0,120,False,fc1.weight,45568,290400.0,0.00011964646546402946,0.000985463964752853,2.173776192648802e-05,4.9389466244532075e-15,0.014392013661563396,7.848060131072998,2.517334461212158,0.0025006935466080904,3737.03076171875,0.006144662853330374
v27_seed0,120,False,fc1.bias,64,290400.0,0.00010688212933018804,0.00015865183377172798,3.814222679920931e-07,2.8453614575596475e-08,2.378869112362736e-06,0.6972903609275818,0.5903460383415222,0.19450607895851135,1.7783892154693604,0.0
v27_seed0,120,False,norm1.weight,64,290400.0,0.0005898092640563846,0.0007603881531395018,1.0276092325511854e-05,6.323303978206241e-07,4.3765412556240335e-05,0.12533603608608246,0.10650385171175003,0.045347683131694794,0.3772626221179962,0.0
v27_seed0,120,False,norm1.bias,64,290400.0,0.0005522541468963027,0.0007155695930123329,1.0765374099719338e-05,2.3605607566423714e-06,4.1710256482474506e-05,0.10309348255395889,0.09687136858701706,0.04645144194364548,0.19525890052318573,0.0
v27_seed0,120,False,fc2.weight,2048,290400.0,0.00029448739951476455,0.000424786499934271,3.1173658499028534e-06,6.564025323285705e-09,4.5069115003570914e-05,0.323522686958313,0.25521594285964966,0.04468699172139168,3.7023932933807373,0.0
v27_seed0,120,False,fc2.bias,32,290400.0,0.001798798213712871,0.00231550564058125,4.783459007740021e-05,3.249588417020277e-06,0.00018939506844617426,0.07178586721420288,0.057328060269355774,0.021799001842737198,0.16641968488693237,0.0
v27_seed0,120,False,norm2.weight,32,290400.0,0.00017362716607749462,0.00025354063836857677,5.985845064060413e-07,6.5293375151043165e-09,4.952033123117872e-06,0.9727727174758911,0.7740054130554199,0.13481168448925018,3.7122137546539307,0.0
v27_seed0,120,False,norm2.bias,32,290400.0,0.00017291595577262342,0.00023195441463030875,4.265879169906839e-07,2.7989615070111995e-09,1.2727186913252808e-06,1.0579626560211182,0.6125036478042603,0.26592010259628296,5.66944694519043,0.0
v27_seed0,120,False,actor.weight,192,290400.0,9.055385453393683e-05,0.00021966954227536917,6.298847665675567e-07,5.1262365879933824e-11,1.1868024557770696e-05,6.353087902069092,4.415578842163086,0.08708248287439346,41.842323303222656,0.02604166604578495
v27_seed0,120,False,actor.bias,6,290400.0,2.9617871405207552e-05,3.694705446832813e-05,1.4441758899863544e-08,9.61049018144422e-10,3.076723942285753e-08,3.634936571121216,2.4190053939819336,1.7102209329605103,9.674052238464355,0.0
v27_seed0,120,False,critic.weight,32,290400.0,0.00023820518981665373,0.0004294332175049931,1.3690220157513977e-06,1.8054931993916057e-09,1.1813117453129962e-05,2.554466724395752,1.9340132474899292,0.0872846245765686,7.0586419105529785,0.0
v27_seed0,120,False,critic.bias,1,290400.0,7.155266939662397e-05,7.155266939662397e-05,3.665818937292897e-08,3.665818937292897e-08,3.665818937292897e-08,1.566798210144043,1.566798210144043,1.566798210144043,1.566798210144043,0.0
v27_seed0,120,False,rnd.predictor.net.0.weight,91136,290400.0,1.1967171076321392e-07,1.5907187389530009e-07,2.7909222242300524e-12,1.3259858214551131e-15,3.334381729058755e-11,298.95172119140625,240.5303497314453,51.86354446411133,6463.5546875,1.0
v27_seed0,120,False,rnd.predictor.net.0.bias,128,290400.0,1.9566087416933442e-07,2.50204465146453e-07,1.3420873787306498e-11,2.6107924416124417e-12,5.336334846228752e-11,91.88623046875,88.5208511352539,41.011497497558594,184.525146484375,1.0
v27_seed0,120,False,rnd.predictor.net.1.weight,128,290400.0,4.46982028279308e-07,5.842900350216951e-07,4.983340129438574e-11,8.175344949623575e-12,2.0121013188934e-10,51.52016067504883,50.33150863647461,21.134416580200195,104.55672454833984,0.8828125
v27_seed0,120,False,rnd.predictor.net.1.bias,128,290400.0,4.498518819673336e-07,5.837797516505816e-07,6.001956570633737e-11,1.832171220295109e-11,1.7284182418642047e-10,41.67094802856445,40.5162239074707,22.80167007446289,69.92376708984375,0.8984375
v27_seed0,120,False,rnd.predictor.net.3.weight,16384,290400.0,2.2696104906572145e-07,3.105530765878939e-07,1.1321291126797917e-11,1.4582059789259444e-13,3.5735286951776857e-10,141.79629516601562,121.7904052734375,15.861451148986816,765.570556640625,0.994384765625
v27_seed0,120,False,rnd.predictor.net.3.bias,128,290400.0,5.012921633351652e-07,6.776206760150671e-07,9.248585230992035e-11,7.077806223054761e-12,4.3427839102605503e-10,39.7540168762207,34.34949493408203,14.388940811157227,112.34211730957031,0.6171875
v27_seed0,120,False,rnd.predictor.net.4.weight,128,290400.0,4.2880662931565894e-07,5.91254206483427e-07,5.479123404983355e-11,2.6501712066182015e-13,5.680276804476136e-10,84.58966827392578,56.43394088745117,12.582135200500488,571.6483764648438,0.8359375
v27_seed0,120,False,rnd.predictor.net.4.bias,128,290400.0,3.7591397017422423e-07,5.066962671662623e-07,5.4117751946414216e-11,4.140453171291858e-12,2.687181865912436e-10,52.42967987060547,46.25717544555664,18.28975486755371,146.71287536621094,0.875
v27_seed0,120,False,rnd.predictor.net.6.weight,8192,290400.0,5.578282298301929e-07,7.672041988371348e-07,7.177212990594484e-11,3.7217662762420445e-13,6.861933798951725e-10,59.263641357421875,47.920997619628906,11.448068618774414,483.8219909667969,0.7757568359375
v27_seed0,120,False,rnd.predictor.net.6.bias,64,290400.0,1.1429945061536273e-06,1.476733700656041e-06,4.978252254872473e-10,3.806356341229389e-10,6.782063244337166e-10,13.514690399169922,13.448081016540527,11.515256881713867,15.368942260742188,0.0
v27_seed0,130,False,fc1.weight,45568,314400.0,0.00011502978304633871,0.0010373416589573026,2.1721045413869433e-05,1.8428336785620668e-25,0.015528151765465736,172.53311157226562,2.570410966873169,0.002407472813501954,29998.71484375,0.00634216982871294
v27_seed0,130,False,fc1.bias,64,314400.0,8.645143680041656e-05,0.0001369774399790913,3.519121491990518e-07,3.0823908758748075e-08,2.101621021211031e-06,0.730842649936676,0.6257033348083496,0.20693840086460114,1.7086483240127563,0.0
v27_seed0,130,False,norm1.weight,64,314400.0,0.000591713935136795,0.0007330800872296095,1.132086163124768e-05,5.270220526654157e-07,4.889574847766198e-05,0.12077519297599792,0.10663553327322006,0.04290274903178215,0.4132385849952698,0.0
v27_seed0,130,False,norm1.bias,64,314400.0,0.0005106833996251225,0.000681611243635416,1.1122957403131295e-05,1.842076585489849e-06,3.726414797711186e-05,0.10225015878677368,0.09650468826293945,0.04914450645446777,0.2210366129875183,0.0
v27_seed0,130,False,fc2.weight,2048,314400.0,0.00028166768606752157,0.0004363877815194428,3.4187485198344802e-06,1.133250027152144e-08,7.026428647805005e-05,0.3029667139053345,0.24660710990428925,0.03578932210803032,2.8178482055664062,0.0
v27_seed0,130,False,fc2.bias,32,314400.0,0.0009265741682611406,0.0012056143023073673,4.8752681323094293e-05,4.037792223243741e-06,0.00019762010197155178,0.06801217794418335,0.06156189739704132,0.021340539678931236,0.1492956429719925,0.0
v27_seed0,130,False,norm2.weight,32,314400.0,0.00010201278200838715,0.00013412571570370346,5.272429461911088e-07,2.2332666826940795e-09,4.622931555786636e-06,0.9490746259689331,0.6261020302772522,0.13952772319316864,6.346862316131592,0.0
v27_seed0,130,False,norm2.bias,32,314400.0,9.386020246893167e-05,0.00012300207163207233,4.6391332375606e-07,1.2455414477585691e-09,1.2553608712551068e-06,1.0443731546401978,0.5605823397636414,0.2677522301673889,8.498046875,0.0
v27_seed0,130,False,actor.weight,192,314400.0,2.767683872662019e-05,6.339419633150101e-05,8.061198855102703e-07,2.209980531908684e-10,1.5129870917007793e-05,3.9851887226104736,2.861191511154175,0.07712630927562714,20.16670799255371,0.0
v27_seed0,130,False,actor.bias,6,314400.0,3.1058796139404876e-06,4.535829702945193e-06,1.992604126144215e-08,4.8395301099901644e-09,3.747524246477951e-08,2.436599016189575,2.0759670734405518,1.549625039100647,4.311786651611328,0.0
v27_seed0,130,False,critic.weight,32,314400.0,0.00010896624007727951,0.00018669533892534673,1.1718146879502456e-06,1.8601281626118293e-09,1.1190066288691014e-05,2.269109010696411,1.6187888383865356,0.08968166261911392,6.9542317390441895,0.0
v27_seed0,130,False,critic.bias,1,314400.0,1.3031135495111812e-05,1.3031135495111812e-05,3.800001735498881e-08,3.800001735498881e-08,3.800001735498881e-08,1.5388883352279663,1.5388883352279663,1.5388883352279663,1.5388883352279663,0.0
v27_seed0,130,False,rnd.predictor.net.0.weight,91136,314400.0,1.1864052140708736e-07,1.5865722957641992e-07,2.5686562252213996e-12,1.3096780020007445e-15,2.99321054053614e-11,312.560791015625,245.12753295898438,54.73429870605469,6494.986328125,1.0
v27_seed0,130,False,rnd.predictor.net.0.bias,128,314400.0,1.7526971873849106e-07,2.171933601857745e-07,1.3024616975221281e-11,3.250020478434701e-12,3.361671704893432e-11,92.33617401123047,87.34921264648438,51.65296173095703,165.49156188964844,1.0
v27_seed0,130,False,rnd.predictor.net.1.weight,128,314400.0,4.298617000131344e-07,5.530922635443858e-07,5.093588745230804e-11,8.137034449018365e-12,2.3876295385250046e-10,50.994895935058594,48.957942962646484,19.4024600982666,104.80171203613281,0.8828125
v27_seed0,130,False,rnd.predictor.net.1.bias,128,314400.0,4.0848021853889804e-07,5.206622404330119e-07,6.40351244252102e-11,1.777552757764589e-11,1.7020369835751836e-10,40.737396240234375,38.56979751586914,22.97756576538086,70.98738861083984,0.875
v27_seed0,130,False,rnd.predictor.net.3.weight,16384,314400.0,2.367099369848802e-07,3.220617372790002e-07,1.0944700007398112e-11,1.1921353119080658e-13,2.347981253869591e-10,144.14703369140625,122.89257049560547,19.56548500061035,844.4207763671875,0.99560546875
v27_seed0,130,False,rnd.predictor.net.3.bias,128,314400.0,4.867416691922699e-07,6.659877271886216e-07,9.519578181294008e-11,7.390888248637317e-12,4.46690850974818e-10,39.461036682128906,34.07162094116211,14.18770980834961,109.94573974609375,0.6015625
v27_seed0,130,False,rnd.predictor.net.4.weight,128,314400.0,3.495196381209098e-07,5.14452779043495e-07,5.564084956666271e-11,2.663731594240021e-13,5.16158948915546e-10,84.80487060546875,57.86130905151367,13.198920249938965,570.2191772460938,0.8515625
v27_seed0,130,False,rnd.predictor.net.4.bias,128,314400.0,3.7146571685298113e-07,5.097004986964748e-07,5.658818899578755e-11,4.309848051359255e-12,2.824887823660305e-10,51.61146926879883,44.722774505615234,17.838665008544922,143.81472778320312,0.859375
v27_seed0,130,False,rnd.predictor.net.6.weight,8192,314400.0,6.186451173562091e-07,8.508893643011106e-07,7.327086160024976e-11,4.323564347253478e-13,7.515463806839762e-10,58.73271179199219,48.560203552246094,10.93918514251709,449.4125061035156,0.77783203125
v27_seed0,130,False,rnd.predictor.net.6.bias,64,314400.0,1.4537438346451381e-06,1.834463205341308e-06,5.279078285624905e-10,4.0772160647684075e-10,8.158171360683752e-10,13.144744873046875,13.214289665222168,10.499602317810059,14.84992790222168,0.0
v27_seed0,140,False,fc1.weight,45568,338400.0,0.00012475137191358954,0.0009927800856530666,2.1655510863638483e-05,2.0810312023958333e-14,0.014447709545493126,7.226810932159424,2.3935751914978027,0.0024958685971796513,1944.796630859375,0.006012991536408663
v27_seed0,140,False,fc1.bias,64,338400.0,9.02161409612745e-05,0.00011733394785551354,3.477519499028858e-07,2.790581277167803e-08,2.173181655962253e-06,0.7331118583679199,0.6107528805732727,0.20350277423858643,1.795758605003357,0.0
v27_seed0,140,False,norm1.weight,64,338400.0,0.0005671311519108713,0.0008398974314332008,1.2599152796610724e-05,4.5266230586094025e-07,6.131146074039862e-05,0.11929649859666824,0.09686517715454102,0.038313329219818115,0.4458899199962616,0.0
v27_seed0,140,False,norm1.bias,64,338400.0,0.000614202581346035,0.0007714765379205346,1.1253045158809982e-05,1.3398403098108247e-06,2.896653677453287e-05,0.10131016373634338,0.09095999598503113,0.05574067309498787,0.25917375087738037,0.0
v27_seed0,140,False,fc2.weight,2048,338400.0,0.000411411514505744,0.0006009917706251144,4.569717475533253e-06,5.949939652083458e-09,8.319943299284205e-05,0.2814607620239258,0.21023544669151306,0.032889749854803085,3.8887381553649902,0.0
v27_seed0,140,False,fc2.bias,32,338400.0,0.002373084193095565,0.003168664174154401,6.28738634986803e-05,4.199608156341128e-06,0.0002344533131690696,0.06411818414926529,0.049687840044498444,0.019592633470892906,0.1463911384344101,0.0
v27_seed0,140,False,norm2.weight,32,338400.0,0.00021544515038840473,0.0003473897522781044,8.595026201874134e-07,2.5506623479998325e-09,7.610211923747556e-06,0.9112918376922607,0.5613889694213867,0.10874801129102707,5.938938617706299,0.0
v27_seed0,140,False,norm2.bias,32,338400.0,0.0002722193021327257,0.00035353435669094324,6.816254085606488e-07,1.9124937189474167e-09,1.8049606751446845e-06,0.9326891899108887,0.45416224002838135,0.22329765558242798,6.858386516571045,0.0
v27_seed0,140,False,actor.weight,192,338400.0,8.458518277620897e-05,0.00020253824186511338,1.0474556120243506e-06,4.943297438053662e-10,1.7534312064526603e-05,3.6125173568725586,2.379861354827881,0.07164335250854492,13.487070083618164,0.0
v27_seed0,140,False,actor.bias,6,338400.0,2.9670432923012413e-05,4.1422499634791166e-05,2.4925105535089642e-08,1.1540250532959817e-08,3.9348709179876096e-08,2.069453477859497,1.7222011089324951,1.5122867822647095,2.7923717498779297,0.0
v27_seed0,140,False,critic.weight,32,338400.0,0.00029939215164631605,0.0005601130542345345,1.9090637124463683e-06,2.529306097898143e-09,1.8064356481772847e-05,1.9331791400909424,1.2403905391693115,0.07058444619178772,5.963953018188477,0.0
v27_seed0,140,False,critic.bias,1,338400.0,8.673666161485016e-05,8.673666161485016e-05,5.373508216166556e-08,5.373508216166556e-08,5.373508216166556e-08,1.2941170930862427,1.2941170930862427,1.2941170930862427,1.2941170930862427,0.0
v27_seed0,140,False,rnd.predictor.net.0.weight,91136,338400.0,1.1106376973657461e-07,1.486356779878406e-07,2.269407101476717e-12,1.1881927250572701e-15,3.097826856146568e-11,326.057861328125,261.080322265625,53.8038215637207,6746.0947265625,1.0
v27_seed0,140,False,rnd.predictor.net.0.bias,128,338400.0,1.5157979760260787e-07,1.907109776766447e-07,1.2862290225956752e-11,2.5831754270344565e-12,4.383012702779965e-11,95.79586029052734,91.70790100097656,45.24592208862305,185.5028533935547,1.0
v27_seed0,140,False,rnd.predictor.net.1.weight,128,338400.0,4.3280965655867476e-07,5.394400659497478e-07,4.9564432419435533e-11,9.351798849199788e-12,2.312922769975856e-10,52.99579620361328,50.65454864501953,19.71311378479004,97.78131103515625,0.875
v27_seed0,140,False,rnd.predictor.net.1.bias,128,338400.0,3.8849427141940396e-07,4.836112452721864e-07,6.30489549457991e-11,1.8413095700942073e-11,1.739392241351112e-10,41.807945251464844,40.09932327270508,22.72968101501465,69.75044250488281,0.84375
v27_seed0,140,False,rnd.predictor.net.3.weight,16384,338400.0,2.1557485752055072e-07,2.914769652306859e-07,1.0213567838701643e-11,1.1059535719951802e-13,2.714610758403069e-10,151.51336669921875,131.06289672851562,18.197175979614258,875.7620849609375,0.9951171875
v27_seed0,140,False,rnd.predictor.net.3.bias,128,338400.0,4.5793774461344583e-07,5.883351263946679e-07,9.067883943725263e-11,5.031734577609637e-12,4.035156653259264e-10,41.30564880371094,37.391090393066406,14.927081108093262,133.1467742919922,0.65625
v27_seed0,140,False,rnd.predictor.net.4.weight,128,338400.0,3.689884806590271e-07,4.809872393707337e-07,5.435340025283786e-11,2.8334471813100393e-13,5.170683325950165e-10,84.55523681640625,61.138065338134766,13.1873140335083,553.197998046875,0.8359375
v27_seed0,140,False,rnd.predictor.net.4.bias,128,338400.0,3.5878775861419854e-07,4.642954820610612e-07,5.6046299545808864e-11,3.099374489695661e-12,2.584035763142367e-10,52.94735336303711,47.69823455810547,18.650989532470703,169.4432830810547,0.8671875
v27_seed0,140,False,rnd.predictor.net.6.weight,8192,338400.0,5.713841915166995e-07,7.751459634164348e-07,7.083045261424559e-11,3.388613174781785e-13,7.518182187915556e-10,60.79669952392578,50.43974685668945,10.93720817565918,506.6558532714844,0.781005859375
v27_seed0,140,False,rnd.predictor.net.6.bias,64,338400.0,1.2052453257638263e-06,1.5436570492965984e-06,5.180171847030124e-10,3.563766781677913e-10,7.433278992330372e-10,13.278534889221191,13.195673942565918,10.999469757080078,15.883150100708008,0.0
v27_seed0,150,False,fc1.weight,45568,362400.0,0.00010942117660306394,0.0009345142752863467,2.165655132557731e-05,7.76482642238156e-25,0.018458949401974678,172.87631225585938,2.6676485538482666,0.002208094811066985,29997.359375,0.008975597098469734
v27_seed0,150,False,fc1.bias,64,362400.0,7.910976273706183e-05,0.00011240669846301898,3.4316985875193495e-07,2.842993396257043e-08,2.2721196728525683e-06,0.7148797512054443,0.6042013764381409,0.1990227848291397,1.7791296243667603,0.0
v27_seed0,150,False,norm1.weight,64,362400.0,0.0005234628915786743,0.0007630142499692738,1.3509345990314614e-05,4.7060171937118866e-07,6.211926665855572e-05,0.12010437995195389,0.10927552729845047,0.03806339576840401,0.43730875849723816,0.0
v27_seed0,150,False,norm1.bias,64,362400.0,0.0005149207427166402,0.0007033483125269413,1.2235997019161005e-05,1.1568178024390363e-06,3.779643157031387e-05,0.09905463457107544,0.09214635193347931,0.048797234892845154,0.27892327308654785,0.0
v27_seed0,150,False,fc2.weight,2048,362400.0,0.0002733935252763331,0.00040268409065902233,4.558368345897179e-06,7.2388233185449735e-09,0.00013754166138824075,0.2963179349899292,0.22545702755451202,0.025580190122127533,3.5256261825561523,0.0
v27_seed0,150,False,fc2.bias,32,362400.0,0.0005730186821892858,0.0007591889007017016,6.167335959617049e-05,4.06810431741178e-06,0.00025260841357521713,0.06233265995979309,0.05253702029585838,0.018875442445278168,0.14873839914798737,0.0
v27_seed0,150,False,norm2.weight,32,362400.0,9.063835750566795e-05,0.00011848009307868779,6.288725558079022e-07,2.1162060992452325e-09,4.032494416605914e-06,0.8365586400032043,0.4698241055011749,0.14939367771148682,6.520004749298096,0.0
v27_seed0,150,False,norm2.bias,32,362400.0,8.640848682262003e-05,0.00011096696835011244,7.122869192244252e-07,1.7381904804381065e-09,1.8927644305222202e-06,0.8817980289459229,0.40685102343559265,0.21805688738822937,7.193966865539551,0.0
v27_seed0,150,False,actor.weight,192,362400.0,5.3472689614864066e-05,0.00011837013153126463,6.429795575968456e-07,3.1453345483711814e-10,1.1300507139822003e-05,3.066861152648926,1.927248239517212,0.0892423540353775,16.906084060668945,0.0
v27_seed0,150,False,actor.bias,6,362400.0,1.2408286238496657e-05,1.3772453712590504e-05,2.03452881208932e-08,6.701998511715601e-09,3.238261925275765e-08,2.29394268989563,2.062727928161621,1.6670212745666504,3.6640894412994385,0.0
v27_seed0,150,False,critic.weight,32,362400.0,7.39432725822553e-05,0.0001290889922529459,1.2001898994640214e-06,2.256645981191241e-09,1.0590553756628651e-05,1.6451339721679688,1.1163902282714844,0.09218507260084152,6.313906192779541,0.0
v27_seed0,150,False,critic.bias,1,362400.0,3.7076246371725574e-05,3.7076246371725574e-05,5.38547979545001e-08,5.38547979545001e-08,5.38547979545001e-08,1.2926781177520752,1.2926781177520752,1.2926781177520752,1.2926781177520752,0.0
v27_seed0,150,False,rnd.predictor.net.0.weight,91136,362400.0,1.146934920370768e-07,1.5454693880201376e-07,2.5380834586807843e-12,1.2924552810842228e-15,6.14987713531967e-11,341.13909912109375,272.3306579589844,38.206268310546875,6528.73193359375,1.0
v27_seed0,150,False,rnd.predictor.net.0.bias,128,362400.0,1.5499357175485784e-07,1.9503596604408813e-07,1.1708686971367843e-11,3.0855984000516257e-12,3.60689464407038e-11,96.09761047363281,89.70198059082031,49.86915588378906,169.8189697265625,1.0
v27_seed0,150,False,rnd.predictor.net.1.weight,128,362400.0,4.455021667126857e-07,5.542787562262674e-07,5.451184642568663e-11,6.319711681052054e-12,4.2466041794142484e-10,52.48986053466797,48.203208923339844,14.550893783569336,118.8635025024414,0.875
v27_seed0,150,False,rnd.predictor.net.1.bias,128,362400.0,4.161238393862732e-07,5.07447396103089e-07,6.56087684181017e-11,1.5695585456332317e-11,2.251135527986392e-10,40.41252899169922,38.880516052246094,19.98163604736328,75.53317260742188,0.859375
v27_seed0,150,False,rnd.predictor.net.3.weight,16384,362400.0,2.2242976172037743e-07,3.0152605745570327e-07,1.109152179823436e-11,1.0663751782644115e-13,3.9747641289444857e-10,155.5246124267578,132.3098907470703,15.039999008178711,891.3873901367188,0.9931640625
v27_seed0,150,False,rnd.predictor.net.3.bias,128,362400.0,4.258496346665197e-07,5.599384849119815e-07,9.013843838001634e-11,7.552428300805492e-12,5.095703858870593e-10,41.2332763671875,35.048736572265625,13.283937454223633,108.76785278320312,0.65625
v27_seed0,150,False,rnd.predictor.net.4.weight,128,362400.0,3.9722709743728046e-07,5.643257168230775e-07,5.768432606578777e-11,2.3293641863465775e-13,7.400312029837153e-10,89.27537536621094,60.58148193359375,11.023935317993164,608.9703369140625,0.84375
v27_seed0,150,False,rnd.predictor.net.4.bias,128,362400.0,3.362813458807068e-07,4.4930104081686295e-07,5.6894940148044526e-11,4.942335169594303e-12,3.4281538718872184e-10,52.32719421386719,44.207279205322266,16.194091796875,134.34022521972656,0.84375
v27_seed0,150,False,rnd.predictor.net.6.weight,8192,362400.0,5.673211376233667e-07,7.653072202629119e-07,7.446233907248967e-11,5.971536199550487e-13,7.635567178532199e-10,58.843231201171875,49.5681037902832,10.8528413772583,383.2606201171875,0.7706298828125
v27_seed0,150,False,rnd.predictor.net.6.bias,64,362400.0,1.0761557405203348e-06,1.3962663842903567e-06,5.139702552448e-10,3.995608288676067e-10,7.586385963875841e-10,13.324953079223633,13.439814567565918,10.887950897216797,15.000736236572266,0.0
v27_seed0,160,False,fc1.weight,45568,386400.0,0.00012246353435330093,0.000970510474871844,2.1549580196733586e-05,2.8972313985389656e-35,0.01675797812640667,172.06549072265625,2.2241697311401367,0.0023174502421170473,30000.001953125,0.006034936755895615
v27_seed0,160,False,fc1.bias,64,386400.0,8.887614239938557e-05,0.00012606671953108162,3.5076962490165897e-07,4.7015880966227996e-08,2.2774588614993263e-06,0.6906477212905884,0.5803356170654297,0.19878935813903809,1.3834993839263916,0.0
v27_seed0,160,False,norm1.weight,64,386400.0,0.0006013372913002968,0.0009127475786954165,1.6625295756966807e-05,2.919744019891368e-07,8.875955973053351e-05,0.11328451335430145,0.09769067168235779,0.03184294328093529,0.5551890134811401,0.0
v27_seed0,160,False,norm1.bias,64,386400.0,0.0005725305527448654,0.0007774941623210907,1.299172163271578e-05,1.3309514770298847e-06,3.0834351491648704e-05,0.09328828752040863,0.08750507980585098,0.054026033729314804,0.26003775000572205,0.0
v27_seed0,160,False,fc2.weight,2048,386400.0,0.00032293188269250095,0.0005046597216278315,6.2385215642279945e-06,6.092462090379058e-09,0.0001131403842009604,0.2522094249725342,0.17487910389900208,0.028204087167978287,3.842989921569824,0.0
v27_seed0,160,False,fc2.bias,32,386400.0,0.0007526534609496593,0.0010540992952883244,9.500708256382495e-05,4.761387572216336e-06,0.00033721158979460597,0.0550462007522583,0.04044671729207039,0.01633690670132637,0.1374841183423996,0.0
v27_seed0,160,False,norm2.weight,32,386400.0,0.00010634759382810444,0.00015072140377014875,1.1843933407362783e-06,5.0534807449764685e-09,9.635117748985067e-06,0.6704930067062378,0.4147713780403137,0.09664766490459442,4.21953821182251,0.0
v27_seed0,160,False,norm2.bias,32,386400.0,9.02316824067384e-05,0.00011540983541635796,1.0559479051153176e-06,3.693679362370972e-09,2.672357595656649e-06,0.6982206702232361,0.3074849545955658,0.18351490795612335,4.935375690460205,0.0
v27_seed0,160,False,actor.weight,192,386400.0,0.00016964766837190837,0.0004024519876111299,8.766310770624841e-07,4.111650186988669e-10,1.1941519005631562e-05,3.272956132888794,2.0330402851104736,0.08681409806013107,14.787646293640137,0.0
v27_seed0,160,False,actor.bias,6,386400.0,5.2561270422302186e-05,6.059143925085664e-05,2.444233793141848e-08,1.2676681038215065e-08,4.199799619186706e-08,2.041461229324341,1.81783926486969,1.4638137817382812,2.664280414581299,0.0
v27_seed0,160,False,critic.weight,32,386400.0,8.914555655792356e-05,0.00015407272439915687,2.622190550027881e-06,3.30518079572073e-09,2.3534359570476227e-05,1.4676870107650757,0.975633978843689,0.061839960515499115,5.21732759475708,0.0
v27_seed0,160,False,critic.bias,1,386400.0,1.1122613614134025e-05,1.1122613614134025e-05,8.569632115040804e-08,8.569632115040804e-08,8.569632115040804e-08,1.0247673988342285,1.0247673988342285,1.0247673988342285,1.0247673988342285,0.0
v27_seed0,160,False,rnd.predictor.net.0.weight,91136,386400.0,1.2481294220378913e-07,1.7521229267458693e-07,2.050259484756567e-12,8.981843140269219e-16,3.0952927720928614e-11,349.8072204589844,286.01287841796875,53.825801849365234,7505.681640625,1.0
v27_seed0,160,False,rnd.predictor.net.0.bias,128,386400.0,2.4946973553596763e-07,3.1418269941241306e-07,1.1529072835303467e-11,2.2862035615328624e-12,3.6104071121645376e-11,100.687255859375,96.03956604003906,49.844932556152344,197.1065216064453,1.0
v27_seed0,160,False,rnd.predictor.net.1.weight,128,386400.0,4.4096981355323805e-07,5.882862978978665e-07,4.742552184300308e-11,6.2092522963574925e-12,2.0940625622412057e-10,54.758544921875,52.53669738769531,20.71697998046875,119.9118881225586,0.8828125
v27_seed0,160,False,rnd.predictor.net.1.bias,128,386400.0,5.64219362786389e-07,7.064233500386763e-07,6.15746065246725e-11,1.6028204805063062e-11,1.7559778631159872e-10,42.50709533691406,40.27079772949219,22.622163772583008,74.74728393554688,0.8515625
v27_seed0,160,False,rnd.predictor.net.3.weight,16384,386400.0,2.4225363404184463e-07,3.5190652170058456e-07,9.378965486195323e-12,9.843289242505646e-14,2.3122299908084898e-10,159.92633056640625,138.2655029296875,19.716066360473633,926.6690673828125,0.99566650390625
v27_seed0,160,False,rnd.predictor.net.3.bias,128,386400.0,6.327172741293907e-07,8.503540129822795e-07,8.411167595756552e-11,4.4065424052719404e-12,3.783791890921151e-10,43.017391204833984,39.15095138549805,15.414676666259766,142.23562622070312,0.6875
v27_seed0,160,False,rnd.predictor.net.4.weight,128,386400.0,4.925203711536597e-07,7.902294214545691e-07,5.3056288529251816e-11,3.404571275508056e-13,4.611881709859489e-10,86.34846496582031,64.54080963134766,13.963040351867676,505.48699951171875,0.859375
v27_seed0,160,False,rnd.predictor.net.4.bias,128,386400.0,5.227572614785458e-07,7.165960482780065e-07,5.48664516597519e-11,2.8304938688022974e-12,2.5559410143927153e-10,53.77045440673828,48.9443473815918,18.75315284729004,177.26231384277344,0.8828125
v27_seed0,160,False,rnd.predictor.net.6.weight,8192,386400.0,6.176004490043852e-07,8.695920996615314e-07,6.938093155550717e-11,3.6261811153619206e-13,8.018262720455027e-10,62.134063720703125,51.94929122924805,10.590776443481445,490.0537414550781,0.7821044921875
v27_seed0,160,False,rnd.predictor.net.6.bias,64,386400.0,1.5796881598362233e-06,1.931781298480928e-06,5.128369950924139e-10,3.8293587745208413e-10,8.182809985157746e-10,13.34980583190918,13.423452377319336,10.48378849029541,15.322736740112305,0.0
v27_seed0,170,False,fc1.weight,45568,410400.0,0.0001222775026690215,0.0009949842933565378,2.158463030355051e-05,7.006492321624085e-43,0.014660398475825787,172.3565673828125,2.3534202575683594,0.002477698028087616,30000.001953125,0.006144662853330374
v27_seed0,170,False,fc1.bias,64,410400.0,8.57215272844769e-05,0.00012442865408957005,3.6779607626158395e-07,3.539681969755293e-08,2.4194036996050272e-06,0.6869140863418579,0.5340281128883362,0.19286982715129852,1.5944688320159912,0.0
v27_seed0,170,False,norm1.weight,64,410400.0,0.000534638820681721,0.0006590592092834413,1.534798320790287e-05,2.4988949576254527e-07,5.779102139058523e-05,0.10940337181091309,0.09194084256887436,0.03946303948760033,0.6001206636428833,0.0
v27_seed0,170,False,norm1.bias,64,410400.0,0.0005338985356502235,0.0006523628835566342,1.3085613318253309e-05,1.0919391115749022e-06,2.7806288926512934e-05,0.09193038940429688,0.08391842246055603,0.056891705840826035,0.28708988428115845,0.0
v27_seed0,170,False,fc2.weight,2048,410400.0,0.0003157758037559688,0.00046890226076357067,5.682266419171356e-06,4.327082248067882e-09,0.0001008279577945359,0.25614434480667114,0.18655240535736084,0.029876545071601868,4.559925079345703,0.0
v27_seed0,170,False,fc2.bias,32,410400.0,0.0009535279823467135,0.001416607410646975,8.426696149399504e-05,5.495416644407669e-06,0.0003066285280510783,0.05447101220488548,0.044205036014318466,0.017132265493273735,0.12797322869300842,0.0
v27_seed0,170,False,norm2.weight,32,410400.0,8.124518353724852e-05,0.00010229630424873903,1.112513018597383e-06,4.005459519618171e-09,9.417850378667936e-06,0.7405542135238647,0.4517613351345062,0.09775612503290176,4.739434242248535,0.0
v27_seed0,170,False,norm2.bias,32,410400.0,8.006036659935489e-05,0.00011062291741836816,9.854421705313143e-07,3.4787397407143317e-09,2.5603756057535065e-06,0.7651640772819519,0.36706942319869995,0.18748506903648376,5.085535049438477,0.0
v27_seed0,170,False,actor.weight,192,410400.0,9.234616300091147e-05,0.0002487500896677375,7.089644782354299e-07,3.546360982653596e-10,1.0591367754386738e-05,3.5285985469818115,2.0857956409454346,0.09218153357505798,15.922059059143066,0.0
v27_seed0,170,False,actor.bias,6,410400.0,2.7712232622434385e-05,3.638073758338578e-05,1.952104256019993e-08,9.760650065970822e-09,2.734750204069769e-08,2.2430012226104736,2.138713836669922,1.8139954805374146,3.036252975463867,0.0
v27_seed0,170,False,critic.weight,32,410400.0,6.050404044799507e-05,0.0001020983763737604,2.501489234418841e-06,3.713947149819319e-09,2.2794994947616942e-05,1.43304443359375,0.8894484639167786,0.06283485889434814,4.9218926429748535,0.0
v27_seed0,170,False,critic.bias,1,410400.0,1.54697299876716e-05,1.54697299876716e-05,7.913487820587761e-08,7.913487820587761e-08,7.913487820587761e-08,1.0664042234420776,1.0664042234420776,1.0664042234420776,1.0664042234420776,0.0
v27_seed0,170,False,rnd.predictor.net.0.weight,91136,410400.0,9.479305873583144e-08,1.281020161059132e-07,2.0544778985692735e-12,8.708003211773416e-16,4.008237144970117e-11,364.1679382324219,294.2820129394531,47.31067657470703,7593.1435546875,1.0
v27_seed0,170,False,rnd.predictor.net.0.bias,128,410400.0,1.550556163465444e-07,1.9812843277122738e-07,1.1489455220559108e-11,2.3542689065597644e-12,4.08119683881214e-11,102.04473876953125,94.89358520507812,46.88654708862305,194.25489807128906,1.0
v27_seed0,170,False,rnd.predictor.net.1.weight,128,410400.0,3.758294440103782e-07,4.6468954906231374e-07,4.824915467160906e-11,6.5748526414943775e-12,2.0856100180211001e-10,55.0842399597168,53.375877380371094,20.75889015197754,116.54344940185547,0.875
v27_seed0,170,False,rnd.predictor.net.1.bias,128,410400.0,3.811337023762462e-07,4.7603754183001e-07,6.210523068039819e-11,1.606367469597636e-11,1.8786518174440658e-10,42.70303726196289,40.093894958496094,21.871641159057617,74.66492462158203,0.8671875
v27_seed0,170,False,rnd.predictor.net.3.weight,16384,410400.0,1.8645320665200416e-07,2.5646318135841284e-07,9.157868907649913e-12,9.038218985084681e-14,2.277786570470397e-10,164.28756713867188,141.62950134277344,19.86447525024414,965.7595825195312,0.9952392578125
v27_seed0,170,False,rnd.predictor.net.3.bias,128,410400.0,4.6594900027230324e-07,5.91914954384265e-07,8.07317268591845e-11,4.025067605606392e-12,3.6769826072813316e-10,44.27894973754883,40.86448669433594,15.6368408203125,148.7905731201172,0.6796875
v27_seed0,170,False,rnd.predictor.net.4.weight,128,410400.0,3.3390830367352464e-07,4.736850769404555e-07,5.288101553868607e-11,3.067495530587744e-13,4.3775474911633694e-10,89.5035400390625,63.56462097167969,14.331720352172852,532.056640625,0.859375
v27_seed0,170,False,rnd.predictor.net.4.bias,128,410400.0,3.7039100675428926e-07,4.704568823399313e-07,5.4009220706863204e-11,2.6294678240335045e-12,2.5600918607260326e-10,54.67050552368164,49.511016845703125,18.737951278686523,183.8727264404297,0.8828125
v27_seed0,170,False,rnd.predictor.net.6.weight,8192,410400.0,4.90523632379336e-07,6.80002415265335e-07,6.885783609966722e-11,3.403524207259978e-13,8.155178199409363e-10,62.63454818725586,52.62165832519531,10.501527786254883,505.5634765625,0.78173828125
v27_seed0,170,False,rnd.predictor.net.6.bias,64,410400.0,1.1201944971617195e-06,1.4243247505874024e-06,5.008265469008677e-10,3.792133551616672e-10,7.234909893405472e-10,13.501172065734863,13.482608795166016,11.149188995361328,15.397722244262695,0.0
v27_seed0,180,False,fc1.weight,45568,434400.0,0.00011095774971181527,0.0008339767809957266,2.1473437300301157e-05,5.3187437093482615e-11,0.014863238669931889,3.5404086112976074,2.1765055656433105,0.0024607330560684204,41.07917022705078,0.00026334269205108285
v27_seed0,180,False,fc1.bias,64,434400.0,7.92460486991331e-05,0.00010855129949050024,3.653274234238779e-07,4.810265252785939e-08,2.374378027525381e-06,0.6601570844650269,0.5538694262504578,0.19468994438648224,1.3677822351455688,0.0
v27_seed0,180,False,norm1.weight,64,434400.0,0.0006089040543884039,0.000806169118732214,1.7051732356776483e-05,6.17092496213445e-07,8.651428652228788e-05,0.10440055280923843,0.086131252348423,0.03225350007414818,0.38189202547073364,0.0
v27_seed0,180,False,norm1.bias,64,434400.0,0.0005583654856309295,0.000710777472704649,1.4328637007565703e-05,2.0232112092344323e-06,3.786414163187146e-05,0.08742720633745193,0.08339259028434753,0.04875358194112778,0.21091021597385406,0.0
v27_seed0,180,False,fc2.weight,2048,434400.0,0.00038462397060357034,0.000642389350105077,7.669424121559132e-06,7.4146968565003135e-09,0.0003947607765439898,0.23602038621902466,0.17266255617141724,0.015099205076694489,3.4835667610168457,0.0
v27_seed0,180,False,fc2.bias,32,434400.0,0.0012195672607049346,0.0016940052155405283,0.000107557512819767,5.143867838341976e-06,0.00046288358862511814,0.05132237449288368,0.03930584713816643,0.013943931087851524,0.13227400183677673,0.0
v27_seed0,180,False,norm2.weight,32,434400.0,0.00021907727932557464,0.0003180237836204469,1.614684151718393e-06,4.759349359062526e-09,9.968579433916602e-06,0.6460912227630615,0.33097967505455017,0.09501742571592331,4.347949981689453,0.0
v27_seed0,180,False,norm2.bias,32,434400.0,0.0001602840202394873,0.00021315323829185218,1.550062279420672e-06,4.63328042599187e-09,4.2808624129975215e-06,0.5987095832824707,0.26248350739479065,0.14499516785144806,4.406696796417236,0.0
v27_seed0,180,False,actor.weight,192,434400.0,7.231859490275383e-05,0.00018070562509819865,7.985301522239752e-07,1.0717998710774168e-10,1.258611519006081e-05,3.820587158203125,1.9739149808883667,0.0845618024468422,28.949771881103516,0.0
v27_seed0,180,False,actor.bias,6,434400.0,2.169573235732969e-05,2.961280188173987e-05,2.0282213242239777e-08,6.6072840532171995e-09,3.563751960200534e-08,2.3060457706451416,2.1094181537628174,1.5890754461288452,3.6902551651000977,0.0
v27_seed0,180,False,critic.weight,32,434400.0,0.00020759311155416071,0.0003934353881049901,2.8946706152055413e-06,5.440630168607186e-09,2.3501583200413734e-05,1.040229082107544,0.6060070395469666,0.061883069574832916,4.066659927368164,0.0
v27_seed0,180,False,critic.bias,1,434400.0,6.162194040371105e-05,6.162194040371105e-05,1.287847055664315e-07,1.287847055664315e-07,1.287847055664315e-07,0.8359436392784119,0.8359436392784119,0.8359436392784119,0.8359436392784119,0.0
v27_seed0,180,False,rnd.predictor.net.0.weight,91136,434400.0,9.355704122526731e-08,1.228946047149293e-07,2.7354847987465236e-12,2.299218842795542e-15,1.0940664346703599e-10,348.2675476074219,298.89471435546875,28.653945922851562,5176.861328125,0.9999122023582458
v27_seed0,180,False,rnd.predictor.net.0.bias,128,434400.0,1.4706186846069613e-07,1.8574706928120577e-07,9.289465030537514e-12,2.3072132312312865e-12,2.3204559801426328e-11,106.62980651855469,101.94915771484375,62.14897918701172,196.21292114257812,1.0
v27_seed0,180,False,rnd.predictor.net.1.weight,128,434400.0,3.3075457395170815e-07,4.6070860548752535e-07,5.581773238061416e-11,6.233919196824145e-12,4.3425743556646523e-10,53.43743133544922,51.09000778198242,14.389286041259766,119.67536926269531,0.890625
v27_seed0,180,False,rnd.predictor.net.1.bias,128,434400.0,3.69340966699383e-07,4.66204937765724e-07,5.718511775221202e-11,1.6717053089032596e-11,1.5375571649212105e-10,42.66845703125,41.6984977722168,24.174392700195312,73.1948471069336,0.9375
v27_seed0,180,False,rnd.predictor.net.3.weight,16384,434400.0,1.8274300828124979e-07,2.45593838599234e-07,1.0781460793585218e-11,9.392270625520685e-14,7.138690749641796e-10,163.869384765625,140.60023498535156,11.22404670715332,947.9628295898438,0.9886474609375
v27_seed0,180,False,rnd.predictor.net.3.bias,128,434400.0,4.151761459070258e-07,5.293298954711645e-07,6.92483223541096e-11,4.1586660330661385e-12,3.798130976395697e-10,45.70937728881836,39.0402946472168,15.385566711425781,146.39283752441406,0.7734375
v27_seed0,180,False,rnd.predictor.net.4.weight,128,434400.0,3.096903640198434e-07,4.1140756934510136e-07,5.1324007543929184e-11,2.767973025265269e-13,5.922711210359921e-10,88.90501403808594,59.564632415771484,12.322038650512695,559.5811157226562,0.8359375
v27_seed0,180,False,rnd.predictor.net.4.bias,128,434400.0,3.52318608065616e-07,4.3955702722087153e-07,4.844940074133497e-11,2.882171064311212e-12,2.841309965084804e-10,55.34298324584961,47.13956069946289,17.78706932067871,175.67532348632812,0.8984375
v27_seed0,180,False,rnd.predictor.net.6.weight,8192,434400.0,5.204574335948564e-07,7.111928539416112e-07,7.086633363462269e-11,2.742791887708207e-13,6.827045595514392e-10,60.48470687866211,49.3218994140625,11.477272987365723,562.095947265625,0.7744140625
v27_seed0,180,False,rnd.predictor.net.6.bias,64,434400.0,1.2518859193733078e-06,1.5377745512523688e-06,4.312395995853535e-10,3.3717545422362605e-10,6.029253207806562e-10,14.52995491027832,14.503926277160645,12.212727546691895,16.328895568847656,0.0
v27_seed0,190,False,fc1.weight,45568,458400.0,0.00011417509085731581,0.0008868502918630838,2.1547695723711513e-05,3.738603610720093e-12,0.012766320258378983,3.9227781295776367,2.346666097640991,0.0026551459450274706,154.3569793701172,0.004586551804095507
v27_seed0,190,False,fc1.bias,64,458400.0,9.348186722490937e-05,0.0001293574459850788,3.8414995628954784e-07,4.088126104306866e-08,2.2325675672618672e-06,0.6919124722480774,0.5733279585838318,0.20077797770500183,1.4836711883544922,0.0
v27_seed0,190,False,norm1.weight,64,458400.0,0.0006696389755234122,0.000898568716365844,1.8105511117028072e-05,3.918002562386391e-07,6.465380283771083e-05,0.10339967161417007,0.07674983143806458,0.03730986639857292,0.47927188873291016,0.0
v27_seed0,190,False,norm1.bias,64,458400.0,0.0006283572292886674,0.0008048727177083492,1.5955300114001147e-05,1.76754986114247e-06,9.29549423744902e-05,0.08756423741579056,0.0841057226061821,0.03111605904996395,0.22564834356307983,0.0
v27_seed0,190,False,fc2.weight,2048,458400.0,0.0003218220663256943,0.0004697075055446476,6.279486115090549e-06,4.469157044439953e-09,0.00012673018500208855,0.24901528656482697,0.17799177765846252,0.02664899453520775,4.486870288848877,0.0
v27_seed0,190,False,fc2.bias,32,458400.0,0.0018198981415480375,0.002377227647230029,8.730748959351331e-05,5.416127805801807e-06,0.000349644833477214,0.053491249680519104,0.0390995517373085,0.016043810173869133,0.12890653312206268,0.0
v27_seed0,190,False,norm2.weight,32,458400.0,0.00015797317610122263,0.00020785022934433073,1.1584215826587752e-06,4.136371245522241e-09,9.20691127248574e-06,0.7062315940856934,0.4110284447669983,0.09886962175369263,4.663844108581543,0.0
v27_seed0,190,False,norm2.bias,32,458400.0,0.00018795285723172128,0.00023843059898354113,1.0352110848543816e-06,3.6674590031537946e-09,2.67568725575984e-06,0.7184532880783081,0.3096708655357361,0.18340067565441132,4.952983856201172,0.0
v27_seed0,190,False,actor.weight,192,458400.0,4.2950425267918035e-05,9.566828521201387e-05,7.057035986690607e-07,1.3144336313830607e-11,8.191224878828507e-06,4.157631874084473,1.8779044151306152,0.10482028871774673,82.51933288574219,0.0052083334885537624
v27_seed0,190,False,actor.bias,6,458400.0,1.570987660670653e-05,1.9316488760523498e-05,1.8541458146614787e-08,8.101965320861382e-09,2.8839094667887366e-08,2.39848256111145,1.9449732303619385,1.766464352607727,3.33255934715271,0.0
v27_seed0,190,False,critic.weight,32,458400.0,0.00018417416140437126,0.0003104165953118354,2.531375457692775e-06,4.231884176419953e-09,2.1803258277941495e-05,1.323608636856079,0.6474959254264832,0.06424801051616669,4.6109209060668945,0.0
v27_seed0,190,False,critic.bias,1,458400.0,8.487526065437123e-05,8.487526065437123e-05,8.475021218146139e-08,8.475021218146139e-08,8.475021218146139e-08,1.0304714441299438,1.0304714441299438,1.0304714441299438,1.0304714441299438,0.0
v27_seed0,190,False,rnd.predictor.net.0.weight,91136,458400.0,8.271638307633111e-08,1.1075526629156229e-07,1.8349766151004587e-12,9.235657621705154e-16,3.418243119113207e-11,381.5376281738281,314.9598388671875,51.2244873046875,7427.53955078125,1.0
v27_seed0,190,False,rnd.predictor.net.0.bias,128,458400.0,1.2235302904173295e-07,1.559471343171026e-07,9.614437718186153e-12,1.8513732213953915e-12,3.011300930833016e-11,111.937744140625,102.73419189453125,54.569942474365234,218.87399291992188,1.0
v27_seed0,190,False,rnd.predictor.net.1.weight,128,458400.0,3.7075153613841394e-07,4.705034939433972e-07,4.534064790284731e-11,5.827459608614971e-12,2.5734717135073026e-10,57.984371185302734,55.78628158569336,18.689208984375,123.76171875,0.90625
v27_seed0,190,False,rnd.predictor.net.1.bias,128,458400.0,3.2041015174399945e-07,4.085376872353663e-07,5.744760916970293e-11,1.5705159395196233e-11,1.6167647776121896e-10,44.74412536621094,42.36347198486328,23.575258255004883,75.51020050048828,0.875
v27_seed0,190,False,rnd.predictor.net.3.weight,16384,458400.0,1.5598084246448707e-07,2.094004827313256e-07,8.223985728528227e-12,8.291636691484805e-14,3.0703503628437545e-10,175.21485900878906,151.94476318359375,17.111162185668945,1006.87353515625,0.99542236328125
v27_seed0,190,False,rnd.predictor.net.3.bias,128,458400.0,3.1930053978612705e-07,4.09837696224713e-07,7.04273375728981e-11,3.046319923746821e-12,3.0691407748584254e-10,47.68633270263672,42.5511589050293,17.114532470703125,170.904052734375,0.75
v27_seed0,190,False,rnd.predictor.net.4.weight,128,458400.0,3.038338149963238e-07,4.3751441580752726e-07,4.952364907051532e-11,3.4685248380059153e-13,3.748110155576967e-10,91.69881439208984,68.49071502685547,15.487837791442871,500.8833923339844,0.875
v27_seed0,190,False,rnd.predictor.net.4.bias,128,458400.0,2.6152457621719805e-07,3.414473326301959e-07,5.044948486743195e-11,2.1168088983058997e-12,2.1229470958950003e-10,57.03763198852539,51.47663116455078,20.575658798217773,204.78854370117188,0.921875
v27_seed0,190,False,rnd.predictor.net.6.weight,8192,458400.0,4.446467869456683e-07,6.046121825420414e-07,6.507354377571772e-11,2.5895409948295534e-13,7.877388186194878e-10,64.66891479492188,55.008296966552734,10.685022354125977,578.173583984375,0.7952880859375
v27_seed0,190,False,rnd.predictor.net.6.bias,64,458400.0,1.0292804972777958e-06,1.2592953453349764e-06,4.717406465459817e-10,3.600876541387521e-10,7.210289032499873e-10,13.913558006286621,13.954504013061523,11.168201446533203,15.80113697052002,0.0
v27_seed0,200,False,fc1.weight,45568,482400.0,0.00011255282151978463,0.0008505497244186699,2.1466315956786275e-05,1.3949479136298534e-22,0.010632790625095367,171.04151916503906,2.2162179946899414,0.00290936091914773,29964.611328125,0.005639922805130482
v27_seed0,200,False,fc1.bias,64,482400.0,7.957924390211701e-05,0.000104411446955055,3.6794918401028553e-07,3.900044376337064e-08,1.8827206531568663e-06,0.6551723480224609,0.56006920337677,0.21863774955272675,1.5190236568450928,0.0
v27_seed0,200,False,norm1.weight,64,482400.0,0.00058338837698102,0.0008220750605687499,1.8990984244737774e-05,3.4213380217806844e-07,6.576686428161338e-05,0.10342125594615936,0.07852081209421158,0.03699279576539993,0.5128801465034485,0.0
v27_seed0,200,False,norm1.bias,64,482400.0,0.0005613344255834818,0.0007036520401015878,1.5137839909584727e-05,1.7662470099821803e-06,3.917353751603514e-05,0.0860251933336258,0.07932747900485992,0.04793184995651245,0.22573156654834747,0.0
v27_seed0,200,False,fc2.weight,2048,482400.0,0.00039162347093224525,0.0006033880054019392,7.728012860752642e-06,5.168390604382012e-09,0.00014678241859655827,0.22568273544311523,0.1551610380411148,0.024761894717812538,4.172374248504639,0.0
v27_seed0,200,False,fc2.bias,32,482400.0,0.0008579406421631575,0.0010460991179570556,0.00010742047743406147,6.0464703892648686e-06,0.0004058210470248014,0.049342747777700424,0.035978011786937714,0.014892025850713253,0.12200244516134262,0.0
v27_seed0,200,False,norm2.weight,32,482400.0,0.00016584554396104068,0.00023516395594924688,1.8091695892508142e-06,7.787227751521186e-09,1.4123987057246268e-05,0.5943270325660706,0.35489848256111145,0.07982546091079712,3.399230718612671,0.0
v27_seed0,200,False,norm2.bias,32,482400.0,0.00012151078408351168,0.00015952358080539852,1.4919731938789482e-06,5.97821969705592e-09,3.574386482796399e-06,0.592129111289978,0.28045764565467834,0.1586785465478897,3.879530668258667,0.0
v27_seed0,200,False,actor.weight,192,482400.0,6.311226752586663e-05,0.0001491929724579677,7.679862505938218e-07,1.3919425334574242e-10,1.7300897525274195e-05,3.9363276958465576,1.683207631111145,0.07212501764297485,25.406373977661133,0.0
v27_seed0,200,False,actor.bias,6,482400.0,1.8965765775647014e-05,2.2331383661367e-05,1.9681003493587923e-08,6.561251986170191e-09,4.023931410301884e-08,2.4359405040740967,2.027259111404419,1.4954584836959839,3.7031757831573486,0.0
v27_seed0,200,False,critic.weight,32,482400.0,0.0001588775630807504,0.0002782303490675986,4.003781214123592e-06,6.14659967368425e-09,3.3271517168032005e-05,1.1610662937164307,0.5907721519470215,0.05200968682765961,3.8260304927825928,0.0
v27_seed0,200,False,critic.bias,1,482400.0,4.327700025896775e-06,4.327700025896775e-06,1.236669362469911e-07,1.236669362469911e-07,1.236669362469911e-07,0.8530649542808533,0.8530649542808533,0.8530649542808533,0.8530649542808533,0.0
v27_seed0,200,False,rnd.predictor.net.0.weight,91136,482400.0,1.4253173219458404e-07,1.972832848196049e-07,1.7149297390148255e-12,5.907498941727109e-16,3.126618755566746e-11,392.7592468261719,314.7380065917969,53.555965423583984,8744.9921875,1.0
v27_seed0,200,False,rnd.predictor.net.0.bias,128,482400.0,3.545574429608678e-07,4.383018392672966e-07,9.516003436627063e-12,1.6405027293206476e-12,3.068558948604583e-11,111.8482666015625,103.72771453857422,54.05934143066406,232.41021728515625,1.0
v27_seed0,200,False,rnd.predictor.net.1.weight,128,482400.0,7.007319595686567e-07,9.265103813049791e-07,4.473648881897496e-11,5.4815678905695275e-12,1.9577700571815626e-10,56.59305191040039,54.47544479370117,21.425458908081055,127.59036254882812,0.8984375
v27_seed0,200,False,rnd.predictor.net.1.bias,128,482400.0,8.78574610396754e-07,1.0906294392043492e-06,5.806920222450884e-11,1.3683932459374049e-11,1.6636100830247358e-10,44.10736083984375,42.18375778198242,23.24121856689453,80.88041687011719,0.890625
v27_seed0,200,False,rnd.predictor.net.3.weight,16384,482400.0,2.917678614267061e-07,4.198360556983971e-07,7.889919620418517e-12,8.66696783243491e-14,1.9122498029489066e-10,174.30300903320312,150.06443786621094,21.678789138793945,985.5545654296875,0.9969482421875
v27_seed0,200,False,rnd.predictor.net.3.bias,128,482400.0,8.970404792307818e-07,1.1853833257191582e-06,7.032884691282604e-11,3.165639191754499e-12,3.0144289842048977e-10,47.2780647277832,42.73191452026367,17.269058227539062,167.67042541503906,0.75
v27_seed0,200,False,rnd.predictor.net.4.weight,128,482400.0,6.2644113540955e-07,9.663460787123768e-07,4.928980140705974e-11,3.71711315156828e-13,3.807928694588014e-10,89.42649841308594,66.44298553466797,15.365771293640137,484.1198425292969,0.8671875
v27_seed0,200,False,rnd.predictor.net.4.bias,128,482400.0,7.38232301955577e-07,9.812474672798999e-07,5.097836736078776e-11,2.2560427918177917e-12,2.261082154841887e-10,56.01264572143555,50.20855712890625,19.937667846679688,198.4110107421875,0.8984375
v27_seed0,200,False,rnd.predictor.net.6.weight,8192,482400.0,8.413109640059702e-07,1.2021924931104877e-06,6.490600418240788e-11,2.684051169255658e-13,7.566854920426636e-10,64.31455993652344,52.91547775268555,10.901988983154297,568.0975952148438,0.7957763671875
v27_seed0,200,False,rnd.predictor.net.6.bias,64,482400.0,2.561504970799433e-06,3.0777816846239148e-06,4.769490358214057e-10,3.490274735895582e-10,7.137802571222096e-10,13.849712371826172,13.967475891113281,11.224743843078613,16.049409866333008,0.0
v27_seed0,210,False,fc1.weight,45568,506400.0,0.0001295580150326714,0.0009716767817735672,2.1398564058472402e-05,1.4315015102114859e-12,0.011307334527373314,3.6907145977020264,2.153557538986206,0.0028212470933794975,248.6626739501953,0.005354634951800108
v27_seed0,210,False,fc1.bias,64,506400.0,9.729705925565213e-05,0.00012441480066627264,3.603110769745399e-07,2.9016979041784907e-08,2.1355976969061885e-06,0.6698835492134094,0.5676012635231018,0.20528565347194672,1.7610418796539307,0.0
v27_seed0,210,False,norm1.weight,64,506400.0,0.0008085387526080012,0.0012022412847727537,1.9924749722122215e-05,5.450143589769141e-07,7.720813300693408e-05,0.09766305238008499,0.0804964080452919,0.03414202108979225,0.4063604176044464,0.0
v27_seed0,210,False,norm1.bias,64,506400.0,0.000743637909181416,0.000952287926338613,1.6027921446948312e-05,2.706765371840447e-06,3.86099964089226e-05,0.08275377750396729,0.07822734117507935,0.04828038439154625,0.18234477937221527,0.0
v27_seed0,210,False,fc2.weight,2048,506400.0,0.0004956797929480672,0.0008021405665203929,9.004917956190184e-06,1.3956167776996153e-08,0.00023735861759632826,0.20519918203353882,0.14779001474380493,0.019472355023026466,2.539226531982422,0.0
v27_seed0,210,False,fc2.bias,32,506400.0,0.0012908638454973698,0.0018360692774876952,0.00011740504851331934,6.328141353151295e-06,0.00044385844375938177,0.047732315957546234,0.035348113626241684,0.014239633455872536,0.11925633251667023,0.0
v27_seed0,210,False,norm2.weight,32,506400.0,0.00018909448408521712,0.0002566294861026108,2.1168120838410687e-06,1.064233146053084e-08,1.9163873730576597e-05,0.5276956558227539,0.31758832931518555,0.06852967292070389,2.9077749252319336,0.0
v27_seed0,210,False,norm2.bias,32,506400.0,0.00013786372437607497,0.00018932812963612378,1.7795806570575223e-06,7.590512218769163e-09,4.403237198857823e-06,0.5391747951507568,0.2459530383348465,0.1429661363363266,3.442991256713867,0.0
v27_seed0,210,False,actor.weight,192,506400.0,7.008053216850385e-05,0.0001451705174986273,7.477922849830065e-07,2.1181298381911517e-10,1.3270861927594524e-05,3.926727533340454,1.697568655014038,0.08235131204128265,20.59902572631836,0.0
v27_seed0,210,False,actor.bias,6,506400.0,1.9374814655748196e-05,2.2646214347332716e-05,1.931407211941405e-08,7.906865384654793e-09,3.37552137352759e-08,2.3507089614868164,1.9751865863800049,1.6327784061431885,3.3734190464019775,0.0
v27_seed0,210,False,critic.weight,32,506400.0,0.00017927690350916237,0.0003094325657002628,4.654061285691569e-06,7.011823566216435e-09,4.43860626546666e-05,1.0256839990615845,0.5271939635276794,0.04502951726317406,3.5822339057922363,0.0
v27_seed0,210,False,critic.bias,1,506400.0,3.0138122383505106e-05,3.0138122383505106e-05,1.41545299925383e-07,1.41545299925383e-07,1.41545299925383e-07,0.7973738312721252,0.7973738312721252,0.7973738312721252,0.7973738312721252,0.0
v27_seed0,210,False,rnd.predictor.net.0.weight,91136,506400.0,8.990712530021483e-08,1.2075116728738067e-07,1.5376521670523724e-12,9.621753238513793e-16,1.989374637245689e-11,395.3157043457031,313.03472900390625,67.11048889160156,7313.6923828125,1.0
v27_seed0,210,False,rnd.predictor.net.0.bias,128,506400.0,1.4340659504341602e-07,1.7969392729355604e-07,8.535395480679941e-12,1.8719565827995943e-12,2.6594393354173462e-11,115.8751449584961,110.9405517578125,58.06105422973633,217.67608642578125,1.0
v27_seed0,210,False,rnd.predictor.net.1.weight,128,506400.0,3.705868039105553e-07,4.749026061290351e-07,4.2235655944855566e-11,8.272387115593194e-12,1.7780757421981264e-10,55.90900421142578,53.52958297729492,22.48125648498535,103.94377899169922,0.921875
v27_seed0,210,False,rnd.predictor.net.1.bias,128,506400.0,3.697265071878064e-07,4.656909595723846e-07,5.523518101235858e-11,1.69764324126076e-11,1.5441953271633224e-10,44.33922576904297,42.319637298583984,24.122417449951172,72.63489532470703,0.921875
v27_seed0,210,False,rnd.predictor.net.3.weight,16384,506400.0,1.7286257047999243e-07,2.3597306153533282e-07,7.364338305837492e-12,7.392261173848336e-14,1.933843779555744e-10,173.8256378173828,149.5010528564453,21.557498931884766,1064.2557373046875,0.998291015625
v27_seed0,210,False,rnd.predictor.net.3.bias,128,506400.0,3.76568095816765e-07,4.920027549815131e-07,6.752317455172019e-11,3.921463414408022e-12,3.4170405394107206e-10,47.323734283447266,43.156646728515625,16.22039031982422,150.7334442138672,0.8125
v27_seed0,210,False,rnd.predictor.net.4.weight,128,506400.0,3.188186212810251e-07,4.568708220631379e-07,4.7949897524768303e-11,3.4414349625241925e-13,3.9345834923487644e-10,87.79534912109375,62.363616943359375,15.116559982299805,502.8179626464844,0.875
v27_seed0,210,False,rnd.predictor.net.4.bias,128,506400.0,3.2254308734991355e-07,4.214577415950771e-07,5.039706152398793e-11,2.913726985381837e-12,2.624811756835044e-10,55.29461669921875,50.032955169677734,18.50564193725586,174.7270050048828,0.8984375
v27_seed0,210,False,rnd.predictor.net.6.weight,8192,506400.0,4.908918640467164e-07,6.694417038488609e-07,6.403198804516563e-11,3.179012500291456e-13,6.7795580260821e-10,63.88579177856445,52.537567138671875,11.517383575439453,522.8053588867188,0.802490234375
v27_seed0,210,False,rnd.predictor.net.6.bias,64,506400.0,1.0885721621889388e-06,1.3074798062007176e-06,4.804645570288812e-10,3.831683026422894e-10,6.935106933170232e-10,13.774093627929688,13.947875022888184,11.38753604888916,15.318092346191406,0.0
v27_seed0,220,False,fc1.weight,45568,530400.0,0.0001039713024511002,0.0008502373239025474,2.1178781025810167e-05,1.8963251650384871e-13,0.008396012708544731,4.154301643371582,2.2894060611724854,0.003274045418947935,673.4487915039062,0.004762113559991121
v27_seed0,220,False,fc1.bias,64,530400.0,7.77575551182963e-05,0.00010527006088523194,3.519695610521012e-07,4.4743334370878074e-08,1.470049369345361e-06,0.6524266004562378,0.5776276588439941,0.24742963910102844,1.4181970357894897,0.0
v27_seed0,220,False,norm1.weight,64,530400.0,0.0004999302327632904,0.0006733965710736811,2.2576887204195373e-05,2.7828798465634463e-07,9.77086674538441e-05,0.10700730979442596,0.08073317259550095,0.030349692329764366,0.5686771869659424,0.0
v27_seed0,220,False,norm1.bias,64,530400.0,0.0005192621028982103,0.000657852680888027,1.8316826754016802e-05,1.4544281157213845e-06,6.623161607421935e-05,0.08440376818180084,0.07709039747714996,0.036862775683403015,0.2487548291683197,0.0
v27_seed0,220,False,fc2.weight,2048,530400.0,0.000351711583789438,0.0006136865704320371,1.3127490092301741e-05,7.61181517816567e-09,0.0006868498167023063,0.21857714653015137,0.15571874380111694,0.01144696120172739,3.4381704330444336,0.0
v27_seed0,220,False,fc2.bias,32,530400.0,0.0008520007249899209,0.0011553902877494693,0.00015625508967787027,8.437504220637493e-06,0.0006989967660047114,0.04466456174850464,0.03809879720211029,0.01134706474840641,0.10327918082475662,0.0
v27_seed0,220,False,norm2.weight,32,530400.0,0.00014515934162773192,0.00019810871162917465,2.573489382484695e-06,7.06764025082407e-09,1.2624593182408717e-05,0.5527932047843933,0.28369590640068054,0.08443282544612885,3.5680620670318604,0.0
v27_seed0,220,False,norm2.bias,32,530400.0,9.867797780316323e-05,0.00012494072143454105,2.0642673916881904e-06,5.331067587377447e-09,5.739008429372916e-06,0.5544759035110474,0.2572225034236908,0.1252278834581375,4.108229637145996,0.0
v27_seed0,220,False,actor.weight,192,530400.0,3.4216336644021794e-05,7.220522820716724e-05,6.633183033954992e-07,2.1906217118061733e-10,9.575544027029537e-06,3.7995080947875977,1.9127479791641235,0.09694784134626389,20.25555992126465,0.0
v27_seed0,220,False,actor.bias,6,530400.0,7.898841431597248e-06,1.1013823495886754e-05,1.7751297320955928e-08,8.342626145463328e-09,3.063051323692889e-08,2.491694927215576,2.0886340141296387,1.7140334844589233,3.2841453552246094,0.0
v27_seed0,220,False,critic.weight,32,530400.0,0.00012211623834446073,0.0002091298229061067,4.790448656422086e-06,6.975416244614507e-09,3.539227691362612e-05,0.9775826930999756,0.5874919295310974,0.05042736604809761,3.591569185256958,0.0
v27_seed0,220,False,critic.bias,1,530400.0,1.582480217621196e-05,1.582480217621196e-05,1.740020678653309e-07,1.740020678653309e-07,1.740020678653309e-07,0.7191734910011292,0.7191734910011292,0.7191734910011292,0.7191734910011292,0.0
v27_seed0,220,False,rnd.predictor.net.0.weight,91136,530400.0,7.366243437445519e-08,9.791834543193545e-08,2.1399436042623954e-12,9.076561540804747e-16,1.7059904877658738e-10,431.2205505371094,357.770751953125,22.950944900512695,7476.201171875,0.9994184374809265
v27_seed0,220,False,rnd.predictor.net.0.bias,128,530400.0,1.2162341533894505e-07,1.5966524813393335e-07,5.465538611970633e-12,1.766240907870309e-12,1.3171254885369077e-11,137.45907592773438,131.9231719970703,82.43519592285156,224.0478057861328,1.0
v27_seed0,220,False,rnd.predictor.net.1.weight,128,530400.0,3.3300005952696665e-07,4.1647612647466303e-07,4.9895802767263575e-11,4.625425910342873e-12,6.295611254536482e-10,61.667030334472656,57.94485855102539,11.951688766479492,138.8451690673828,0.90625
v27_seed0,220,False,rnd.predictor.net.1.bias,128,530400.0,3.3088440432038624e-07,4.311454517846869e-07,4.560330585379191e-11,1.3966819020772014e-11,1.5129363040156107e-10,48.03013229370117,46.839698791503906,24.370140075683594,80.05933380126953,0.96875
v27_seed0,220,False,rnd.predictor.net.3.weight,16384,530400.0,1.4878443721499934e-07,2.059189085912294e-07,9.52307156742993e-12,6.423020345843258e-14,1.1402930821802215e-09,189.78179931640625,164.4465789794922,8.881462097167969,1138.793212890625,0.98846435546875
v27_seed0,220,False,rnd.predictor.net.3.bias,128,530400.0,3.509624093567254e-07,4.497990744312119e-07,4.905964523516104e-11,5.84375429990569e-12,2.8036170607315114e-10,53.98583221435547,46.86622619628906,17.906166076660156,123.58975982666016,0.90625
v27_seed0,220,False,rnd.predictor.net.4.weight,128,530400.0,3.1600080774296657e-07,4.5311708163353615e-07,4.887036955669721e-11,3.068388642127329e-13,6.651552642011893e-10,95.41806030273438,64.24458312988281,11.62763500213623,531.9805908203125,0.8359375
v27_seed0,220,False,rnd.predictor.net.4.bias,128,530400.0,3.082760144934582e-07,4.0124456290868693e-07,4.0270321799429354e-11,3.0120001544980957e-12,2.5826690785990536e-10,60.81214141845703,52.722023010253906,18.655921936035156,171.869384765625,0.9609375
v27_seed0,220,False,rnd.predictor.net.6.weight,8192,530400.0,4.2076885620190296e-07,5.754071707997355e-07,6.653119027921761e-11,2.012471813543984e-13,1.4417200766558835e-09,63.9649543762207,52.873863220214844,7.89889669418335,654.1565551757812,0.7835693359375
v27_seed0,220,False,rnd.predictor.net.6.bias,64,530400.0,9.183320344163803e-07,1.1510513786561205e-06,3.511740342965197e-10,2.824296907455448e-10,4.759471705639839e-10,16.078510284423828,16.15503692626953,13.744939804077148,17.84052848815918,0.0
v27_seed0,230,False,fc1.weight,45568,554400.0,0.00012333932681940496,0.0009390941704623401,2.1317016944522038e-05,2.2774417423541004e-19,0.011816311627626419,104.67127227783203,2.032318115234375,0.0027598170563578606,28633.537109375,0.00561797758564353
v27_seed0,230,False,fc1.bias,64,554400.0,9.166316885966808e-05,0.00012514104309957474,4.0995826111611677e-07,4.652443408303952e-08,2.246227268187795e-06,0.6530984044075012,0.5567141771316528,0.20016655325889587,1.39078688621521,0.0
v27_seed0,230,False,norm1.weight,64,554400.0,0.0007477251929230988,0.0011152683291584253,2.188298458349891e-05,4.788065552929766e-07,9.81047996901907e-05,0.09040921181440353,0.07649652659893036,0.03028835542500019,0.4335457682609558,0.0
v27_seed0,230,False,norm1.bias,64,554400.0,0.0006789092440158129,0.0008739582845009863,1.719948704703711e-05,3.0969627005106304e-06,4.4044452806701884e-05,0.07786314189434052,0.07526902854442596,0.045203808695077896,0.17047110199928284,0.0
v27_seed0,230,False,fc2.weight,2048,554400.0,0.0005627903155982494,0.0008226508507505059,1.0394325727247633e-05,9.3218917029958e-09,0.0005685830838046968,0.20096835494041443,0.14339129626750946,0.012581259943544865,3.1068787574768066,0.0
v27_seed0,230,False,fc2.bias,32,554400.0,0.0033427830785512924,0.004167789593338966,0.00013554803445003927,8.921289008867461e-06,0.0005855923518538475,0.043780550360679626,0.034155089408159256,0.012397194281220436,0.10043983906507492,0.0
v27_seed0,230,False,norm2.weight,32,554400.0,0.0003737478982657194,0.0006774745415896177,2.746637846939848e-06,1.153938189446535e-08,2.1754720364697278e-05,0.5036742091178894,0.231539785861969,0.06431964039802551,2.7924768924713135,0.0
v27_seed0,230,False,norm2.bias,32,554400.0,0.0003860332944896072,0.0005206196219660342,2.2242434170038905e-06,6.584094602857249e-09,5.43320675205905e-06,0.4904119074344635,0.23296169936656952,0.1287037879228592,3.696747303009033,0.0
v27_seed0,230,False,actor.weight,192,554400.0,5.308294566930272e-05,0.00011747056123567745,9.246132322004996e-07,1.2876237576175953e-10,1.7934688003151678e-05,3.9502370357513428,1.6050407886505127,0.07083915919065475,26.41461181640625,0.0
v27_seed0,230,False,actor.bias,6,554400.0,1.1861867278639693e-05,1.5705805708421394e-05,2.1433601560261195e-08,8.022529307538662e-09,4.000127873382553e-08,2.264357328414917,1.9499812126159668,1.4999011754989624,3.349015235900879,0.0
v27_seed0,230,False,critic.weight,32,554400.0,0.0005431242752820253,0.001074009807780385,5.214232260186691e-06,9.30607324534094e-09,4.808022640645504e-05,0.8671269416809082,0.49457353353500366,0.04326506704092026,3.109517812728882,0.0
v27_seed0,230,False,critic.bias,1,554400.0,0.0001552552275825292,0.0001552552275825292,1.803627469598723e-07,1.803627469598723e-07,1.803627469598723e-07,0.7063787579536438,0.7063787579536438,0.7063787579536438,0.7063787579536438,0.0
v27_seed0,230,False,rnd.predictor.net.0.weight,91136,554400.0,8.395322481646872e-08,1.1134589072980816e-07,2.1932568608495906e-12,1.0350859082477798e-15,1.4601037046091392e-10,414.2890625,345.0507507324219,24.806766510009766,7113.5986328125,0.9996159672737122
v27_seed0,230,False,rnd.predictor.net.0.bias,128,554400.0,8.247646832160171e-08,1.0406847650301643e-07,6.515414943675246e-12,1.9998904875889734e-12,1.866933517502556e-11,127.78726196289062,123.67634582519531,69.27123260498047,210.6483154296875,1.0
v27_seed0,230,False,rnd.predictor.net.1.weight,128,554400.0,2.904473888065695e-07,3.7700712596233643e-07,5.4598024018526203e-11,5.1605785617026e-12,5.661416335733804e-10,56.29082107543945,53.61167526245117,12.603066444396973,131.48146057128906,0.8984375
v27_seed0,230,False,rnd.predictor.net.1.bias,128,554400.0,2.2100437035987852e-07,2.987684410982183e-07,5.4042399028064736e-11,1.4720587596106505e-11,1.4777822021638798e-10,44.33576965332031,43.53388214111328,24.658061981201172,77.98809051513672,0.921875
v27_seed0,230,False,rnd.predictor.net.3.weight,16384,554400.0,1.600957659775304e-07,2.1467043609391112e-07,9.836015682496146e-12,8.333237528843074e-14,9.75175606932055e-10,179.57156372070312,155.0227813720703,9.603748321533203,1004.4413452148438,0.9891357421875
v27_seed0,230,False,rnd.predictor.net.3.bias,128,554400.0,2.555467517595389e-07,3.255347564845579e-07,5.7611675846613863e-11,5.794990355634244e-12,3.5149799737510534e-10,50.08068084716797,43.02370834350586,15.992937088012695,124.10652160644531,0.8828125
v27_seed0,230,False,rnd.predictor.net.4.weight,128,554400.0,2.549005273522198e-07,3.728835906713357e-07,5.4726230491741745e-11,4.55040410733687e-13,7.29529381349181e-10,87.04351806640625,56.354835510253906,11.1029691696167,438.23333740234375,0.8203125
v27_seed0,230,False,rnd.predictor.net.4.bias,128,554400.0,2.3121721426377917e-07,2.918111476901686e-07,4.79747526427321e-11,3.0577053476005256e-12,3.185506580738462e-10,55.76366424560547,47.27498245239258,16.799205780029297,170.58737182617188,0.9140625
v27_seed0,230,False,rnd.predictor.net.6.weight,8192,554400.0,4.783192935065017e-07,6.420019644792774e-07,7.239530502856084e-11,2.0345603999293027e-13,1.3403648191356865e-09,60.13438415527344,47.907264709472656,8.192023277282715,650.673095703125,0.7635498046875
v27_seed0,230,False,rnd.predictor.net.6.bias,64,554400.0,8.514731462128111e-07,1.023031359181914e-06,4.216889337715912e-10,2.9264479728396964e-10,6.280677644632249e-10,14.727420806884766,14.702054023742676,11.9658842086792,17.526575088500977,0.0
v27_seed0,240,False,fc1.weight,45568,578400.0,0.00014539825497195125,0.0012868894264101982,2.145220605598297e-05,5.508326807117701e-18,0.01236441358923912,48.3778190612793,2.1090097427368164,0.0026979537215083838,24297.435546875,0.005683813244104385
v27_seed0,240,False,fc1.bias,64,578400.0,0.00011284620268270373,0.00016420359315816313,3.7387695783763775e-07,3.0794051752991436e-08,2.041956122411648e-06,0.6957792043685913,0.6141149997711182,0.20993992686271667,1.709476351737976,0.0
v27_seed0,240,False,norm1.weight,64,578400.0,0.001004933612421155,0.0013467459939420223,2.2254500436247326e-05,3.077772703363735e-07,0.00010325271432520822,0.09475280344486237,0.07550366967916489,0.02952365204691887,0.5407483577728271,0.0
v27_seed0,240,False,norm1.bias,64,578400.0,0.0009772286284714937,0.0013439160538837314,1.7511018086224794e-05,1.7627322677071788e-06,5.917506859987043e-05,0.08072258532047272,0.07358875125646591,0.038998812437057495,0.2259564995765686,0.0
v27_seed0,240,False,fc2.weight,2048,578400.0,0.0004205121658742428,0.0006500992458313704,7.878053111198824e-06,6.9295102989030966e-09,0.000573514960706234,0.23202233016490936,0.16158196330070496,0.012527047656476498,3.6034445762634277,0.0
v27_seed0,240,False,fc2.bias,32,578400.0,0.0016037389868870378,0.0024679929483681917,0.000106049221358262,6.118387773312861e-06,0.00044088123831897974,0.05007919669151306,0.037622012197971344,0.014287631958723068,0.12128330022096634,0.0
v27_seed0,240,False,norm2.weight,32,578400.0,0.0001711946097202599,0.00020543707069009542,2.2469703253591433e-06,1.02075938812618e-08,1.720324144116603e-05,0.5651525855064392,0.2861690819263458,0.07232943922281265,2.9690439701080322,0.0
v27_seed0,240,False,norm2.bias,32,578400.0,0.00021494131942745298,0.0002960761485155672,1.7751942777977092e-06,5.727094354313067e-09,4.544870535028167e-06,0.539236307144165,0.2582487463951111,0.14072085916996002,3.963663101196289,0.0
v27_seed0,240,False,actor.weight,192,578400.0,9.433608647668734e-05,0.00022285444720182568,6.977502380323131e-07,1.4372113221750027e-10,1.483570576965576e-05,4.090167999267578,1.8508192300796509,0.07788719236850739,25.003385543823242,0.0
v27_seed0,240,False,actor.bias,6,578400.0,2.133645466528833e-05,3.167686372762546e-05,1.7069998747842874e-08,4.731192326801192e-09,3.03180662797331e-08,2.8000948429107666,2.353461503982544,1.7228424549102783,4.360867023468018,0.0
v27_seed0,240,False,critic.weight,32,578400.0,0.00016178304213099182,0.0002590829972177744,4.2833012230403256e-06,7.275396729511385e-09,3.833113078144379e-05,1.0033559799194336,0.5352792143821716,0.04845568910241127,3.516754627227783,0.0
v27_seed0,240,False,critic.bias,1,578400.0,7.04782796674408e-05,7.04782796674408e-05,1.468025345729984e-07,1.468025345729984e-07,1.468025345729984e-07,0.7829664349555969,0.7829664349555969,0.7829664349555969,0.7829664349555969,0.0
v27_seed0,240,False,rnd.predictor.net.0.weight,91136,578400.0,1.0257129190449632e-07,1.3661575337664544e-07,1.7397327068541246e-12,9.896185560677082e-16,8.57596840764252e-11,432.279052734375,354.4027404785156,32.36018371582031,7236.20361328125,1.0
v27_seed0,240,False,rnd.predictor.net.0.bias,128,578400.0,1.1984083414517954e-07,1.6413109449331387e-07,6.064473576095075e-12,1.74425458885491e-12,1.8221663761197604e-11,132.47515869140625,127.74729919433594,70.11502075195312,225.4448699951172,1.0
v27_seed0,240,False,rnd.predictor.net.1.weight,128,578400.0,3.7822854892510804e-07,5.235926323621243e-07,4.6192265290567747e-11,5.381460468217858e-12,3.431962769528951e-10,57.96232986450195,54.55486297607422,16.185108184814453,128.76657104492188,0.90625
v27_seed0,240,False,rnd.predictor.net.1.bias,128,578400.0,3.6858935459349595e-07,4.984786983186495e-07,4.88712299795413e-11,1.5460766347730193e-11,1.2098427815132595e-10,45.97489547729492,44.323917388916016,27.249727249145508,76.10315704345703,0.984375
v27_seed0,240,False,rnd.predictor.net.3.weight,16384,578400.0,2.0458554672586615e-07,2.7785071665675787e-07,8.132619577772005e-12,7.498340869657033e-14,7.212935249079067e-10,186.5776824951172,161.056640625,11.166152954101562,1056.967041015625,0.99346923828125
v27_seed0,240,False,rnd.predictor.net.3.bias,128,578400.0,4.050181416914711e-07,5.265394520392874e-07,5.2961239560556095e-11,5.139617030580634e-12,3.0156951935644827e-10,51.92851257324219,45.61534118652344,17.26543426513672,131.7481231689453,0.8984375
v27_seed0,240,False,rnd.predictor.net.4.weight,128,578400.0,3.8589831774515915e-07,5.229204020906764e-07,4.8699849708455645e-11,2.408090274495095e-13,6.217538150998791e-10,90.48538208007812,62.1558837890625,12.026461601257324,599.1337280273438,0.875
v27_seed0,240,False,rnd.predictor.net.4.bias,128,578400.0,3.7018327248006244e-07,4.774388457917667e-07,4.4209476357526256e-11,4.047428624892602e-12,2.7581201211823725e-10,57.4277229309082,49.298336029052734,18.053159713745117,148.38101196289062,0.921875
v27_seed0,240,False,rnd.predictor.net.6.weight,8192,578400.0,5.969467338218237e-07,8.118133791867876e-07,6.453441253606584e-11,2.470281466361579e-13,8.790642658240699e-10,62.55998992919922,49.89744567871094,10.114968299865723,591.6935424804688,0.79443359375
v27_seed0,240,False,rnd.predictor.net.6.bias,64,578400.0,1.2039031389576849e-06,1.5156733752519358e-06,3.971371009825475e-10,3.1073230100098215e-10,6.255433948609834e-10,15.155499458312988,15.291085243225098,11.98999309539795,17.00911521911621,0.0
v27_seed2,10,False,fc1.weight,45568,26401.0,0.09999999403953552,0.10000234097242355,0.0010218318784609437,0.0010000000474974513,0.016720209270715714,0.009447160176932812,0.00948676373809576,0.002320066327229142,0.009486828930675983,0.0
v27_seed2,10,False,fc1.bias,64,26401.0,0.10000000894069672,0.10000014305114746,0.0010005088988691568,0.0010000532492995262,0.0010080160573124886,0.009484421461820602,0.009485683403909206,0.009449033997952938,0.009486578404903412,0.0
v27_seed2,10,False,norm1.weight,64,26401.0,0.10001028329133987,0.1000107154250145,0.0010029630502685905,0.0010002540657296777,0.0010181274265050888,0.009472837671637535,0.0094758877530694,0.009401995688676834,0.009485624730587006,0.0
v27_seed2,10,False,norm1.bias,64,26401.0,0.10004565119743347,0.1000460535287857,0.0010039402404800057,0.001000826247036457,0.001015137997455895,0.00946822576224804,0.009472531266510487,0.009415829554200172,0.009482912719249725,0.0
v27_seed2,10,False,fc2.weight,2048,26401.0,0.10000000149011612,0.10000026226043701,0.0010015559382736683,0.0010000079637393355,0.0011504529975354671,0.009479552507400513,0.009484466165304184,0.008844772353768349,0.009486792609095573,0.0
v27_seed2,10,False,fc2.bias,32,26401.0,0.09999999403953552,0.10000088065862656,0.0010092814918607473,0.0010016076266765594,0.0010689523769542575,0.009443792514503002,0.009469626471400261,0.009175757877528667,0.009479213505983353,0.0
v27_seed2,10,False,norm2.weight,32,26401.0,0.1000387966632843,0.10003882646560669,0.001000268617644906,0.0010000166948884726,0.0010008153039962053,0.009485556744039059,0.00948585569858551,0.009482964873313904,0.00948675163090229,0.0
v27_seed2,10,False,norm2.bias,32,26401.0,0.10002045333385468,0.10002048313617706,0.0010002597700804472,0.0010000303154811263,0.0010011460399255157,0.009485598653554916,0.009485824964940548,0.009481399320065975,0.009486686438322067,0.0
v27_seed2,10,False,actor.weight,192,26401.0,0.10000000149011612,0.10000016540288925,0.001001108787022531,0.0010000012116506696,0.001013702480122447,0.009481599554419518,0.009486778639256954,0.009422493167221546,0.00948682427406311,0.0
v27_seed2,10,False,actor.bias,6,26401.0,0.10000000149011612,0.10000001639127731,0.001000053365714848,0.0010000178590416908,0.0010000927140936255,0.009486577473580837,0.009486539289355278,0.00948639027774334,0.009486746042966843,0.0
v27_seed2,10,False,critic.weight,32,26401.0,0.09997795522212982,0.0999779924750328,0.001000470481812954,0.0010000028414651752,0.0010025498922914267,0.009484602138400078,0.009486719034612179,0.009474758058786392,0.009486815892159939,0.0
v27_seed2,10,False,critic.bias,1,26401.0,0.09996213018894196,0.09996213018894196,0.001000078278593719,0.001000078278593719,0.001000078278593719,0.009486458264291286,0.009486458264291286,0.009486458264291286,0.009486458264291286,0.0
v27_seed2,10,False,rnd.predictor.net.0.weight,91136,26401.0,0.09999999403953552,0.10000000149011612,0.0010000014444813132,0.0010000000474974513,0.0010000064503401518,0.009486823342740536,0.00948682427406311,0.009486799128353596,0.009486828930675983,0.0
v27_seed2,10,False,rnd.predictor.net.0.bias,128,26401.0,0.09999999403953552,0.10000000149011612,0.0010000034235417843,0.0010000001639127731,0.0010000074980780482,0.009486813098192215,0.009486814960837364,0.009486794471740723,0.009486828930675983,0.0
v27_seed2,10,False,rnd.predictor.net.1.weight,128,26401.0,0.10000085085630417,0.10000084340572357,0.0010000052861869335,0.001000001560896635,0.001000013668090105,0.009486804716289043,0.009486806578934193,0.00948676560074091,0.009486823342740536,0.0
v27_seed2,10,False,rnd.predictor.net.1.bias,128,26401.0,0.09999983012676239,0.09999983757734299,0.001000006916001439,0.0010000003967434168,0.0010000126203522086,0.009486798197031021,0.009486799128353596,0.009486770257353783,0.009486827999353409,0.0
v27_seed2,10,False,rnd.predictor.net.3.weight,16384,26401.0,0.10000000149011612,0.10000000149011612,0.0010000059846788645,0.0010000001639127731,0.0010000363690778613,0.00948680192232132,0.009486805647611618,0.009486657567322254,0.009486828930675983,0.0
v27_seed2,10,False,rnd.predictor.net.3.bias,128,26401.0,0.10000000149011612,0.10000000894069672,0.001000032527372241,0.0010000012116506696,0.0010000788606703281,0.009486675262451172,0.009486675262451172,0.009486456401646137,0.00948682427406311,0.0
v27_seed2,10,False,rnd.predictor.net.4.weight,128,26401.0,0.10000084340572357,0.10000084340572357,0.0010000057518482208,0.001000000280328095,0.0010000275215134025,0.009486802853643894,0.009486810304224491,0.009486699476838112,0.009486827999353409,0.0
v27_seed2,10,False,rnd.predictor.net.4.bias,128,26401.0,0.09999972581863403,0.09999971836805344,0.0010000099427998066,0.0010000001639127731,0.0010000212350860238,0.009486783295869827,0.009486781433224678,0.0094867292791605,0.009486828930675983,0.0
v27_seed2,10,False,rnd.predictor.net.6.weight,8192,26401.0,0.10000091046094894,0.10000091046094894,0.0010000092443078756,0.0010000003967434168,0.0010000442853197455,0.009486785158514977,0.009486800990998745,0.00948662031441927,0.009486827999353409,0.0
v27_seed2,10,False,rnd.predictor.net.6.bias,64,26401.0,0.10000361502170563,0.10000362247228622,0.001000048010610044,0.0010000402107834816,0.0010000555776059628,0.009486602619290352,0.009486603550612926,0.009486566297709942,0.009486638940870762,0.0
v27_seed2,20,False,fc1.weight,45568,50400.0,0.00010183930862694979,0.0009000541176646948,2.1876025130040944e-05,0.0,0.013158041052520275,172.5245361328125,2.749384880065918,0.0026153246872127056,30000.001953125,0.005639922805130482
v27_seed2,20,False,fc1.bias,64,50400.0,8.067305316217244e-05,0.0001585941790835932,4.520555876297294e-07,2.0823337720798918e-08,4.728293333755573e-06,0.750548779964447,0.7054046392440796,0.1379644125699997,2.0788159370422363,0.0
v27_seed2,20,False,norm1.weight,64,50400.0,0.00021486173500306904,0.00028209309675730765,3.1353338272310793e-06,3.6696241068057134e-07,9.629286068957299e-06,0.2065737545490265,0.19020959734916687,0.09667693078517914,0.4952258765697479,0.0
v27_seed2,20,False,norm1.bias,64,50400.0,0.00022874376736581326,0.00029840151546522975,3.939238922612276e-06,7.148573217818921e-07,1.4993570403021295e-05,0.18061281740665436,0.169359028339386,0.07747607678174973,0.3548186421394348,0.0
v27_seed2,20,False,fc2.weight,2048,50400.0,0.00013402203330770135,0.00019333676027599722,1.0922497040155577e-06,6.574134125969522e-09,2.384758772677742e-05,0.46201902627944946,0.4126986861228943,0.06143249571323395,3.6995458602905273,0.0
v27_seed2,20,False,fc2.bias,32,50400.0,0.00034891164978034794,0.0004596594371832907,7.941443072922993e-06,1.6839433101267787e-06,2.7606243747868575e-05,0.13709479570388794,0.14322441816329956,0.05709746479988098,0.23118209838867188,0.0
v27_seed2,20,False,norm2.weight,32,50400.0,4.690128116635606e-05,5.9772766690002754e-05,2.4607325599390606e-07,1.157047968547431e-08,1.7532267975184368e-06,1.2563749551773071,1.2526427507400513,0.22656819224357605,2.788722276687622,0.0
v27_seed2,20,False,norm2.bias,32,50400.0,4.621195330400951e-05,5.614485053229146e-05,1.7198368595927604e-07,1.626395196296926e-08,6.149053319859377e-07,1.232846736907959,1.2583980560302734,0.38257062435150146,2.3521995544433594,0.0
v27_seed2,20,False,actor.weight,192,50400.0,8.253091800725088e-05,0.0002237383887404576,9.367666393700347e-07,3.484346977611352e-10,1.4071737496124115e-05,4.170847415924072,3.7539658546447754,0.07997353374958038,16.06304931640625,0.0
v27_seed2,20,False,actor.bias,6,50400.0,2.848524491128046e-05,4.3047293729614466e-05,3.0331147371498446e-08,5.686141779648324e-09,6.72752236141605e-08,2.317638635635376,1.7120246887207031,1.156583309173584,3.9779090881347656,0.0
v27_seed2,20,False,critic.weight,32,50400.0,3.0448882171185687e-05,4.296859697205946e-05,7.017270604592341e-07,1.3808516552415995e-09,4.777854883286636e-06,3.6887106895446777,3.4903178215026855,0.1372469961643219,8.071065902709961,0.0
v27_seed2,20,False,critic.bias,1,50400.0,2.0134197256993502e-05,2.0134197256993502e-05,2.7672157898450678e-08,2.7672157898450678e-08,2.7672157898450678e-08,1.80332350730896,1.80332350730896,1.80332350730896,1.80332350730896,0.0
v27_seed2,20,False,rnd.predictor.net.0.weight,91136,50400.0,4.048440132464748e-06,5.377431534725474e-06,7.967690951460327e-10,0.0,5.3204929351124974e-09,181.83799743652344,11.996940612792969,4.11230993270874,30000.001953125,0.01883997581899166
v27_seed2,20,False,rnd.predictor.net.0.bias,128,50400.0,4.996141342417104e-06,6.430379926314345e-06,2.1361417079646117e-09,2.0443738368847164e-10,4.395656727496089e-09,7.042270183563232,6.506755352020264,4.524221897125244,20.967058181762695,0.0
v27_seed2,20,False,rnd.predictor.net.1.weight,128,50400.0,1.0034518709289841e-05,1.2055910701747052e-05,5.278819159570958e-09,1.9217418767425443e-09,1.436319418957055e-08,4.39021635055542,4.380199432373047,2.5029923915863037,6.841867923736572,0.0
v27_seed2,20,False,rnd.predictor.net.1.bias,128,50400.0,9.18404202820966e-06,1.1770863238780294e-05,6.4030629687295004e-09,1.2186547326820119e-09,1.2886864020345001e-08,3.9415535926818848,3.789578437805176,2.6424660682678223,8.591253280639648,0.0
v27_seed2,20,False,rnd.predictor.net.3.weight,16384,50400.0,9.213680641551036e-06,1.2150069778726902e-05,4.343619242064278e-09,1.0258933286211303e-10,3.561949313279911e-08,5.686733245849609,4.994211196899414,1.5894775390625,29.58976936340332,0.0
v27_seed2,20,False,rnd.predictor.net.3.bias,128,50400.0,2.0743893401231617e-05,2.6441499358043075e-05,2.5008674242599227e-08,1.657229131701854e-09,5.886645837449578e-08,2.1913304328918457,1.935211181640625,1.2364296913146973,7.367554664611816,0.0
v27_seed2,20,False,rnd.predictor.net.4.weight,128,50400.0,1.0287422810506541e-05,1.338219954050146e-05,5.914230882808624e-09,4.2358122565033796e-10,2.8059119472345628e-08,5.028700351715088,4.465921878814697,1.7908464670181274,14.569409370422363,0.0
v27_seed2,20,False,rnd.predictor.net.4.bias,128,50400.0,1.3179559573472943e-05,1.7010062947520055e-05,9.972239922717563e-09,2.371181861970939e-10,2.1118138349152105e-08,3.491170644760132,3.054388999938965,2.064256191253662,19.469593048095703,0.0
v27_seed2,20,False,rnd.predictor.net.6.weight,8192,50400.0,1.1786253708123695e-05,1.5698378774686716e-05,7.127258783157231e-09,1.991617842866944e-10,4.1714322662755876e-08,4.554632663726807,4.2786760330200195,1.4687821865081787,21.242746353149414,0.0
v27_seed2,20,False,rnd.predictor.net.6.bias,64,50400.0,2.8611659217858687e-05,3.542828562785871e-05,4.164366984582557e-08,3.4071028665039194e-08,4.863758462647638e-08,1.4725278615951538,1.4707235097885132,1.36024010181427,1.62519371509552,0.0
v27_seed2,30,False,fc1.weight,45568,74400.0,0.00010955805919365957,0.0009697948698885739,2.18627155845752e-05,0.0,0.013183715753257275,172.82220458984375,2.8742661476135254,0.002612777054309845,30000.001953125,0.005969101097434759
v27_seed2,30,False,fc1.bias,64,74400.0,0.000101458266726695,0.00017057161312550306,4.717955732758128e-07,2.4062435599603305e-08,6.549047157022869e-06,0.7712341547012329,0.6691792607307434,0.11722777783870697,1.933853268623352,0.0
v27_seed2,30,False,norm1.weight,64,74400.0,0.00026930405874736607,0.00036225494113750756,3.7989016163919587e-06,3.7960589338581485e-07,2.6027038984466344e-05,0.1862495392560959,0.1767457127571106,0.058804165571928024,0.4869089722633362,0.0
v27_seed2,30,False,norm1.bias,64,74400.0,0.0002990429347846657,0.00040652669849805534,4.441039436642313e-06,1.0741404139480437e-06,1.2492057976487558e-05,0.167003333568573,0.15070779621601105,0.08487953990697861,0.28945866227149963,0.0
v27_seed2,30,False,fc2.weight,2048,74400.0,0.00016967201372608542,0.00026035457267425954,1.2782026033164584e-06,1.2653603498335997e-08,1.5032348528620787e-05,0.41488587856292725,0.36219292879104614,0.07737608253955841,2.6667087078094482,0.0
v27_seed2,30,False,fc2.bias,32,74400.0,0.00044117996003478765,0.0005513328360393643,1.1172907761647366e-05,1.726442633298575e-06,3.8256144762272015e-05,0.12133382260799408,0.12272914499044418,0.04850315302610397,0.22831891477108002,0.0
v27_seed2,30,False,norm2.weight,32,74400.0,8.361017535207793e-05,0.00011755585001083091,3.2223280754806183e-07,2.1133661931571623e-08,2.2401768546842504e-06,1.131885051727295,1.3200089931488037,0.20043668150901794,2.063498020172119,0.0
v27_seed2,30,False,norm2.bias,32,74400.0,7.638051465619355e-05,9.863821469480172e-05,2.1129534388819593e-07,1.700544238758539e-08,7.419234862027224e-07,1.1745775938034058,1.1664206981658936,0.348286509513855,2.3003504276275635,0.0
v27_seed2,30,False,actor.weight,192,74400.0,5.365914330468513e-05,0.00010810021922225133,1.1208381920368993e-06,4.011382614965697e-10,1.540946504974272e-05,3.7833573818206787,3.5658302307128906,0.07642340660095215,14.97122859954834,0.0
v27_seed2,30,False,actor.bias,6,74400.0,1.3834592209605034e-05,1.456074278394226e-05,2.8989674660806486e-08,5.845516071190104e-09,5.771752142891273e-08,2.2506048679351807,1.6741288900375366,1.2486748695373535,3.923314094543457,0.0
v27_seed2,30,False,critic.weight,32,74400.0,9.973739361157641e-05,0.00018161821935791522,8.90939986675221e-07,1.5473698988799356e-09,5.938332378718769e-06,3.2877891063690186,3.3987772464752197,0.12310827523469925,7.624542713165283,0.0
v27_seed2,30,False,critic.bias,1,74400.0,1.4193890820024535e-05,1.4193890820024535e-05,2.7405327784890687e-08,2.7405327784890687e-08,2.7405327784890687e-08,1.81208074092865,1.81208074092865,1.81208074092865,1.81208074092865,0.0
v27_seed2,30,False,rnd.predictor.net.0.weight,91136,74400.0,2.579804913693806e-06,3.3911398986674612e-06,3.229721767805671e-10,0.0,1.748799660639122e-09,189.21563720703125,18.524497985839844,7.172117233276367,30000.001953125,0.14499209821224213
v27_seed2,30,False,rnd.predictor.net.0.bias,128,74400.0,3.6967642245144816e-06,4.573107617034111e-06,8.587963118422692e-10,1.0893026758385105e-10,1.9128438832893835e-09,10.95059585571289,10.495695114135742,6.85775899887085,28.716472625732422,0.0
v27_seed2,30,False,rnd.predictor.net.1.weight,128,74400.0,7.846156222512946e-06,9.70253677223809e-06,2.785833563834217e-09,1.1350071993376787e-09,8.48049097612602e-09,6.005187511444092,5.9843854904174805,3.2573440074920654,8.90211296081543,0.0
v27_seed2,30,False,rnd.predictor.net.1.bias,128,74400.0,7.105740678525763e-06,8.823047210171353e-06,3.1476630191207278e-09,8.890310709830374e-10,6.4132810173589405e-09,5.5915846824646,5.489739418029785,3.745647430419922,10.058128356933594,0.0
v27_seed2,30,False,rnd.predictor.net.3.weight,16384,74400.0,5.7443135119683575e-06,7.525365617766511e-06,1.7748587044508213e-09,5.676917616548316e-11,2.5638541956141125e-08,8.689384460449219,7.9717888832092285,1.8734732866287231,39.76390075683594,0.00042724609375
v27_seed2,30,False,rnd.predictor.net.3.bias,128,74400.0,1.1997132787655573e-05,1.5189419173111673e-05,1.0115556392520375e-08,8.58298654371481e-10,2.625603912065344e-08,3.3346519470214844,3.087677001953125,1.8513131141662598,10.236555099487305,0.0
v27_seed2,30,False,rnd.predictor.net.4.weight,128,74400.0,6.953604497539345e-06,9.652626431488898e-06,3.2431084484585426e-09,4.6563819466882705e-10,1.578191266560225e-08,6.563056945800781,5.988335609436035,2.3878490924835205,13.896190643310547,0.0
v27_seed2,30,False,rnd.predictor.net.4.bias,128,74400.0,7.59377780923387e-06,9.730044439493213e-06,4.122712837784093e-09,1.9616906710151483e-10,1.014587081016316e-08,5.255850315093994,4.840716361999512,2.978060483932495,21.404054641723633,0.0
v27_seed2,30,False,rnd.predictor.net.6.weight,8192,74400.0,7.880987141106743e-06,1.033422722684918e-05,3.2266029847960453e-09,1.393629239787586e-10,1.881346456400479e-08,6.507008075714111,6.1114373207092285,2.187032699584961,25.391008377075195,0.0
v27_seed2,30,False,rnd.predictor.net.6.bias,64,74400.0,1.694124875939451e-05,2.1359830498113297e-05,2.1223019786020814e-08,1.7768700288911532e-08,2.473514193468418e-08,2.0633206367492676,2.0529396533966064,1.9073766469955444,2.25040602684021,0.0
v27_seed2,40,False,fc1.weight,45568,98400.0,0.00011337414616718888,0.00080557179171592,2.1827851014677435e-05,0.0,0.019445812329649925,172.81861877441406,2.841287136077881,0.002151335822418332,30000.001953125,0.00658356724306941
v27_seed2,40,False,fc1.bias,64,98400.0,0.00010105955880135298,0.00016015391156543046,5.327826784196077e-07,1.924509085426962e-08,9.821356798056513e-06,0.7415199279785156,0.5355833768844604,0.09572692960500717,2.162369966506958,0.0
v27_seed2,40,False,norm1.weight,64,98400.0,0.00042512803338468075,0.0005576257244683802,5.853466973348986e-06,1.0440784308229922e-06,4.522949893726036e-05,0.16068071126937866,0.15896466374397278,0.04460769519209862,0.29359620809555054,0.0
v27_seed2,40,False,norm1.bias,64,98400.0,0.0003953626728616655,0.0005006786668673158,6.054707228031475e-06,9.061590162673383e-07,2.3691984097240493e-05,0.1443735510110855,0.1342070996761322,0.06163390725851059,0.3151479661464691,0.0
v27_seed2,40,False,fc2.weight,2048,98400.0,0.00025312710204161704,0.00037012185202911496,1.8186983652412891e-06,2.876672411389336e-08,3.5549284802982584e-05,0.37030863761901855,0.3201335668563843,0.05031588673591614,1.768684983253479,0.0
v27_seed2,40,False,fc2.bias,32,98400.0,0.0008161189034581184,0.0011070194886997342,1.8160182662541047e-05,2.4724890863581095e-06,6.482465687440708e-05,0.10301313549280167,0.0900333821773529,0.037260666489601135,0.1907881200313568,0.0
v27_seed2,40,False,norm2.weight,32,98400.0,9.960633906302974e-05,0.0001748769573168829,4.2690234636211244e-07,2.3590994047140157e-08,3.1023378141981084e-06,0.8962405920028687,0.9191238880157471,0.17032337188720703,1.953079342842102,0.0
v27_seed2,40,False,norm2.bias,32,98400.0,9.145735384663567e-05,0.00012471740774344653,2.908974181536905e-07,2.2668737997832977e-08,9.485875693826529e-07,0.9924168586730957,0.8793334364891052,0.30801939964294434,1.9924103021621704,0.0
v27_seed2,40,False,actor.weight,192,98400.0,9.603874059394002e-05,0.0002217257278971374,1.144442762779363e-06,5.75479330855444e-10,2.074128860840574e-05,3.743029832839966,3.381178379058838,0.06587224453687668,12.500442504882812,0.0
v27_seed2,40,False,actor.bias,6,98400.0,2.4639302864670753e-05,3.26900917571038e-05,2.6409770370605656e-08,7.636478116523904e-09,6.050442635796571e-08,2.3093550205230713,1.614732027053833,1.2195793390274048,3.43261456489563,0.0
v27_seed2,40,False,critic.weight,32,98400.0,0.00013946142280474305,0.00028281708364374936,1.1133087127745966e-06,2.2465083127087837e-09,7.827642548363656e-06,2.6295924186706543,2.36613392829895,0.10722701251506805,6.328133583068848,0.0
v27_seed2,40,False,critic.bias,1,98400.0,4.802134571946226e-05,4.802134571946226e-05,3.351066268919567e-08,3.351066268919567e-08,3.351066268919567e-08,1.63872492313385,1.63872492313385,1.63872492313385,1.63872492313385,0.0
v27_seed2,40,False,rnd.predictor.net.0.weight,91136,98400.0,6.853113063698402e-07,8.933619142226235e-07,3.5299155959345185e-11,0.0,2.325508674516641e-10,233.23544311523438,57.77203369140625,19.659732818603516,30000.001953125,0.970450758934021
v27_seed2,40,False,rnd.predictor.net.0.bias,128,98400.0,7.95217033555673e-07,1.0364824447606225e-06,1.0055511978634968e-10,3.327162850785825e-11,2.7175423022995915e-10,31.830114364624023,30.116853713989258,18.187362670898438,51.919681549072266,0.546875
v27_seed2,40,False,rnd.predictor.net.1.weight,128,98400.0,1.6578164832026232e-06,2.20030437958485e-06,3.042416318876917e-10,6.55316773068293e-11,1.1148670875371636e-09,18.858661651611328,18.758691787719727,8.982136726379395,37.01344299316406,0.0078125
v27_seed2,40,False,rnd.predictor.net.1.bias,128,98400.0,1.4823227729721111e-06,1.895015884656459e-06,3.1307439973815576e-10,1.2259607218290114e-10,9.598383199360683e-10,17.652755737304688,17.539011001586914,9.680150032043457,27.070165634155273,0.0
v27_seed2,40,False,rnd.predictor.net.3.weight,16384,98400.0,1.3673200101038674e-06,1.803796976673766e-06,1.4447830432029463e-10,4.3784168998750594e-12,2.4441166868172104e-09,31.69371795654297,29.222509384155273,6.066978931427002,142.68954467773438,0.47430419921875
v27_seed2,40,False,rnd.predictor.net.3.bias,128,98400.0,2.757723223112407e-06,3.3235583032364957e-06,7.890560982382055e-10,6.379347744500663e-11,2.211134164653572e-09,11.99661636352539,11.138208389282227,6.378540992736816,37.51368713378906,0.0078125
v27_seed2,40,False,rnd.predictor.net.4.weight,128,98400.0,2.056508719761041e-06,2.6263599011144834e-06,3.7064734614844497e-10,1.4963537353640533e-11,1.4695415995191752e-09,21.495851516723633,18.222476959228516,7.823787212371826,77.35401916503906,0.1328125
v27_seed2,40,False,rnd.predictor.net.4.bias,128,98400.0,1.7976101389649557e-06,2.1982680209475802e-06,3.253190494767466e-10,2.027250416147819e-11,9.338750883713942e-10,19.07251739501953,17.319019317626953,9.81374454498291,66.48200225830078,0.0703125
v27_seed2,40,False,rnd.predictor.net.6.weight,8192,98400.0,2.4946539269876666e-06,3.2903733426792314e-06,4.333731706829269e-10,1.4900389949668025e-11,2.7288735715558232e-09,18.42612648010254,17.57657241821289,5.741778373718262,77.517333984375,0.0498046875
v27_seed2,40,False,rnd.predictor.net.6.bias,64,98400.0,5.290110038913554e-06,6.400980055332184e-06,2.9158540026941182e-09,2.2952078015947563e-09,3.831169603785156e-09,5.57463264465332,5.562925338745117,4.846023082733154,6.260653018951416,0.0
v27_seed2,50,False,fc1.weight,45568,122400.0,0.0001327000354649499,0.0011652791872620583,2.182470961997751e-05,0.0,0.03336320072412491,173.3064422607422,3.1697006225585938,0.001642431947402656,30000.001953125,0.00829529482871294
v27_seed2,50,False,fc1.bias,64,122400.0,0.00011597861885093153,0.00017870921874418855,6.454654339904664e-07,1.2441963903597753e-08,1.550926754134707e-05,0.79099440574646,0.5598939657211304,0.07617712020874023,2.689291477203369,0.0
v27_seed2,50,False,norm1.weight,64,122400.0,0.0004279929562471807,0.0006792299100197852,7.125934189389227e-06,8.565748998989875e-07,5.801161751151085e-05,0.1603609323501587,0.15056906640529633,0.039387937635183334,0.3241409361362457,0.0
v27_seed2,50,False,norm1.bias,64,122400.0,0.0005646309000439942,0.0007515616016462445,6.950208444322925e-06,7.489293238904793e-07,3.632158404798247e-05,0.14680597186088562,0.13558818399906158,0.049778085201978683,0.34665367007255554,0.0
v27_seed2,50,False,fc2.weight,2048,122400.0,0.00023307345691137016,0.0003437508421484381,1.8241105408378644e-06,4.01841688812965e-08,4.072807132615708e-05,0.384038507938385,0.3367501497268677,0.0470082052052021,1.4964841604232788,0.0
v27_seed2,50,False,fc2.bias,32,122400.0,0.0009476690320298076,0.0011959188850596547,1.9537674234015867e-05,2.1586556613328867e-06,7.638440729351714e-05,0.10425030440092087,0.08719787746667862,0.03432562202215195,0.2041863203048706,0.0
v27_seed2,50,False,norm2.weight,32,122400.0,0.00011100622941739857,0.0001518795033916831,4.6120163688101457e-07,2.4881879667759677e-08,3.00645569950575e-06,0.7713978290557861,0.782052218914032,0.17301803827285767,1.9017444849014282,0.0
v27_seed2,50,False,norm2.bias,32,122400.0,9.431933722225949e-05,0.00012368088937364519,3.5984251667287026e-07,2.7629550203300823e-08,1.2542386684799567e-06,0.8408442735671997,0.8129742741584778,0.26787200570106506,1.8047133684158325,0.0
v27_seed2,50,False,actor.weight,192,122400.0,4.246623211656697e-05,0.00010411025141365826,8.079975373220805e-07,3.1511351861190917e-10,1.2877408153144643e-05,4.113651275634766,3.4982969760894775,0.08359991014003754,16.89052391052246,0.0
v27_seed2,50,False,actor.bias,6,122400.0,1.0196039511356503e-05,1.125690687331371e-05,1.8420683645103963e-08,4.1239935910653e-09,3.8046632511168355e-08,2.9058845043182373,1.8851521015167236,1.5379453897476196,4.670836448669434,0.0
v27_seed2,50,False,critic.weight,32,122400.0,0.00013527492410503328,0.000246768060605973,1.2157997844042256e-06,2.819008582122251e-09,7.973407264216803e-06,2.391451358795166,2.197484254837036,0.10624236613512039,5.649256229400635,0.0
v27_seed2,50,False,critic.bias,1,122400.0,2.7377112928661518e-05,2.7377112928661518e-05,4.100373729443163e-08,4.100373729443163e-08,4.100373729443163e-08,1.481453776359558,1.481453776359558,1.481453776359558,1.481453776359558,0.0
v27_seed2,50,False,rnd.predictor.net.0.weight,91136,122400.0,3.5242166518401064e-07,4.581380323998019e-07,1.2590498088549396e-11,0.0,2.301516338620857e-10,287.1781311035156,107.74510955810547,19.761873245239258,30000.001953125,0.9963899850845337
v27_seed2,50,False,rnd.predictor.net.0.bias,128,122400.0,5.635941420223389e-07,7.135206487873802e-07,3.337455312113491e-11,1.0406820370734149e-11,8.359556796788681e-11,55.335487365722656,53.618797302246094,32.77592086791992,92.70819091796875,1.0
v27_seed2,50,False,rnd.predictor.net.1.weight,128,122400.0,1.0636335900926497e-06,1.3851386029273272e-06,1.1575704284005894e-10,1.8713143881687877e-11,5.641631606323472e-10,32.560367584228516,32.2974967956543,12.625136375427246,69.1902847290039,0.5625
v27_seed2,50,False,rnd.predictor.net.1.bias,128,122400.0,1.0880057743634097e-06,1.3549168897952768e-06,1.1308787239983076e-10,4.053738941744989e-11,2.4683602384278913e-10,29.357139587402344,29.342390060424805,19.08273696899414,47.044822692871094,0.4296875
v27_seed2,50,False,rnd.predictor.net.3.weight,16384,122400.0,7.497748697460338e-07,9.98550149233779e-07,5.0941639795354376e-11,2.39036503264789e-12,9.946362622414995e-10,57.317893981933594,53.450435638427734,9.509363174438477,192.79208374023438,0.8829345703125
v27_seed2,50,False,rnd.predictor.net.3.bias,128,122400.0,1.4706220099469647e-06,1.9186643385182833e-06,2.6856894486115834e-10,5.878841857764883e-11,1.3141455701415339e-09,20.70128631591797,19.555540084838867,8.27331829071045,39.075931549072266,0.1171875
v27_seed2,50,False,rnd.predictor.net.4.weight,128,122400.0,9.852741413851618e-07,1.4116566262600827e-06,1.3212717031585441e-10,5.675357319517849e-12,6.457473999965657e-10,37.842037200927734,31.758840560913086,11.801007270812988,125.40230560302734,0.578125
v27_seed2,50,False,rnd.predictor.net.4.bias,128,122400.0,9.876238209471921e-07,1.299475343330414e-06,1.2268633331480316e-10,2.7760909890317542e-11,6.633091298446914e-10,30.715316772460938,28.6051025390625,11.643798828125,56.83042907714844,0.4375
v27_seed2,50,False,rnd.predictor.net.6.weight,8192,122400.0,1.7214623539985041e-06,2.3067752863425994e-06,2.2471317862038376e-10,5.950298413714972e-12,1.3103224061339347e-09,27.403484344482422,25.507049560546875,8.285375595092773,122.48281860351562,0.37109375
v27_seed2,50,False,rnd.predictor.net.6.bias,64,122400.0,3.727313469426008e-06,4.411132067616563e-06,1.3248866448378749e-09,9.237914877502362e-10,1.6959744719713399e-09,8.291215896606445,8.308340072631836,7.282930374145508,9.867143630981445,0.0
v27_seed2,60,False,fc1.weight,45568,146400.0,0.00010931730503216386,0.0008868612349033356,2.1785956050734967e-05,0.0,0.02519267424941063,173.00355529785156,2.9142074584960938,0.0018900971626862884,30000.001953125,0.007878336124122143
v27_seed2,60,False,fc1.bias,64,146400.0,0.00014280820323619992,0.0002464849967509508,6.405271051335149e-07,1.233940150058288e-08,1.443339806428412e-05,0.749869167804718,0.5563889741897583,0.0789652168750763,2.700443744659424,0.0
v27_seed2,60,False,norm1.weight,64,146400.0,0.0005876083159819245,0.0007929413695819676,9.748952834343072e-06,1.0693265721783973e-06,0.00010074071178678423,0.14542266726493835,0.13262426853179932,0.029889477416872978,0.29010945558547974,0.0
v27_seed2,60,False,norm1.bias,64,146400.0,0.0005010914173908532,0.0006804196746088564,8.990719834400807e-06,1.0588089480734197e-06,7.434941653627902e-05,0.13067838549613953,0.12446008622646332,0.034792207181453705,0.2915467917919159,0.0
v27_seed2,60,False,fc2.weight,2048,146400.0,0.0002704895450733602,0.00039877707604318857,2.404698307145736e-06,5.274713288372368e-08,6.0021044191671535e-05,0.3400309681892395,0.2946108281612396,0.03872299566864967,1.3061796426773071,0.0
v27_seed2,60,False,fc2.bias,32,146400.0,0.0013543101958930492,0.0017060739919543266,2.493387000868097e-05,2.8671558993664803e-06,9.358760144095868e-05,0.09064566344022751,0.0735575407743454,0.031010707840323448,0.17717117071151733,0.0
v27_seed2,60,False,norm2.weight,32,146400.0,0.0002257022715639323,0.0002831968304235488,6.590238967874029e-07,3.5806365872304013e-08,3.9079550333553925e-06,0.6668142080307007,0.6567210555076599,0.1517554521560669,1.5853246450424194,0.0
v27_seed2,60,False,norm2.bias,32,146400.0,0.0002468967577442527,0.0003016611444763839,4.800078841071809e-07,3.7764543492357916e-08,1.550865135868662e-06,0.7217654585838318,0.7186674475669861,0.24089665710926056,1.5436784029006958,0.0
v27_seed2,60,False,actor.weight,192,146400.0,4.011181590612978e-05,7.949453720357269e-05,1.2245208154126885e-06,2.7913599209838935e-10,1.878168222901877e-05,4.189708709716797,3.5507395267486572,0.06922341883182526,17.94541358947754,0.0
v27_seed2,60,False,actor.bias,6,146400.0,9.028362001117785e-06,1.0552395906415768e-05,2.3970876839030097e-08,3.1302984648817755e-09,5.4321297682236036e-08,2.822955369949341,1.797674298286438,1.2871156930923462,5.3610615730285645,0.0
v27_seed2,60,False,critic.weight,32,146400.0,0.0002566163311712444,0.00047772619291208684,1.6975172911770642e-06,3.0112894400247114e-09,1.107218395191012e-05,2.0262513160705566,1.8019548654556274,0.09015780687332153,5.4659528732299805,0.0
v27_seed2,60,False,critic.bias,1,146400.0,0.0001233547372976318,0.0001233547372976318,5.1830518543738435e-08,5.1830518543738435e-08,5.1830518543738435e-08,1.317678451538086,1.317678451538086,1.317678451538086,1.317678451538086,0.0
v27_seed2,60,False,rnd.predictor.net.0.weight,91136,146400.0,3.105330961261643e-07,4.054342070958228e-07,1.0597093515196665e-11,0.0,2.1727755705747143e-10,301.05328369140625,119.20417022705078,20.338518142700195,30000.001953125,0.9969934821128845
v27_seed2,60,False,rnd.predictor.net.0.bias,128,146400.0,4.236615609443106e-07,5.371160227696237e-07,2.7601549518196933e-11,8.301736902083245e-12,6.418823111919991e-11,60.885162353515625,58.99312210083008,37.39829635620117,103.7605209350586,1.0
v27_seed2,60,False,rnd.predictor.net.1.weight,128,146400.0,8.639646011943114e-07,1.109508957597427e-06,1.0874280642614309e-10,1.563391256731439e-11,6.369989535848219e-10,34.24150466918945,34.684967041015625,11.881734848022461,75.68163299560547,0.6171875
v27_seed2,60,False,rnd.predictor.net.1.bias,128,146400.0,8.731695970709552e-07,1.0949333955068141e-06,1.0615631984567386e-10,3.532264411520991e-11,2.4716587110340527e-10,30.536367416381836,30.29435920715332,19.07000732421875,50.39234924316406,0.515625
v27_seed2,60,False,rnd.predictor.net.3.weight,16384,146400.0,6.577016620212817e-07,8.858987143867125e-07,4.433074740628484e-11,1.7022547650971664e-12,1.0350760248911683e-09,62.65592956542969,58.53207778930664,9.321808815002441,228.1881103515625,0.90582275390625
v27_seed2,60,False,rnd.predictor.net.3.bias,128,146400.0,1.2713505839201389e-06,1.6573720813539694e-06,2.2799218069025073e-10,5.074483541700481e-11,1.287773110369983e-09,22.62884521484375,21.774948120117188,8.35758113861084,42.05485534667969,0.15625
v27_seed2,60,False,rnd.predictor.net.4.weight,128,146400.0,9.492922572462703e-07,1.4211973393685184e-06,1.204061295112524e-10,5.4253285891592284e-12,6.219010861840957e-10,40.59085464477539,35.8878059387207,12.025038719177246,128.24716186523438,0.5859375
v27_seed2,60,False,rnd.predictor.net.4.bias,128,146400.0,8.912422799767228e-07,1.1852052921312861e-06,1.114289008286029e-10,2.620325310898064e-11,7.307121574484654e-10,32.31177520751953,30.643768310546875,11.093981742858887,58.49195098876953,0.5390625
v27_seed2,60,False,rnd.predictor.net.6.weight,8192,146400.0,1.5750637203382212e-06,2.076489636237966e-06,2.2193472060116903e-10,6.194927383573745e-12,1.3993597391959156e-09,27.912263870239258,25.62847328186035,8.017528533935547,120.04989624023438,0.381103515625
v27_seed2,60,False,rnd.predictor.net.6.bias,64,146400.0,3.2475186344527174e-06,3.9225783439178485e-06,1.2358194467765315e-09,9.399788725161784e-10,1.7256122086806158e-09,8.583562850952148,8.513677597045898,7.2201313972473145,9.781841278076172,0.0
v27_seed2,70,False,fc1.weight,45568,170400.0,9.672960004536435e-05,0.0007437427993863821,2.1762063624919392e-05,0.0,0.033189766108989716,172.8842010498047,2.891023874282837,0.0016467176610603929,30000.001953125,0.006078827194869518
v27_seed2,70,False,fc1.bias,64,170400.0,8.757868636166677e-05,0.0001376776781398803,7.130142876121681e-07,1.782346714662708e-08,2.0686375137302093e-05,0.7345525622367859,0.5624750256538391,0.0659596174955368,2.246946096420288,0.0
v27_seed2,70,False,norm1.weight,64,170400.0,0.0004178501258138567,0.0005226197536103427,1.0502454642846715e-05,1.2736728649542783e-06,0.00016153840988408774,0.13899779319763184,0.13717786967754364,0.023603858426213264,0.26582053303718567,0.0
v27_seed2,70,False,norm1.bias,64,170400.0,0.0004348475195001811,0.0005321511998772621,1.0331694284104742e-05,1.5481749642276554e-06,0.00012877948756795377,0.12440170347690582,0.12140247225761414,0.026436109095811844,0.241105854511261,0.0
v27_seed2,70,False,fc2.weight,2048,170400.0,0.00021401382400654256,0.00031057835440151393,2.7409341782913543e-06,5.308267247983167e-08,5.850812158314511e-05,0.3125973045825958,0.26975131034851074,0.039220456033945084,1.302045226097107,0.0
v27_seed2,70,False,fc2.bias,32,170400.0,0.0009439168497920036,0.0012439247220754623,3.122165071545169e-05,3.421514975343598e-06,0.00012512541434261948,0.08133594691753387,0.06973548233509064,0.026819342747330666,0.16218462586402893,0.0
v27_seed2,70,False,norm2.weight,32,170400.0,0.00021763285622000694,0.00029843568336218596,9.107634468819015e-07,2.9936042977851685e-08,6.282370577537222e-06,0.6100523471832275,0.6052800416946411,0.11968997865915298,1.733799934387207,0.0
v27_seed2,70,False,norm2.bias,32,170400.0,0.0002147154591511935,0.00028544061933644116,6.281252922235581e-07,4.057402591683967e-08,2.160681560781086e-06,0.6580390334129333,0.6435973048210144,0.20409055054187775,1.489277720451355,0.0
v27_seed2,70,False,actor.weight,192,170400.0,0.0001644126750761643,0.0003699887602124363,1.3578413700088277e-06,2.6491198124034554e-10,1.931462247739546e-05,3.7197935581207275,2.886383056640625,0.06826171278953552,18.420597076416016,0.0
v27_seed2,70,False,actor.bias,6,170400.0,4.302902743802406e-05,4.626459121936932e-05,2.8531431439660082e-08,6.208599412360627e-09,5.319232343481417e-08,2.306630849838257,1.5277643203735352,1.300702452659607,3.8068814277648926,0.0
v27_seed2,70,False,critic.weight,32,170400.0,0.00028074084548279643,0.0005329124396666884,2.3946361125126714e-06,3.1088394081280057e-09,1.6817988580442034e-05,1.8808841705322266,1.6668838262557983,0.07315317541360855,5.379528999328613,0.0
v27_seed2,70,False,critic.bias,1,170400.0,0.00010797632421599701,0.00010797632421599701,6.883998793227875e-08,6.883998793227875e-08,6.883998793227875e-08,1.143363356590271,1.143363356590271,1.143363356590271,1.143363356590271,0.0
v27_seed2,70,False,rnd.predictor.net.0.weight,91136,170400.0,2.6266420150022896e-07,3.4524569514360337e-07,8.484687778753663e-12,0.0,1.7808288177434406e-10,317.80523681640625,134.742431640625,22.463884353637695,30000.001953125,0.9990124702453613
v27_seed2,70,False,rnd.predictor.net.0.bias,128,170400.0,3.679777478282631e-07,4.5014570559942513e-07,2.2355717971267453e-11,6.585000340147973e-12,5.472312533671975e-11,67.53671264648438,65.50752258300781,40.499454498291016,116.4539566040039,1.0
v27_seed2,70,False,rnd.predictor.net.1.weight,128,170400.0,7.640272770004231e-07,9.633326953917276e-07,9.607618867146783e-11,1.252556044994968e-11,4.393748143094456e-10,36.11647415161133,34.99825668334961,14.305285453796387,84.5273666381836,0.671875
v27_seed2,70,False,rnd.predictor.net.1.bias,128,170400.0,7.889752851042431e-07,9.674957937022555e-07,9.538898837480048e-11,3.03720902594673e-11,2.582947189466722e-10,32.094932556152344,31.672452926635742,18.654918670654297,54.337120056152344,0.6328125
v27_seed2,70,False,rnd.predictor.net.3.weight,16384,170400.0,5.647059992952563e-07,7.733308393653715e-07,3.749293236987583e-11,1.2070409775855051e-12,8.86854312209806e-10,70.47205352783203,64.94932556152344,10.070460319519043,270.598388671875,0.92901611328125
v27_seed2,70,False,rnd.predictor.net.3.bias,128,170400.0,1.0117821602761978e-06,1.3958067484054482e-06,1.9947836438216626e-10,3.575747337114521e-11,1.523656201207757e-09,24.788320541381836,23.797536849975586,7.683631420135498,50.08552169799805,0.1875
v27_seed2,70,False,rnd.predictor.net.4.weight,128,170400.0,7.940735144984501e-07,1.0862888757401379e-06,1.0873069805628077e-10,3.1078891630370586e-12,7.110698696521922e-10,44.566810607910156,36.19721221923828,11.246109008789062,169.2123260498047,0.625
v27_seed2,70,False,rnd.predictor.net.4.bias,128,170400.0,7.520556550844049e-07,9.81359335128218e-07,1.032735494344017e-10,2.020504943911483e-11,8.892137026705882e-10,34.0561637878418,31.720827102661133,10.05709457397461,66.59263610839844,0.6171875
v27_seed2,70,False,rnd.predictor.net.6.weight,8192,170400.0,1.3733881587540964e-06,1.8121642142432393e-06,1.9434509557214596e-10,5.944656659290226e-12,1.2097518542475427e-09,30.08238410949707,27.241230010986328,8.62279987335205,122.54069519042969,0.4295654296875
v27_seed2,70,False,rnd.predictor.net.6.bias,64,170400.0,2.506139935576357e-06,2.9758984965155832e-06,1.1146028544573028e-09,8.334851697711088e-10,1.407389871310727e-09,9.025146484375,9.10102653503418,7.99462890625,10.387761116027832,0.0
v27_seed2,80,False,fc1.weight,45568,194400.0,0.0001112018435378559,0.0009091817191801965,2.1767487851320766e-05,0.0,0.024950483813881874,173.111083984375,3.128150463104248,0.0018992482218891382,30000.001953125,0.007000526878982782
v27_seed2,80,False,fc1.bias,64,194400.0,9.683480311650783e-05,0.00014074220962356776,6.068067364140006e-07,1.4618772858909779e-08,1.2783267266058829e-05,0.7224329113960266,0.6339512467384338,0.08390717953443527,2.48101806640625,0.0
v27_seed2,80,False,norm1.weight,64,194400.0,0.0004379414895083755,0.0006607418181374669,9.826591849559918e-06,1.1753052149288123e-06,0.00014591468789149076,0.139673113822937,0.13865970075130463,0.024835413321852684,0.27672091126441956,0.0
v27_seed2,80,False,norm1.bias,64,194400.0,0.0004607723676599562,0.0005944067379459739,1.0389519047748763e-05,1.7158837408715044e-06,0.00014909279707353562,0.12482277303934097,0.12342549115419388,0.02456928789615631,0.22902032732963562,0.0
v27_seed2,80,False,fc2.weight,2048,194400.0,0.00023858163331169635,0.0003681513189803809,2.65549851974356e-06,4.633502470596795e-08,5.5512420658487827e-05,0.31766045093536377,0.26886501908302307,0.040264807641506195,1.3936265707015991,0.0
v27_seed2,80,False,fc2.bias,32,194400.0,0.0007369957747869194,0.000921727332752198,3.3167241781484336e-05,2.757440597633831e-06,0.00013869434769731015,0.08005870878696442,0.06888095289468765,0.025473671033978462,0.18066146969795227,0.0
v27_seed2,80,False,norm2.weight,32,194400.0,0.00018367753364145756,0.0002972886723000556,9.389505066792481e-07,4.1560845431831694e-08,6.554804258485092e-06,0.5927976369857788,0.5728585720062256,0.11717628687620163,1.4714916944503784,0.0
v27_seed2,80,False,norm2.bias,32,194400.0,0.0001235778909176588,0.00018659899069461972,6.581125262528076e-07,4.8954607478890466e-08,2.232232418464264e-06,0.6467360258102417,0.600291907787323,0.2007930427789688,1.355828881263733,0.0
v27_seed2,80,False,actor.weight,192,194400.0,3.791614653891884e-05,0.0001032636355375871,8.732656056054111e-07,2.806141707889509e-10,1.2309935300436337e-05,4.103723049163818,2.9721479415893555,0.08550512045621872,17.898113250732422,0.0
v27_seed2,80,False,actor.bias,6,194400.0,1.2652676559810061e-05,1.7779213521862403e-05,2.053046443961648e-08,6.6041265789351655e-09,4.260810371192747e-08,2.521071672439575,2.028158187866211,1.453296184539795,3.6911370754241943,0.0
v27_seed2,80,False,critic.weight,32,194400.0,0.000254102167673409,0.0004894877201877534,2.470548679411877e-06,4.004937270707387e-09,1.7906855646288022e-05,1.823688268661499,1.569387435913086,0.07089418172836304,4.739743232727051,0.0
v27_seed2,80,False,critic.bias,1,194400.0,4.0430524677503854e-05,4.0430524677503854e-05,7.026143578059418e-08,7.026143578059418e-08,7.026143578059418e-08,1.1317392587661743,1.1317392587661743,1.1317392587661743,1.1317392587661743,0.0
v27_seed2,80,False,rnd.predictor.net.0.weight,91136,194400.0,1.5167746880706545e-07,1.963648657010708e-07,5.151376287343412e-12,0.0,1.4974040063453486e-10,383.2462158203125,198.20361328125,24.496105194091797,30000.001953125,0.9990893006324768
v27_seed2,80,False,rnd.predictor.net.0.bias,128,194400.0,1.9924101479773526e-07,2.530786957777309e-07,1.3001715155891436e-11,3.822882548715212e-12,3.210631066563607e-11,90.22189331054688,86.69210815429688,52.851863861083984,152.6547393798828,1.0
v27_seed2,80,False,rnd.predictor.net.1.weight,128,194400.0,4.665584469876194e-07,5.789359533991956e-07,6.447179595747698e-11,6.839227968680195e-12,5.401448732733627e-10,47.98492431640625,49.10792922973633,12.90266227722168,114.27737426757812,0.828125
v27_seed2,80,False,rnd.predictor.net.1.bias,128,194400.0,4.3656120851665037e-07,5.439105734694749e-07,6.32402324951542e-11,1.959300603704417e-11,1.8028646631140788e-10,40.595252990722656,40.752708435058594,22.326282501220703,67.6224136352539,0.8984375
v27_seed2,80,False,rnd.predictor.net.3.weight,16384,194400.0,3.1002451805761666e-07,4.433422873262316e-07,1.9988746768895282e-11,4.1525425676161576e-13,7.251267919450299e-10,106.37471008300781,95.93708801269531,11.13661003112793,458.43365478515625,0.97088623046875
v27_seed2,80,False,rnd.predictor.net.3.bias,128,194400.0,6.317690122159547e-07,7.847057759136078e-07,1.0798235916542609e-10,1.6107401870635307e-11,3.5127475928042884e-10,33.96478271484375,31.77778434753418,15.998016357421875,74.56375885009766,0.578125
v27_seed2,80,False,rnd.predictor.net.4.weight,128,194400.0,4.585213844165992e-07,6.1881871715741e-07,6.32993588101094e-11,1.0151938968291918e-12,5.013592874192341e-10,66.16357421875,52.26887130737305,13.392227172851562,294.82049560546875,0.8125
v27_seed2,80,False,rnd.predictor.net.4.bias,128,194400.0,4.5203393028714345e-07,5.688624469257775e-07,5.707788408582104e-11,7.782868099992513e-12,1.630074270009274e-10,46.258331298828125,43.73416519165039,23.47888946533203,107.15131378173828,0.8671875
v27_seed2,80,False,rnd.predictor.net.6.weight,8192,194400.0,7.444521088473266e-07,1.0000628662965028e-06,1.0015308027355729e-10,3.077225540354389e-12,1.0294902708096743e-09,45.23272705078125,40.97309875488281,9.347055435180664,170.0485382080078,0.6617431640625
v27_seed2,80,False,rnd.predictor.net.6.bias,64,194400.0,1.502647592133144e-06,1.9107885691482807e-06,5.79984171800163e-10,4.6558382149619604e-10,8.104289461741132e-10,12.50406265258789,12.440754890441895,10.534435272216797,13.897001266479492,0.0
v27_seed2,90,True,fc1.weight,45568,218400.0,0.00010642884444678202,0.00084177270764485,2.1747757273260504e-05,0.0,0.0258000660687685,172.92343139648438,3.011575698852539,0.0018677160842344165,30000.001953125,0.006320224609225988
v27_seed2,90,True,fc1.bias,64,218400.0,0.00011479386739665642,0.00024661511997692287,6.40423706954607e-07,1.442870978252131e-08,1.5640403944416903e-05,0.7440106868743896,0.67066890001297,0.07585709542036057,2.4973037242889404,0.0
v27_seed2,90,True,norm1.weight,64,218400.0,0.00047288741916418076,0.0006854106904938817,1.0474879672983661e-05,1.136086893893662e-06,0.00015992367116268724,0.13454481959342957,0.12894633412361145,0.023722724989056587,0.2814565896987915,0.0
v27_seed2,90,True,norm1.bias,64,218400.0,0.0004900796920992434,0.0006159043405205011,1.1496575098135509e-05,1.8567662891655345e-06,0.00018189754337072372,0.12027048319578171,0.1189768835902214,0.02224372699856758,0.22016052901744843,0.0
v27_seed2,90,True,fc2.weight,2048,218400.0,0.00027644835063256323,0.00043647392885759473,2.923606189142447e-06,5.259930446754879e-08,6.863941962365061e-05,0.30384865403175354,0.2620605230331421,0.036210451275110245,1.3080137968063354,0.0
v27_seed2,90,True,fc2.bias,32,218400.0,0.0010015079751610756,0.0013628819724544883,3.928814840037376e-05,3.143054755128105e-06,0.00016919118934310973,0.07557062804698944,0.06655507534742355,0.023063862696290016,0.1692165583372116,0.0
v27_seed2,90,True,norm2.weight,32,218400.0,0.00024519977159798145,0.0003294795169495046,1.1631616416707402e-06,4.262246733333086e-08,9.455423423787579e-06,0.5542334914207458,0.5079345703125,0.09756170213222504,1.453051209449768,0.0
v27_seed2,90,True,norm2.bias,32,218400.0,0.00022207344591151923,0.0002891372423619032,8.11922291177325e-07,5.59458541715685e-08,2.8522183583845617e-06,0.5959390997886658,0.5537299513816833,0.17763450741767883,1.2682911157608032,0.0
v27_seed2,90,True,actor.weight,192,218400.0,7.371612446149811e-05,0.00016065897943917662,9.211542533194006e-07,2.655881625734935e-10,1.321096806350397e-05,4.084726333618164,3.265852689743042,0.08253777027130127,18.39714813232422,0.0
v27_seed2,90,True,actor.bias,6,218400.0,2.5477076633251272e-05,2.9501674362109043e-05,1.9334914114210733e-08,7.818178104912477e-09,3.2353522527728273e-08,2.361344575881958,1.9804003238677979,1.6677707433700562,3.392496347427368,0.0
v27_seed2,90,True,critic.weight,32,218400.0,0.0002895642537623644,0.0005349817802198231,3.0799560590821784e-06,4.461694569357633e-09,2.4878310796339065e-05,1.7227914333343506,1.5815320014953613,0.06014644727110863,4.4906206130981445,0.0
v27_seed2,90,True,critic.bias,1,218400.0,0.0001195340882986784,0.0001195340882986784,9.075876050701481e-08,9.075876050701481e-08,9.075876050701481e-08,0.9957780241966248,0.9957780241966248,0.9957780241966248,0.9957780241966248,0.0
v27_seed2,90,True,rnd.predictor.net.0.weight,91136,218400.0,1.3772530849109899e-07,1.7953031772321992e-07,4.41174267257205e-12,0.0,1.1733090887755537e-10,398.0367736816406,213.4014434814453,27.67032814025879,30000.001953125,0.9998244643211365
v27_seed2,90,True,rnd.predictor.net.0.bias,128,218400.0,1.655146206758218e-07,2.1534653171784157e-07,1.134659553814199e-11,3.560388745979526e-12,2.747465796537618e-11,95.96261596679688,92.7112045288086,57.12514877319336,158.15284729003906,1.0
v27_seed2,90,True,rnd.predictor.net.1.weight,128,218400.0,4.1407986373087624e-07,5.365546371649543e-07,5.898527499770267e-11,7.009911748290243e-12,4.818651588855971e-10,49.64409255981445,49.44639205932617,13.660314559936523,112.88279724121094,0.8515625
v27_seed2,90,True,rnd.predictor.net.1.bias,128,218400.0,3.6611726272894884e-07,4.813549026039254e-07,5.8115644241407693e-11,1.943419730698892e-11,1.514707526073522e-10,42.001564025878906,42.24215316772461,24.355899810791016,67.89752197265625,0.90625
v27_seed2,90,True,rnd.predictor.net.3.weight,16384,218400.0,2.819564031142363e-07,3.858437764847622e-07,1.7635559679263224e-11,3.6584765165242894e-13,5.473985154047512e-10,113.56103515625,102.13541412353516,12.816925048828125,487.9211730957031,0.9776611328125
v27_seed2,90,True,rnd.predictor.net.3.bias,128,218400.0,4.613824557964108e-07,6.10734389283607e-07,9.60880333633618e-11,1.285167978981594e-11,4.3382183956275355e-10,36.10623550415039,33.13203811645508,14.396505355834961,83.45100402832031,0.625
v27_seed2,90,True,rnd.predictor.net.4.weight,128,218400.0,3.845186995476979e-07,5.267901315164636e-07,5.770635705393268e-11,9.528205047876215e-13,4.4076320371289057e-10,68.94270324707031,54.86796188354492,14.28274917602539,304.2209777832031,0.8359375
v27_seed2,90,True,rnd.predictor.net.4.bias,128,218400.0,3.38914105668664e-07,4.367938117866288e-07,5.282084838964529e-11,7.052447601602063e-12,1.7307634492258472e-10,48.2080078125,44.219810485839844,22.786226272583008,112.54315185546875,0.9140625
v27_seed2,90,True,rnd.predictor.net.6.weight,8192,218400.0,7.063582074806618e-07,9.515287615613488e-07,9.357362801276636e-11,2.77513992688605e-12,9.51375422886258e-10,46.98969268798828,42.11732482910156,9.723094940185547,179.0109405517578,0.6717529296875
v27_seed2,90,True,rnd.predictor.net.6.bias,64,218400.0,1.1030862197003444e-06,1.4883364656270714e-06,5.427113758393887e-10,4.405389664174919e-10,7.235510524061795e-10,12.913479804992676,12.876127243041992,11.148725509643555,14.286380767822266,0.0
v27_seed2,100,False,fc1.weight,45568,242400.0,0.00011763895599870011,0.001152722747065127,2.173054963350296e-05,0.0,0.038830142468214035,172.6156463623047,2.7670738697052,0.0015224278904497623,30000.001953125,0.006122717633843422
v27_seed2,100,False,fc1.bias,64,242400.0,9.128462988883257e-05,0.0001585336576681584,6.912953267601551e-07,1.658273340865435e-08,2.0752830096171238e-05,0.7576072812080383,0.607083261013031,0.06585392355918884,2.3294827938079834,0.0
v27_seed2,100,False,norm1.weight,64,242400.0,0.0004081230144947767,0.0005329537088982761,1.3173609659133945e-05,1.0228962992187007e-06,0.0001957504719030112,0.12497291713953018,0.11890807747840881,0.02144221030175686,0.29662051796913147,0.0
v27_seed2,100,False,norm1.bias,64,242400.0,0.0004618212697096169,0.0006030681543052197,1.3298364137881435e-05,1.8867693825086462e-06,0.000210322774364613,0.11426550149917603,0.11065904796123505,0.020686062052845955,0.21840305626392365,0.0
v27_seed2,100,False,fc2.weight,2048,242400.0,0.0002506060409359634,0.0003640448849182576,3.1416625461133663e-06,7.526072920427396e-08,7.629817264387384e-05,0.29508113861083984,0.25627401471138,0.03434501215815544,1.093506097793579,0.0
v27_seed2,100,False,fc2.bias,32,242400.0,0.0006140060722827911,0.0008470042957924306,3.8554120692424476e-05,3.18976503876911e-06,0.00016700725245755166,0.07487795501947403,0.06912227720022202,0.023214174434542656,0.16797299683094025,0.0
v27_seed2,100,False,norm2.weight,32,242400.0,0.00020922042313031852,0.00032914639450609684,1.3310999520399491e-06,5.105440692432239e-08,1.0805145393533166e-05,0.49430960416793823,0.43022263050079346,0.09126508235931396,1.3276556730270386,0.0
v27_seed2,100,False,norm2.bias,32,242400.0,0.00012968297232873738,0.00016861464246176183,9.097748261410743e-07,6.506468963607404e-08,3.1315371415985283e-06,0.5270332098007202,0.4919736087322235,0.16952745616436005,1.1760655641555786,0.0
v27_seed2,100,False,actor.weight,192,242400.0,9.333685011370108e-05,0.00020996200328227133,1.188376813843206e-06,4.2953779422205685e-10,2.2147027266328223e-05,3.8069255352020264,3.153773784637451,0.06374742835760117,14.468085289001465,0.0
v27_seed2,100,False,actor.bias,6,242400.0,1.7927932276506908e-05,2.2072255887906067e-05,2.6046203416285607e-08,8.871183787562131e-09,5.3767795549219954e-08,2.172912836074829,1.7319985628128052,1.2937233448028564,3.184816598892212,0.0
v27_seed2,100,False,critic.weight,32,242400.0,0.00026116555090993643,0.0004986896528862417,3.396609372430248e-06,4.645143825143805e-09,2.769017191894818e-05,1.5403627157211304,1.325252652168274,0.057010866701602936,4.401066780090332,0.0
v27_seed2,100,False,critic.bias,1,242400.0,2.75118145509623e-05,2.75118145509623e-05,9.737605921600334e-08,9.737605921600334e-08,9.737605921600334e-08,0.9613493084907532,0.9613493084907532,0.9613493084907532,0.9613493084907532,0.0
v27_seed2,100,False,rnd.predictor.net.0.weight,91136,242400.0,1.236747806387939e-07,1.610531086271294e-07,5.03076313246309e-12,0.0,1.9101875636806653e-10,405.443115234375,218.065185546875,21.690479278564453,30000.001953125,0.9982882738113403
v27_seed2,100,False,rnd.predictor.net.0.bias,128,242400.0,2.0257570554349513e-07,2.430787731100281e-07,1.1966154629672321e-11,2.642495814178525e-12,5.164745020547201e-11,97.67008972167969,96.10377502441406,41.68626403808594,183.4216766357422,1.0
v27_seed2,100,False,rnd.predictor.net.1.weight,128,242400.0,5.025402174396731e-07,6.135921353234153e-07,6.787508055605684e-11,5.826219281329648e-12,7.520941647243262e-10,50.98545837402344,52.65510177612305,10.935201644897461,123.77484130859375,0.84375
v27_seed2,100,False,rnd.predictor.net.1.bias,128,242400.0,4.840644578507636e-07,5.758212751061365e-07,6.524915330263781e-11,1.7342719274560103e-11,2.8344024349813424e-10,41.673465728759766,41.662109375,17.8087158203125,71.86560821533203,0.8671875
v27_seed2,100,False,rnd.predictor.net.3.weight,16384,242400.0,2.571912602888915e-07,3.614925674355618e-07,1.8241453486611547e-11,2.887218459105001e-13,8.101438964125407e-10,120.88697052001953,107.8764877319336,10.536287307739258,548.1170043945312,0.968994140625
v27_seed2,100,False,rnd.predictor.net.3.bias,128,242400.0,5.621943728328915e-07,7.348982080657152e-07,9.428516301035472e-11,1.1157793439187103e-11,4.0073691587316773e-10,37.60520935058594,35.236228942871094,14.978719711303711,89.54347229003906,0.65625
v27_seed2,100,False,rnd.predictor.net.4.weight,128,242400.0,4.477082882203831e-07,6.336733235912106e-07,6.058163692923557e-11,7.833191560668862e-13,4.78956097005323e-10,71.92045593261719,54.49106979370117,13.701717376708984,335.1756286621094,0.8046875
v27_seed2,100,False,rnd.predictor.net.4.bias,128,242400.0,4.276500646938075e-07,5.619151579594472e-07,5.3838454527888047e-11,6.6923554371822735e-12,1.959086920466646e-10,49.23997497558594,45.81866455078125,21.418264389038086,115.5197525024414,0.890625
v27_seed2,100,False,rnd.predictor.net.6.weight,8192,242400.0,6.661980478384066e-07,9.01598355085298e-07,9.332216249768877e-11,2.641910995526686e-12,1.4266480219404798e-09,48.681640625,44.036651611328125,7.940500736236572,183.4418487548828,0.692626953125
v27_seed2,100,False,rnd.predictor.net.6.bias,64,242400.0,1.5463563158846227e-06,1.8750536128209205e-06,5.193447893958592e-10,4.256639207778079e-10,7.060826923144248e-10,13.229101181030273,13.336681365966797,11.285740852355957,14.533740997314453,0.0
v27_seed2,110,False,fc1.weight,45568,266400.0,0.00011541428830241784,0.0008379390346817672,2.1723139070672914e-05,0.0,0.05107167735695839,172.39918518066406,2.7280242443084717,0.0013274898519739509,30000.001953125,0.005771594122052193
v27_seed2,110,False,fc1.bias,64,266400.0,0.00010229180770693347,0.00013611222675535828,7.617620667588199e-07,1.8709540583472517e-08,2.555074570409488e-05,0.7456524968147278,0.6183268427848816,0.05934971198439598,2.1930975914001465,0.0
v27_seed2,110,False,norm1.weight,64,266400.0,0.0006646044785156846,0.0008620409062132239,1.2059605069225654e-05,1.1372578683221946e-06,0.00016754517855588347,0.12241662293672562,0.12036145478487015,0.023176880553364754,0.28131166100502014,0.0
v27_seed2,110,False,norm1.bias,64,266400.0,0.0006304007256403565,0.0007811381365172565,1.3356833733269013e-05,2.062496832877514e-06,0.00021794317581225187,0.11074720323085785,0.10590139031410217,0.020321199670433998,0.20889189839363098,0.0
v27_seed2,110,False,fc2.weight,2048,266400.0,0.0003265655250288546,0.0004928173730149865,3.2437365007353947e-06,8.879797519512067e-08,7.787452341290191e-05,0.2878647446632385,0.2557470202445984,0.033995628356933594,1.0067118406295776,0.0
v27_seed2,110,False,fc2.bias,32,266400.0,0.0007483925437554717,0.0010893101571127772,4.2051404307130724e-05,3.4135216537833912e-06,0.00018087864737026393,0.07274607568979263,0.07338601350784302,0.0223062876611948,0.16237442195415497,0.0
v27_seed2,110,False,norm2.weight,32,266400.0,0.00011937394447159022,0.00014872975589241832,1.5465557225979865e-06,6.494364157560994e-08,1.173974851553794e-05,0.47529280185699463,0.4392346143722534,0.08755694329738617,1.1771610975265503,0.0
v27_seed2,110,False,norm2.bias,32,266400.0,0.00010875672160182148,0.00013420364120975137,1.0175781426369213e-06,7.155445302942098e-08,3.4736908673949074e-06,0.5234838724136353,0.50328528881073,0.16096200048923492,1.1214674711227417,0.0
v27_seed2,110,False,actor.weight,192,266400.0,0.00014844741963315755,0.00044546465505845845,1.446145574846014e-06,2.5110927226457136e-10,2.6151963538723066e-05,4.434727191925049,3.6795780658721924,0.058663543313741684,18.919771194458008,0.0
v27_seed2,110,False,actor.bias,6,266400.0,3.9325954276137054e-05,6.023887181072496e-05,2.5874895115407526e-08,4.637988659794701e-09,5.450030826636976e-08,2.3252546787261963,1.70522141456604,1.285000205039978,4.4044599533081055,0.0
v27_seed2,110,False,critic.weight,32,266400.0,5.933771899435669e-05,8.250217069871724e-05,4.038236511405557e-06,5.519494195027619e-09,3.047498466912657e-05,1.472594976425171,1.2258082628250122,0.05434364080429077,4.037506103515625,0.0
v27_seed2,110,False,critic.bias,1,266400.0,3.2464788091601804e-05,3.2464788091601804e-05,1.0938889261069562e-07,1.0938889261069562e-07,1.0938889261069562e-07,0.9070296883583069,0.9070296883583069,0.9070296883583069,0.9070296883583069,0.0
v27_seed2,110,False,rnd.predictor.net.0.weight,91136,266400.0,1.3850237223778095e-07,1.8354566577727383e-07,3.735226971474104e-12,0.0,1.2892241441075925e-10,422.0675354003906,235.05593872070312,26.398223876953125,30000.001953125,0.999780535697937
v27_seed2,110,False,rnd.predictor.net.0.bias,128,266400.0,1.7660914863881771e-07,2.2371277452748473e-07,9.512635470998454e-12,2.7825543518628093e-12,2.8028291493287227e-11,106.05573272705078,104.1353759765625,56.55922317504883,178.7737274169922,1.0
v27_seed2,110,False,rnd.predictor.net.1.weight,128,266400.0,4.623863674169115e-07,5.993506420054473e-07,5.419971416120717e-11,6.2691709462603384e-12,5.680799164409223e-10,53.36197280883789,53.98989486694336,12.58155632019043,119.33977508544922,0.875
v27_seed2,110,False,rnd.predictor.net.1.bias,128,266400.0,4.054887199345103e-07,5.141861834090378e-07,5.252626111840186e-11,1.7403542149074802e-11,1.584253700448457e-10,44.61382293701172,45.74712371826172,23.815738677978516,71.7402114868164,0.9296875
v27_seed2,110,False,rnd.predictor.net.3.weight,16384,266400.0,2.7362688115317724e-07,3.774864865135896e-07,1.4504163495243638e-11,2.810391622112135e-13,4.3149339656878283e-10,127.46707916259766,114.33214569091797,14.43527889251709,555.4205322265625,0.9835205078125
v27_seed2,110,False,rnd.predictor.net.3.bias,128,266400.0,4.720308766081871e-07,5.981503932162013e-07,7.863337758706734e-11,1.0048977275300963e-11,4.217869664646656e-10,40.15715789794922,37.04363250732422,14.600350379943848,94.33927154541016,0.71875
v27_seed2,110,False,rnd.predictor.net.4.weight,128,266400.0,4.2341088146713446e-07,5.449334139484563e-07,5.003580189066881e-11,7.16194844315593e-13,3.618053356913009e-10,73.8204116821289,58.688720703125,15.763604164123535,350.35150146484375,0.859375
v27_seed2,110,False,rnd.predictor.net.4.bias,128,266400.0,3.7554286791419145e-07,4.6682743004566873e-07,4.6556199867486825e-11,5.981044218922316e-12,1.865032572823111e-10,51.62584686279297,47.786373138427734,21.951295852661133,122.16888427734375,0.953125
v27_seed2,110,False,rnd.predictor.net.6.weight,8192,266400.0,7.250112048495794e-07,9.810645451580058e-07,8.119886013568944e-11,2.2579410129813793e-12,8.487971991932852e-10,50.51640319824219,44.71683120727539,10.293670654296875,198.32815551757812,0.7247314453125
v27_seed2,110,False,rnd.predictor.net.6.bias,64,266400.0,1.4840391031611944e-06,1.8161030084229424e-06,4.697822686416941e-10,3.6580763418392337e-10,6.099734051190353e-10,13.882852554321289,13.846488952636719,12.141993522644043,15.677176475524902,0.0
v27_seed2,120,False,fc1.weight,45568,290400.0,9.281768143409863e-05,0.0007119822548702359,2.1736857888754457e-05,0.0,0.029510710388422012,172.3765106201172,2.675853967666626,0.001746350433677435,30000.001953125,0.0057935393415391445
v27_seed2,120,False,fc1.bias,64,290400.0,7.994360930752009e-05,0.00012669416901189834,5.969738481326203e-07,1.675706329251625e-08,1.5370573237305507e-05,0.7765583992004395,0.6240606904029846,0.07652003318071365,2.3173346519470215,0.0
v27_seed2,120,False,norm1.weight,64,290400.0,0.00046985293738543987,0.0007055361056700349,1.2621336281881668e-05,1.0120553497472429e-06,0.00018347457807976753,0.12154528498649597,0.116150863468647,0.022147923707962036,0.2982049286365509,0.0
v27_seed2,120,False,norm1.bias,64,290400.0,0.0004800815077032894,0.000632367271464318,1.3455677617457695e-05,1.9608830825745827e-06,0.00021983102487865835,0.11055931448936462,0.10528053343296051,0.020233754068613052,0.21423593163490295,0.0
v27_seed2,120,False,fc2.weight,2048,290400.0,0.0002559349231887609,0.0003896183625329286,2.9947614166303538e-06,5.848318451739942e-08,6.683359242742881e-05,0.30561113357543945,0.26695516705513,0.03669638931751251,1.2404744625091553,0.0
v27_seed2,120,False,fc2.bias,32,290400.0,0.0008244873024523258,0.001111451187171042,3.8316677091643214e-05,3.04396803585405e-06,0.0001603750861249864,0.07553347945213318,0.07882727682590485,0.023689312860369682,0.17194864153862,0.0
v27_seed2,120,False,norm2.weight,32,290400.0,0.00023301778128370643,0.00033721415093168616,1.3487809837897657e-06,7.224672060601733e-08,1.059656005963916e-05,0.4848713278770447,0.45937567949295044,0.09215894341468811,1.1160818338394165,0.0
v27_seed2,120,False,norm2.bias,32,290400.0,0.00020182805019430816,0.0002609018702059984,9.179690323435352e-07,6.574759936484043e-08,3.173170853187912e-06,0.5350456237792969,0.4699747860431671,0.16841164231300354,1.169942021369934,0.0
v27_seed2,120,False,actor.weight,192,290400.0,0.00010936948092421517,0.00023643842723686248,1.4476642036242993e-06,4.1880635071045447e-10,2.1253250451991335e-05,3.8723278045654297,3.2521517276763916,0.06507402658462524,14.65218734741211,0.0
v27_seed2,120,False,actor.bias,6,290400.0,2.0281877368688583e-05,2.5083572836592793e-05,2.6597438917974614e-08,7.815242675235368e-09,4.508093454091977e-08,2.057828903198242,1.8132200241088867,1.4128769636154175,3.3931334018707275,0.0
v27_seed2,120,False,critic.weight,32,290400.0,0.00028245471185073256,0.0005460808170028031,3.4380705073999707e-06,4.621679927652167e-09,2.7500433134264313e-05,1.5181586742401123,1.3013333082199097,0.057207200676202774,4.4122233390808105,0.0
v27_seed2,120,False,critic.bias,1,290400.0,9.156642045127228e-05,9.156642045127228e-05,9.828475100448486e-08,9.828475100448486e-08,9.828475100448486e-08,0.956895112991333,0.956895112991333,0.956895112991333,0.956895112991333,0.0
v27_seed2,120,False,rnd.predictor.net.0.weight,91136,290400.0,1.3162774337160954e-07,1.7231265303507826e-07,3.538884463250014e-12,0.0,1.0177481774009678e-10,420.89862060546875,229.5925750732422,29.707822799682617,30000.001953125,0.9999561309814453
v27_seed2,120,False,rnd.predictor.net.0.bias,128,290400.0,1.7102404115121317e-07,2.3477905131130683e-07,9.188845864760431e-12,2.3677054240833773e-12,2.4559555777958764e-11,107.41976928710938,105.21240234375,60.41372299194336,193.70648193359375,1.0
v27_seed2,120,False,rnd.predictor.net.1.weight,128,290400.0,4.717306012480549e-07,6.313588301054551e-07,5.3809436073581907e-11,6.243983628750893e-12,4.843236922624783e-10,52.32757568359375,51.80826950073242,13.625614166259766,119.57926177978516,0.859375
v27_seed2,120,False,rnd.predictor.net.1.bias,128,290400.0,4.221394078740559e-07,5.424973892331764e-07,5.2742411132955525e-11,1.767762325410871e-11,1.4187911956398125e-10,44.06250762939453,44.48530578613281,25.165037155151367,71.18321990966797,0.9296875
v27_seed2,120,False,rnd.predictor.net.3.weight,16384,290400.0,2.654988406902703e-07,3.726775616996747e-07,1.4318916712052765e-11,2.6154883922720196e-13,3.767670342380569e-10,128.2876434326172,114.79004669189453,15.447604179382324,575.3536376953125,0.9842529296875
v27_seed2,120,False,rnd.predictor.net.3.bias,128,290400.0,4.935002948514011e-07,6.720059673170908e-07,7.725942108294248e-11,8.632150549914286e-12,4.653512852836883e-10,40.426239013671875,37.25370788574219,13.900471687316895,101.76211547851562,0.75
v27_seed2,120,False,rnd.predictor.net.4.weight,128,290400.0,4.201410774840042e-07,5.45547720776085e-07,5.1324933886265356e-11,7.91146011550059e-13,3.5085528926614984e-10,71.50572204589844,55.937129974365234,16.007572174072266,333.53204345703125,0.859375
v27_seed2,120,False,rnd.predictor.net.4.bias,128,290400.0,4.037582925775496e-07,5.343063662621717e-07,4.783672763464253e-11,5.464263156534921e-12,2.2382466713377625e-10,50.8088493347168,47.329708099365234,20.03904914855957,127.79138946533203,0.953125
v27_seed2,120,False,rnd.predictor.net.6.weight,8192,290400.0,6.918174904058105e-07,9.19975093438552e-07,8.225592429411677e-11,2.2387226621123357e-12,7.729317741400621e-10,49.71819305419922,44.619483947753906,10.786846160888672,199.17198181152344,0.7147216796875
v27_seed2,120,False,rnd.predictor.net.6.bias,64,290400.0,1.3435064829536714e-06,1.6792213273220113e-06,4.743411219365612e-10,3.888338262481028e-10,6.497860027820934e-10,13.81302261352539,13.847992897033691,11.764290809631348,15.206143379211426,0.0
v27_seed2,130,False,fc1.weight,45568,314400.0,8.017971413210034e-05,0.0006186734535731375,2.1770472812931985e-05,0.0,0.03722982108592987,172.92437744140625,2.987189292907715,0.0015548043884336948,30000.001953125,0.006254388950765133
v27_seed2,130,False,fc1.bias,64,314400.0,7.218975952127948e-05,0.00014846267004031688,6.194402999426529e-07,1.3627879269506593e-08,1.7648100765654817e-05,0.8585431575775146,0.711200475692749,0.07141201198101044,2.5696260929107666,0.0
v27_seed2,130,False,norm1.weight,64,314400.0,0.0003491932584438473,0.0005315439193509519,1.147371676779585e-05,1.0601893336570356e-06,0.00016975606558844447,0.13362851738929749,0.12364570796489716,0.023025458678603172,0.2913568913936615,0.0
v27_seed2,130,False,norm1.bias,64,314400.0,0.00038001290522515774,0.0005404200055636466,1.1855785487568937e-05,1.4702626458529267e-06,0.00019428043742664158,0.12280517816543579,0.11805780231952667,0.02152317948639393,0.24741168320178986,0.0
v27_seed2,130,False,fc2.weight,2048,314400.0,0.00021181802731007338,0.0003108289965894073,2.4935320652730297e-06,4.375300122205772e-08,6.410680362023413e-05,0.3392193019390106,0.30153363943099976,0.03746870160102844,1.4341566562652588,0.0
v27_seed2,130,False,fc2.bias,32,314400.0,0.000740072806365788,0.0010552371386438608,2.9231943699414842e-05,2.374557425355306e-06,0.00012011374201392755,0.08521243929862976,0.08973246812820435,0.027373135089874268,0.19468259811401367,0.0
v27_seed2,130,False,norm2.weight,32,314400.0,0.00016898417379707098,0.00025551189901307225,1.1044560324080521e-06,6.059740087493992e-08,8.657088983454742e-06,0.538659930229187,0.5143214464187622,0.10196094959974289,1.218643307685852,0.0
v27_seed2,130,False,norm2.bias,32,314400.0,0.0001333866675850004,0.00018474653188604861,7.281224725375068e-07,4.965045263816137e-08,2.391929456280195e-06,0.5883288979530334,0.5050499439239502,0.1939743459224701,1.34629487991333,0.0
v27_seed2,130,False,actor.weight,192,314400.0,5.394347317633219e-05,0.00013709429185837507,1.422941295459168e-06,1.815513017699999e-10,2.553703416197095e-05,4.951351642608643,3.5115065574645996,0.059365641325712204,22.248430252075195,0.0
v27_seed2,130,False,actor.bias,6,314400.0,1.6028472600737587e-05,2.2671103579341434e-05,2.5035484796376295e-08,4.385903640269362e-09,5.025460936280979e-08,2.4338624477386475,2.0482969284057617,1.3381781578063965,4.52924919128418,0.0
v27_seed2,130,False,critic.weight,32,314400.0,0.00022271150373853743,0.000422660872573033,2.745817710092524e-06,4.4190149317557825e-09,2.250109173473902e-05,1.633857250213623,1.3672680854797363,0.06324389576911926,4.512250900268555,0.0
v27_seed2,130,False,critic.bias,1,314400.0,6.0461788962129503e-05,6.0461788962129503e-05,7.475047425486991e-08,7.475047425486991e-08,7.475047425486991e-08,1.0972318649291992,1.0972318649291992,1.0972318649291992,1.0972318649291992,0.0
v27_seed2,130,False,rnd.predictor.net.0.weight,91136,314400.0,1.2932288484535093e-07,1.714154649334887e-07,3.856027042808963e-12,0.0,1.49770140733807e-10,424.8486633300781,227.36093139648438,24.493671417236328,30000.001953125,0.999528169631958
v27_seed2,130,False,rnd.predictor.net.0.bias,128,314400.0,1.5823128762804117e-07,1.9746509849483118e-07,8.859121769511091e-12,1.9254409264896077e-12,3.43597199303769e-11,113.77494049072266,113.87376403808594,51.09238815307617,214.65330505371094,1.0
v27_seed2,130,False,rnd.predictor.net.1.weight,128,314400.0,4.4161427581457247e-07,6.010581046211882e-07,5.862611091034253e-11,5.905251981852544e-12,6.866833768270908e-10,53.94476318359375,53.036373138427734,11.443985939025879,122.94717407226562,0.859375
v27_seed2,130,False,rnd.predictor.net.1.bias,128,314400.0,4.544482976598374e-07,5.765116952716198e-07,5.4967645018999534e-11,1.5747238582553003e-11,2.0443648163226413e-10,44.912818908691406,44.50981903076172,20.967103958129883,75.40949249267578,0.8984375
v27_seed2,130,False,rnd.predictor.net.3.weight,16384,314400.0,2.615173571030027e-07,3.8100648680483573e-07,1.4804430251147416e-11,2.6682936459312967e-13,5.118562795836112e-10,133.38467407226562,120.7413330078125,13.254255294799805,569.74072265625,0.9793701171875
v27_seed2,130,False,rnd.predictor.net.3.bias,128,314400.0,5.256814006315835e-07,7.133704116313311e-07,7.358873926888165e-11,9.416176172116764e-12,4.991039248558593e-10,42.3841552734375,39.72993469238281,13.422438621520996,97.44756317138672,0.765625
v27_seed2,130,False,rnd.predictor.net.4.weight,128,314400.0,4.5658677549909044e-07,6.326385459942685e-07,5.2739198425078015e-11,8.198267368794698e-13,4.2765430086078027e-10,73.1940689086914,59.055362701416016,14.499895095825195,327.71026611328125,0.859375
v27_seed2,130,False,rnd.predictor.net.4.bias,128,314400.0,4.3172838104510447e-07,5.777499154646648e-07,4.73523859012559e-11,6.270165810173811e-12,2.565001544496681e-10,52.092491149902344,49.01560974121094,18.720022201538086,119.33032989501953,0.921875
v27_seed2,130,False,rnd.predictor.net.6.weight,8192,314400.0,6.847001827736676e-07,9.19117894682131e-07,8.405083573581607e-11,2.139461351136074e-12,1.052920528543666e-09,50.050228118896484,45.649635314941406,9.242504119873047,203.70889282226562,0.7315673828125
v27_seed2,130,False,rnd.predictor.net.6.bias,64,314400.0,1.291876969844452e-06,1.6834247844599304e-06,4.548255938541246e-10,3.452062524722521e-10,6.107303551772247e-10,14.123481750488281,14.244291305541992,12.134469985961914,16.1379451751709,0.0
v27_seed2,140,False,fc1.weight,45568,338400.0,0.00010640358232194558,0.0008284254581667483,2.1715501134167425e-05,0.0,0.023585349321365356,172.5460662841797,2.7249765396118164,0.00195343978703022,30000.001953125,0.006144662853330374
v27_seed2,140,False,fc1.bias,64,338400.0,7.890261622378603e-05,0.00011938110401388258,6.440822630793264e-07,1.5449371559839165e-08,1.5846571841393597e-05,0.7729755640029907,0.6280584335327148,0.07536201924085617,2.4134089946746826,0.0
v27_seed2,140,False,norm1.weight,64,338400.0,0.0005202657193876803,0.0007263078005053103,1.47101463880972e-05,1.251070329999493e-06,0.0002515312808100134,0.1169426292181015,0.109693743288517,0.0189158134162426,0.2682109773159027,0.0
v27_seed2,140,False,norm1.bias,64,338400.0,0.000472806190373376,0.0006367241148836911,1.5570660252706148e-05,2.2175211142894113e-06,0.0003063097537960857,0.10641661286354065,0.10166606307029724,0.017141178250312805,0.20145797729492188,0.0
v27_seed2,140,False,fc2.weight,2048,338400.0,0.0002511634083930403,0.00037793826777487993,3.2484897474205354e-06,5.392568169781953e-08,7.882043428253382e-05,0.30295634269714355,0.2636026442050934,0.03379102423787117,1.2918281555175781,0.0
v27_seed2,140,False,fc2.bias,32,338400.0,0.0007662462303414941,0.0009742734837345779,3.9795653719920665e-05,2.959115818157443e-06,0.00016252246859949082,0.07480037957429886,0.07442442327737808,0.023532290011644363,0.17439649999141693,0.0
v27_seed2,140,False,norm2.weight,32,338400.0,0.00013180666428525,0.00019302296277601272,1.6081037301773904e-06,7.49150288470446e-08,1.216202690557111e-05,0.4502623379230499,0.4228459298610687,0.0860234871506691,1.0960261821746826,0.0
v27_seed2,140,False,norm2.bias,32,338400.0,0.0001439060433767736,0.00018214138981420547,1.0977719284710474e-06,6.044471234645243e-08,3.7437469018186675e-06,0.49454474449157715,0.4449740946292877,0.15504786372184753,1.2201814651489258,0.0
v27_seed2,140,False,actor.weight,192,338400.0,8.458199590677395e-05,0.00022202357649803162,1.967310936379363e-06,2.9970018133873566e-10,3.951827238779515e-05,4.143068313598633,2.8590948581695557,0.04772232845425606,17.319164276123047,0.0
v27_seed2,140,False,actor.bias,6,338400.0,1.7302329069934785e-05,2.6839275960810483e-05,3.553229177555295e-08,1.2142391980773937e-08,7.596560180900269e-08,1.9724369049072266,1.807300329208374,1.08842134475708,2.7222609519958496,0.0
v27_seed2,140,False,critic.weight,32,338400.0,0.00013671736815012991,0.00026362488279119134,4.050571533298353e-06,4.897615646370923e-09,3.1467992812395096e-05,1.3779515027999878,1.1317869424819946,0.05347933620214462,4.286145210266113,0.0
v27_seed2,140,False,critic.bias,1,338400.0,3.0200511901057325e-05,3.0200511901057325e-05,1.15950712142876e-07,1.15950712142876e-07,1.15950712142876e-07,0.8809916377067566,0.8809916377067566,0.8809916377067566,0.8809916377067566,0.0
v27_seed2,140,False,rnd.predictor.net.0.weight,91136,338400.0,1.0426936825069788e-07,1.3485514216426964e-07,3.3306588823750483e-12,0.0,1.036166499823743e-10,434.7076110839844,233.3556365966797,29.44286346435547,30000.001953125,0.9999561309814453
v27_seed2,140,False,rnd.predictor.net.0.bias,128,338400.0,1.2948305538884597e-07,1.593637364294409e-07,7.679135105576052e-12,2.170726272343604e-12,2.359322112677198e-11,118.77176666259766,116.33524322509766,61.63600540161133,202.2465057373047,1.0
v27_seed2,140,False,rnd.predictor.net.1.weight,128,338400.0,3.619533401888475e-07,4.625323697382555e-07,5.380792686415781e-11,5.8298860530769936e-12,5.134897507197422e-10,53.882484436035156,55.33259201049805,13.233165740966797,123.73606872558594,0.8671875
v27_seed2,140,False,rnd.predictor.net.1.bias,128,338400.0,3.4093793033207476e-07,4.1950994500439265e-07,5.0573011056709305e-11,1.6377713421555917e-11,1.4471965292806033e-10,45.44996643066406,45.42891311645508,24.917051315307617,73.94739532470703,0.9453125
v27_seed2,140,False,rnd.predictor.net.3.weight,16384,338400.0,2.1649302084369992e-07,3.0815479590273753e-07,1.3387993838542833e-11,2.383224368719683e-13,3.996988573451432e-10,137.00949096679688,122.83515930175781,14.998147010803223,602.1886596679688,0.98541259765625
v27_seed2,140,False,rnd.predictor.net.3.bias,128,338400.0,3.7965514820825774e-07,4.966832420905121e-07,6.851861439338691e-11,8.136017901061443e-12,4.130787656375645e-10,43.05883026123047,40.881309509277344,14.75336742401123,104.8082504272461,0.7734375
v27_seed2,140,False,rnd.predictor.net.4.weight,128,338400.0,3.062029918510234e-07,4.073302761753439e-07,5.079944798147551e-11,6.41210337864323e-13,3.4467814713501355e-10,73.34548950195312,58.04229736328125,16.150297164916992,370.0249938964844,0.875
v27_seed2,140,False,rnd.predictor.net.4.bias,128,338400.0,3.140313822314056e-07,4.0735704942562734e-07,4.606141856822177e-11,5.533073565294755e-12,2.2754109707534553e-10,51.985984802246094,48.724212646484375,19.874834060668945,126.99765014648438,0.9453125
v27_seed2,140,False,rnd.predictor.net.6.weight,8192,338400.0,6.110140020609833e-07,8.279384360321274e-07,7.93024673706455e-11,2.082318258794791e-12,8.805612350393233e-10,51.00636672973633,46.375858306884766,10.106369018554688,206.46597290039062,0.73291015625
v27_seed2,140,False,rnd.predictor.net.6.bias,64,338400.0,1.3549087043429608e-06,1.8033172182185808e-06,4.4263742671191153e-10,3.614497590120891e-10,5.946032000103685e-10,14.300185203552246,14.26900577545166,12.297861099243164,15.771352767944336,0.0
v27_seed2,150,False,fc1.weight,45568,362400.0,0.00011609408829826862,0.0009864716557785869,2.1703224774682894e-05,0.0,0.022637033835053444,172.18348693847656,2.5037333965301514,0.001993937185034156,30000.001953125,0.005727703683078289
v27_seed2,150,False,fc1.bias,64,362400.0,9.030331420945004e-05,0.0001277541450690478,6.549468594130303e-07,1.5628893734742633e-08,1.539238655823283e-05,0.7292517423629761,0.6299489736557007,0.07646579295396805,2.3995091915130615,0.0
v27_seed2,150,False,norm1.weight,64,362400.0,0.000585569825489074,0.0008886303403414786,1.5810721379239112e-05,1.399926190970291e-06,0.00026080565294250846,0.11069046705961227,0.10216055065393448,0.01857644133269787,0.25355082750320435,0.0
v27_seed2,150,False,norm1.bias,64,362400.0,0.0006262311362661421,0.0009891302324831486,1.635234548302833e-05,2.95977861242136e-06,0.0003307805163785815,0.10147184133529663,0.0969356894493103,0.016494954004883766,0.1743769645690918,0.0
v27_seed2,150,False,fc2.weight,2048,362400.0,0.00029340252513065934,0.000454402674222365,3.405898951314157e-06,6.249130990454432e-08,8.28371339594014e-05,0.293840229511261,0.25909894704818726,0.03296159952878952,1.2000354528427124,0.0
v27_seed2,150,False,fc2.bias,32,362400.0,0.0012818948598578572,0.0015428074402734637,4.448441177373752e-05,2.902680762417731e-06,0.00019554942264221609,0.07234404981136322,0.0721011832356453,0.02145322971045971,0.17608366906642914,0.0
v27_seed2,150,False,norm2.weight,32,362400.0,0.00021432161156553775,0.0002785896649584174,1.7388348396707443e-06,8.476179402805428e-08,1.3286119610711467e-05,0.44070005416870117,0.4064650237560272,0.08230400830507278,1.0304009914398193,0.0
v27_seed2,150,False,norm2.bias,32,362400.0,0.0002402453392278403,0.00030182022601366043,1.2132534266129369e-06,6.293077348118459e-08,4.299866304791067e-06,0.48826104402542114,0.43926966190338135,0.1446744054555893,1.195838212966919,0.0
v27_seed2,150,False,actor.weight,192,362400.0,6.152225978439674e-05,0.00012558374146465212,1.6824200201881467e-06,1.9791061844909308e-10,2.553988633735571e-05,4.1432414054870605,3.5009946823120117,0.05936232954263687,21.30974006652832,0.0
v27_seed2,150,False,actor.bias,6,362400.0,1.5125900063139852e-05,1.664268711465411e-05,2.729018966363128e-08,1.0998846278198471e-08,5.375389378059481e-08,2.069516658782959,1.6759443283081055,1.2938907146453857,2.8602652549743652,0.0
v27_seed2,150,False,critic.weight,32,362400.0,0.0002420479868305847,0.00045837979996576905,4.493620053835912e-06,5.414922732427385e-09,3.501058017718606e-05,1.3630166053771973,1.1474320888519287,0.05070151016116142,4.076300144195557,0.0
v27_seed2,150,False,critic.bias,1,362400.0,9.281069651478902e-05,9.281069651478902e-05,1.2931587889397633e-07,1.2931587889397633e-07,1.2931587889397633e-07,0.8342251181602478,0.8342251181602478,0.8342251181602478,0.8342251181602478,0.0
v27_seed2,150,False,rnd.predictor.net.0.weight,91136,362400.0,1.2576990116031084e-07,1.6582291095801338e-07,3.28674891122982e-12,0.0,1.0249124465788739e-10,439.35113525390625,244.7332000732422,29.603914260864258,30000.001953125,0.9999561309814453
v27_seed2,150,False,rnd.predictor.net.0.bias,128,362400.0,1.8944923851904605e-07,2.3797140613623924e-07,7.761933457084425e-12,2.0037118665661158e-12,2.200499678306489e-11,118.92264556884766,116.48483276367188,63.81691360473633,210.44876098632812,1.0
v27_seed2,150,False,rnd.predictor.net.1.weight,128,362400.0,4.510442010996485e-07,5.638813718178426e-07,5.420689244695076e-11,6.872718106426534e-12,5.135238900777495e-10,54.17824935913086,55.2217903137207,13.232725143432617,113.99966430664062,0.859375
v27_seed2,150,False,rnd.predictor.net.1.bias,128,362400.0,4.5213835164759075e-07,5.724418201680237e-07,5.130394720165299e-11,1.7092275511609856e-11,1.3959162992183138e-10,45.38360595703125,45.065860748291016,25.370216369628906,72.38892364501953,0.921875
v27_seed2,150,False,rnd.predictor.net.3.weight,16384,362400.0,2.5603824838071887e-07,3.958804768444679e-07,1.3053567775311858e-11,2.391734542622065e-13,4.40023018022373e-10,139.36209106445312,124.81410217285156,14.294750213623047,601.1378784179688,0.98553466796875
v27_seed2,150,False,rnd.predictor.net.3.bias,128,362400.0,4.812547444998927e-07,7.309233183150354e-07,6.674475555579207e-11,8.85737577033252e-12,4.296377142942731e-10,43.928043365478516,40.6191520690918,14.46640396118164,100.46434020996094,0.8046875
v27_seed2,150,False,rnd.predictor.net.4.weight,128,362400.0,4.5651245272892993e-07,6.315989367067232e-07,5.0109784377472266e-11,8.145371313203476e-13,4.0908565424047083e-10,74.09953308105469,58.07619094848633,14.825162887573242,328.760986328125,0.8828125
v27_seed2,150,False,rnd.predictor.net.4.bias,128,362400.0,4.164221536484547e-07,5.870783184036554e-07,4.5551319660663836e-11,6.067572659584908e-12,2.4906735007768077e-10,52.556331634521484,48.87457275390625,18.99711799621582,121.29817962646484,0.953125
v27_seed2,150,False,rnd.predictor.net.6.weight,8192,362400.0,6.849337523817667e-07,9.267504310628283e-07,7.938927293338338e-11,2.0218104534314163e-12,1.0320078125403143e-09,51.145450592041016,45.68349075317383,9.335651397705078,209.51129150390625,0.7430419921875
v27_seed2,150,False,rnd.predictor.net.6.bias,64,362400.0,1.3248471759652602e-06,1.6648381233608234e-06,4.427624378244843e-10,3.3316491232504575e-10,5.93807836235527e-10,14.304986953735352,14.342365264892578,12.306090354919434,16.426830291748047,0.0
v27_seed2,160,False,fc1.weight,45568,386400.0,9.741688700160012e-05,0.000784898002166301,2.1716017727158032e-05,0.0,0.03727923333644867,172.3470916748047,2.568438768386841,0.001553773763589561,30000.001953125,0.005859375
v27_seed2,160,False,fc1.bias,64,386400.0,7.923323573777452e-05,0.0001464914093958214,6.901275355630787e-07,1.4788412272537244e-08,1.976397652470041e-05,0.7527634501457214,0.6458250880241394,0.06748125702142715,2.466747999191284,0.0
v27_seed2,160,False,norm1.weight,64,386400.0,0.0004842689377255738,0.0006308539886958897,1.6122839952004142e-05,1.0601490885164822e-06,0.0002566990442574024,0.11283621937036514,0.10300720483064651,0.018724441528320312,0.291362464427948,0.0
v27_seed2,160,False,norm1.bias,64,386400.0,0.000513221079017967,0.0007060591015033424,1.6080226487247273e-05,2.515703044991824e-06,0.0003279538650531322,0.10273758322000504,0.09815023094415665,0.01656588539481163,0.1891423761844635,0.0
v27_seed2,160,False,fc2.weight,2048,386400.0,0.0002428680018056184,0.0003666204574983567,3.22475602843042e-06,5.738488439988032e-08,7.90452686487697e-05,0.30265113711357117,0.2686542868614197,0.033742934465408325,1.252288579940796,0.0
v27_seed2,160,False,fc2.bias,32,386400.0,0.0011059814132750034,0.0014332578284665942,3.919035953003913e-05,3.1902084174362244e-06,0.00017024806584231555,0.07393167912960052,0.076040118932724,0.02299216389656067,0.16796132922172546,0.0
v27_seed2,160,False,norm2.weight,32,386400.0,0.0001851926208473742,0.0002986721519846469,1.5260616237355862e-06,6.89583785629111e-08,1.1816745427495334e-05,0.45599788427352905,0.41766077280044556,0.08727122843265533,1.1423816680908203,0.0
v27_seed2,160,False,norm2.bias,32,386400.0,0.00014969038602430373,0.00019085730309598148,1.0634037153067766e-06,4.899748518027991e-08,3.7032684758742107e-06,0.5021329522132874,0.421843558549881,0.15589292347431183,1.3552355766296387,0.0
v27_seed2,160,False,actor.weight,192,386400.0,7.447480311384425e-05,0.00015514838742092252,1.609360879228916e-06,3.819566329887891e-10,2.254808714496903e-05,4.247518062591553,3.6516692638397217,0.06317795068025589,15.342355728149414,0.0
v27_seed2,160,False,actor.bias,6,386400.0,2.3024533220450394e-05,2.5563007511664182e-05,2.6482995352239413e-08,1.0998991051280882e-08,4.596256175659619e-08,2.1083974838256836,1.6914376020431519,1.3992615938186646,2.860246419906616,0.0
v27_seed2,160,False,critic.weight,32,386400.0,0.00024952145759016275,0.0004746737831737846,3.832279617199674e-06,4.713126333655282e-09,3.0426665034610778e-05,1.4251415729522705,1.2310199737548828,0.05438677966594696,4.369215965270996,0.0
v27_seed2,160,False,critic.bias,1,386400.0,3.437687337282114e-05,3.437687337282114e-05,1.1008425815361988e-07,1.1008425815361988e-07,1.1008425815361988e-07,0.9041605591773987,0.9041605591773987,0.9041605591773987,0.9041605591773987,0.0
v27_seed2,160,False,rnd.predictor.net.0.weight,91136,386400.0,1.2084606737516879e-07,1.5869714786731492e-07,3.3983933288989077e-12,0.0,1.4581441609706758e-10,448.2927551269531,253.45767211914062,24.82341766357422,30000.001953125,0.9996159672737122
v27_seed2,160,False,rnd.predictor.net.0.bias,128,386400.0,1.5238654782478989e-07,1.916335321539009e-07,7.857789072196475e-12,1.7196105650540972e-12,3.1473629258371716e-11,121.55035400390625,118.24375915527344,53.379493713378906,227.04238891601562,1.0
v27_seed2,160,False,rnd.predictor.net.1.weight,128,386400.0,4.382121119306248e-07,5.709705419576494e-07,5.665505564689255e-11,6.309614289379262e-12,6.85748235973449e-10,55.666988372802734,55.01618194580078,11.4517822265625,118.95819854736328,0.8671875
v27_seed2,160,False,rnd.predictor.net.1.bias,128,386400.0,3.901803893313627e-07,4.88725561353931e-07,5.204857031482213e-11,1.4790663485642064e-11,1.9507820359088157e-10,46.228790283203125,46.3434944152832,21.463773727416992,77.80359649658203,0.90625
v27_seed2,160,False,rnd.predictor.net.3.weight,16384,386400.0,2.531305085540225e-07,4.030972320379078e-07,1.2705728830164631e-11,2.0823575882285977e-13,5.181275963828114e-10,145.61770629882812,131.3293914794922,13.173832893371582,643.3232421875,0.9837646484375
v27_seed2,160,False,rnd.predictor.net.3.bias,128,386400.0,4.5301376871975663e-07,6.303915824901196e-07,6.196533564040152e-11,7.410645881666955e-12,4.098309192013261e-10,46.00465393066406,42.381629943847656,14.811683654785156,109.79962158203125,0.84375
v27_seed2,160,False,rnd.predictor.net.4.weight,128,386400.0,4.394217114622734e-07,6.232580744836014e-07,4.8276278807879436e-11,6.671191919195574e-13,4.748806348153778e-10,76.12841796875,61.90357208251953,13.760359764099121,362.8562927246094,0.8671875
v27_seed2,160,False,rnd.predictor.net.4.bias,128,386400.0,3.85527982871281e-07,5.155335429662955e-07,4.3526335313792686e-11,5.275572079882496e-12,2.5553231752795114e-10,54.17620086669922,50.56578063964844,18.755416870117188,130.04684448242188,0.96875
v27_seed2,160,False,rnd.predictor.net.6.weight,8192,386400.0,6.692868055324652e-07,9.015564614855975e-07,7.675196589396194e-11,1.7627042403836612e-12,1.0401840500051662e-09,52.412296295166016,46.63627243041992,9.29889965057373,224.27076721191406,0.760498046875
v27_seed2,160,False,rnd.predictor.net.6.bias,64,386400.0,1.161033651442267e-06,1.5228985148496577e-06,4.148946186610658e-10,3.325661690478654e-10,5.507344025268424e-10,14.780290603637695,14.815579414367676,12.77806568145752,16.44160270690918,0.0
v27_seed2,170,False,fc1.weight,45568,410400.0,9.847628825809807e-05,0.0007629626779817045,2.1716212359024212e-05,0.0,0.034524716436862946,172.1947021484375,2.511542797088623,0.00161456735804677,30000.001953125,0.005771594122052193
v27_seed2,170,False,fc1.bias,64,410400.0,9.808570030145347e-05,0.00019996761693619192,6.521598265862849e-07,1.9972352660602155e-08,1.7843172827269882e-05,0.7599595785140991,0.643142819404602,0.07102058827877045,2.122637987136841,0.0
v27_seed2,170,False,norm1.weight,64,410400.0,0.000528686388861388,0.0007337946444749832,1.5369072571047582e-05,1.2270032812011777e-06,0.00021199136972427368,0.10927148163318634,0.10386168956756592,0.020604491233825684,0.27082857489585876,0.0
v27_seed2,170,False,norm1.bias,64,410400.0,0.0004910787683911622,0.0006590282428078353,1.5641537174815312e-05,3.1598497116647195e-06,0.00029710374656133354,0.10082202404737473,0.09866426885128021,0.017404716461896896,0.16876624524593353,0.0
v27_seed2,170,False,fc2.weight,2048,410400.0,0.00027471603243611753,0.0004457270260900259,3.2072293834062293e-06,6.388613371655083e-08,7.368855585809797e-05,0.3051334023475647,0.27001726627349854,0.034947872161865234,1.1868634223937988,0.0
v27_seed2,170,False,fc2.bias,32,410400.0,0.000672623107675463,0.0009977909503504634,4.038164843223058e-05,2.842104322553496e-06,0.00017656902491580695,0.07541655004024506,0.0776902288198471,0.022576866671442986,0.17795029282569885,0.0
v27_seed2,170,False,norm2.weight,32,410400.0,0.00015928300854284316,0.0002079927216982469,1.5445028793692472e-06,5.5272348475909894e-08,1.295868969464209e-05,0.4765671491622925,0.43447622656822205,0.08333731442689896,1.2759946584701538,0.0
v27_seed2,170,False,norm2.bias,32,410400.0,0.0001350034144707024,0.00018815645307768136,1.0361038675910095e-06,3.681425297941132e-08,3.4776207940012682e-06,0.5320980548858643,0.4388273060321808,0.1608710139989853,1.5634739398956299,0.0
v27_seed2,170,False,actor.weight,192,410400.0,0.00010335006663808599,0.00025813456159085035,1.9441179119894514e-06,1.000335786427442e-10,3.2399701012764126e-05,4.1650519371032715,3.4971232414245605,0.05270478129386902,29.965007781982422,0.0
v27_seed2,170,False,actor.bias,6,410400.0,3.0085402613622136e-05,3.343006392242387e-05,3.149746774511186e-08,9.139178303030349e-09,6.431918819771454e-08,2.045015573501587,1.6725214719772339,1.182861328125,3.1377787590026855,0.0
v27_seed2,170,False,critic.weight,32,410400.0,0.00011208183423150331,0.00020732298435177654,3.913492946594488e-06,5.055296625755545e-09,3.307601946289651e-05,1.4513490200042725,1.2269132137298584,0.05216316506266594,4.218780517578125,0.0
v27_seed2,170,False,critic.bias,1,410400.0,6.659144855802879e-05,6.659144855802879e-05,1.0500033909011108e-07,1.0500033909011108e-07,1.0500033909011108e-07,0.925790011882782,0.925790011882782,0.925790011882782,0.925790011882782,0.0
v27_seed2,170,False,rnd.predictor.net.0.weight,91136,410400.0,1.0439635644843293e-07,1.3477318816512707e-07,2.9556337845931813e-12,0.0,1.1118889836625456e-10,458.46160888671875,263.26251220703125,28.423587799072266,30000.001953125,0.9999561309814453
v27_seed2,170,False,rnd.predictor.net.0.bias,128,410400.0,1.37942663513968e-07,1.7864620360796835e-07,7.118508907333343e-12,1.9152357651208707e-12,2.5543242868075744e-11,125.46067810058594,122.90533447265625,59.241329193115234,215.22032165527344,1.0
v27_seed2,170,False,rnd.predictor.net.1.weight,128,410400.0,3.615120931499405e-07,4.767295820329309e-07,5.2692315788416266e-11,7.509967474284007e-12,6.122990447998689e-10,55.98248291015625,56.86006164550781,12.118922233581543,109.07379150390625,0.8671875
v27_seed2,170,False,rnd.predictor.net.1.bias,128,410400.0,3.501866387978225e-07,4.5115112357052567e-07,4.9507675736748524e-11,1.6327073373845202e-11,1.642340291541089e-10,46.6652946472168,47.79061508178711,23.391115188598633,74.06169891357422,0.9375
v27_seed2,170,False,rnd.predictor.net.3.weight,16384,410400.0,2.151041655906738e-07,3.0009010743015097e-07,1.1642015476653889e-11,2.1651650199301653e-13,3.918043944839411e-10,148.46405029296875,133.1573486328125,15.148416519165039,631.16259765625,0.98724365234375
v27_seed2,170,False,rnd.predictor.net.3.bias,128,410400.0,3.9667958162681316e-07,5.297941925164196e-07,5.970906408192533e-11,7.417711410384609e-12,4.3559883478039296e-10,46.64421081542969,43.01934051513672,14.367124557495117,109.74750518798828,0.828125
v27_seed2,170,False,rnd.predictor.net.4.weight,128,410400.0,3.8919301914575044e-07,5.354802965484851e-07,4.639475956191852e-11,6.441914601577892e-13,3.4102615176223594e-10,76.0267105102539,61.73683547973633,16.236495971679688,369.1783752441406,0.8828125
v27_seed2,170,False,rnd.predictor.net.4.bias,128,410400.0,3.4191066333733033e-07,4.441137093635916e-07,4.3613761907534965e-11,5.460498372911182e-12,2.903571549861539e-10,54.045654296875,49.776222229003906,17.595441818237305,127.83524322509766,0.96875
v27_seed2,170,False,rnd.predictor.net.6.weight,8192,410400.0,6.252292905628565e-07,8.278690302176983e-07,7.512793165354026e-11,1.8026574157004038e-12,8.973973786297051e-10,52.5679817199707,46.343807220458984,10.011149406433105,221.79002380371094,0.758544921875
v27_seed2,170,False,rnd.predictor.net.6.bias,64,410400.0,1.1303068276902195e-06,1.403187866344524e-06,4.201713976748067e-10,3.3651589848027186e-10,5.302854821920278e-10,14.676894187927246,14.524163246154785,13.022004127502441,16.34488296508789,0.0
v27_seed2,180,False,fc1.weight,45568,434400.0,9.530328679829836e-05,0.0007136447820812464,2.1620078769046813e-05,0.0,0.013786330819129944,173.1648712158203,2.675755262374878,0.002555035287514329,30000.001953125,0.00708830775693059
v27_seed2,180,False,fc1.bias,64,434400.0,7.426972297253087e-05,9.331412002211437e-05,3.4779347402036365e-07,2.822317490824844e-08,1.554754135213443e-06,0.7039687037467957,0.6093780398368835,0.24059517681598663,1.785634160041809,0.0
v27_seed2,180,False,norm1.weight,64,434400.0,0.0005079400143586099,0.0007434900617226958,1.9764682292588986e-05,9.933406772688613e-07,0.0002501351700630039,0.11231577396392822,0.09427575767040253,0.018968528136610985,0.3010008931159973,0.0
v27_seed2,180,False,norm1.bias,64,434400.0,0.0005488047609105706,0.000708066625520587,1.4754553376405966e-05,2.963238785014255e-06,8.48052222863771e-05,0.09579171985387802,0.08949073404073715,0.03257687762379646,0.17427514493465424,0.0
v27_seed2,180,False,fc2.weight,2048,434400.0,0.0002854665508493781,0.0004886973183602095,5.221201263339026e-06,1.528067805622868e-08,0.0002722297213040292,0.2884179353713989,0.2439272254705429,0.018182486295700073,2.4266929626464844,0.0
v27_seed2,180,False,fc2.bias,32,434400.0,0.0009748978773131967,0.0014111778000369668,5.065706864115782e-05,5.760276508226525e-06,0.00023232043895404786,0.06660310924053192,0.06494414061307907,0.01968236453831196,0.12499649077653885,0.0
v27_seed2,180,False,norm2.weight,32,434400.0,0.00011556572280824184,0.00015994327259249985,6.618227530452714e-07,2.9348983687782493e-08,3.9802753235562705e-06,0.5976500511169434,0.5220476984977722,0.15037046372890472,1.7510534524917603,0.0
v27_seed2,180,False,norm2.bias,32,434400.0,0.00011005510168615729,0.00014827270933892578,6.197876132318925e-07,2.301843515795099e-08,1.946021939147613e-06,0.6431310772895813,0.4693235456943512,0.21505239605903625,1.977218747138977,0.0
v27_seed2,180,False,actor.weight,192,434400.0,8.896421059034765e-05,0.0001734935212880373,1.122700496125617e-06,2.844865731876922e-10,1.4491008187178522e-05,3.5122575759887695,2.453171491622925,0.07880809158086777,17.775955200195312,0.0
v27_seed2,180,False,actor.bias,6,434400.0,2.951590249722358e-05,3.161111453664489e-05,2.8035529453518393e-08,8.394587247551044e-09,4.62107188070604e-08,2.0721778869628906,1.501671314239502,1.395499587059021,3.2739663124084473,0.0
v27_seed2,180,False,critic.weight,32,434400.0,0.00013007159577682614,0.0002345028769923374,1.3908849041399662e-06,2.5769451017509937e-09,1.1435820852057077e-05,1.805248498916626,1.5053455829620361,0.08871281147003174,5.9085798263549805,0.0
v27_seed2,180,False,critic.bias,1,434400.0,4.7912410082062706e-05,4.7912410082062706e-05,4.817193755002336e-08,4.817193755002336e-08,4.817193755002336e-08,1.3667982816696167,1.3667982816696167,1.3667982816696167,1.3667982816696167,0.0
v27_seed2,180,False,rnd.predictor.net.0.weight,91136,434400.0,1.0563403662899873e-07,1.4139649806566013e-07,2.6602994980529093e-12,0.0,6.431708637899547e-11,471.75262451171875,269.339599609375,37.36086654663086,30000.001953125,1.0
v27_seed2,180,False,rnd.predictor.net.0.bias,128,434400.0,1.673344058872317e-07,2.089050212816801e-07,9.27205534573261e-12,2.3658330069314948e-12,3.270017590040197e-11,110.65462493896484,105.23600006103516,52.37059020996094,193.78262329101562,1.0
v27_seed2,180,False,rnd.predictor.net.1.weight,128,434400.0,3.785367255204619e-07,5.282277015794534e-07,6.609291586245902e-11,2.773050886140105e-12,4.592943247949677e-10,55.03377914428711,52.14044189453125,13.991785049438477,179.07797241210938,0.78125
v27_seed2,180,False,rnd.predictor.net.1.bias,128,434400.0,4.406904281495372e-07,5.525264441530453e-07,7.11559977606413e-11,1.671928047397575e-11,2.6450847068204553e-10,40.249244689941406,37.90419006347656,18.434633255004883,73.18998718261719,0.8046875
v27_seed2,180,False,rnd.predictor.net.3.weight,16384,434400.0,2.2408814004393207e-07,3.3688510825413687e-07,1.339830937169273e-11,1.7778638804200053e-13,9.907901166172906e-10,155.5476837158203,136.42013549804688,9.527796745300293,695.011962890625,0.98321533203125
v27_seed2,180,False,rnd.predictor.net.3.bias,128,434400.0,4.7330900088127237e-07,6.255372113628255e-07,8.141709528786123e-11,4.402906858547162e-12,7.258484369110363e-10,43.24349594116211,37.3702507019043,11.131074905395508,142.29405212402344,0.71875
v27_seed2,180,False,rnd.predictor.net.4.weight,128,434400.0,4.173369632098911e-07,5.60900446089363e-07,6.028126608992324e-11,4.743291263237248e-13,4.3329351218091006e-10,77.41189575195312,52.08625411987305,14.405275344848633,429.35931396484375,0.796875
v27_seed2,180,False,rnd.predictor.net.4.bias,128,434400.0,4.2367673813714646e-07,5.520611239262507e-07,6.282870057550127e-11,2.9606794446634943e-12,5.219667476019652e-10,49.53550720214844,43.11857986450195,13.12531566619873,173.3440399169922,0.8515625
v27_seed2,180,False,rnd.predictor.net.6.weight,8192,434400.0,6.586673180208891e-07,8.996507290248701e-07,8.978857934938134e-11,2.3155112809786216e-12,7.367911281086492e-10,49.31062316894531,45.135292053222656,11.048137664794922,195.8633270263672,0.698974609375
v27_seed2,180,False,rnd.predictor.net.6.bias,64,434400.0,1.4251468201109674e-06,1.8049638583761407e-06,5.8414356685077e-10,4.4166512114252043e-10,8.119953598395568e-10,12.48984432220459,12.589518547058105,10.524271965026855,14.26816463470459,0.0
v27_seed2,190,False,fc1.weight,45568,458400.0,0.00014097386156208813,0.0011070574400946498,2.161172051273752e-05,2.673834446707754e-19,0.010819516144692898,80.44316864013672,2.2457501888275146,0.0028841467574238777,28525.0,0.005683813244104385
v27_seed2,190,False,fc1.bias,64,458400.0,0.00011808978888439015,0.00016973059973679483,3.635213943198323e-07,3.952057170408807e-08,1.789544512575958e-06,0.6689636707305908,0.582000195980072,0.22425739467144012,1.5089950561523438,0.0
v27_seed2,190,False,norm1.weight,64,458400.0,0.0007052832515910268,0.0009042947785928845,1.9118693671771325e-05,8.65288313889323e-07,0.00016280591080430895,0.10466710478067398,0.08692239224910736,0.023511799052357674,0.32250478863716125,0.0
v27_seed2,190,False,norm1.bias,64,458400.0,0.000718038878403604,0.0009202103829011321,1.5416362657560967e-05,2.4031164684856776e-06,6.368048343574628e-05,0.09121517837047577,0.08543065190315247,0.037593916058540344,0.19352230429649353,0.0
v27_seed2,190,False,fc2.weight,2048,458400.0,0.0003477230202406645,0.0005150529905222356,5.098253495816607e-06,1.5280955167895627e-08,9.645290265325457e-05,0.2740169167518616,0.2097390592098236,0.03054661862552166,2.426671028137207,0.0
v27_seed2,190,False,fc2.bias,32,458400.0,0.0010802739998325706,0.0015066365012899041,6.451593071687967e-05,3.7487807276193053e-06,0.0002805912808980793,0.06330681592226028,0.05355721339583397,0.017909521237015724,0.15494371950626373,0.0
v27_seed2,190,False,norm2.weight,32,458400.0,0.00017567086615599692,0.00024205941008403897,1.1306550504741608e-06,6.966423171661518e-08,8.168333806679584e-06,0.47966447472572327,0.477093905210495,0.10496705770492554,1.1365797519683838,0.0
v27_seed2,190,False,norm2.bias,32,458400.0,0.00018272644956596196,0.0002445670252200216,9.612862186259008e-07,4.9762899578809083e-08,2.714570882744738e-06,0.5146257281303406,0.4065963923931122,0.1820824295282364,1.3447729349136353,0.0
v27_seed2,190,False,actor.weight,192,458400.0,0.0001166964866570197,0.00028526014648377895,1.77953586444346e-06,5.484483422968367e-10,2.8159918656456284e-05,3.1363365650177,2.2744483947753906,0.05653335526585579,12.804657936096191,0.0
v27_seed2,190,False,actor.bias,6,458400.0,3.6842975532636046e-05,5.1579350838437676e-05,3.853916652474254e-08,1.4129092562598089e-08,6.167093857811778e-08,1.6893129348754883,1.3660595417022705,1.207990288734436,2.523641347885132,0.0
v27_seed2,190,False,critic.weight,32,458400.0,0.00017370589193888009,0.00033703993540257215,2.517474058549851e-06,4.2513015330314374e-09,2.180577939725481e-05,1.3559002876281738,0.9898437261581421,0.06424429267644882,4.6003804206848145,0.0
v27_seed2,190,False,critic.bias,1,458400.0,7.115788321243599e-05,7.115788321243599e-05,7.345083474774583e-08,7.345083474774583e-08,7.345083474774583e-08,1.1068960428237915,1.1068960428237915,1.1068960428237915,1.1068960428237915,0.0
v27_seed2,190,False,rnd.predictor.net.0.weight,91136,458400.0,1.1693204982066163e-07,1.5717503742962435e-07,1.8292860715779513e-12,2.1974301788399436e-16,2.71465905310464e-11,365.96923828125,293.8930969238281,57.46863555908203,12085.2099609375,1.0
v27_seed2,190,False,rnd.predictor.net.0.bias,128,458400.0,2.0631530617265526e-07,2.6264967800671e-07,7.665692733360707e-12,1.5292395171354056e-12,3.1759588015045637e-11,121.00267028808594,114.28105163574219,53.13906478881836,240.64990234375,1.0
v27_seed2,190,False,rnd.predictor.net.1.weight,128,458400.0,5.225129484642821e-07,7.008174520706234e-07,4.980238443863527e-11,3.0881562498169535e-12,3.78291675762199e-10,56.942508697509766,53.878204345703125,15.416458129882812,169.7490234375,0.875
v27_seed2,190,False,rnd.predictor.net.1.bias,128,458400.0,5.568624601437477e-07,7.024869432825653e-07,5.6552221239236644e-11,1.2538498884995253e-11,2.4175023094485937e-10,44.17903137207031,43.16749954223633,19.28228759765625,84.48385620117188,0.90625
v27_seed2,190,False,rnd.predictor.net.3.weight,16384,458400.0,2.4856842628651066e-07,3.660923653114878e-07,1.0508682465881769e-11,1.5576363983360597e-13,5.501160638132774e-10,158.3376007080078,139.93373107910156,12.785242080688477,741.3466186523438,0.9886474609375
v27_seed2,190,False,rnd.predictor.net.3.bias,128,458400.0,5.951951607130468e-07,7.689985750403139e-07,7.140519425741232e-11,5.903163808468337e-12,7.378380684208707e-10,44.741233825683594,39.43347930908203,11.040300369262695,122.96883392333984,0.8203125
v27_seed2,190,False,rnd.predictor.net.4.weight,128,458400.0,5.274313821246324e-07,7.355785669460602e-07,5.0460701589427615e-11,6.957006043299685e-13,3.7346334358367983e-10,74.25529479980469,57.59967041015625,15.515743255615234,355.41375732421875,0.84375
v27_seed2,190,False,rnd.predictor.net.4.bias,128,458400.0,5.43404553354776e-07,6.952180910957395e-07,5.6354063776575813e-11,4.390246846619483e-12,5.599366525999017e-10,50.36528015136719,44.593345642089844,12.672675132751465,142.49807739257812,0.890625
v27_seed2,190,False,rnd.predictor.net.6.weight,8192,458400.0,7.450075258930156e-07,1.0102708074555267e-06,8.23948687056486e-11,1.95418898077393e-12,6.961917153880393e-10,50.71976089477539,46.49542999267578,11.36559772491455,213.079833984375,0.741455078125
v27_seed2,190,False,rnd.predictor.net.6.bias,64,458400.0,1.8572233102531754e-06,2.2404954052035464e-06,5.688807203085844e-10,4.2637937625045197e-10,7.422190639871928e-10,12.626811027526855,12.590182304382324,11.007681846618652,14.521546363830566,0.0
v27_seed2,200,False,fc1.weight,45568,482400.0,0.00012057017011102289,0.0009736057836562395,2.1537702195928432e-05,2.1832726256759654e-20,0.013531248085200787,125.49401092529297,2.6611173152923584,0.002579005667939782,29563.1796875,0.007988061755895615
v27_seed2,200,False,fc1.bias,64,482400.0,9.720486559672281e-05,0.00013796973507851362,3.9130605955506326e-07,2.8101396765123354e-08,3.0710655209986726e-06,0.6473818421363831,0.5834688544273376,0.1711883693933487,1.7894988059997559,0.0
v27_seed2,200,False,norm1.weight,64,482400.0,0.0005587785271927714,0.0007448984542861581,2.0247174688847736e-05,1.07342805222288e-06,7.933250162750483e-05,0.10985880345106125,0.08242880553007126,0.03368179127573967,0.2895546853542328,0.0
v27_seed2,200,False,norm1.bias,64,482400.0,0.0006193459266796708,0.0007780059822835028,1.7596661564311944e-05,2.860207814592286e-06,7.005418592598289e-05,0.09028220176696777,0.08039353042840958,0.03584294393658638,0.17738623917102814,0.0
v27_seed2,200,False,fc2.weight,2048,482400.0,0.0003303849953226745,0.0005178119754418731,6.518463123939e-06,9.07750941081531e-09,9.631249122321606e-05,0.2694433033466339,0.1939408928155899,0.030568880960345268,3.1484177112579346,0.0
v27_seed2,200,False,fc2.bias,32,482400.0,0.0008305551018565893,0.0011339833727106452,8.041162072913721e-05,4.620270374289248e-06,0.0003267000720370561,0.05861983820796013,0.04466339945793152,0.016597643494606018,0.13956791162490845,0.0
v27_seed2,200,False,norm2.weight,32,482400.0,0.00014655017002951354,0.00021721089433413,8.182560691238905e-07,5.510406708708615e-08,3.5140369618602563e-06,0.4586625099182129,0.4014108180999756,0.16003529727458954,1.2779414653778076,0.0
v27_seed2,200,False,norm2.bias,32,482400.0,0.00013801433669868857,0.00017835109611041844,1.054682570611476e-06,4.5611177057480745e-08,2.822230044330354e-06,0.45846879482269287,0.35383671522140503,0.17857573926448822,1.4046409130096436,0.0
v27_seed2,200,False,actor.weight,192,482400.0,4.3642048694891855e-05,8.709027315489948e-05,6.204979285939771e-07,1.5881616854951375e-10,8.199596777558327e-06,3.0099422931671143,1.4209927320480347,0.10476676374673843,23.78643798828125,0.0
v27_seed2,200,False,actor.bias,6,482400.0,1.4303353964351118e-05,1.806108048185706e-05,2.0790331234366022e-08,4.353496674269763e-09,3.309748919377853e-08,2.4402992725372314,1.9545397758483887,1.6489211320877075,4.546072959899902,0.0
v27_seed2,200,False,critic.weight,32,482400.0,0.0001350774837192148,0.00022015909780748188,1.573193003423512e-06,3.0324074362653164e-09,1.1629192158579826e-05,1.235949993133545,0.7519399523735046,0.08797215670347214,5.446890354156494,0.0
v27_seed2,200,False,critic.bias,1,482400.0,1.7389762433595024e-05,1.7389762433595024e-05,7.842159277515748e-08,7.842159277515748e-08,7.842159277515748e-08,1.0712428092956543,1.0712428092956543,1.0712428092956543,1.0712428092956543,0.0
v27_seed2,200,False,rnd.predictor.net.0.weight,91136,482400.0,1.0244013992632972e-07,1.4131391878891009e-07,1.910335604982105e-12,2.7084979631287684e-16,2.9050045355361043e-11,378.60955810546875,306.9234924316406,55.55752182006836,11338.9345703125,1.0
v27_seed2,200,False,rnd.predictor.net.0.bias,128,482400.0,1.7839299459865288e-07,2.3408284732795437e-07,7.671982840684599e-12,1.712185298055613e-12,2.5894862643038863e-11,118.27592468261719,113.78072357177734,58.83853530883789,227.53041076660156,1.0
v27_seed2,200,False,rnd.predictor.net.1.weight,128,482400.0,4.7089551458157075e-07,6.451618332903308e-07,5.287267845766053e-11,4.552446961070267e-12,3.3004068922259933e-10,57.39561462402344,53.33088684082031,16.504352569580078,139.94847106933594,0.8515625
v27_seed2,200,False,rnd.predictor.net.1.bias,128,482400.0,5.049379296906409e-07,6.603071369681857e-07,5.7493385052787005e-11,1.423161762048597e-11,2.0230171704493927e-10,43.166343688964844,41.58586883544922,21.077362060546875,79.3130111694336,0.8984375
v27_seed2,200,False,rnd.predictor.net.3.weight,16384,482400.0,2.2278072719927877e-07,3.3103361829489586e-07,1.0629549324070453e-11,1.2339215478378296e-13,9.531184730349196e-10,167.09678649902344,145.31602478027344,9.714202880859375,830.3988647460938,0.98931884765625
v27_seed2,200,False,rnd.predictor.net.3.bias,128,482400.0,5.379510525926889e-07,7.063908356030879e-07,6.683987391342683e-11,4.54365364777054e-12,7.284021164011278e-10,46.436344146728516,41.224510192871094,11.111553192138672,140.08319091796875,0.8203125
v27_seed2,200,False,rnd.predictor.net.4.weight,128,482400.0,4.465933614028472e-07,5.94183916291513e-07,5.0286413921796225e-11,4.663600777256305e-13,2.5247318125032336e-10,77.47041320800781,56.052799224853516,18.868629455566406,432.95941162109375,0.84375
v27_seed2,200,False,rnd.predictor.net.4.bias,128,482400.0,4.787831926478248e-07,6.21007643530902e-07,5.499211155890471e-11,3.1705066089876555e-12,5.901867328184096e-10,51.46265411376953,45.131473541259766,12.343770027160645,167.54238891601562,0.8984375
v27_seed2,200,False,rnd.predictor.net.6.weight,8192,482400.0,6.563827810168732e-07,8.931449428928318e-07,7.834224241554111e-11,2.3709046878539475e-12,5.334961916680925e-10,51.3875846862793,46.264278411865234,12.98277759552002,193.57659912109375,0.734375
v27_seed2,200,False,rnd.predictor.net.6.bias,64,482400.0,1.5984021501935786e-06,1.923150193761103e-06,5.26379606569094e-10,4.2129313926331236e-10,7.006084601357543e-10,13.127241134643555,13.153300285339355,11.329729080200195,14.60890007019043,0.0
v27_seed2,210,False,fc1.weight,45568,506400.0,0.00013724545715376735,0.0011485383147373796,2.142352968803607e-05,8.711621101249376e-16,0.01975194178521633,9.057003021240234,2.3170745372772217,0.002134599257260561,7591.966796875,0.005837429780513048
v27_seed2,210,False,fc1.bias,64,506400.0,0.00011081104457844049,0.00015274449833668768,4.007158054264437e-07,3.809478243965714e-08,3.734922756848391e-06,0.6435656547546387,0.5875455141067505,0.15523090958595276,1.5369731187820435,0.0
v27_seed2,210,False,norm1.weight,64,506400.0,0.0008350276621058583,0.0011855282355099916,2.343221422052011e-05,9.35054572437366e-07,0.00019795911794062704,0.100245900452137,0.08407238870859146,0.021322257816791534,0.31024035811424255,0.0
v27_seed2,210,False,norm1.bias,64,506400.0,0.00076272152364254,0.0010114783653989434,1.7440845113014802e-05,2.7696144115907373e-06,8.705424261279404e-05,0.08759971708059311,0.08336063474416733,0.03215331956744194,0.18026401102542877,0.0
v27_seed2,210,False,fc2.weight,2048,506400.0,0.0004679420089814812,0.0007654583314433694,8.565133612137288e-06,1.65902829252218e-08,0.0001911623839987442,0.24569931626319885,0.1709951013326645,0.0216980017721653,2.3289527893066406,0.0
v27_seed2,210,False,fc2.bias,32,506400.0,0.0015229106647893786,0.002136575523763895,9.785930888028815e-05,4.2748542909976095e-06,0.00039267083047889173,0.05833277106285095,0.04454001784324646,0.01513933390378952,0.1450970321893692,0.0
v27_seed2,210,False,norm2.weight,32,506400.0,0.00031124596716836095,0.0004504000535234809,2.112071115334402e-06,1.8580150751290603e-08,1.0868609933822881e-05,0.3654614984989166,0.2815832197666168,0.09099823236465454,2.2007200717926025,0.0
v27_seed2,210,False,norm2.bias,32,506400.0,0.00027003965806216,0.00034298861282877624,1.9763901946134865e-06,2.61835317871828e-08,5.720291028410429e-06,0.33990660309791565,0.2749914824962616,0.1254325956106186,1.8538744449615479,0.0
v27_seed2,210,False,actor.weight,192,506400.0,9.774314821697772e-05,0.0002278493338963017,1.3034026551395073e-06,3.0147764840116054e-10,1.9060478734900244e-05,2.6665608882904053,1.601244330406189,0.06871528923511505,17.268062591552734,0.0
v27_seed2,210,False,actor.bias,6,506400.0,3.068198202527128e-05,3.620658389991149e-05,3.4599207054952785e-08,1.3141103316627323e-08,5.0890818670268345e-08,1.759928584098816,1.4651525020599365,1.3297877311706543,2.61678147315979,0.0
v27_seed2,210,False,critic.weight,32,506400.0,0.0003262986137997359,0.0005839249934069812,3.4027932542812778e-06,1.1805007638088227e-08,2.7160675017512403e-05,0.7924473285675049,0.5436204075813293,0.0575638972222805,2.7608842849731445,0.0
v27_seed2,210,False,critic.bias,1,506400.0,3.7645768315996975e-06,3.7645768315996975e-06,1.8969568316151708e-07,1.8969568316151708e-07,1.8969568316151708e-07,0.6887832880020142,0.6887832880020142,0.6887832880020142,0.6887832880020142,0.0
v27_seed2,210,False,rnd.predictor.net.0.weight,91136,506400.0,1.0161131314134764e-07,1.368246529409589e-07,2.6145782587583266e-12,4.3568981938685216e-16,9.198996425707762e-11,370.2667236328125,309.6904602050781,31.24629020690918,9717.1708984375,1.0
v27_seed2,210,False,rnd.predictor.net.0.bias,128,506400.0,1.6948915515513363e-07,2.1614856393625814e-07,7.680086601402625e-12,2.146962945967501e-12,2.995938566674461e-11,120.24691772460938,118.46382904052734,54.70941925048828,203.35511779785156,1.0
v27_seed2,210,False,rnd.predictor.net.1.weight,128,506400.0,4.325746090216853e-07,5.959450390946586e-07,6.237772798289853e-11,4.071843556774368e-12,6.265820640116715e-10,56.789161682128906,51.20938491821289,11.98005485534668,147.9376983642578,0.8203125
v27_seed2,210,False,rnd.predictor.net.1.bias,128,506400.0,4.7152639126579743e-07,5.872810220353131e-07,6.225822635208544e-11,1.8563737352872423e-11,2.8453350786605824e-10,42.82905578613281,41.769718170166016,17.774490356445312,69.46751403808594,0.8671875
v27_seed2,210,False,rnd.predictor.net.3.weight,16384,506400.0,2.2356175577442627e-07,3.4141177707169845e-07,1.3242733298834963e-11,1.1658767484420962e-13,1.5326870883569654e-09,168.8014373779297,146.7686767578125,7.660966873168945,853.6080322265625,0.97869873046875
v27_seed2,210,False,rnd.predictor.net.3.bias,128,506400.0,4.736806999972032e-07,6.119898898759857e-07,6.408706898497485e-11,4.191632284322733e-12,6.570516908332991e-10,49.338043212890625,44.59918212890625,11.699090003967285,145.81883239746094,0.8125
v27_seed2,210,False,rnd.predictor.net.4.weight,128,506400.0,4.3185519871258293e-07,5.900581072637578e-07,6.319291617762346e-11,6.274394523907156e-13,8.781777527389067e-10,81.0743179321289,61.302860260009766,10.120070457458496,374.0132141113281,0.8046875
v27_seed2,210,False,rnd.predictor.net.4.bias,128,506400.0,4.3883068201466813e-07,5.667554319188639e-07,5.547279996465093e-11,3.417380311024343e-12,5.80036241260018e-10,53.628379821777344,48.80669403076172,12.451262474060059,161.4104461669922,0.875
v27_seed2,210,False,rnd.predictor.net.6.weight,8192,506400.0,6.262094984776923e-07,8.496916166222945e-07,8.714996779790596e-11,2.824560897674022e-12,1.4675999304714082e-09,51.90715789794922,47.262542724609375,7.828960418701172,177.44729614257812,0.71240234375
v27_seed2,210,False,rnd.predictor.net.6.bias,64,506400.0,1.2958653314854018e-06,1.5853993318160065e-06,4.753964444326186e-10,3.5245451002197115e-10,6.666449614556313e-10,13.849441528320312,13.78502082824707,11.614641189575195,15.971233367919922,0.0
v27_seed2,220,False,fc1.weight,45568,530400.0,0.00011849922157125548,0.0008632417884655297,2.1479296265169978e-05,3.25050998812933e-26,0.008330021053552628,171.80087280273438,2.164076566696167,0.0032869884744286537,29999.4609375,0.0056618680246174335
v27_seed2,220,False,fc1.bias,64,530400.0,8.95247285370715e-05,0.00011678797454806045,3.6395601910044206e-07,3.8819965908487575e-08,1.6769841977293254e-06,0.62760329246521,0.5796116590499878,0.23166127502918243,1.5225504636764526,0.0
v27_seed2,220,False,norm1.weight,64,530400.0,0.0007001362391747534,0.0010172302136197686,2.3203911041491665e-05,1.327524614680442e-06,0.00010715446842368692,0.0949966162443161,0.07745098322629929,0.028981156647205353,0.26037314534187317,0.0
v27_seed2,220,False,norm1.bias,64,530400.0,0.0006333385827019811,0.000848312396556139,1.7974069123738445e-05,2.5767287752387347e-06,5.0122427637688816e-05,0.08253184705972672,0.07568393647670746,0.04237450286746025,0.18688920140266418,0.0
v27_seed2,220,False,fc2.weight,2048,530400.0,0.00034570335992611945,0.0005420584348030388,7.469388947356492e-06,1.011355532654079e-08,0.00013204276910983026,0.2443826049566269,0.173604354262352,0.02610739693045616,2.982814073562622,0.0
v27_seed2,220,False,fc2.bias,32,530400.0,0.0007983772666193545,0.0011880883248522878,8.861624519340694e-05,4.6983741412987e-06,0.0002943354775197804,0.0582965686917305,0.043890342116355896,0.017486372962594032,0.13840298354625702,0.0
v27_seed2,220,False,norm2.weight,32,530400.0,0.00014303936040960252,0.00018216276657767594,1.7781327414922998e-06,1.3871022552791601e-08,1.1708815691235941e-05,0.39567264914512634,0.30470797419548035,0.08767252415418625,2.5470070838928223,0.0
v27_seed2,220,False,norm2.bias,32,530400.0,0.00011937669478356838,0.0001586702128406614,1.5980621128619532e-06,2.1770000913079457e-08,3.818094228336122e-06,0.3959835171699524,0.29942333698272705,0.15353088080883026,2.0331180095672607,0.0
v27_seed2,220,False,actor.weight,192,530400.0,9.728109580464661e-05,0.00018178127356804907,1.2960480262336205e-06,3.781681912062851e-10,1.812833761505317e-05,2.2824926376342773,1.1701942682266235,0.07045978307723999,15.418974876403809,0.0
v27_seed2,220,False,actor.bias,6,530400.0,2.4357601432711817e-05,2.6975307264365256e-05,3.5070016224381106e-08,1.3201717052879758e-08,5.199003538791658e-08,1.7158349752426147,1.489325761795044,1.3156554698944092,2.6107680797576904,0.0
v27_seed2,220,False,critic.weight,32,530400.0,0.00010379022569395602,0.00017243133333977312,3.5227872103860136e-06,8.019489960986448e-09,3.0234337828005664e-05,0.8609916567802429,0.6461589336395264,0.054559484124183655,3.3496499061584473,0.0
v27_seed2,220,False,critic.bias,1,530400.0,1.4158167687128298e-05,1.4158167687128298e-05,1.3298847534315428e-07,1.3298847534315428e-07,1.3298847534315428e-07,0.8226258158683777,0.8226258158683777,0.8226258158683777,0.8226258158683777,0.0
v27_seed2,220,False,rnd.predictor.net.0.weight,91136,530400.0,9.734813488648797e-08,1.3143726107500697e-07,1.566054902944758e-12,2.5574516069030333e-16,1.8269113652435998e-11,398.83343505859375,325.7111511230469,70.02411651611328,11541.9990234375,1.0
v27_seed2,220,False,rnd.predictor.net.0.bias,128,530400.0,1.2680081340477045e-07,1.65050309419712e-07,6.4975125974031656e-12,1.5760624142574509e-12,2.303732551944826e-11,127.03199005126953,122.02384948730469,62.37367630004883,237.0767059326172,1.0
v27_seed2,220,False,rnd.predictor.net.1.weight,128,530400.0,3.8931781887185934e-07,5.565648280025925e-07,4.480310220045247e-11,3.5235555792545448e-12,2.780263241852765e-10,58.201141357421875,54.0513916015625,17.981168746948242,158.9729461669922,0.9296875
v27_seed2,220,False,rnd.predictor.net.1.bias,128,530400.0,3.50830248407874e-07,4.6045872181821323e-07,5.046511819539745e-11,1.3453281891284696e-11,1.8574665416881686e-10,45.40230941772461,43.81010818481445,21.995925903320312,81.56892395019531,0.9609375
v27_seed2,220,False,rnd.predictor.net.3.weight,16384,530400.0,2.1248247605853976e-07,3.106264898633526e-07,9.112420887302797e-12,1.2433537001626388e-13,7.197096252298252e-10,169.289306640625,147.9032440185547,11.178428649902344,827.3301391601562,0.9925537109375
v27_seed2,220,False,rnd.predictor.net.3.bias,128,530400.0,4.0999907469085883e-07,5.548668582378014e-07,5.928071922234324e-11,5.47347367083062e-12,6.633682492207527e-10,48.03104782104492,44.08456802368164,11.643279075622559,127.68428039550781,0.890625
v27_seed2,220,False,rnd.predictor.net.4.weight,128,530400.0,3.558870389497315e-07,4.832378408536897e-07,4.6460318231522635e-11,5.7026139452937e-13,2.938210508229844e-10,76.03785705566406,56.64114761352539,17.491477966308594,392.07666015625,0.859375
v27_seed2,220,False,rnd.predictor.net.4.bias,128,530400.0,3.777269057536614e-07,5.205487241255469e-07,5.16596834754246e-11,4.375623127716999e-12,6.164070365244356e-10,51.66998291015625,46.98818588256836,12.07848834991455,142.73489379882812,0.9375
v27_seed2,220,False,rnd.predictor.net.6.weight,8192,530400.0,6.644929726462578e-07,8.907049391382316e-07,7.581970468129029e-11,2.424114294713453e-12,5.628668642287948e-10,51.8533935546875,47.09833908081055,12.639660835266113,191.4539337158203,0.7427978515625
v27_seed2,220,False,rnd.predictor.net.6.bias,64,530400.0,1.4430404462473234e-06,1.714000859465159e-06,5.13585951544826e-10,4.161591904416895e-10,6.519333961563234e-10,13.278820037841797,13.384432792663574,11.744906425476074,14.698691368103027,0.0
v27_seed2,230,False,fc1.weight,45568,554400.0,8.080821135081351e-05,0.0006577305030077696,2.164533179893624e-05,1.2128443134618715e-36,0.0690012201666832,173.3905792236328,2.977290153503418,0.0011420705122873187,30000.001953125,0.00941450148820877
v27_seed2,230,False,fc1.bias,64,554400.0,6.143198697827756e-05,8.393875759793445e-05,4.769347015098901e-07,2.147046451739243e-08,1.2891321603092365e-05,0.7641609907150269,0.6875574588775635,0.08355478197336197,2.047250270843506,0.0
v27_seed2,230,False,norm1.weight,64,554400.0,0.000503973918966949,0.0007892270805314183,1.8026374164037406e-05,5.580794208981388e-07,0.00018352176994085312,0.12292754650115967,0.10584425181150436,0.022145073860883713,0.4015757143497467,0.0
v27_seed2,230,False,norm1.bias,64,554400.0,0.0004644728032872081,0.0006100500468164682,1.5562312910333276e-05,7.016052450126153e-07,0.00023364578373730183,0.10866674035787582,0.10450424998998642,0.01962646283209324,0.35815390944480896,0.0
v27_seed2,230,False,fc2.weight,2048,554400.0,0.00023989575856830925,0.0003989011747762561,4.51940741186263e-06,1.1799268229140125e-08,8.716555021237582e-05,0.3156776428222656,0.23060041666030884,0.03213278576731682,2.7615554332733154,0.0
v27_seed2,230,False,fc2.bias,32,554400.0,0.001040243310853839,0.001369520672596991,5.9010504628531635e-05,3.191742052877089e-06,0.00024975009728223085,0.07221829146146774,0.061209410429000854,0.01898314617574215,0.16792097687721252,0.0
v27_seed2,230,False,norm2.weight,32,554400.0,0.00016765228065196425,0.00025219490635208786,1.1470699519122718e-06,1.9543680451761247e-08,7.953668500704225e-06,0.4951380491256714,0.386478453874588,0.10637412220239639,2.14578914642334,0.0
v27_seed2,230,False,norm2.bias,32,554400.0,0.00015782203990966082,0.00020537507953122258,1.0493183708604192e-06,1.8171533611166524e-08,2.876466624002205e-06,0.49714505672454834,0.3599873483181,0.1768842190504074,2.2253241539001465,0.0
v27_seed2,230,False,actor.weight,192,554400.0,0.00010958834900520742,0.00028234004275873303,1.2005538110315683e-06,8.251353489363566e-10,1.585849531693384e-05,2.663182497024536,1.6756823062896729,0.07533369213342667,10.440168380737305,0.0
v27_seed2,230,False,actor.bias,6,554400.0,2.952498289232608e-05,3.9132337406044826e-05,3.117679270303597e-08,2.637836793439874e-08,3.6275043413525054e-08,1.7064114809036255,1.652875304222107,1.5750505924224854,1.8470157384872437,0.0
v27_seed2,230,False,critic.weight,32,554400.0,0.00016669750039000064,0.000276088307145983,2.3043401142786024e-06,4.916331786120054e-09,2.1730018488597125e-05,1.2421774864196777,1.1506699323654175,0.06435618549585342,4.277980327606201,0.0
v27_seed2,230,False,critic.bias,1,554400.0,1.636091292311903e-05,1.636091292311903e-05,8.224302661119509e-08,8.224302661119509e-08,8.224302661119509e-08,1.0460599660873413,1.0460599660873413,1.0460599660873413,1.0460599660873413,0.0
v27_seed2,230,False,rnd.predictor.net.0.weight,91136,554400.0,1.0151385509971078e-07,1.4065417985875683e-07,2.201679377006327e-12,2.544919754448406e-16,1.0232512059893395e-10,401.5826110839844,338.5177001953125,29.627910614013672,11559.4443359375,0.9999122023582458
v27_seed2,230,False,rnd.predictor.net.0.bias,128,554400.0,1.551337618366233e-07,2.025738012889633e-07,6.968938447149409e-12,1.6395722670162205e-12,2.2418263426193796e-11,125.54006958007812,120.53661346435547,63.227210998535156,232.4756622314453,1.0
v27_seed2,230,False,rnd.predictor.net.1.weight,128,554400.0,5.080602250018273e-07,6.978102646826301e-07,5.780843859160001e-11,3.114590399824757e-12,4.041808832067062e-10,58.904483795166016,53.50702667236328,14.914798736572266,169.0312042236328,0.828125
v27_seed2,230,False,rnd.predictor.net.1.bias,128,554400.0,4.6926950858505734e-07,6.007250590300828e-07,5.6692199545960165e-11,1.5200223024702808e-11,1.9084633873234225e-10,44.17380905151367,43.61439514160156,21.70026969909668,76.7509536743164,0.90625
v27_seed2,230,False,rnd.predictor.net.3.weight,16384,554400.0,2.1434330221836717e-07,3.3447994951529836e-07,1.168056276701357e-11,1.143084650372106e-13,1.2595887666222438e-09,176.68289184570312,153.76206970214844,8.450541496276855,861.8328247070312,0.98150634765625
v27_seed2,230,False,rnd.predictor.net.3.bias,128,554400.0,4.140071041547344e-07,5.69289795748773e-07,5.7414642484765466e-11,4.073198809489975e-12,6.262254048650107e-10,51.09894943237305,44.97611999511719,11.983465194702148,147.91319274902344,0.859375
v27_seed2,230,False,rnd.predictor.net.4.weight,128,554400.0,3.8788169831605046e-07,6.075403007343994e-07,5.938564917595812e-11,5.909725291596002e-13,7.117415545820904e-10,80.14446258544922,61.497467041015625,11.240803718566895,385.23406982421875,0.8203125
v27_seed2,230,False,rnd.predictor.net.4.bias,128,554400.0,4.006062681582989e-07,5.531710485229269e-07,5.421653057058329e-11,3.3696884258610504e-12,6.402918195647089e-10,53.53497314453125,47.49285125732422,11.851155281066895,162.54249572753906,0.8828125
v27_seed2,230,False,rnd.predictor.net.6.weight,8192,554400.0,6.522303692690912e-07,8.825258532851876e-07,8.566508613583323e-11,2.8196780847700165e-12,1.7771822902190593e-09,51.663612365722656,46.716793060302734,7.11462926864624,177.59994506835938,0.7164306640625
v27_seed2,230,False,rnd.predictor.net.6.bias,64,554400.0,1.307622596868896e-06,1.580023990754853e-06,4.708644030237963e-10,3.519300406651382e-10,6.717796874333715e-10,13.90524959564209,13.961872100830078,11.570184707641602,15.983123779296875,0.0
v27_seed2,240,False,fc1.weight,45568,578400.0,0.00010460775956744328,0.0008796662441454828,2.152338311134372e-05,1.016960604269257e-12,0.014135096222162247,4.3057684898376465,2.3785581588745117,0.0025233174674212933,294.56683349609375,0.005398525390774012
v27_seed2,240,False,fc1.bias,64,578400.0,7.296653348021209e-05,0.00010565947741270065,3.672723778436193e-07,2.657743003453561e-08,1.7918777075465186e-06,0.6914368867874146,0.6133597493171692,0.22411136329174042,1.8400861024856567,0.0
v27_seed2,240,False,norm1.weight,64,578400.0,0.0005828171852044761,0.0008544994634576142,2.3058324586600065e-05,6.67984579649783e-07,0.0002144946192856878,0.09584268182516098,0.08099763095378876,0.02048390358686447,0.36705633997917175,0.0
v27_seed2,240,False,norm1.bias,64,578400.0,0.0005362093797884881,0.0007535024196840823,1.728440838633105e-05,2.815468860717374e-06,5.7362231018487364e-05,0.08347958326339722,0.07690292596817017,0.03961025923490524,0.17879003286361694,0.0
v27_seed2,240,False,fc2.weight,2048,578400.0,0.00035973667399957776,0.0005648396909236908,6.546953954966739e-06,2.081963224043193e-08,0.0002341893850825727,0.2638610005378723,0.1858617663383484,0.01960367150604725,2.079000949859619,0.0
v27_seed2,240,False,fc2.bias,32,578400.0,0.001031361287459731,0.001375985099002719,8.499297109665349e-05,4.473938133742195e-06,0.00035461230436339974,0.0614924281835556,0.04548905789852142,0.015931041911244392,0.14183199405670166,0.0
v27_seed2,240,False,norm2.weight,32,578400.0,0.00018962720059789717,0.00026178776170127094,1.7806003143050475e-06,1.7106845717762553e-08,1.439098923583515e-05,0.43261802196502686,0.35695376992225647,0.07908148318529129,2.293523073196411,0.0
v27_seed2,240,False,norm2.bias,32,578400.0,0.00017912013572640717,0.0002271150005981326,1.481746153331187e-06,1.8995599759819015e-08,3.990015557064908e-06,0.44734466075897217,0.30025234818458557,0.15018682181835175,2.176523208618164,0.0
v27_seed2,240,False,actor.weight,192,578400.0,0.0002208687801612541,0.0005966408643871546,1.536007403046824e-06,8.127757911147171e-10,2.131979817932006e-05,2.4987411499023438,1.3163244724273682,0.06497238576412201,10.519220352172852,0.0
v27_seed2,240,False,actor.bias,6,578400.0,6.393432704498991e-05,9.266161941923201e-05,3.735053155651258e-08,2.1011743456256227e-08,4.272311926456496e-08,1.5868825912475586,1.4697903394699097,1.4513388872146606,2.0694756507873535,0.0
v27_seed2,240,False,critic.weight,32,578400.0,0.00020809404668398201,0.0003656893386505544,3.7602994780172594e-06,6.7186518570849785e-09,3.585870945244096e-05,1.0504460334777832,0.6941521763801575,0.05009832605719566,3.659546375274658,0.0
v27_seed2,240,False,critic.bias,1,578400.0,4.564003120322013e-06,4.564003120322013e-06,1.150251591752749e-07,1.150251591752749e-07,1.150251591752749e-07,0.8845288753509521,0.8845288753509521,0.8845288753509521,0.8845288753509521,0.0
v27_seed2,240,False,rnd.predictor.net.0.weight,91136,578400.0,8.722665256755135e-08,1.1518050513359412e-07,1.5408052438103947e-12,8.384352981418732e-16,1.9510070642381194e-11,403.67987060546875,338.2314758300781,67.76567077636719,7701.04638671875,1.0
v27_seed2,240,False,rnd.predictor.net.0.bias,128,578400.0,1.1752492667937986e-07,1.4782625612497213e-07,5.317370675717026e-12,1.2740800168359323e-12,1.5147006912630268e-11,138.09768676757812,132.14247131347656,76.88531494140625,263.4464416503906,1.0
v27_seed2,240,False,rnd.predictor.net.1.weight,128,578400.0,3.8145483927110035e-07,5.048885327596508e-07,4.194849675953627e-11,3.179963020336074e-12,2.0059889860313262e-10,58.916683197021484,56.048221588134766,21.166568756103516,167.2944793701172,0.921875
v27_seed2,240,False,rnd.predictor.net.1.bias,128,578400.0,3.6582281381924986e-07,4.6382254481613927e-07,4.540962744714605e-11,1.2097814937328533e-11,1.281233591443609e-10,47.043643951416016,45.48281478881836,26.480342864990234,86.00446319580078,0.9921875
v27_seed2,240,False,rnd.predictor.net.3.weight,16384,578400.0,1.9502414261296508e-07,2.852203522252239e-07,8.557731780156619e-12,1.1938482158153213e-13,9.028686132062091e-10,176.92446899414062,155.25302124023438,9.980780601501465,843.8318481445312,0.9927978515625
v27_seed2,240,False,rnd.predictor.net.3.bias,128,578400.0,4.0617931063025026e-07,5.591172111962806e-07,4.976829712233233e-11,4.077900343790741e-12,5.631922705973125e-10,52.31257247924805,47.105140686035156,12.63601016998291,147.82833862304688,0.9375
v27_seed2,240,False,rnd.predictor.net.4.weight,128,578400.0,3.9461019696318544e-07,5.387987584981602e-07,4.644372386675144e-11,5.962008230858684e-13,3.63396701619223e-10,80.10475158691406,57.80893325805664,15.729068756103516,383.5628356933594,0.8671875
v27_seed2,240,False,rnd.predictor.net.4.bias,128,578400.0,3.753917781068594e-07,5.258100372884655e-07,4.650140689177462e-11,3.5860914932017707e-12,5.945804404383637e-10,54.55484390258789,49.0893669128418,12.298096656799316,157.58804321289062,0.96875
v27_seed2,240,False,rnd.predictor.net.6.weight,8192,578400.0,6.271577603911282e-07,8.524201007276133e-07,7.442257921042028e-11,1.877731043570252e-12,6.001736330141227e-10,53.376800537109375,47.681697845458984,12.240680694580078,217.34353637695312,0.7425537109375
v27_seed2,240,False,rnd.predictor.net.6.bias,64,578400.0,1.4046831893210765e-06,1.6933614688241505e-06,4.5084252997540375e-10,3.594694819586408e-10,5.868488472948741e-10,14.175410270690918,14.117228507995605,12.378809928894043,15.814709663391113,0.0
v28_seed2,10,False,fc1.weight,68352,26401.0,0.09999999403953552,0.10000213235616684,0.0010145138949155807,0.0010000000474974513,0.021232929080724716,0.009457467123866081,0.009486793540418148,0.002058809855952859,0.009486828930675983,0.0
v28_seed2,10,False,fc1.bias,96,26401.0,0.10000000149011612,0.1000000536441803,0.001000290852971375,0.0010000186739489436,0.0010049851844087243,0.009485452435910702,0.00948625709861517,0.009463271126151085,0.00948674138635397,0.0
v28_seed2,10,False,norm1.weight,96,26401.0,0.09997051954269409,0.09997081756591797,0.0010024801595136523,0.0010000792099162936,0.0010201786644756794,0.009475118480622768,0.009480123408138752,0.009392538107931614,0.009486453607678413,0.0
v28_seed2,10,False,norm1.bias,96,26401.0,0.09996344894170761,0.09996383637189865,0.001003058161586523,0.0010001061018556356,0.0010203712154179811,0.009472391568124294,0.009477609768509865,0.009391652420163155,0.009486326947808266,0.0
v28_seed2,10,False,fc2.weight,3072,26401.0,0.10000000149011612,0.1000003069639206,0.0010018670000135899,0.0010000362526625395,0.001246894709765911,0.009478212334215641,0.009484595619142056,0.00849583838135004,0.009486658498644829,0.0
v28_seed2,10,False,fc2.bias,32,26401.0,0.10000000149011612,0.10000134259462357,0.0010085874237120152,0.0010011499980464578,0.0010827817022800446,0.00944717600941658,0.00947421882301569,0.009116972796618938,0.009481379762291908,0.0
v28_seed2,10,False,norm2.weight,32,26401.0,0.1000170037150383,0.10001710802316666,0.0010004951618611813,0.001000013086013496,0.0010016259038820863,0.009484482929110527,0.009485520422458649,0.009479126892983913,0.009486768394708633,0.0
v28_seed2,10,False,norm2.bias,32,26401.0,0.10000874847173691,0.10000884532928467,0.0010003827046602964,0.0010000254260376096,0.0010015071602538228,0.009485015645623207,0.009485457092523575,0.009479689411818981,0.009486709721386433,0.0
v28_seed2,10,False,actor.weight,192,26401.0,0.10000000149011612,0.10000008344650269,0.001001963741146028,0.0010000013280659914,0.0010231018532067537,0.009477600455284119,0.00948675349354744,0.009379111230373383,0.00948682427406311,0.0
v28_seed2,10,False,actor.bias,6,26401.0,0.10000000149011612,0.10000000149011612,0.001000089105218649,0.0010000246111303568,0.001000174437649548,0.009486407972872257,0.009486322291195393,0.0094860028475523,0.009486713446676731,0.0
v28_seed2,10,False,critic.weight,32,26401.0,0.09989658743143082,0.09989674389362335,0.0010008768877014518,0.0010000047041103244,0.0010047503747045994,0.00948268175125122,0.009486685506999493,0.009464376606047153,0.009486808441579342,0.0
v28_seed2,10,False,critic.bias,1,26401.0,0.0999041348695755,0.0999041348695755,0.001000119373202324,0.001000119373202324,0.001000119373202324,0.009486263617873192,0.009486263617873192,0.009486263617873192,0.009486263617873192,0.0
v28_seed2,10,False,rnd.predictor.net.0.weight,91136,26401.0,0.10000000894069672,0.10000000149011612,0.001000001560896635,0.0010000000474974513,0.0010000085458159447,0.009486822411417961,0.00948682427406311,0.009486788883805275,0.009486828930675983,0.0
v28_seed2,10,False,rnd.predictor.net.0.bias,128,26401.0,0.10000000149011612,0.10000000149011612,0.0010000041220337152,0.0010000007459893823,0.001000010292045772,0.009486810304224491,0.009486813098192215,0.009486781433224678,0.00948682613670826,0.0
v28_seed2,10,False,rnd.predictor.net.1.weight,128,26401.0,0.10000056773424149,0.10000057518482208,0.0010000058682635427,0.0010000016773119569,0.0010000171605497599,0.00948680192232132,0.009486806578934193,0.009486748836934566,0.009486821480095387,0.0
v28_seed2,10,False,rnd.predictor.net.1.bias,128,26401.0,0.09999924898147583,0.09999925643205643,0.0010000078473240137,0.0010000017937272787,0.0010000152979046106,0.009486793540418148,0.009486794471740723,0.009486758150160313,0.009486821480095387,0.0
v28_seed2,10,False,rnd.predictor.net.3.weight,16384,26401.0,0.10000000149011612,0.10000000149011612,0.0010000067995861173,0.0010000001639127731,0.0010000544134527445,0.009486798197031021,0.009486803784966469,0.00948657188564539,0.009486828930675983,0.0
v28_seed2,10,False,rnd.predictor.net.3.bias,128,26401.0,0.10000000894069672,0.10000000149011612,0.0010000377660617232,0.001000000978820026,0.0010001080809161067,0.009486651048064232,0.009486647322773933,0.00948631763458252,0.009486825205385685,0.0
v28_seed2,10,False,rnd.predictor.net.4.weight,128,26401.0,0.1000005304813385,0.1000005230307579,0.0010000059846788645,0.0010000003967434168,0.001000028452835977,0.00948680192232132,0.009486806578934193,0.009486695751547813,0.009486827999353409,0.0
v28_seed2,10,False,rnd.predictor.net.4.bias,128,26401.0,0.09999987483024597,0.09999987483024597,0.0010000101756304502,0.0010000001639127731,0.0010000265901908278,0.009486781433224678,0.009486778639256954,0.009486704133450985,0.009486828930675983,0.0
v28_seed2,10,False,rnd.predictor.net.6.weight,8192,26401.0,0.1000005379319191,0.1000005379319191,0.0010000094771385193,0.0010000014444813132,0.0010000714100897312,0.009486784227192402,0.009486797265708447,0.009486490860581398,0.009486823342740536,0.0
v28_seed2,10,False,rnd.predictor.net.6.bias,64,26401.0,0.1000024676322937,0.1000024676322937,0.0010000485926866531,0.0010000374168157578,0.0010000576730817556,0.009486598894000053,0.009486597031354904,0.009486556984484196,0.009486652910709381,0.0
v28_seed2,20,False,fc1.weight,68352,50400.0,9.661193325882778e-05,0.0008142995066009462,1.4540609299729113e-05,0.0,0.014942530542612076,173.32652282714844,3.418765068054199,0.002454195637255907,30000.001953125,0.0069785816594958305
v28_seed2,20,False,fc1.bias,96,50400.0,6.872812082292512e-05,9.81547636911273e-05,2.7155658699484775e-07,1.3103412577208928e-08,2.1437028863147134e-06,1.0311936140060425,0.9054154753684998,0.2048971951007843,2.620542049407959,0.0
v28_seed2,20,False,norm1.weight,96,50400.0,0.00030383895500563085,0.00047595970681868494,3.3528806397953304e-06,2.42152822238495e-07,5.515668453881517e-05,0.2599963843822479,0.24365992844104767,0.04039444029331207,0.6096318960189819,0.0
v28_seed2,20,False,norm1.bias,96,50400.0,0.00035169199691154063,0.0004613739438354969,3.5356672469788464e-06,5.013203008275013e-07,2.5646226276876405e-05,0.21585409343242645,0.2022155374288559,0.059239134192466736,0.4236990809440613,0.0
v28_seed2,20,False,fc2.weight,3072,50400.0,0.0001567532744957134,0.0002553216472733766,1.6264735904769623e-06,1.5165008804274294e-08,0.00010987546556862071,0.4694320857524872,0.43903693556785583,0.028620056807994843,2.435929298400879,0.0
v28_seed2,20,False,fc2.bias,32,50400.0,0.00043178157648071647,0.0005881840479560196,8.34012189443456e-06,9.472964848100673e-07,3.818058030446991e-05,0.1564195454120636,0.16305771470069885,0.048551127314567566,0.3082292377948761,0.0
v28_seed2,20,False,norm2.weight,32,50400.0,5.216278077568859e-05,6.57165510347113e-05,3.225233342618594e-07,1.957388739981525e-08,1.9098429220321123e-06,0.9984192848205566,1.041312575340271,0.2170797437429428,2.1441328525543213,0.0
v28_seed2,20,False,norm2.bias,32,50400.0,3.896392445312813e-05,4.876774619333446e-05,2.0611776108125923e-07,2.607506921492586e-08,8.194488714252657e-07,1.037529706954956,1.0971342325210571,0.3314023017883301,1.857725977897644,0.0
v28_seed2,20,False,actor.weight,192,50400.0,0.00010947995906462893,0.00026749528478831053,9.158025591204932e-07,6.215316039615004e-10,1.355922722723335e-05,3.429978132247925,2.9885101318359375,0.08147092163562775,12.028611183166504,0.0
v28_seed2,20,False,actor.bias,6,50400.0,4.141422323300503e-05,5.216868157731369e-05,3.0080641977292544e-08,1.0157712893033022e-08,6.733031909789133e-08,2.1333138942718506,1.7495683431625366,1.1561100482940674,2.9763240814208984,0.0
v28_seed2,20,False,critic.weight,32,50400.0,4.68258949695155e-05,8.222856558859348e-05,8.030866069930198e-07,1.5280390286420698e-09,4.886614078714047e-06,2.8851747512817383,3.083221673965454,0.13571107387542725,7.672606945037842,0.0
v28_seed2,20,False,critic.bias,1,50400.0,9.085451893042773e-06,9.085451893042773e-06,3.466393394546685e-08,3.466393394546685e-08,3.466393394546685e-08,1.611235499382019,1.611235499382019,1.611235499382019,1.611235499382019,0.0
v28_seed2,20,False,rnd.predictor.net.0.weight,91136,50400.0,4.189837909507332e-06,5.471530585055007e-06,8.457705091835521e-10,0.0,3.954322203014726e-09,180.78500366210938,11.173643112182617,4.7699761390686035,30000.001953125,0.011411516927182674
v28_seed2,20,False,rnd.predictor.net.0.bias,128,50400.0,4.425182396516902e-06,5.654034794133622e-06,2.1484960477380355e-09,4.607560999403404e-10,4.305540368676475e-09,6.959600925445557,6.564019680023193,4.571316242218018,13.969582557678223,0.0
v28_seed2,20,False,rnd.predictor.net.1.weight,128,50400.0,1.1360929420334287e-05,1.4212988389772363e-05,5.910397060659989e-09,1.954225670175447e-09,1.561189932886009e-08,4.170469284057617,4.165468692779541,2.4008147716522217,6.784778594970703,0.0
v28_seed2,20,False,rnd.predictor.net.1.bias,128,50400.0,9.139419489656575e-06,1.1909629392903298e-05,7.202056728772277e-09,2.338398141787934e-09,1.2973760732393202e-08,3.6532952785491943,3.572697877883911,2.6336026191711426,6.202578067779541,0.0
v28_seed2,20,False,rnd.predictor.net.3.weight,16384,50400.0,9.368413884658366e-06,1.2266680641914718e-05,5.204044750684034e-09,8.992012690001161e-11,4.731030145421755e-08,5.499735355377197,4.599566459655762,1.3791879415512085,31.60348892211914,0.00018310546875
v28_seed2,20,False,rnd.predictor.net.3.bias,128,50400.0,1.85178159881616e-05,2.3835256797610782e-05,2.9101656195962278e-08,9.208986906372729e-10,8.919137428620161e-08,2.1278457641601562,1.7513189315795898,1.0044893026351929,9.882622718811035,0.0
v28_seed2,20,False,rnd.predictor.net.4.weight,128,50400.0,9.64204446063377e-06,1.1847733730974142e-05,6.128423102325087e-09,6.744912406375647e-10,3.257601832729051e-08,4.945647716522217,4.449925422668457,1.662065863609314,11.546914100646973,0.0
v28_seed2,20,False,rnd.predictor.net.4.bias,128,50400.0,1.0444439794810023e-05,1.331993280473398e-05,9.588510430091901e-09,1.6492154863989583e-10,2.60975863142221e-08,3.6061184406280518,3.0451149940490723,1.8569244146347046,23.342348098754883,0.0
v28_seed2,20,False,rnd.predictor.net.6.weight,8192,50400.0,1.1529669791343622e-05,1.5264957255567424e-05,7.726846718014713e-09,1.131191140757437e-09,6.216249914814398e-08,4.396381378173828,4.301992893218994,1.2032049894332886,8.917110443115234,0.0
v28_seed2,20,False,rnd.predictor.net.6.bias,64,50400.0,2.5231567633454688e-05,3.108602686552331e-05,4.084177973595615e-08,3.589778785340059e-08,4.9692399528566966e-08,1.486946702003479,1.4925012588500977,1.345726490020752,1.583304762840271,0.0
v28_seed2,30,False,fc1.weight,68352,74400.0,9.416224202141166e-05,0.0009218062041327357,1.4560218914994039e-05,3.600866146599192e-14,0.009371132589876652,8.116942405700684,3.999016046524048,0.0030990259256213903,1501.8060302734375,0.019443469122052193
v28_seed2,30,False,fc1.bias,96,74400.0,8.117081597447395e-05,0.0001397657470079139,3.064510849526414e-07,6.122645057615728e-09,4.205670848023146e-06,1.178540825843811,0.996751070022583,0.14628557860851288,3.8335068225860596,0.0
v28_seed2,30,False,norm1.weight,96,74400.0,0.00024000070698093623,0.0003473043325357139,2.213009793194942e-06,2.4000536313906196e-07,1.2551116014947183e-05,0.26087746024131775,0.23542173206806183,0.08467961102724075,0.6123530864715576,0.0
v28_seed2,30,False,norm1.bias,96,74400.0,0.0002906257286667824,0.0004379075253382325,3.0850276289129397e-06,4.3325940168870147e-07,9.50000321608968e-06,0.22790294885635376,0.2269037365913391,0.09733251482248306,0.45576465129852295,0.0
v28_seed2,30,False,fc2.weight,3072,74400.0,0.00013938374468125403,0.00020696003048215061,1.2070985349055263e-06,1.1480984163370067e-08,3.5908080462832004e-05,0.4637436866760254,0.4324270188808441,0.05006387457251549,2.7995691299438477,0.0
v28_seed2,30,False,fc2.bias,32,74400.0,0.0003355704538989812,0.00045999724534340203,8.319214430230204e-06,1.4005261164129479e-06,3.476896745269187e-05,0.1442176103591919,0.1396029144525528,0.050877366214990616,0.25349652767181396,0.0
v28_seed2,30,False,norm2.weight,32,74400.0,4.214466753182933e-05,4.894883750239387e-05,4.566034021991072e-07,2.2806322164115045e-08,2.850688815669855e-06,0.9693164825439453,0.8806912899017334,0.17768214643001556,1.9863917827606201,0.0
v28_seed2,30,False,norm2.bias,32,74400.0,3.269519584137015e-05,3.949795427615754e-05,2.8858511313956114e-07,1.7220424197716966e-08,1.0154919891647296e-06,0.977952241897583,0.9426820874214172,0.2976999282836914,2.285947561264038,0.0
v28_seed2,30,False,actor.weight,192,74400.0,0.00011896868090843782,0.00023258820874616504,1.2950275731782313e-06,7.72213792910037e-10,2.0221545128151774e-05,3.106748580932617,2.596642017364502,0.06671341508626938,10.791858673095703,0.0
v28_seed2,30,False,actor.bias,6,74400.0,4.01238830818329e-05,4.139922384638339e-05,3.521916980275819e-08,1.1039524849820737e-08,8.51757420150534e-08,1.9771523475646973,1.7443498373031616,1.027894139289856,2.8549911975860596,0.0
v28_seed2,30,False,critic.weight,32,74400.0,3.11205476464238e-05,4.7114623157540336e-05,1.1803779216279509e-06,1.956135919911617e-09,7.161580469983164e-06,2.6528337001800537,2.5318667888641357,0.11210247129201889,6.781465530395508,0.0
v28_seed2,30,False,critic.bias,1,74400.0,1.271935980184935e-05,1.271935980184935e-05,3.7316922885111126e-08,3.7316922885111126e-08,3.7316922885111126e-08,1.5529086589813232,1.5529086589813232,1.5529086589813232,1.5529086589813232,0.0
v28_seed2,30,False,rnd.predictor.net.0.weight,91136,74400.0,3.0919507025828352e-06,4.074291155120591e-06,4.682820797796694e-10,3.159238007918036e-13,2.297234846793117e-09,18.539104461669922,15.380188941955566,6.257890224456787,524.4104614257812,0.06077729910612106
v28_seed2,30,False,rnd.predictor.net.0.bias,128,74400.0,3.6541609915730078e-06,4.411536338011501e-06,1.2719898467850044e-09,3.677554927250526e-10,3.258777914183497e-09,8.994494438171387,8.719948768615723,5.254335403442383,15.635625839233398,0.0
v28_seed2,30,False,rnd.predictor.net.1.weight,128,74400.0,9.601993042451795e-06,1.1846157576655969e-05,4.524419949802905e-09,1.5403043285289186e-09,1.2834288298790852e-08,4.807355880737305,4.826494216918945,2.6478724479675293,7.642005443572998,0.0
v28_seed2,30,False,rnd.predictor.net.1.bias,128,74400.0,8.341031389136333e-06,1.0107793968927581e-05,5.395608404512586e-09,2.3177950669861502e-09,1.0517613446836549e-08,4.25506591796875,4.181665420532227,2.9249625205993652,6.230079174041748,0.0
v28_seed2,30,False,rnd.predictor.net.3.weight,16384,74400.0,6.845411007816438e-06,9.028930435306393e-06,2.9520828004336863e-09,5.888003973275602e-11,2.6660305962877828e-08,7.219278812408447,6.260714530944824,1.8372241258621216,39.04555892944336,0.0032958984375
v28_seed2,30,False,rnd.predictor.net.3.bias,128,74400.0,1.2173198228992987e-05,1.6257225070148706e-05,1.7322399514796416e-08,7.076525476712447e-10,5.6613760790469314e-08,2.7274208068847656,2.34926700592041,1.260787844657898,11.27322006225586,0.0
v28_seed2,30,False,rnd.predictor.net.4.weight,128,74400.0,8.271282240457367e-06,1.1140862625325099e-05,4.9919841593748515e-09,4.508204087816381e-10,2.6243524686719866e-08,5.562002182006836,4.927596092224121,1.8517544269561768,14.122611045837402,0.0
v28_seed2,30,False,rnd.predictor.net.4.bias,128,74400.0,7.546312190243043e-06,1.0204559657722712e-05,6.64951826934157e-09,3.365436818114631e-10,1.8797772227685527e-08,4.186159133911133,3.7155723571777344,2.1879451274871826,16.344207763671875,0.0
v28_seed2,30,False,rnd.predictor.net.6.weight,8192,74400.0,9.206240065395832e-06,1.2289877304283436e-05,5.170370354079523e-09,6.035799082759752e-10,4.249372409503849e-08,5.473445892333984,5.347780704498291,1.4552507400512695,12.20610523223877,0.0
v28_seed2,30,False,rnd.predictor.net.6.bias,64,74400.0,1.988379517570138e-05,2.4651901185279712e-05,2.9722460936909556e-08,2.5542128412325837e-08,3.949867632968562e-08,1.7444875240325928,1.746126651763916,1.5094133615493774,1.8770055770874023,0.0
v28_seed2,40,False,fc1.weight,68352,98400.0,8.843647810863331e-05,0.0007584101404063404,1.4544290024787188e-05,1.3435672847812784e-24,0.014858471229672432,174.3845977783203,3.987894296646118,0.0024611279368400574,29996.5234375,0.014088834635913372
v28_seed2,40,False,fc1.bias,96,98400.0,7.247747271321714e-05,0.00011239828018005937,3.2282855499943253e-07,6.876151648071982e-09,6.524202945001889e-06,1.182409405708313,0.8809238076210022,0.1174507588148117,3.6173973083496094,0.0
v28_seed2,40,False,norm1.weight,96,98400.0,0.0002931158524006605,0.00039855216164141893,2.6584855277178576e-06,3.973384536948288e-07,2.233262057416141e-05,0.2318941354751587,0.2190718948841095,0.06348198652267456,0.4759201407432556,0.0
v28_seed2,40,False,norm1.bias,96,98400.0,0.00028967042453587055,0.0003954741114284843,3.51651920027507e-06,6.776288046239642e-07,1.828851964091882e-05,0.2013847976922989,0.19499501585960388,0.07015053927898407,0.36443498730659485,0.0
v28_seed2,40,False,fc2.weight,3072,98400.0,0.00015882843581493944,0.0002566459879744798,1.487784516029933e-06,1.3480462968118445e-08,7.045102393021807e-05,0.45659124851226807,0.44257089495658875,0.03574185445904732,2.583636999130249,0.0
v28_seed2,40,False,fc2.bias,32,98400.0,0.0004604937566909939,0.0006400794954970479,1.228980181622319e-05,1.7155048226413783e-06,6.850837962701917e-05,0.13357841968536377,0.14090396463871002,0.03624506667256355,0.22904561460018158,0.0
v28_seed2,40,False,norm2.weight,32,98400.0,7.611134060425684e-05,9.565389336785302e-05,5.240067366685253e-07,2.6451960621898252e-08,3.0802973469690187e-06,0.8814532160758972,0.744105875492096,0.1709316372871399,1.844444751739502,0.0
v28_seed2,40,False,norm2.bias,32,98400.0,8.443355181952938e-05,0.00010603841656120494,3.360684956987825e-07,1.6487156528910418e-08,1.2937251767652924e-06,0.8942534327507019,0.7921065092086792,0.26375240087509155,2.3362245559692383,0.0
v28_seed2,40,False,actor.weight,192,98400.0,0.00010073906014440581,0.00021226932585705072,1.341614165539795e-06,4.535645192760285e-10,1.8932907551061362e-05,3.542757749557495,2.8754467964172363,0.06894641369581223,14.07984447479248,0.0
v28_seed2,40,False,actor.bias,6,98400.0,2.4442191715934314e-05,2.7548265279619955e-05,3.1733460303939864e-08,8.021213027120666e-09,6.873233360238373e-08,2.201528310775757,1.658229112625122,1.1442584991455078,3.349290132522583,0.0
v28_seed2,40,False,critic.weight,32,98400.0,6.372406642185524e-05,9.305540152126923e-05,1.2948778476129519e-06,1.7336408975054951e-09,7.490405550925061e-06,2.637749195098877,1.9109687805175781,0.10961425304412842,7.20339822769165,0.0
v28_seed2,40,False,critic.bias,1,98400.0,2.8874179406557232e-05,2.8874179406557232e-05,4.3458165066567744e-08,4.3458165066567744e-08,4.3458165066567744e-08,1.4390130043029785,1.4390130043029785,1.4390130043029785,1.4390130043029785,0.0
v28_seed2,40,False,rnd.predictor.net.0.weight,91136,98400.0,2.0867739749519387e-06,2.7319892978994176e-06,2.2080842709826243e-10,2.8306336766724394e-14,1.053659826055764e-09,29.570241928100586,21.817426681518555,9.239261627197266,1683.078125,0.21124473214149475
v28_seed2,40,False,rnd.predictor.net.0.bias,128,98400.0,2.538895387260709e-06,3.341727506267489e-06,5.339035324958274e-10,1.6157232496372131e-10,1.2709836516577866e-09,13.84161376953125,13.535693168640137,8.412585258483887,23.582849502563477,0.0
v28_seed2,40,False,rnd.predictor.net.1.weight,128,98400.0,7.144298706407426e-06,9.320842764282133e-06,2.4032869028189907e-09,9.261705846697055e-10,7.141121027842701e-09,6.542593002319336,6.438788890838623,3.5496597290039062,9.854466438293457,0.0
v28_seed2,40,False,rnd.predictor.net.1.bias,128,98400.0,5.8331597756478e-06,7.649153303646017e-06,2.656946218593248e-09,1.0944367634380114e-09,5.612451836611854e-09,6.060543060302734,5.852540969848633,4.003934860229492,9.065560340881348,0.0
v28_seed2,40,False,rnd.predictor.net.3.weight,16384,98400.0,4.496828296396416e-06,5.986195901641622e-06,1.2304196550516622e-09,3.167935705428171e-11,1.130143090222191e-08,10.838216781616211,9.73414421081543,2.821718692779541,53.20619201660156,0.012451171875
v28_seed2,40,False,rnd.predictor.net.3.bias,128,98400.0,8.194928341254126e-06,1.1260871360718738e-05,6.806768482192638e-09,3.649875401912084e-10,1.818401074160647e-08,4.216344833374023,3.721430778503418,2.224560499191284,15.694769859313965,0.0
v28_seed2,40,False,rnd.predictor.net.4.weight,128,98400.0,6.139098331914283e-06,8.266843906312715e-06,2.790352393589046e-09,1.5502349404172833e-10,1.2952718009273667e-08,7.488337993621826,6.645648002624512,2.6357407569885254,24.07541847229004,0.0
v28_seed2,40,False,rnd.predictor.net.4.bias,128,98400.0,5.419431545305997e-06,7.268606168508995e-06,2.853629332832952e-09,2.582511982041069e-10,7.220871012236785e-09,6.2965545654296875,5.814361095428467,3.530005931854248,18.6564884185791,0.0
v28_seed2,40,False,rnd.predictor.net.6.weight,8192,98400.0,6.83260805089958e-06,9.008404958876781e-06,2.527401399277096e-09,3.3515698549813067e-10,1.5459509228321622e-08,7.455489158630371,7.261008262634277,2.4126174449920654,16.377965927124023,0.0
v28_seed2,40,False,rnd.predictor.net.6.bias,64,98400.0,1.5114639609237202e-05,1.885395795397926e-05,1.6604241537265807e-08,1.2464882459539695e-08,1.9930494588038528e-08,2.335906505584717,2.3332090377807617,2.124865770339966,2.6868183612823486,0.0
v28_seed2,50,False,fc1.weight,68352,122400.0,7.727785123279318e-05,0.0005996710387989879,1.4503940292343032e-05,3.5722335469921375e-24,0.01789478398859501,173.2439422607422,3.632200002670288,0.002242631744593382,29994.33203125,0.014161985367536545
v28_seed2,50,False,fc1.bias,96,122400.0,5.567709740716964e-05,7.897131581557915e-05,3.961081631587149e-07,5.6162612338539475e-09,1.0947238479275256e-05,1.062092661857605,0.8095322847366333,0.09067084640264511,4.00257682800293,0.0
v28_seed2,50,False,norm1.weight,96,122400.0,0.00020803131337743253,0.00029960236861370504,4.172301487415098e-06,5.179459776627482e-07,4.4191605411469936e-05,0.19052956998348236,0.17945335805416107,0.045128483325242996,0.4168434739112854,0.0
v28_seed2,50,False,norm1.bias,96,122400.0,0.00024060024588834494,0.0003069016966037452,4.9657478484732565e-06,8.977867196335865e-07,3.137279782094993e-05,0.16210754215717316,0.14596104621887207,0.05356041342020035,0.31661397218704224,0.0
v28_seed2,50,False,fc2.weight,3072,122400.0,0.00015661628276575357,0.00022954525775276124,2.176800308006932e-06,1.9402200734930375e-08,0.00010666223533917218,0.4080256521701813,0.3902706801891327,0.029047949239611626,2.1535980701446533,0.0
v28_seed2,50,False,fc2.bias,32,122400.0,0.0003281252575106919,0.00046591510181315243,1.8234479284728877e-05,1.971956180568668e-06,0.00010378820297773927,0.11470519006252289,0.12477146089076996,0.029447393491864204,0.21363359689712524,0.0
v28_seed2,50,False,norm2.weight,32,122400.0,9.602106001693755e-05,0.00013245937589090317,9.71943222793925e-07,3.523906144664579e-08,5.5142077144409996e-06,0.6567153334617615,0.49052777886390686,0.12775498628616333,1.5980339050292969,0.0
v28_seed2,50,False,norm2.bias,32,122400.0,8.155425894074142e-05,0.00011315142182866111,6.330492396955378e-07,3.521696356756365e-08,2.497532477718778e-06,0.6446856260299683,0.5423455238342285,0.18982917070388794,1.598535180091858,0.0
v28_seed2,50,False,actor.weight,192,122400.0,0.00014899660891387612,0.00034107541432604194,1.8716619933911716e-06,2.788317077229152e-10,2.833969301718753e-05,3.5397465229034424,2.9600653648376465,0.05635376274585724,17.9551944732666,0.0
v28_seed2,50,False,actor.bias,6,122400.0,4.953652387484908e-05,5.858078657183796e-05,3.806352566471105e-08,5.2128803496032106e-09,8.720937927364503e-08,2.1920406818389893,1.4299960136413574,1.0158392190933228,4.154533386230469,0.0
v28_seed2,50,False,critic.weight,32,122400.0,0.0001161895488621667,0.00022157431521918625,2.3536374555988004e-06,3.33476957159462e-09,1.3189153833081946e-05,1.9602299928665161,1.2134467363357544,0.0826060026884079,5.19413423538208,0.0
v28_seed2,50,False,critic.bias,1,122400.0,4.23908386437688e-05,4.23908386437688e-05,7.672558410831698e-08,7.672558410831698e-08,7.672558410831698e-08,1.0830174684524536,1.0830174684524536,1.0830174684524536,1.0830174684524536,0.0
v28_seed2,50,False,rnd.predictor.net.0.weight,91136,122400.0,7.552137617494736e-07,9.79677224677289e-07,3.8089555814968534e-11,4.6110923578230635e-15,3.003161053172221e-10,73.44931030273438,53.80154800415039,17.301406860351562,3850.8427734375,0.9662811756134033
v28_seed2,50,False,rnd.predictor.net.0.bias,128,122400.0,9.636885351937963e-07,1.225856408382242e-06,9.339355677706607e-11,3.153513561393595e-11,2.375787067077084e-10,33.029075622558594,32.74987030029297,19.450725555419922,53.32749938964844,0.6484375
v28_seed2,50,False,rnd.predictor.net.1.weight,128,122400.0,2.620473196657258e-06,3.137323119517532e-06,4.180825130539745e-10,1.2907047652888082e-10,1.384336423271293e-09,15.9662504196167,15.972289085388184,8.060903549194336,26.383092880249023,0.0
v28_seed2,50,False,rnd.predictor.net.1.bias,128,122400.0,2.3310090000450145e-06,2.8623855996556813e-06,4.1712883147582147e-10,1.7828281906329124e-10,1.2909184832210485e-09,15.254351615905762,15.371100425720215,8.347395896911621,22.451295852661133,0.0
v28_seed2,50,False,rnd.predictor.net.3.weight,16384,122400.0,1.5662679970773752e-06,2.0547606709442334e-06,1.6767155719410454e-10,8.477850366173101e-12,2.7315534278926634e-09,28.92254638671875,27.119813919067383,5.738961696624756,102.68084716796875,0.391845703125
v28_seed2,50,False,rnd.predictor.net.3.bias,128,122400.0,3.179655550411553e-06,3.86088686354924e-06,8.67846960961316e-10,1.8431031700849587e-10,2.943977062130898e-09,11.157380104064941,10.579679489135742,5.528076171875,22.081401824951172,0.0
v28_seed2,50,False,rnd.predictor.net.4.weight,128,122400.0,2.1248904431558913e-06,2.8942567951162346e-06,5.017116166960989e-10,3.325471842341443e-11,5.947347059276353e-09,18.224647521972656,16.564441680908203,3.889585494995117,51.932857513427734,0.09375
v28_seed2,50,False,rnd.predictor.net.4.bias,128,122400.0,2.161062184313778e-06,2.6302802780264756e-06,4.0952077839939705e-10,6.970005822504177e-11,1.487619472051449e-09,16.324527740478516,15.08583927154541,7.776116371154785,35.89094161987305,0.0078125
v28_seed2,50,False,rnd.predictor.net.6.weight,8192,122400.0,2.772731704681064e-06,3.6604194519895827e-06,4.925045371528824e-10,8.331399459216016e-11,6.9410202030439905e-09,16.606489181518555,16.55632209777832,3.6004559993743896,32.83120346069336,0.0020751953125
v28_seed2,50,False,rnd.predictor.net.6.bias,64,122400.0,6.468056199082639e-06,7.90364447311731e-06,3.3881617511610784e-09,2.485394334783564e-09,4.6897321581695905e-09,5.176176071166992,5.156538486480713,4.380098342895508,6.016396999359131,0.0
v28_seed2,60,False,fc1.weight,68352,146400.0,9.148287790594622e-05,0.000718474795576185,1.4475092029897496e-05,1.3328805318110403e-34,0.01871860772371292,174.01275634765625,3.4575889110565186,0.002192726358771324,30000.001953125,0.01316713448613882
v28_seed2,60,False,fc1.bias,96,146400.0,9.250894072465599e-05,0.0001355513813905418,3.968341388826957e-07,6.1670433204596975e-09,1.1125481250928715e-05,1.0138922929763794,0.7387822866439819,0.0899415835738182,3.8196845054626465,0.0
v28_seed2,60,False,norm1.weight,96,146400.0,0.0003420416032895446,0.0004439152544364333,5.0979192565137055e-06,8.551243695364974e-07,4.935763718094677e-05,0.1704227477312088,0.16065824031829834,0.042701538652181625,0.32441574335098267,0.0
v28_seed2,60,False,norm1.bias,96,146400.0,0.0004026852548122406,0.0004948326386511326,6.002002464811085e-06,1.493814693276363e-06,3.2505140552530065e-05,0.14430254697799683,0.13534735143184662,0.05261923000216484,0.24545356631278992,0.0
v28_seed2,60,False,fc2.weight,3072,146400.0,0.00023568868346046656,0.0004050434799864888,2.685620756892604e-06,2.5221751798198966e-08,0.000140484917210415,0.3629227578639984,0.3452319800853729,0.025310810655355453,1.8888884782791138,0.0
v28_seed2,60,False,fc2.bias,32,146400.0,0.0008498431416228414,0.0011578663252294064,2.3897451683296822e-05,2.1446567188831978e-06,0.0001419463660567999,0.10253329575061798,0.1041589081287384,0.02518017590045929,0.20485161244869232,0.0
v28_seed2,60,False,norm2.weight,32,146400.0,0.00028647008002735674,0.0004286074545234442,1.2125226476200623e-06,4.5566515893824544e-08,7.5831030699191615e-06,0.5560388565063477,0.4755755364894867,0.10894221812486649,1.4053289890289307,0.0
v28_seed2,60,False,norm2.bias,32,146400.0,0.0002303663786733523,0.0003298032970633358,7.959603749441158e-07,5.011224857298657e-08,3.150341171931359e-06,0.5574363470077515,0.5087849497795105,0.16902074217796326,1.340077519416809,0.0
v28_seed2,60,False,actor.weight,192,146400.0,0.00012970608077012002,0.0003393884398974478,1.91948333849723e-06,2.964970213792384e-10,3.187160109519027e-05,3.7607719898223877,2.8831162452697754,0.05313963443040848,17.412412643432617,0.0
v28_seed2,60,False,actor.bias,6,146400.0,4.4785570935346186e-05,6.136066076578572e-05,3.714862373271899e-08,5.122974933158275e-09,7.869707019381167e-08,2.2421152591705322,1.381821632385254,1.069366216659546,4.190824508666992,0.0
v28_seed2,60,False,critic.weight,32,146400.0,0.0003839056589640677,0.0007254324737004936,2.903347649407806e-06,3.829837336155606e-09,1.7396396287949756e-05,1.7403981685638428,1.2534586191177368,0.0719267800450325,4.846865653991699,0.0
v28_seed2,60,False,critic.bias,1,146400.0,0.00010649666364770383,0.00010649666364770383,9.297238534600183e-08,9.297238534600183e-08,9.297238534600183e-08,0.9838526248931885,0.9838526248931885,0.9838526248931885,0.9838526248931885,0.0
v28_seed2,60,False,rnd.predictor.net.0.weight,91136,146400.0,2.0976847281417577e-07,2.717861207202077e-07,8.693969155704195e-12,4.676947475406191e-16,2.1457569054916803e-10,182.4134979248047,142.39666748046875,20.46607780456543,9485.7919921875,0.9977286458015442
v28_seed2,60,False,rnd.predictor.net.0.bias,128,146400.0,2.4835816248014453e-07,3.3521757814014563e-07,2.5034280204394577e-11,3.828700811253638e-12,7.546034630490084e-11,66.98194885253906,64.13198852539062,34.4954833984375,152.53927612304688,1.0
v28_seed2,60,False,rnd.predictor.net.1.weight,128,146400.0,5.657149131366168e-07,7.649120448149915e-07,9.640473142003003e-11,1.3967943988946185e-11,8.473476920123346e-10,38.868709564208984,38.29313659667969,10.302468299865723,80.05612182617188,0.71875
v28_seed2,60,False,rnd.predictor.net.1.bias,128,146400.0,5.016730710849515e-07,6.661865086243779e-07,8.982076887820156e-11,2.37675643055546e-11,2.619061634234754e-10,33.88029098510742,32.99179458618164,18.52593421936035,61.40998840332031,0.7109375
v28_seed2,60,False,rnd.predictor.net.3.weight,16384,146400.0,4.301784315430268e-07,5.776425950898556e-07,3.173439289128055e-11,7.630961834648176e-13,1.4447019136554218e-09,79.8881607055664,73.82696533203125,7.890742778778076,339.53790283203125,0.94354248046875
v28_seed2,60,False,rnd.predictor.net.3.bias,128,146400.0,8.00383872956445e-07,1.0033828630184871e-06,1.7120560524830353e-10,2.8630944837182426e-11,9.239007336958593e-10,26.497333526611328,24.700336456298828,9.866559982299805,55.9619140625,0.2734375
v28_seed2,60,False,rnd.predictor.net.4.weight,128,146400.0,6.149137448119291e-07,8.645633329251723e-07,1.0206963052539209e-10,2.2460963210874096e-12,1.5755080573498503e-09,47.0018196105957,40.42100524902344,7.556167125701904,198.846923828125,0.671875
v28_seed2,60,False,rnd.predictor.net.4.bias,128,146400.0,5.987527629258693e-07,7.714979233242047e-07,9.545050166925861e-11,1.5265202296665947e-11,1.3087817496426624e-09,36.920509338378906,33.768096923828125,8.290249824523926,76.58784484863281,0.7265625
v28_seed2,60,False,rnd.predictor.net.6.weight,8192,146400.0,1.0272951840306632e-06,1.3869489521312062e-06,1.380480452173316e-10,1.0489203255970025e-11,2.022172873594741e-09,34.6205940246582,33.06458282470703,6.66984224319458,92.34452056884766,0.5628662109375
v28_seed2,60,False,rnd.predictor.net.6.bias,64,146400.0,2.2194274151843274e-06,2.8661515898420475e-06,8.296630049642317e-10,6.61955212866161e-10,1.2042727925987151e-09,10.488654136657715,10.553888320922852,8.642387390136719,11.655695915222168,0.0
v28_seed2,70,False,fc1.weight,68352,170400.0,0.00010614669736241922,0.0009308821172453463,1.4475675925496034e-05,7.006492321624085e-43,0.02320067398250103,174.19728088378906,3.668087959289551,0.00196956773288548,30000.001953125,0.01287453155964613
v28_seed2,70,False,fc1.bias,96,170400.0,0.0001083424431271851,0.0002297882892889902,4.249550045187789e-07,5.845626649403357e-09,1.4557892427546903e-05,1.052305817604065,0.7653622031211853,0.078626848757267,3.923276662826538,0.0
v28_seed2,70,False,norm1.weight,96,170400.0,0.00041185328154824674,0.0005285326624289155,5.0148246373282745e-06,9.3705278914058e-07,5.207170033827424e-05,0.16902494430541992,0.15473026037216187,0.04157381132245064,0.3099094033241272,0.0
v28_seed2,70,False,norm1.bias,96,170400.0,0.0004314272664487362,0.0005560246645472944,5.897066785109928e-06,1.4979708566897898e-06,3.5281314922031015e-05,0.14457237720489502,0.1357048600912094,0.050506606698036194,0.2451128363609314,0.0
v28_seed2,70,False,fc2.weight,3072,170400.0,0.0002517195825930685,0.0004062785010319203,2.663193981788936e-06,2.2035969493572338e-08,0.0001451771822758019,0.3735262453556061,0.3589993417263031,0.02489841729402542,2.0208120346069336,0.0
v28_seed2,70,False,fc2.bias,32,170400.0,0.0007639246177859604,0.0010122237727046013,2.363597923249472e-05,1.9052439483857597e-06,0.00014095759252086282,0.10423343628644943,0.10736873000860214,0.02526833862066269,0.2173415869474411,0.0
v28_seed2,70,False,norm2.weight,32,170400.0,0.00017945530998986214,0.0002534498635213822,1.2509985936048906e-06,6.807695029920069e-08,7.836757504264824e-06,0.5203407406806946,0.4196925759315491,0.1071646437048912,1.1497529745101929,0.0
v28_seed2,70,False,norm2.bias,32,170400.0,0.00014511212066281587,0.0001762917818268761,8.477541086904239e-07,4.882844706344258e-08,3.43475630870671e-06,0.5224955081939697,0.4801994562149048,0.16187170147895813,1.3575791120529175,0.0
v28_seed2,70,False,actor.weight,192,170400.0,0.00013385484635364264,0.00035705030313692987,2.169075742131099e-06,3.0784927385063554e-10,3.4768418117892e-05,3.3173599243164062,2.7752480506896973,0.05087776854634285,17.088531494140625,0.0
v28_seed2,70,False,actor.bias,6,170400.0,3.5799526813207194e-05,5.178538413019851e-05,4.137235976031661e-08,6.382868456000779e-09,8.533237405572436e-08,1.9656106233596802,1.3841466903686523,1.0269503593444824,3.754559278488159,0.0
v28_seed2,70,False,critic.weight,32,170400.0,0.00016121123917400837,0.000307891663396731,2.9604238989122678e-06,3.4122833447725043e-09,1.7722564734867774e-05,1.6623551845550537,1.1906695365905762,0.07126183062791824,5.134809970855713,0.0
v28_seed2,70,False,critic.bias,1,170400.0,3.329465471324511e-06,3.329465471324511e-06,9.784043442095935e-08,9.784043442095935e-08,9.784043442095935e-08,0.959065318107605,0.959065318107605,0.959065318107605,0.959065318107605,0.0
v28_seed2,70,False,rnd.predictor.net.0.weight,91136,170400.0,2.3161878459632135e-07,3.037613964806951e-07,7.3962077781764e-12,3.6021179871798513e-16,1.6348090936535442e-10,196.7095489501953,152.75201416015625,23.44489097595215,10352.236328125,0.998836874961853
v28_seed2,70,False,rnd.predictor.net.0.bias,128,170400.0,3.0463968414551346e-07,3.8889314168955025e-07,2.123110888485602e-11,3.4333126619490173e-12,6.231298116388118e-11,72.55675506591797,68.8648910522461,37.95615005493164,161.0375213623047,1.0
v28_seed2,70,False,rnd.predictor.net.1.weight,128,170400.0,6.913469974278996e-07,8.700093303559697e-07,8.530277872953462e-11,1.137246633670097e-11,7.620190034529628e-10,40.84523391723633,39.34085464477539,10.863781929016113,88.69681549072266,0.7265625
v28_seed2,70,False,rnd.predictor.net.1.bias,128,170400.0,6.04975411988562e-07,7.550733585048874e-07,8.03648259051215e-11,2.3480370425765784e-11,2.231497209237432e-10,35.605552673339844,34.99230194091797,20.069311141967773,61.783634185791016,0.765625
v28_seed2,70,False,rnd.predictor.net.3.weight,16384,170400.0,4.518437322076352e-07,6.158328460514895e-07,2.7917645625819e-11,6.353363473342311e-13,1.0457842369859804e-09,85.84761810302734,79.22164154052734,9.273975372314453,371.7104187011719,0.95367431640625
v28_seed2,70,False,rnd.predictor.net.3.bias,128,170400.0,6.19613842900435e-07,8.335118764080107e-07,1.4887119315076802e-10,2.459562588319475e-11,1.1892160589610512e-09,28.715482711791992,26.50376319885254,8.69690990447998,60.36949157714844,0.3671875
v28_seed2,70,False,rnd.predictor.net.4.weight,128,170400.0,5.743710858041595e-07,7.608704208905692e-07,8.887979241478661e-11,1.856761923033079e-12,1.1759926366039508e-09,50.6285514831543,42.63693618774414,8.745655059814453,218.55844116210938,0.7421875
v28_seed2,70,False,rnd.predictor.net.4.bias,128,170400.0,4.4993706183049653e-07,6.028274697200686e-07,9.299429282183524e-11,1.3066297176178576e-11,2.3780029057007823e-09,39.40049743652344,36.33182144165039,6.150721073150635,82.76471710205078,0.7734375
v28_seed2,70,False,rnd.predictor.net.6.weight,8192,170400.0,1.0805039210026735e-06,1.4424608707486186e-06,1.4051769470224684e-10,9.981203363818025e-12,2.058368586688175e-09,34.372657775878906,32.41244125366211,6.6109514236450195,94.65801239013672,0.54736328125
v28_seed2,70,False,rnd.predictor.net.6.bias,64,170400.0,1.7731354091665708e-06,2.212980916738161e-06,7.869273566107893e-10,6.037726985042013e-10,1.1479101003075698e-09,10.775897979736328,10.773507118225098,8.851954460144043,12.204157829284668,0.0
v28_seed2,80,False,fc1.weight,68352,194400.0,8.038372470764443e-05,0.0006057630525901914,1.4475136595137883e-05,7.006492321624085e-43,0.01913554035127163,174.41781616210938,3.754821300506592,0.0021687070839107037,30000.001953125,0.017424508929252625
v28_seed2,80,False,fc1.bias,96,194400.0,6.130200927145779e-05,8.600037836004049e-05,3.9063516510395857e-07,6.036513511276098e-09,1.2215684364491608e-05,1.0794686079025269,0.7823857069015503,0.08583435416221619,3.860755443572998,0.0
v28_seed2,80,False,norm1.weight,96,194400.0,0.00032460203510709107,0.0004282117588445544,5.025108293921221e-06,6.747108614035824e-07,4.139669181313366e-05,0.16505326330661774,0.15497322380542755,0.04662703722715378,0.36522218585014343,0.0
v28_seed2,80,False,norm1.bias,96,194400.0,0.0003395277017261833,0.00042113405652344227,5.934723503742134e-06,1.4512487496176618e-06,2.643156585691031e-05,0.14220228791236877,0.13278688490390778,0.05835243687033653,0.24902716279029846,0.0
v28_seed2,80,False,fc2.weight,3072,194400.0,0.00020644202595576644,0.00032518318039365113,2.681302930795937e-06,2.4341675342043345e-08,0.00017609821225050837,0.3795129358768463,0.35757413506507874,0.022607028484344482,1.922729730606079,0.0
v28_seed2,80,False,fc2.bias,32,194400.0,0.000537106825504452,0.0007482822984457016,2.3175636670202948e-05,1.892053546725947e-06,0.00013728399062529206,0.10452116280794144,0.10462842881679535,0.025604186579585075,0.21809786558151245,0.0
v28_seed2,80,False,norm2.weight,32,194400.0,0.00015764780982863158,0.0002765688404906541,1.2482611282393918e-06,7.047698602491437e-08,8.939772669691592e-06,0.5255110263824463,0.47257348895072937,0.10033594816923141,1.130007266998291,0.0
v28_seed2,80,False,norm2.bias,32,194400.0,0.00010302554437657818,0.00013840915926266462,7.993704116415756e-07,3.931851111360629e-08,3.2985608413582668e-06,0.541935920715332,0.49621811509132385,0.16517968475818634,1.5128674507141113,0.0
v28_seed2,80,False,actor.weight,192,194400.0,0.0001427507377229631,0.00036458115209825337,2.162152895834879e-06,2.592250858413081e-10,3.4043587220367044e-05,4.118896961212158,3.3769941329956055,0.0514165461063385,18.621431350708008,0.0
v28_seed2,80,False,actor.bias,6,194400.0,3.5820903576677665e-05,4.715915201813914e-05,3.856153441006427e-08,6.1924851912920076e-09,7.341991903331291e-08,2.0235276222229004,1.3234630823135376,1.1071290969848633,3.811830759048462,0.0
v28_seed2,80,False,critic.weight,32,194400.0,0.0001991112803807482,0.00039867928717285395,2.8719584861391922e-06,3.890133548622998e-09,1.9668470486067235e-05,1.6705224514007568,1.3747402429580688,0.06764489412307739,4.809162139892578,0.0
v28_seed2,80,False,critic.bias,1,194400.0,2.0451032469281927e-05,2.0451032469281927e-05,9.177533399906679e-08,9.177533399906679e-08,9.177533399906679e-08,0.990247905254364,0.990247905254364,0.990247905254364,0.990247905254364,0.0
v28_seed2,80,False,rnd.predictor.net.0.weight,91136,194400.0,2.5349191901113954e-07,3.4875742471740523e-07,7.062655581896449e-12,2.6099446209245465e-16,1.4492480826522325e-10,205.5120086669922,160.2325897216797,24.899425506591797,11469.94140625,0.9991331696510315
v28_seed2,80,False,rnd.predictor.net.0.bias,128,194400.0,3.451149552802235e-07,4.345180570908269e-07,2.1673355818374596e-11,2.8385106765060897e-12,6.967005444780128e-11,73.29719543457031,70.14713287353516,35.898658752441406,177.0133056640625,1.0
v28_seed2,80,False,rnd.predictor.net.1.weight,128,194400.0,8.204719392779225e-07,1.12789223294385e-06,8.638209592071178e-11,9.90726684718668e-12,6.750678349654038e-10,41.624046325683594,40.69655227661133,11.541982650756836,95.00944519042969,0.7265625
v28_seed2,80,False,rnd.predictor.net.1.bias,128,194400.0,7.113550282156211e-07,8.981235168903368e-07,8.127029604843017e-11,1.9429752945443468e-11,1.985069886245583e-10,35.804168701171875,35.05225372314453,21.277729034423828,67.9052734375,0.734375
v28_seed2,80,False,rnd.predictor.net.3.weight,16384,194400.0,4.805781372851925e-07,6.665683258688659e-07,2.6097042929440484e-11,5.240025535875603e-13,9.340795914525302e-10,90.74457550048828,83.70437622070312,9.812671661376953,408.7861022949219,0.95562744140625
v28_seed2,80,False,rnd.predictor.net.3.bias,128,194400.0,9.379180596624792e-07,1.1758867231037584e-06,1.3826442768483105e-10,2.0575945461343004e-11,1.034897834095716e-09,30.01161003112793,27.854671478271484,9.322610855102539,65.99104309082031,0.40625
v28_seed2,80,False,rnd.predictor.net.4.weight,128,194400.0,7.901942922217131e-07,1.0867689752558363e-06,8.751506463955394e-11,1.3968846695674997e-12,1.3421015410131076e-09,52.70630645751953,44.76466751098633,8.186721801757812,251.69924926757812,0.7109375
v28_seed2,80,False,rnd.predictor.net.4.bias,128,194400.0,7.263698194037715e-07,9.511753660262912e-07,9.598090378037938e-11,1.1041305890413522e-11,3.019400285353413e-09,40.23258972167969,36.81694793701172,5.458608150482178,90.01316833496094,0.78125
v28_seed2,80,False,rnd.predictor.net.6.weight,8192,194400.0,1.1706808891176479e-06,1.5685825474065496e-06,1.3914100427392384e-10,9.871252253101925e-12,2.0939512346274114e-09,34.97985076904297,32.90038299560547,6.554553031921387,95.18205261230469,0.5560302734375
v28_seed2,80,False,rnd.predictor.net.6.bias,64,194400.0,2.1960074718663236e-06,2.722709950830904e-06,7.587301897871157e-10,5.879840503375533e-10,1.0913157044711852e-09,10.971206665039062,10.964360237121582,9.078511238098145,12.366859436035156,0.0
v28_seed2,90,False,fc1.weight,68352,218400.0,9.26516586332582e-05,0.0007554283365607262,1.4465102140093222e-05,7.006492321624085e-43,0.015238289721310139,174.24949645996094,3.6450562477111816,0.002430262276902795,30000.001953125,0.01433754712343216
v28_seed2,90,False,fc1.bias,96,218400.0,9.180497727356851e-05,0.00015595727018080652,3.796877479089744e-07,6.670805685615733e-09,1.0056944120151456e-05,1.04851233959198,0.755641758441925,0.09459907561540604,3.672645092010498,0.0
v28_seed2,90,False,norm1.weight,96,218400.0,0.0003427936462685466,0.0004631169722415507,5.656160737999016e-06,7.470995342373499e-07,3.9347469282802194e-05,0.1578093022108078,0.1427435576915741,0.04782579466700554,0.3470779359340668,0.0
v28_seed2,90,False,norm1.bias,96,218400.0,0.0003836097603198141,0.0005238951998762786,6.556141215696698e-06,1.8241775023852824e-06,3.115273284493014e-05,0.13404585421085358,0.13061387836933136,0.05374925211071968,0.22211839258670807,0.0
v28_seed2,90,False,fc2.weight,3072,218400.0,0.00024521260638721287,0.0004353637632448226,2.8617207590286853e-06,1.756682443954105e-08,0.00020936361397616565,0.3593788146972656,0.3444754481315613,0.020733391866087914,2.263298749923706,0.0
v28_seed2,90,False,fc2.bias,32,218400.0,0.0006562552880495787,0.0010040395427495241,2.4827806555549614e-05,3.0673299988848157e-06,0.00014831665612291545,0.0978132039308548,0.09875001013278961,0.024633489549160004,0.17129257321357727,0.0
v28_seed2,90,False,norm2.weight,32,218400.0,0.00011915354843949899,0.0001488178240833804,1.170224663837871e-06,9.874894857375693e-08,8.064575013122521e-06,0.5145468711853027,0.4990445673465729,0.10564015060663223,0.9546434879302979,0.0
v28_seed2,90,False,norm2.bias,32,218400.0,0.00013524069800041616,0.00015747769793961197,8.084476235126203e-07,4.8967645938091664e-08,3.261153096900671e-06,0.5244355797767639,0.5113165378570557,0.1661243438720703,1.355648398399353,0.0
v28_seed2,90,False,actor.weight,192,218400.0,0.000118209958600346,0.0002804697724059224,1.9891488136636326e-06,3.006644377911982e-10,3.361382186994888e-05,3.8500759601593018,3.1988484859466553,0.051744189113378525,17.2913875579834,0.0
v28_seed2,90,False,actor.bias,6,218400.0,3.121218105661683e-05,4.1368173697264865e-05,3.607229004387591e-08,8.165964793249714e-09,6.863450607852428e-08,1.9592748880386353,1.4102262258529663,1.145073652267456,3.3194756507873535,0.0
v28_seed2,90,False,critic.weight,32,218400.0,6.834682426415384e-05,0.00010577925422694534,2.6834843538381392e-06,4.0708871829053805e-09,1.7951049812836573e-05,1.6909146308898926,1.3726046085357666,0.07080686092376709,4.701199531555176,0.0
v28_seed2,90,False,critic.bias,1,218400.0,2.586439404694829e-05,2.586439404694829e-05,8.947155549776653e-08,8.947155549776653e-08,8.947155549776653e-08,1.0029152631759644,1.0029152631759644,1.0029152631759644,1.0029152631759644,0.0
v28_seed2,90,False,rnd.predictor.net.0.weight,91136,218400.0,1.97559614889542e-07,2.57582286167235e-07,6.266032831492296e-12,2.4229922733669056e-16,1.2876752442103623e-10,213.07757568359375,164.662841796875,26.414085388183594,11734.3515625,0.9996488690376282
v28_seed2,90,False,rnd.predictor.net.0.bias,128,218400.0,2.2017955814135348e-07,2.843199524704687e-07,1.7959704903813822e-11,2.9611688535241543e-12,5.487120133262913e-11,78.99403381347656,75.6511459350586,40.44484329223633,173.3297882080078,1.0
v28_seed2,90,False,rnd.predictor.net.1.weight,128,218400.0,5.679435162164737e-07,7.032229518699751e-07,8.219031011336142e-11,1.1749799917748494e-11,6.995390378072841e-10,41.59059524536133,40.30589294433594,11.33838176727295,87.26516723632812,0.75
v28_seed2,90,False,rnd.predictor.net.1.bias,128,218400.0,4.858139845964615e-07,6.135600756351778e-07,7.678216396023174e-11,2.303702367756344e-11,2.1755305890103216e-10,36.42692184448242,35.58475875854492,20.325645446777344,62.37408447265625,0.8125
v28_seed2,90,False,rnd.predictor.net.3.weight,16384,218400.0,3.8941595903452253e-07,5.2910507974957e-07,2.398219817179026e-11,4.765169920976919e-13,9.021010050069833e-10,92.34251403808594,85.03128814697266,9.985023498535156,428.3865661621094,0.9642333984375
v28_seed2,90,False,rnd.predictor.net.3.bias,128,218400.0,5.950036552349047e-07,7.512060733461112e-07,1.2946030358840233e-10,2.0869786801491763e-11,1.1506183783538404e-09,30.738374710083008,28.55390739440918,8.841533660888672,65.5258560180664,0.4453125
v28_seed2,90,False,rnd.predictor.net.4.weight,128,218400.0,5.5998197012741e-07,7.530960601798142e-07,8.48813172527052e-11,1.4347548756704631e-12,1.2617269451453694e-09,52.20832061767578,44.021087646484375,8.443379402160645,248.38291931152344,0.734375
v28_seed2,90,False,rnd.predictor.net.4.bias,128,218400.0,4.707208347554115e-07,6.056644679119927e-07,1.0728156557560098e-10,1.1736451220600852e-11,4.7205026554308915e-09,40.18330764770508,37.39252853393555,4.3658013343811035,87.31462860107422,0.7890625
v28_seed2,90,False,rnd.predictor.net.6.weight,8192,218400.0,9.9781459539372e-07,1.307294269281556e-06,1.408555772020037e-10,1.0642660364101886e-11,2.2982165059914905e-09,34.59159469604492,32.39411163330078,6.256554126739502,91.67839050292969,0.5498046875
v28_seed2,90,False,rnd.predictor.net.6.bias,64,218400.0,1.5363510783572565e-06,1.9275705653853947e-06,7.84189158054005e-10,6.139245778413738e-10,1.2277107108715768e-09,10.804615020751953,10.908904075622559,8.559518814086914,12.102874755859375,0.0
v28_seed2,100,False,fc1.weight,68352,242400.0,0.0001023306031129323,0.0008653529803268611,1.443982091586804e-05,7.006492321624085e-43,0.021055933088064194,174.04147338867188,3.494814395904541,0.0020674450788646936,30000.001953125,0.014571629464626312
v28_seed2,100,False,fc1.bias,96,242400.0,9.202685760101303e-05,0.0001395232684444636,3.9010546970530413e-07,6.37874641995495e-09,1.159692692453973e-05,1.0208004713058472,0.7265163064002991,0.08809444308280945,3.755772352218628,0.0
v28_seed2,100,False,norm1.weight,96,242400.0,0.0004948960267938673,0.0006757721421308815,7.126414402591763e-06,8.69958171278995e-07,6.81584351696074e-05,0.14796054363250732,0.1371309459209442,0.03633799031376839,0.3216380774974823,0.0
v28_seed2,100,False,norm1.bias,96,242400.0,0.0005086298915557563,0.0006523068877868354,7.672766514588147e-06,2.037915464825346e-06,4.177636219537817e-05,0.12333172559738159,0.11956308782100677,0.04641467332839966,0.2101479470729828,0.0
v28_seed2,100,False,fc2.weight,3072,242400.0,0.0002492012863513082,0.0003935174026992172,3.27878410644189e-06,2.6029272959249283e-08,0.00018465328321326524,0.3412746489048004,0.3201841115951538,0.02207712084054947,1.8593593835830688,0.0
v28_seed2,100,False,fc2.bias,32,242400.0,0.0010513064917176962,0.001527434797026217,3.060245217056945e-05,3.0373221306945197e-06,0.0001785446802387014,0.08981873840093613,0.09034883230924606,0.0224516112357378,0.17213664948940277,0.0
v28_seed2,100,False,norm2.weight,32,242400.0,0.00018113155965693295,0.00025812952662818134,1.4336792446556501e-06,1.0058926847023031e-07,1.0830774044734426e-05,0.4609883725643158,0.4178779125213623,0.09115704149007797,0.945870578289032,0.0
v28_seed2,100,False,norm2.bias,32,242400.0,0.0001595508074387908,0.0002051737392321229,9.688666295915027e-07,6.154707676842008e-08,3.8351345210685395e-06,0.4785071313381195,0.45915889739990234,0.15318940579891205,1.209205150604248,0.0
v28_seed2,100,False,actor.weight,192,242400.0,0.0001334618282271549,0.00033298952621407807,1.8948809383800835e-06,1.703465701829998e-10,2.6031837478512898e-05,4.0031232833862305,3.0121941566467285,0.05879874527454376,22.96793556213379,0.0
v28_seed2,100,False,actor.bias,6,242400.0,3.790627306443639e-05,4.962507227901369e-05,3.417872207478467e-08,4.415609655694652e-09,5.8061822016952647e-08,2.102914571762085,1.4150896072387695,1.2449672222137451,4.5139899253845215,0.0
v28_seed2,100,False,critic.weight,32,242400.0,0.00018748841830529273,0.0003730208845809102,3.268866976213758e-06,6.218568326943341e-09,2.349272654100787e-05,1.4944565296173096,1.1727439165115356,0.0618947334587574,3.8038294315338135,0.0
v28_seed2,100,False,critic.bias,1,242400.0,8.168478234438226e-05,8.168478234438226e-05,1.0482781220844117e-07,1.0482781220844117e-07,1.0482781220844117e-07,0.9265515208244324,0.9265515208244324,0.9265515208244324,0.9265515208244324,0.0
v28_seed2,100,False,rnd.predictor.net.0.weight,91136,242400.0,1.776789275709234e-07,2.3236846402596711e-07,6.013837431512181e-12,1.8653608380362458e-16,1.396856103008659e-10,221.16004943847656,170.53814697265625,25.36168670654297,12680.794921875,0.9995501041412354
v28_seed2,100,False,rnd.predictor.net.0.bias,128,242400.0,2.1631504409924673e-07,2.8503612270469603e-07,1.7253256115457027e-11,2.5304639026529907e-12,5.003615924370486e-11,81.02447509765625,76.189453125,42.35120391845703,187.41294860839844,1.0
v28_seed2,100,False,rnd.predictor.net.1.weight,128,242400.0,5.313469273460214e-07,7.070631795613735e-07,8.188085626192887e-11,1.0693871135836197e-11,7.848475203076077e-10,42.285369873046875,41.46870803833008,10.70467758178711,91.45928192138672,0.75
v28_seed2,100,False,rnd.predictor.net.1.bias,128,242400.0,4.973357476956153e-07,6.592440513486508e-07,7.621296649329423e-11,2.0771015116216596e-11,2.372218810275939e-10,36.73922348022461,36.01893615722656,19.46533966064453,65.68111419677734,0.84375
v28_seed2,100,False,rnd.predictor.net.3.weight,16384,242400.0,3.706200573105889e-07,5.02913962918683e-07,2.2453029019375847e-11,4.741065938278222e-13,9.554906865716362e-10,96.79589080810547,89.08209991455078,9.702140808105469,429.45855712890625,0.9659423828125
v28_seed2,100,False,rnd.predictor.net.3.bias,128,242400.0,7.379708222288173e-07,9.260675142286345e-07,1.1970779922876318e-10,1.8277459407078922e-11,8.949666008284396e-10,32.117366790771484,29.381805419921875,10.02472972869873,70.00817108154297,0.4765625
v28_seed2,100,False,rnd.predictor.net.4.weight,128,242400.0,6.347323164845875e-07,8.273871685560152e-07,8.424545089313895e-11,1.4922245297060988e-12,1.1469237781724928e-09,53.250396728515625,44.91606903076172,8.855757713317871,243.59222412109375,0.7578125
v28_seed2,100,False,rnd.predictor.net.4.bias,128,242400.0,6.065149591449881e-07,8.630827323941048e-07,1.0862640648090505e-10,1.0836295402660845e-11,5.065091901457208e-09,40.991004943847656,37.846920013427734,4.2146992683410645,90.85807800292969,0.796875
v28_seed2,100,False,rnd.predictor.net.6.weight,8192,242400.0,1.0350677257520147e-06,1.3694700555788586e-06,1.3563442036179651e-10,9.977720039078264e-12,2.1511465941870256e-09,35.256160736083984,33.20792770385742,6.466847896575928,94.67448425292969,0.5638427734375
v28_seed2,100,False,rnd.predictor.net.6.bias,64,242400.0,1.9907338355551474e-06,2.4126841253746534e-06,7.407746083210043e-10,5.298180227875093e-10,1.1137368804980952e-09,11.102760314941406,11.066754341125488,8.986692428588867,13.027745246887207,0.0
v28_seed2,110,False,fc1.weight,68352,266400.0,8.78494101925753e-05,0.0008179530268535018,1.443945620849263e-05,7.006492321624085e-43,0.01775875687599182,174.2828369140625,3.6420040130615234,0.0022512045688927174,30000.001953125,0.017775632441043854
v28_seed2,110,False,fc1.bias,96,266400.0,7.580024976050481e-05,0.00012159581820014864,3.656375895388919e-07,6.523534601399206e-09,9.655462235969026e-06,1.0239537954330444,0.7682985663414001,0.09654578566551208,3.713864326477051,0.0
v28_seed2,110,False,norm1.weight,96,266400.0,0.0003133447316940874,0.0004306765622459352,7.030562755971914e-06,8.324383884428244e-07,5.5829452321631834e-05,0.14901256561279297,0.13554629683494568,0.040150322020053864,0.3288065195083618,0.0
v28_seed2,110,False,norm1.bias,96,266400.0,0.0003700071247294545,0.0005110935308039188,7.506862402806291e-06,1.1804565929196542e-06,3.4520930057624355e-05,0.12564633786678314,0.12147504836320877,0.051059823483228683,0.27611643075942993,0.0
v28_seed2,110,False,fc2.weight,3072,266400.0,0.00019873834389727563,0.0003314606146886945,3.286888386355713e-06,2.6540961428622722e-08,0.000272833916824311,0.3503943681716919,0.33400750160217285,0.01816234178841114,1.841349720954895,0.0
v28_seed2,110,False,fc2.bias,32,266400.0,0.0004066704714205116,0.0005256460863165557,2.8994407330174e-05,3.0400799460039707e-06,0.00017428536375518888,0.0926000103354454,0.09156349301338196,0.022724298760294914,0.17205855250358582,0.0
v28_seed2,110,False,norm2.weight,32,266400.0,0.00011697080481098965,0.0001777526194928214,1.5248822364810621e-06,1.166687297882163e-07,1.175123452412663e-05,0.4366818964481354,0.4180564880371094,0.08751414716243744,0.878276526927948,0.0
v28_seed2,110,False,norm2.bias,32,266400.0,0.00010342421592213213,0.0001289972715312615,1.0190293551204377e-06,7.57307816456887e-08,4.071077455591876e-06,0.44885557889938354,0.44818466901779175,0.1486840695142746,1.0901073217391968,0.0
v28_seed2,110,False,actor.weight,192,266400.0,0.00013082231453154236,0.0003304690180812031,2.25109056373185e-06,3.570973794442267e-10,4.341282328823581e-05,4.120731353759766,3.256227493286133,0.045531466603279114,15.867121696472168,0.0
v28_seed2,110,False,actor.bias,6,266400.0,3.0044551749597304e-05,3.806541644735262e-05,3.8284824199763534e-08,7.828321102465452e-09,7.899494391949702e-08,2.0535075664520264,1.4200472831726074,1.0673482418060303,3.3902981281280518,0.0
v28_seed2,110,False,critic.weight,32,266400.0,0.00011216194252483547,0.00023970981419552118,3.4216213862237055e-06,6.144838859967194e-09,2.5386545530636795e-05,1.3824630975723267,1.0729519128799438,0.05954134091734886,3.8265786170959473,0.0
v28_seed2,110,False,critic.bias,1,266400.0,9.380812116432935e-06,9.380812116432935e-06,1.0842423847634564e-07,1.0842423847634564e-07,1.0842423847634564e-07,0.9110555648803711,0.9110555648803711,0.9110555648803711,0.9110555648803711,0.0
v28_seed2,110,False,rnd.predictor.net.0.weight,91136,266400.0,1.9036909293390636e-07,2.537747434416815e-07,5.95924611740406e-12,1.563492721664696e-16,1.4195471187417041e-10,227.6808319091797,174.8681182861328,25.158340454101562,13330.9814453125,0.999308705329895
v28_seed2,110,False,rnd.predictor.net.0.bias,128,266400.0,2.8890565317851724e-07,3.5595149938671966e-07,1.7821027639697284e-11,2.331197084329273e-12,6.216049897034281e-11,81.14824676513672,75.52417755126953,38.002620697021484,195.20755004882812,1.0
v28_seed2,110,False,rnd.predictor.net.1.weight,128,266400.0,7.029928497104265e-07,8.872434023032838e-07,8.499306120013372e-11,1.0135852226977882e-11,7.598907059147564e-10,42.42340850830078,41.68242263793945,10.87898063659668,93.93537902832031,0.75
v28_seed2,110,False,rnd.predictor.net.1.bias,128,266400.0,6.94034383741382e-07,8.514127785019809e-07,7.904948917669685e-11,1.9473695225813437e-11,2.1710681863407189e-10,36.40174102783203,35.6907958984375,20.346508026123047,67.82878875732422,0.7890625
v28_seed2,110,False,rnd.predictor.net.3.weight,16384,266400.0,4.0138945678336313e-07,5.487344765242597e-07,2.1645980147200206e-11,4.2176873972510354e-13,8.82593109707841e-10,100.67719268798828,92.58018493652344,10.094733238220215,454.9333801269531,0.967041015625
v28_seed2,110,False,rnd.predictor.net.3.bias,128,266400.0,8.918822800296766e-07,1.1655831713142106e-06,1.1474349248530302e-10,1.7114575381893538e-11,8.046088240121207e-10,33.16460037231445,30.555519104003906,10.572452545166016,72.34186553955078,0.53125
v28_seed2,110,False,rnd.predictor.net.4.weight,128,266400.0,6.883525429657311e-07,9.848295121628325e-07,8.868702994213606e-11,1.2612290769056789e-12,1.4213072940805205e-09,53.982215881347656,45.42893600463867,7.955401420593262,264.77337646484375,0.75
v28_seed2,110,False,rnd.predictor.net.4.bias,128,266400.0,7.99575673227082e-07,1.580937919243297e-06,1.1683862211064877e-10,1.0922011559055811e-11,6.056592116721049e-09,41.34837341308594,38.146446228027344,3.85435152053833,90.5019302368164,0.7890625
v28_seed2,110,False,rnd.predictor.net.6.weight,8192,266400.0,1.1326890216878382e-06,1.5311621837099665e-06,1.3391437958532038e-10,9.777243251130052e-12,2.0748680551463394e-09,35.74833679199219,33.58159637451172,6.584619998931885,95.63709259033203,0.5714111328125
v28_seed2,110,False,rnd.predictor.net.6.bias,64,266400.0,2.7222306471230695e-06,3.3919100133061875e-06,7.241331978491417e-10,5.606329844809466e-10,1.0914785741888977e-09,11.237580299377441,11.240998268127441,9.07783317565918,12.664806365966797,0.0
v28_seed2,120,True,fc1.weight,68352,290400.0,8.850808080751449e-05,0.0007384627824649215,1.4449845366470981e-05,1.8656937947764106e-17,0.014661894179880619,67.25182342529297,3.6404531002044678,0.002477571601048112,20950.646484375,0.01543480809777975
v28_seed2,120,True,fc1.bias,96,290400.0,7.16534341336228e-05,0.00010228311293758452,3.363682878898544e-07,8.186962219269844e-09,7.1092736106947996e-06,1.0109400749206543,0.7421854734420776,0.11251412332057953,3.315216302871704,0.0
v28_seed2,120,True,norm1.weight,96,290400.0,0.000314106117002666,0.0003991526609752327,6.665552064077929e-06,9.168296628558892e-07,5.067822348792106e-05,0.14656487107276917,0.13611669838428497,0.04214150086045265,0.3133086562156677,0.0
v28_seed2,120,True,norm1.bias,96,290400.0,0.0004015890881419182,0.0005054614157415926,7.364442808466265e-06,1.8393488971923944e-06,2.751305146375671e-05,0.12337442487478256,0.12039148807525635,0.05719408020377159,0.22120046615600586,0.0
v28_seed2,120,True,fc2.weight,3072,290400.0,0.00019242930284235626,0.000304415007121861,3.1110612326301634e-06,2.435415602519697e-08,0.0003253098111599684,0.3590754568576813,0.3414434492588043,0.01663307286798954,1.9222369194030762,0.0
v28_seed2,120,True,fc2.bias,32,290400.0,0.0005913592758588493,0.0008417934877797961,2.8391328669385985e-05,3.000708147737896e-06,0.0001715592370601371,0.09350189566612244,0.09062081575393677,0.022904135286808014,0.1731836497783661,0.0
v28_seed2,120,True,norm2.weight,32,290400.0,0.00011846031702589244,0.00014787791587878019,1.2978377981198719e-06,1.2423615203260852e-07,1.0095136531163007e-05,0.46066808700561523,0.4435294270515442,0.09441995620727539,0.8511085510253906,0.0
v28_seed2,120,True,norm2.bias,32,290400.0,9.926068014465272e-05,0.0001226699532708153,8.450051609543152e-07,5.5833790923998095e-08,3.2489417662873166e-06,0.49185532331466675,0.4884553849697113,0.16643625497817993,1.2695633172988892,0.0
v28_seed2,120,True,actor.weight,192,290400.0,5.299246186041273e-05,0.00011129312042612582,1.885771780507639e-06,1.0024944208097963e-09,2.849062002496794e-05,3.5117743015289307,3.4895129203796387,0.05620429664850235,9.472031593322754,0.0
v28_seed2,120,True,actor.bias,6,290400.0,1.705747126834467e-05,1.85119151865365e-05,3.168116435858792e-08,1.2509831393003878e-08,5.355698817766097e-08,1.8412131071090698,1.5314463376998901,1.2962669134140015,2.6819872856140137,0.0
v28_seed2,120,True,critic.weight,32,290400.0,9.490754746366292e-05,0.00014953177014831454,2.87134184873139e-06,6.108697103712757e-09,2.187540303566493e-05,1.4199804067611694,1.1165953874588013,0.06414197385311127,3.8378803730010986,0.0
v28_seed2,120,True,critic.bias,1,290400.0,3.112604190391721e-06,3.112604190391721e-06,8.671508311408616e-08,8.671508311408616e-08,8.671508311408616e-08,1.0187302827835083,1.0187302827835083,1.0187302827835083,1.0187302827835083,0.0
v28_seed2,120,True,rnd.predictor.net.0.weight,91136,290400.0,1.6922440693178942e-07,2.1986527087847207e-07,4.936957093137906e-12,2.233359860624593e-16,1.1241460540212245e-10,239.9542236328125,188.66033935546875,28.268352508544922,12026.7333984375,0.9998354315757751
v28_seed2,120,True,rnd.predictor.net.0.bias,128,290400.0,2.484117089807114e-07,3.0774910442232795e-07,1.4356544598970178e-11,2.188932412064415e-12,3.9807802887370514e-11,88.7215576171875,82.90608215332031,47.473297119140625,201.40931701660156,1.0
v28_seed2,120,True,rnd.predictor.net.1.weight,128,290400.0,6.261029739107471e-07,7.611169507981685e-07,7.45975364813134e-11,9.962296612653354e-12,6.661063922663857e-10,44.139854431152344,43.004886627197266,11.619333267211914,94.74750518798828,0.78125
v28_seed2,120,True,rnd.predictor.net.1.bias,128,290400.0,5.860063083673595e-07,7.124369858502178e-07,6.974005400950389e-11,1.9050275246179638e-11,1.9373892767848844e-10,38.326175689697266,37.79402160644531,21.537778854370117,68.57672882080078,0.859375
v28_seed2,120,True,rnd.predictor.net.3.weight,16384,290400.0,3.5462156233734277e-07,4.882889470536611e-07,1.8900804532595572e-11,3.533975683703977e-13,7.448068828352916e-10,105.70474243164062,96.77508544921875,10.988548278808594,496.30047607421875,0.97503662109375
v28_seed2,120,True,rnd.predictor.net.3.bias,128,290400.0,6.194907768986013e-07,7.96714573425561e-07,1.003280097888748e-10,1.5240853717957137e-11,7.697863457778453e-10,34.967376708984375,32.8420524597168,10.808854103088379,76.64884185791016,0.625
v28_seed2,120,True,rnd.predictor.net.4.weight,128,290400.0,5.552835773414699e-07,7.133903636713512e-07,8.226224562646323e-11,1.204062023696384e-12,1.2334826493543005e-09,55.55801773071289,46.5355339050293,8.539474487304688,270.92987060546875,0.765625
v28_seed2,120,True,rnd.predictor.net.4.bias,128,290400.0,5.326013479134417e-07,8.582895247855049e-07,1.246924646869374e-10,1.0210448805891836e-11,7.816521652159736e-09,42.509281158447266,39.883514404296875,3.3928561210632324,93.5926742553711,0.828125
v28_seed2,120,True,rnd.predictor.net.6.weight,8192,290400.0,1.0139929145225324e-06,1.3473597846314078e-06,1.2933537574255638e-10,8.862375243390286e-12,2.246735020250412e-09,36.31739807128906,34.01062774658203,6.32781457901001,100.43609619140625,0.583740234375
v28_seed2,120,True,rnd.predictor.net.6.bias,64,290400.0,1.9524770777934464e-06,2.343599135201657e-06,7.103445609502046e-10,4.892103944165171e-10,1.0616277856811962e-09,11.348796844482422,11.367487907409668,9.204535484313965,13.557421684265137,0.0
v28_seed2,130,False,fc1.weight,68352,314400.0,8.450544555671513e-05,0.0007321651792153716,1.4475056559604127e-05,6.96130267293683e-28,0.009047034196555614,175.45765686035156,3.7637386322021484,0.0031540468335151672,29999.921875,0.034044358879327774
v28_seed2,130,False,fc1.bias,96,314400.0,6.254551408346742e-05,9.073791443370283e-05,2.7376805178391805e-07,1.0137736872195546e-08,2.3531497390649747e-06,1.0396274328231812,0.937344491481781,0.19556613266468048,2.979254722595215,0.0
v28_seed2,130,False,norm1.weight,96,314400.0,0.0003389518242329359,0.0004410766123328358,6.647265308856731e-06,7.097037837411335e-07,4.619807077688165e-05,0.15590432286262512,0.14347992837429047,0.04413759708404541,0.3561045527458191,0.0
v28_seed2,130,False,norm1.bias,96,314400.0,0.00036305710091255605,0.00045895305811427534,7.032018856989453e-06,1.3441548389891977e-06,3.54770127160009e-05,0.1327698677778244,0.12045903503894806,0.05036711320281029,0.25875744223594666,0.0
v28_seed2,130,False,fc2.weight,3072,314400.0,0.00019688850443344563,0.0003121058107353747,2.6680593236960704e-06,1.2030712426280843e-08,0.00017848005518317223,0.380988210439682,0.34999552369117737,0.022455673664808273,2.734865665435791,0.0
v28_seed2,130,False,fc2.bias,32,314400.0,0.000461834657471627,0.0006400608108378947,2.5562398150213994e-05,2.4161499823094346e-06,0.0001360565220238641,0.09819278866052628,0.09371679276227951,0.025719420984387398,0.19299966096878052,0.0
v28_seed2,130,False,norm2.weight,32,314400.0,0.00010888717224588618,0.00014529837062582374,5.944089025433641e-07,4.1143490392414606e-08,2.9849563816242153e-06,0.6195235252380371,0.5989250540733337,0.17363998293876648,1.478935718536377,0.0
v28_seed2,130,False,norm2.bias,32,314400.0,9.863048035185784e-05,0.00011975638335570693,4.58498789157602e-07,3.414502103282757e-08,1.6032018947953475e-06,0.6619905233383179,0.5595026016235352,0.23693200945854187,1.623431921005249,0.0
v28_seed2,130,False,actor.weight,192,314400.0,7.727056072326377e-05,0.00016644899733364582,1.1283336789347231e-06,7.743506946766843e-10,1.047221667249687e-05,2.6226813793182373,2.1375653743743896,0.09270445257425308,10.776962280273438,0.0
v28_seed2,130,False,actor.bias,6,314400.0,2.3293860067497008e-05,2.6313036869396456e-05,2.6038541989237274e-08,1.3312980051694012e-08,3.82587366232201e-08,1.9280424118041992,1.8464139699935913,1.5336765050888062,2.5998363494873047,0.0
v28_seed2,130,False,critic.weight,32,314400.0,9.367473103338853e-05,0.0001763188629411161,1.182629716822703e-06,2.765541351479328e-09,6.9954830905771814e-06,1.7430262565612793,1.2901225090026855,0.11342551559209824,5.703594207763672,0.0
v28_seed2,130,False,critic.bias,1,314400.0,2.0394822058733553e-05,2.0394822058733553e-05,4.02250925901626e-08,4.02250925901626e-08,4.02250925901626e-08,1.495722770690918,1.495722770690918,1.495722770690918,1.495722770690918,0.0
v28_seed2,130,False,rnd.predictor.net.0.weight,91136,314400.0,1.6521795487278723e-07,2.1651919723808533e-07,5.453053807114028e-12,2.7440037313930965e-16,1.2400937221546116e-10,245.08804321289062,195.96258544921875,26.91560935974121,11293.041015625,0.9998463988304138
v28_seed2,130,False,rnd.predictor.net.0.bias,128,314400.0,1.9958611119363923e-07,2.508265026790468e-07,1.62092839151029e-11,3.0275972701110376e-12,5.161969462985638e-11,82.38558197021484,79.14335632324219,41.697452545166016,171.42864990234375,1.0
v28_seed2,130,False,rnd.predictor.net.1.weight,128,314400.0,5.360157615541539e-07,6.717980909343169e-07,8.161822606655988e-11,9.473837513096495e-12,4.631773575791698e-10,42.65215301513672,41.55550003051758,13.933038711547852,97.15152740478516,0.78125
v28_seed2,130,False,rnd.predictor.net.1.bias,128,314400.0,4.811712415175862e-07,5.986709084027098e-07,8.391207867441963e-11,2.2372055596964202e-11,2.570742507757018e-10,35.39194869995117,35.54256820678711,18.699119567871094,63.292335510253906,0.7578125
v28_seed2,130,False,rnd.predictor.net.3.weight,16384,314400.0,3.350298243276484e-07,4.518447838108841e-07,2.0160989197548496e-11,2.868039735825362e-13,6.955391818053158e-10,106.42133331298828,95.99271392822266,11.370925903320312,549.9130249023438,0.97119140625
v28_seed2,130,False,rnd.predictor.net.3.bias,128,314400.0,5.145043928678206e-07,6.574637154699303e-07,1.0950472473236772e-10,1.6225838381234148e-11,5.673967962138704e-10,34.55810546875,31.668720245361328,12.58912467956543,74.29180908203125,0.5625
v28_seed2,130,False,rnd.predictor.net.4.weight,128,314400.0,5.455024734146718e-07,7.465583280463761e-07,9.812715917600912e-11,2.013948903478724e-12,1.3509625640395484e-09,57.032527923583984,44.38162612915039,8.159836769104004,209.9169464111328,0.7421875
v28_seed2,130,False,rnd.predictor.net.4.bias,128,314400.0,4.5300529905034637e-07,7.120773943825043e-07,1.4002290993353483e-10,1.2034481050582357e-11,8.512613725031315e-09,41.23710632324219,37.76144790649414,3.251193046569824,86.22982788085938,0.765625
v28_seed2,130,False,rnd.predictor.net.6.weight,8192,314400.0,9.551436050969642e-07,1.2639410442716326e-06,1.460804949227068e-10,1.0001817950244796e-11,2.264663123696664e-09,35.912696838378906,32.59084701538086,6.302722454071045,94.56071472167969,0.5482177734375
v28_seed2,130,False,rnd.predictor.net.6.bias,64,314400.0,1.4220300954548293e-06,1.7988744502872578e-06,7.61269158822131e-10,5.723431728554829e-10,1.0494473068334287e-09,10.959779739379883,10.957551002502441,9.257781028747559,12.534629821777344,0.0
v28_seed2,140,False,fc1.weight,68352,338400.0,9.384951408719644e-05,0.0007574449409730732,1.4465366803051438e-05,4.4605215340741194e-23,0.010535690933465958,171.22019958496094,3.6809117794036865,0.0029227370396256447,29979.978515625,0.027738764882087708
v28_seed2,140,False,fc1.bias,96,338400.0,8.307948155561462e-05,0.00012779449752997607,2.4555995992159296e-07,9.271912126962434e-09,1.602626639396476e-06,1.0561376810073853,0.9068280458450317,0.2369745373725891,3.1152403354644775,0.0
v28_seed2,140,False,norm1.weight,96,338400.0,0.0005061898846179247,0.0007174782222136855,7.2984771577466745e-06,5.516439500752313e-07,4.1118313674815e-05,0.1526268720626831,0.1432497650384903,0.04678460583090782,0.4039112627506256,0.0
v28_seed2,140,False,norm1.bias,96,338400.0,0.0005526895984075963,0.0007136731292121112,7.41816575100529e-06,1.4570230177923804e-06,2.794927240756806e-05,0.12605303525924683,0.11980383843183517,0.056745994836091995,0.248533234000206,0.0
v28_seed2,140,False,fc2.weight,3072,338400.0,0.0002786912664305419,0.00046770262997597456,2.779664782792679e-06,8.065010881352919e-09,0.00020369137928355485,0.36323145031929016,0.3020056486129761,0.02102009207010269,3.340184450149536,0.0
v28_seed2,140,False,fc2.bias,32,338400.0,0.0011303623905405402,0.0016752638621255755,3.048301368835382e-05,2.8592544367711525e-06,0.00015819413238205016,0.08839774131774902,0.07663296908140182,0.023852050304412842,0.17741580307483673,0.0
v28_seed2,140,False,norm2.weight,32,338400.0,0.00013521904475055635,0.00025686356821097434,5.799666382699797e-07,4.707282386107181e-08,3.9239562283910345e-06,0.7014761567115784,0.6019106507301331,0.15144573152065277,1.382662296295166,0.0
v28_seed2,140,False,norm2.bias,32,338400.0,0.00012751865142490715,0.00017611913790460676,4.4701198476104764e-07,2.486463301920594e-08,1.4444739235841553e-06,0.7442617416381836,0.4970031678676605,0.24961046874523163,1.9024038314819336,0.0
v28_seed2,140,False,actor.weight,192,338400.0,9.449048229726031e-05,0.00024615199072286487,1.4660100760011119e-06,4.214966986548774e-10,1.7980235497816466e-05,2.6848790645599365,1.9068822860717773,0.07074937224388123,14.605374336242676,0.0
v28_seed2,140,False,actor.bias,6,338400.0,2.2316889953799546e-05,3.076683424296789e-05,3.0578966914163175e-08,1.2531104154334116e-08,4.512918039267788e-08,1.8969558477401733,1.5677094459533691,1.4121217727661133,2.6797103881835938,0.0
v28_seed2,140,False,critic.weight,32,338400.0,0.0001964045368367806,0.0004003818903584033,1.2431545428626123e-06,2.6669679797919343e-09,8.910155884223059e-06,2.0038669109344482,1.4948395490646362,0.10050256550312042,5.808022499084473,0.0
v28_seed2,140,False,critic.bias,1,338400.0,4.971340604242869e-05,4.971340604242869e-05,3.288168315407347e-08,3.288168315407347e-08,3.288168315407347e-08,1.6543229818344116,1.6543229818344116,1.6543229818344116,1.6543229818344116,0.0
v28_seed2,140,False,rnd.predictor.net.0.weight,91136,338400.0,1.5424231492033869e-07,2.0349797580365703e-07,3.3926893412694614e-12,2.698723997010842e-16,3.498569489668313e-11,277.6517639160156,215.96067810058594,50.6340217590332,11351.6845703125,1.0
v28_seed2,140,False,rnd.predictor.net.0.bias,128,338400.0,1.6620579401660507e-07,2.1566637542491662e-07,1.184266486958796e-11,2.3910391895587413e-12,3.961643860184161e-11,96.98554992675781,92.60767364501953,47.5876350402832,192.7650909423828,1.0
v28_seed2,140,False,rnd.predictor.net.1.weight,128,338400.0,5.387169608184195e-07,7.079428314682445e-07,6.403167579493996e-11,9.872076246753014e-12,3.8529268664433403e-10,46.693603515625,44.915706634521484,15.275826454162598,95.17808532714844,0.828125
v28_seed2,140,False,rnd.predictor.net.1.bias,128,338400.0,4.7348135012725834e-07,6.025301217960077e-07,6.51821860375712e-11,1.983064233657128e-11,1.923945169846064e-10,39.94502639770508,39.18412780761719,21.612844467163086,67.2169418334961,0.875
v28_seed2,140,False,rnd.predictor.net.3.weight,16384,338400.0,3.157426533562102e-07,4.2649759279811406e-07,1.4829292308005115e-11,2.2132052050413686e-13,4.572921763479343e-10,117.0964126586914,105.03779602050781,14.022367477416992,624.4183349609375,0.98809814453125
v28_seed2,140,False,rnd.predictor.net.3.bias,128,338400.0,5.145195700606564e-07,6.619287660214468e-07,8.793514527649648e-11,1.2621181010030735e-11,5.065939334691905e-10,37.505760192871094,34.652835845947266,13.322887420654297,84.20745086669922,0.6796875
v28_seed2,140,False,rnd.predictor.net.4.weight,128,338400.0,5.979722459414916e-07,1.0227944358121022e-06,8.405644930098433e-11,1.2945190709309773e-12,1.999929111207166e-09,59.38322067260742,47.3783073425293,6.706823348999023,261.3765563964844,0.7578125
v28_seed2,140,False,rnd.predictor.net.4.bias,128,338400.0,4.5874944021306874e-07,6.116588338045403e-07,1.4155951411076728e-10,8.870924828041638e-12,1.0185576826415854e-08,43.46617126464844,39.46233367919922,2.9722506999969482,100.3878402709961,0.8828125
v28_seed2,140,False,rnd.predictor.net.6.weight,8192,338400.0,9.372802765028609e-07,1.2499357353590312e-06,1.2131989857167014e-10,8.99319334279891e-12,2.5922164414993176e-09,38.13921356201172,35.18193817138672,5.891153812408447,99.70536804199219,0.6181640625
v28_seed2,140,False,rnd.predictor.net.6.bias,64,338400.0,1.5969045534802717e-06,1.8529864291849663e-06,7.175220417821038e-10,5.039227368719423e-10,1.1034044788971187e-09,11.281289100646973,11.328048706054688,9.028657913208008,13.358137130737305,0.0
v28_seed2,150,False,fc1.weight,68352,362400.0,9.3813992862124e-05,0.0007476457394659519,1.4429587281483691e-05,1.3596258667536443e-11,0.008707727305591106,5.432284355163574,3.0279417037963867,0.003214909927919507,81.14006805419922,0.011250585317611694
v28_seed2,150,False,fc1.bias,96,362400.0,6.816117092967033e-05,9.423573646927252e-05,2.421748206415941e-07,1.1870204374986315e-08,1.2510773785834317e-06,0.9374479651451111,0.7028683423995972,0.26821020245552063,2.7532923221588135,0.0
v28_seed2,150,False,norm1.weight,96,362400.0,0.00046860205475240946,0.0006172041175886989,8.400654223805759e-06,7.238542139020865e-07,4.673556759371422e-05,0.1365412026643753,0.12772339582443237,0.0438830591738224,0.35260674357414246,0.0
v28_seed2,150,False,norm1.bias,96,362400.0,0.00045557573321275413,0.0005888881860300899,8.495131623931229e-06,1.5307234662031988e-06,2.1490861399797723e-05,0.11519566923379898,0.10725224018096924,0.06471328437328339,0.24247634410858154,0.0
v28_seed2,150,False,fc2.weight,3072,362400.0,0.00029301521135494113,0.00044642784632742405,3.3713797620293917e-06,1.089672707621503e-08,0.00011365184036549181,0.32551389932632446,0.2565792500972748,0.02814055234193802,2.8736350536346436,0.0
v28_seed2,150,False,fc2.bias,32,362400.0,0.0012835171073675156,0.0015972558176144958,3.938208828913048e-05,2.0704485450551147e-06,0.00020972234779037535,0.08138208836317062,0.06856924295425415,0.020715652033686638,0.20849037170410156,0.0
v28_seed2,150,False,norm2.weight,32,362400.0,0.00017030173330567777,0.00023927078291308135,7.152867169679666e-07,2.40071251766949e-08,4.490975697990507e-06,0.6101720333099365,0.5056975483894348,0.14156271517276764,1.9360793828964233,0.0
v28_seed2,150,False,norm2.bias,32,362400.0,0.00016061909263953567,0.00018945358169730753,6.045456757419743e-07,1.4823961613785741e-08,1.750452952364867e-06,0.6359125375747681,0.3949699401855469,0.22674761712551117,2.4637887477874756,0.0
v28_seed2,150,False,actor.weight,192,362400.0,4.844194700126536e-05,9.952878463082016e-05,2.06803770197439e-06,9.756520036319216e-10,2.1268291675369255e-05,2.0364134311676025,1.2238452434539795,0.06505101174116135,9.601405143737793,0.0
v28_seed2,150,False,actor.bias,6,362400.0,1.052761945175007e-05,1.3843365195498336e-05,4.6820463950325575e-08,3.177343543825373e-08,6.860700807465037e-08,1.4292235374450684,1.3620522022247314,1.1453031301498413,1.6829252243041992,0.0
v28_seed2,150,False,critic.weight,32,362400.0,0.00019150128355249763,0.0003609033301472664,1.4726410881849006e-06,1.95868832264523e-09,1.015570705931168e-05,1.7929564714431763,1.2072051763534546,0.09413796663284302,6.7770466804504395,0.0
v28_seed2,150,False,critic.bias,1,362400.0,4.243181683705188e-05,4.243181683705188e-05,4.182600576996265e-08,4.182600576996265e-08,4.182600576996265e-08,1.4668200016021729,1.4668200016021729,1.4668200016021729,1.4668200016021729,0.0
v28_seed2,150,False,rnd.predictor.net.0.weight,91136,362400.0,1.5792238627909683e-07,2.083953773990288e-07,3.1766549026673863e-12,2.145508197373778e-15,3.979926804786871e-11,256.3886413574219,226.13250732421875,47.4783821105957,5326.73974609375,1.0
v28_seed2,150,False,rnd.predictor.net.0.bias,128,362400.0,2.2609918914895388e-07,2.8883397362733376e-07,9.610628265432908e-12,2.8923859834995014e-12,2.8059506107513954e-11,104.37702178955078,101.57125091552734,56.52781295776367,175.36663818359375,1.0
v28_seed2,150,False,rnd.predictor.net.1.weight,128,362400.0,6.068510742807121e-07,8.261741299975256e-07,6.013241293789662e-11,1.0975949316094358e-11,2.6932991947781204e-10,47.011634826660156,45.1275634765625,18.268985748291016,90.27995300292969,0.8515625
v28_seed2,150,False,rnd.predictor.net.1.bias,128,362400.0,5.805698606309306e-07,7.327897719733301e-07,6.184924794538915e-11,2.309796624799798e-11,1.536009375247005e-10,40.28304672241211,40.12183380126953,24.186559677124023,62.29191970825195,0.921875
v28_seed2,150,False,rnd.predictor.net.3.weight,16384,362400.0,3.2470080668645096e-07,4.4219046912985505e-07,1.3798394718489426e-11,1.9960483190351735e-13,3.84868525937776e-10,120.88471221923828,108.0944595336914,15.284236907958984,656.783447265625,0.9903564453125
v28_seed2,150,False,rnd.predictor.net.3.bias,128,362400.0,6.848174507467775e-07,8.584278816670121e-07,7.970622079023215e-11,1.073005920226855e-11,4.1315931231800107e-10,39.06548309326172,35.162818908691406,14.751931190490723,91.3053970336914,0.734375
v28_seed2,150,False,rnd.predictor.net.4.weight,128,362400.0,6.874024620628916e-07,1.050794367074559e-06,8.226321013271587e-11,1.8467668800453696e-12,2.0696850899781793e-09,61.35088348388672,49.941524505615234,6.592857837677002,219.14479064941406,0.8046875
v28_seed2,150,False,rnd.predictor.net.4.bias,128,362400.0,6.495487809843326e-07,1.0324523600502289e-06,1.3955431255041617e-10,8.851479445237675e-12,1.0367432246027874e-08,44.511783599853516,40.00770568847656,2.9460699558258057,100.49768829345703,0.8828125
v28_seed2,150,False,rnd.predictor.net.6.weight,8192,362400.0,9.85420683718985e-07,1.3257202908789623e-06,1.1928077969791673e-10,7.816755055733982e-12,2.300599710736151e-09,38.878334045410156,35.80487823486328,6.2533135414123535,106.91963195800781,0.625732421875
v28_seed2,150,False,rnd.predictor.net.6.bias,64,362400.0,2.029770712397294e-06,2.462356178511982e-06,6.737097546505311e-10,4.898378924700353e-10,1.046810527149944e-09,11.649688720703125,11.619884490966797,9.269430160522461,13.548738479614258,0.0
v28_seed2,160,False,fc1.weight,68352,386400.0,9.549866808811203e-05,0.0007296563708223403,1.4405130059458315e-05,9.041426461686708e-12,0.008708362467586994,5.6585693359375,3.1134438514709473,0.003214792814105749,99.43994903564453,0.011513927951455116
v28_seed2,160,False,fc1.bias,96,386400.0,7.854869909351692e-05,0.00011017036013072357,2.3970773099790676e-07,1.3460734749060066e-08,1.3690367950403015e-06,0.9139543175697327,0.7682665586471558,0.25639525055885315,2.585529327392578,0.0
v28_seed2,160,False,norm1.weight,96,386400.0,0.0005556154646910727,0.0007223126594908535,8.464185157208703e-06,6.261738008106477e-07,3.117866435786709e-05,0.13641877472400665,0.11618466675281525,0.05372689664363861,0.37911272048950195,0.0
v28_seed2,160,False,norm1.bias,96,386400.0,0.0005503197899088264,0.0006963387713767588,8.306000381708145e-06,2.2412680209527025e-06,2.355952892685309e-05,0.1159142479300499,0.1148424744606018,0.061806920915842056,0.2003878951072693,0.0
v28_seed2,160,False,fc2.weight,3072,386400.0,0.000273001758614555,0.0004052792501170188,3.912887677870458e-06,1.4171683382357969e-08,7.639319665031508e-05,0.30635014176368713,0.23929008841514587,0.03432364761829376,2.519846200942993,0.0
v28_seed2,160,False,fc2.bias,32,386400.0,0.0011910739121958613,0.0018482360756024718,4.350383096607402e-05,1.950732666955446e-06,0.00020537443924695253,0.07875338196754456,0.06219584867358208,0.020933786407113075,0.21479259431362152,0.0
v28_seed2,160,False,norm2.weight,32,386400.0,0.000223593830014579,0.00029211558285169303,8.37657239571854e-07,1.82913186819178e-08,4.626560894394061e-06,0.548144519329071,0.408215194940567,0.13947299122810364,2.2180261611938477,0.0
v28_seed2,160,False,norm2.bias,32,386400.0,0.00028043254860676825,0.00035201985156163573,7.488063715754834e-07,1.0685210050098704e-08,2.0367028810142074e-06,0.5923237204551697,0.36349228024482727,0.21021048724651337,2.901935338973999,0.0
v28_seed2,160,False,actor.weight,192,386400.0,0.00011634724796749651,0.00024974584812298417,1.4006932360643987e-06,5.154214832714388e-10,1.4683740118925925e-05,2.25982928276062,1.3539810180664062,0.07828918844461441,13.208355903625488,0.0
v28_seed2,160,False,actor.bias,6,386400.0,3.667333294288255e-05,4.185293073533103e-05,3.5160116595989166e-08,1.677868688432227e-08,5.0311900423594125e-08,1.6739779710769653,1.560220718383789,1.337416172027588,2.3158414363861084,0.0
v28_seed2,160,False,critic.weight,32,386400.0,0.00028269324684515595,0.0005110569181852043,1.7458158936278778e-06,1.8800090373360945e-09,1.093737046176102e-05,1.486236572265625,1.109700083732605,0.09071174263954163,6.917372226715088,0.0
v28_seed2,160,False,critic.bias,1,386400.0,0.00011251796240685508,0.00011251796240685508,5.2191985844274313e-08,5.2191985844274313e-08,5.2191985844274313e-08,1.3131077289581299,1.3131077289581299,1.3131077289581299,1.3131077289581299,0.0
v28_seed2,160,False,rnd.predictor.net.0.weight,91136,386400.0,1.5316399526454916e-07,2.0483935259107966e-07,2.7064186395447942e-12,1.696178924074645e-15,2.6730171895361643e-11,266.8758239746094,237.655517578125,57.9136848449707,5861.1279296875,1.0
v28_seed2,160,False,rnd.predictor.net.0.bias,128,386400.0,1.6770911770436214e-07,2.1691828067105234e-07,9.053939889480667e-12,2.373810566516643e-12,2.6886151291427574e-11,107.33000183105469,104.51239013671875,57.74577331542969,193.45883178710938,1.0
v28_seed2,160,False,rnd.predictor.net.1.weight,128,386400.0,5.696414859812649e-07,7.388525204987673e-07,5.835320421310186e-11,1.0394804808577796e-11,3.134066062226992e-10,47.38895034790039,45.37934875488281,16.936431884765625,92.76158905029297,0.890625
v28_seed2,160,False,rnd.predictor.net.1.bias,128,386400.0,4.610031396623526e-07,5.894848982279655e-07,6.123089535403636e-11,2.1217796616901374e-11,1.7753359893291076e-10,40.717979431152344,40.099143981933594,22.49858283996582,64.9874267578125,0.90625
v28_seed2,160,False,rnd.predictor.net.3.weight,16384,386400.0,3.1276843515115615e-07,4.273906313301268e-07,1.261060179891249e-11,2.287897519007154e-13,2.876869298340523e-10,123.4027099609375,110.44146728515625,17.676864624023438,614.3516845703125,0.99383544921875
v28_seed2,160,False,rnd.predictor.net.3.bias,128,386400.0,4.801885324923205e-07,6.308031288426719e-07,7.758999692741853e-11,8.359556970261028e-12,3.8202696561739913e-10,39.82404708862305,35.88862228393555,15.34094524383545,103.40229797363281,0.75
v28_seed2,160,False,rnd.predictor.net.4.weight,128,386400.0,5.852251661053742e-07,9.062338222065591e-07,8.027233044938242e-11,1.4921738974646437e-12,1.9232255787926533e-09,60.71943664550781,48.0676155090332,6.839228630065918,243.5963134765625,0.796875
v28_seed2,160,False,rnd.predictor.net.4.bias,128,386400.0,4.507108712914487e-07,6.311838092187827e-07,1.5013723597689932e-10,7.295262484385834e-12,1.1506068986477658e-08,44.13026428222656,39.86256790161133,2.796515941619873,110.66132354736328,0.890625
v28_seed2,160,False,rnd.predictor.net.6.weight,8192,386400.0,9.785718475541216e-07,1.3023742440054775e-06,1.1918353803874737e-10,9.107580141443083e-12,2.4553952204797724e-09,38.67026138305664,35.311195373535156,6.053030967712402,99.07933807373047,0.6240234375
v28_seed2,160,False,rnd.predictor.net.6.bias,64,386400.0,1.464106162529788e-06,1.765444267221028e-06,7.029893334120629e-10,5.291842519739021e-10,1.017683604054298e-09,11.38016414642334,11.312163352966309,9.401102066040039,13.035540580749512,0.0
v28_seed2,170,False,fc1.weight,68352,410400.0,0.00010649082832969725,0.0008375067263841629,1.4347603610076476e-05,1.6658015028134243e-12,0.009149729274213314,5.447861671447754,2.9876201152801514,0.003136296523734927,230.65225219726562,0.009875351563096046
v28_seed2,170,False,fc1.bias,96,410400.0,8.041732507990673e-05,0.00010664907313184813,2.400024925464095e-07,1.3070701854189792e-08,1.2981693089386681e-06,0.9451113343238831,0.8367869853973389,0.2633005678653717,2.623818874359131,0.0
v28_seed2,170,False,norm1.weight,96,410400.0,0.0006322573754005134,0.0009834377560764551,9.395422239322215e-06,4.1969352082560363e-07,3.713148180395365e-05,0.13541357219219208,0.11871477216482162,0.04923221841454506,0.46307188272476196,0.0
v28_seed2,170,False,norm1.bias,96,410400.0,0.0006317803054116666,0.0008394020260311663,8.931016964197624e-06,8.846831178743741e-07,2.4046486942097545e-05,0.11362490803003311,0.1072826087474823,0.06117790564894676,0.3189501166343689,0.0
v28_seed2,170,False,fc2.weight,3072,410400.0,0.000307471607811749,0.0004732214438263327,4.996721145289484e-06,2.1226922441996976e-08,7.092357554938644e-05,0.2762015759944916,0.20748299360275269,0.03562258556485176,2.058960199356079,0.0
v28_seed2,170,False,fc2.bias,32,410400.0,0.0011753704166039824,0.001782886334694922,5.539265475817956e-05,2.506890950826346e-06,0.0002473536296747625,0.07016189396381378,0.05423561483621597,0.019074881449341774,0.18947450816631317,0.0
v28_seed2,170,False,norm2.weight,32,410400.0,0.00019002184853889048,0.0002376059564994648,1.235328454640694e-06,1.0295998720266653e-08,6.709798981319182e-06,0.46823301911354065,0.34809795022010803,0.11581501364707947,2.956270933151245,0.0
v28_seed2,170,False,norm2.bias,32,410400.0,0.00019168785365764052,0.00026061685639433563,1.0742314771050587e-06,9.886663043801036e-09,2.840161187123158e-06,0.4746532738208771,0.30714482069015503,0.17801114916801453,3.016843318939209,0.0
v28_seed2,170,False,actor.weight,192,410400.0,0.00017743255011737347,0.00037184456596150994,1.5387278153866646e-06,3.8049691175601197e-10,1.7602105799596757e-05,2.307950258255005,1.2557820081710815,0.07150525599718094,15.371743202209473,0.0
v28_seed2,170,False,actor.bias,6,410400.0,5.685149153578095e-05,6.28923371550627e-05,4.052587954106457e-08,2.1551453954771205e-08,6.525168316784402e-08,1.5750113725662231,1.4263707399368286,1.1743793487548828,2.0434000492095947,0.0
v28_seed2,170,False,critic.weight,32,410400.0,0.00015440826246049255,0.0002262105990666896,2.4420985482720425e-06,2.3783317537606763e-09,1.5469649952137843e-05,1.2077460289001465,0.7508500218391418,0.07627460360527039,6.150295734405518,0.0
v28_seed2,170,False,critic.bias,1,410400.0,7.090999861247838e-05,7.090999861247838e-05,7.694903558785882e-08,7.694903558785882e-08,7.694903558785882e-08,1.0814439058303833,1.0814439058303833,1.0814439058303833,1.0814439058303833,0.0
v28_seed2,170,False,rnd.predictor.net.0.weight,91136,410400.0,1.4533337377997668e-07,1.9087957525698585e-07,2.4579880231884177e-12,1.9722946183414834e-15,2.5973159387127076e-11,284.1993408203125,246.5516357421875,58.74995803833008,5513.6396484375,1.0
v28_seed2,170,False,rnd.predictor.net.0.bias,128,410400.0,1.8926743905467447e-07,2.3238614232923283e-07,8.239551402278167e-12,2.2640411680846517e-12,2.7610335892602755e-11,113.01827239990234,108.83509826660156,56.98488998413086,198.0625457763672,1.0
v28_seed2,170,False,rnd.predictor.net.1.weight,128,410400.0,5.584319069384946e-07,7.468588023584743e-07,5.6777142015684845e-11,9.710888343450463e-12,3.377965962503282e-10,48.033172607421875,45.1145133972168,16.313884735107422,95.96224212646484,0.890625
v28_seed2,170,False,rnd.predictor.net.1.bias,128,410400.0,5.289251134854567e-07,6.516830239888804e-07,6.11862088772952e-11,2.1703909502956975e-11,1.998859966434452e-10,40.9951171875,40.019805908203125,21.204256057739258,64.25709533691406,0.90625
v28_seed2,170,False,rnd.predictor.net.3.weight,16384,410400.0,3.029214497018984e-07,4.066679935021966e-07,1.1915098248327372e-11,1.878056765007921e-13,3.5503314177454115e-10,127.22900390625,113.90641784667969,15.91315746307373,676.642578125,0.99481201171875
v28_seed2,170,False,rnd.predictor.net.3.bias,128,410400.0,5.318158855516231e-07,6.873602842460969e-07,7.55043250144638e-11,7.868477570893706e-12,3.9455749778483096e-10,40.50259780883789,37.65690231323242,15.095499992370605,106.56889343261719,0.7578125
v28_seed2,170,False,rnd.predictor.net.4.weight,128,410400.0,5.952205697212776e-07,9.048084734786244e-07,8.585342159417308e-11,1.7052921574833846e-12,2.4215776051050852e-09,61.063289642333984,51.05587387084961,6.095141887664795,227.986328125,0.8046875
v28_seed2,170,False,rnd.predictor.net.4.bias,128,410400.0,5.552470270231424e-07,1.0816536359925522e-06,1.6800651148063395e-10,6.9741157293634615e-12,1.3749934524298624e-08,44.08584976196289,41.19466018676758,2.558196783065796,113.17102813720703,0.8828125
v28_seed2,170,False,rnd.predictor.net.6.weight,8192,410400.0,9.739605957292952e-07,1.3106606502333307e-06,1.1966087842818496e-10,8.598974830797967e-12,2.9847815330441563e-09,39.172245025634766,36.04954528808594,5.490166664123535,101.95756530761719,0.6383056640625
v28_seed2,170,False,rnd.predictor.net.6.bias,64,410400.0,1.904200871649664e-06,2.4217590635089437e-06,7.221371833843193e-10,5.203547037702094e-10,1.2219946166069917e-09,11.254003524780273,11.236257553100586,8.579507827758789,13.145623207092285,0.0
v28_seed2,180,False,fc1.weight,68352,434400.0,9.265481639886275e-05,0.0008890478638932109,1.434682053513825e-05,1.6780811138471536e-20,0.011429445818066597,161.15318298339844,3.2350375652313232,0.0028061354532837868,29616.349609375,0.016020014882087708
v28_seed2,180,False,fc1.bias,96,434400.0,6.890449003549293e-05,0.00010589402518235147,2.0403847145189502e-07,1.2653314840349594e-08,1.09533777958859e-06,0.9794815182685852,0.8016419410705566,0.2866441607475281,2.666738986968994,0.0
v28_seed2,180,False,norm1.weight,96,434400.0,0.0004013569559901953,0.0005744747468270361,9.0525827545207e-06,3.1275797596208577e-07,5.424816481536254e-05,0.1457962542772293,0.12650175392627716,0.040731292217969894,0.5364253520965576,0.0
v28_seed2,180,False,norm1.bias,96,434400.0,0.0004565420967992395,0.0005988548509776592,9.298554687120486e-06,1.30212163185206e-06,2.8468979508033954e-05,0.11792007833719254,0.110611192882061,0.05622565373778343,0.2629006803035736,0.0
v28_seed2,180,False,fc2.weight,3072,434400.0,0.0002986266335938126,0.0004875256563536823,4.980909125151811e-06,8.273946860981596e-09,0.00015015820099506527,0.30289849638938904,0.22298835217952728,0.024481970816850662,3.297745943069458,0.0
v28_seed2,180,False,fc2.bias,32,434400.0,0.0008767355466261506,0.0011945376172661781,6.135835428722203e-05,3.806128233918571e-06,0.0002983591111842543,0.073529914021492,0.04981699585914612,0.01736806333065033,0.1537720412015915,0.0
v28_seed2,180,False,norm2.weight,32,434400.0,0.00017319597827736288,0.0002579658175818622,1.2520017662609462e-06,1.3311340474331246e-08,5.530132511921693e-06,0.45164960622787476,0.31223753094673157,0.12757089734077454,2.599996328353882,0.0
v28_seed2,180,False,norm2.bias,32,434400.0,0.0001487855624873191,0.0001937869965331629,1.2547512824312435e-06,1.1805137312137504e-08,3.5059563288086792e-06,0.44126564264297485,0.3101668357849121,0.16021962463855743,2.760869026184082,0.0
v28_seed2,180,False,actor.weight,192,434400.0,8.543275180272758e-05,0.00017299868341069669,1.0472709845998907e-06,3.5156563771288063e-10,8.31184570415644e-06,2.5419864654541016,1.2741886377334595,0.1040569394826889,15.991398811340332,0.0
v28_seed2,180,False,actor.bias,6,434400.0,3.257745265727863e-05,3.899323201039806e-05,2.9505601517598734e-08,2.012499145109814e-08,3.973957163339037e-08,1.7798361778259277,1.7667789459228516,1.5048315525054932,2.1145737171173096,0.0
v28_seed2,180,False,critic.weight,32,434400.0,0.00018195033771917224,0.0003224153770133853,2.391832367720781e-06,2.7727584672732064e-09,1.3096482689434197e-05,1.1952250003814697,0.6943299174308777,0.08289774507284164,5.696167469024658,0.0
v28_seed2,180,False,critic.bias,1,434400.0,1.6913671061047353e-05,1.6913671061047353e-05,9.670058886968036e-08,9.670058886968036e-08,9.670058886968036e-08,0.9647009968757629,0.9647009968757629,0.9647009968757629,0.9647009968757629,0.0
v28_seed2,180,False,rnd.predictor.net.0.weight,91136,434400.0,1.3967563461392274e-07,1.858194451642703e-07,2.487408282819681e-12,1.0571488930622677e-15,2.969543708153388e-11,311.6723937988281,258.1494445800781,54.95158004760742,7056.5283203125,1.0
v28_seed2,180,False,rnd.predictor.net.0.bias,128,434400.0,2.177356179799972e-07,2.605817996936821e-07,7.53235321337975e-12,2.114864056448895e-12,2.307776192367328e-11,116.66549682617188,112.6656723022461,62.31912612915039,204.88204956054688,1.0
v28_seed2,180,False,rnd.predictor.net.1.weight,128,434400.0,6.173459041747265e-07,7.683888725296129e-07,5.516558737594934e-11,7.630716371276325e-12,3.4812364102521087e-10,49.272037506103516,45.73180389404297,16.070219039916992,108.2104721069336,0.890625
v28_seed2,180,False,rnd.predictor.net.1.bias,128,434400.0,6.347491989799892e-07,7.565378155049984e-07,5.757748444690236e-11,2.0719889345932607e-11,1.486244599613329e-10,41.78274154663086,41.05083465576172,24.587820053100586,65.76192474365234,0.953125
v28_seed2,180,False,rnd.predictor.net.3.weight,16384,434400.0,3.043502374566742e-07,4.150338668296172e-07,1.1400970445496483e-11,1.7673919782117825e-13,3.8198258445198974e-10,133.27694702148438,118.24108123779297,15.341835021972656,697.0202026367188,0.9942626953125
v28_seed2,180,False,rnd.predictor.net.3.bias,128,434400.0,6.599731818823784e-07,8.820118182484293e-07,6.73140015949869e-11,4.726687791167805e-12,3.485840505135229e-10,43.01690673828125,39.457984924316406,16.059608459472656,137.356689453125,0.84375
v28_seed2,180,False,rnd.predictor.net.4.weight,128,434400.0,6.305070314738259e-07,9.362694299852592e-07,7.855547462520818e-11,1.154790781228432e-12,1.9388894934024847e-09,64.12413787841797,53.553184509277344,6.811553001403809,276.5966491699219,0.8125
v28_seed2,180,False,rnd.predictor.net.4.bias,128,434400.0,7.346275197051e-07,1.8929512179965968e-06,1.5727846802704448e-10,4.4494685713658555e-12,1.2937994675610298e-08,45.91918182373047,42.141456604003906,2.637239694595337,141.5511016845703,0.90625
v28_seed2,180,False,rnd.predictor.net.6.weight,8192,434400.0,9.96139874587243e-07,1.3780759218207095e-06,1.141851058150678e-10,8.680644744685218e-12,2.2950918943109855e-09,40.475852966308594,37.621402740478516,6.260810852050781,101.47843933105469,0.6680908203125
v28_seed2,180,False,rnd.predictor.net.6.bias,64,434400.0,2.330416691620485e-06,3.011095031979494e-06,6.525241458277264e-10,4.704286404866309e-10,9.951454105205926e-10,11.840812683105469,11.72615909576416,9.506930351257324,13.825287818908691,0.0
v28_seed2,190,False,fc1.weight,68352,458400.0,9.578984463587403e-05,0.0007698137778788805,1.4231325621949509e-05,2.3832155002847253e-15,0.010368797928094864,17.728548049926758,2.859046697616577,0.0029461649246513844,5100.46337890625,0.011572448536753654
v28_seed2,190,False,fc1.bias,96,458400.0,7.739583816146478e-05,0.0001082297894754447,2.3633019452518056e-07,1.567169860550166e-08,1.8903576801676536e-06,0.8467061519622803,0.7416260838508606,0.21819566190242767,2.396230459213257,0.0
v28_seed2,190,False,norm1.weight,96,458400.0,0.000553569698240608,0.0007276565302163363,1.3290383321873378e-05,3.859974526676524e-07,6.718619260936975e-05,0.13388104736804962,0.1129065752029419,0.03659997135400772,0.4828609228134155,0.0
v28_seed2,190,False,norm1.bias,96,458400.0,0.0005210258532315493,0.0006846871110610664,1.217181488755159e-05,1.493321747148002e-06,5.785635221400298e-05,0.104594387114048,0.09674312174320221,0.03944075107574463,0.2454940676689148,0.0
v28_seed2,190,False,fc2.weight,3072,458400.0,0.0003383676812518388,0.0005795074976049364,6.900295829836978e-06,7.065077411994025e-09,0.0001704282476566732,0.2621055543422699,0.17700061202049255,0.022980008274316788,3.568709135055542,0.0
v28_seed2,190,False,fc2.bias,32,458400.0,0.0010985671542584896,0.0015079820295795798,9.461989247938618e-05,2.810984824463958e-06,0.00042651459807530046,0.06243295595049858,0.037922974675893784,0.014526271261274815,0.17893259227275848,0.0
v28_seed2,190,False,norm2.weight,32,458400.0,0.00018275142065249383,0.0002389085857430473,1.778754267434124e-06,1.6640914424215225e-08,7.998542059795e-06,0.41349321603775024,0.2843334376811981,0.10607530921697617,2.3254072666168213,0.0
v28_seed2,190,False,norm2.bias,32,458400.0,0.0001446812239009887,0.00019024663197342306,1.837961349338002e-06,1.6795761226262584e-08,4.62643220089376e-06,0.4408642053604126,0.2354658842086792,0.13947494328022003,2.314664125442505,0.0
v28_seed2,190,False,actor.weight,192,458400.0,0.00010197542724199593,0.0002281413326272741,1.9244344002800062e-06,7.541992030901667e-10,2.1283414753270335e-05,1.9627881050109863,0.8849799633026123,0.06502789258956909,10.919937133789062,0.0
v28_seed2,190,False,actor.bias,6,458400.0,2.6637389964889735e-05,3.7452464312082157e-05,5.765959087966621e-08,3.7876024094885e-08,9.642381826324709e-08,1.306588053703308,1.195845365524292,0.9660845398902893,1.5414050817489624,0.0
v28_seed2,190,False,critic.weight,32,458400.0,0.00015877872647251934,0.00027320755179971457,3.753404143935768e-06,3.441573692697375e-09,2.0119305190746672e-05,1.0641357898712158,0.531831681728363,0.06688270717859268,5.112916469573975,0.0
v28_seed2,190,False,critic.bias,1,458400.0,4.631514457287267e-05,4.631514457287267e-05,1.2827945283788722e-07,1.2827945283788722e-07,1.2827945283788722e-07,0.8375883102416992,0.8375883102416992,0.8375883102416992,0.8375883102416992,0.0
v28_seed2,190,False,rnd.predictor.net.0.weight,91136,458400.0,1.2721548614536005e-07,1.7013438480262266e-07,2.442973340982535e-12,7.973815170125886e-16,3.9316182254278687e-11,324.8294982910156,272.3311462402344,47.768714904785156,7845.60986328125,1.0
v28_seed2,190,False,rnd.predictor.net.0.bias,128,458400.0,1.6249275347490766e-07,2.0174338999368047e-07,7.547427960385988e-12,1.5863806579127782e-12,2.246971532449127e-11,117.32817077636719,114.65364837646484,63.154930114746094,236.31053161621094,1.0
v28_seed2,190,False,rnd.predictor.net.1.weight,128,458400.0,5.471520694300125e-07,7.008022748777876e-07,5.749367648633097e-11,6.550753862966108e-12,2.5763924327293353e-10,48.93464279174805,45.479373931884766,18.678619384765625,116.75678253173828,0.875
v28_seed2,190,False,rnd.predictor.net.1.bias,128,458400.0,4.924073664369644e-07,6.045616487426742e-07,6.202459379434089e-11,1.6931747670589914e-11,1.8282149405468573e-10,40.71417999267578,39.70595932006836,22.171064376831055,72.7304458618164,0.9140625
v28_seed2,190,False,rnd.predictor.net.3.weight,16384,458400.0,2.775752534489584e-07,3.729887794179376e-07,1.1223012970351665e-11,1.9272691081928528e-13,3.1157768032308297e-10,136.41998291015625,121.45637512207031,16.986040115356445,668.1414184570312,0.9951171875
v28_seed2,190,False,rnd.predictor.net.3.bias,128,458400.0,5.7726714430828e-07,7.360679887824517e-07,6.827018117494532e-11,4.895742231753042e-12,3.168765250194383e-10,43.18226623535156,39.73445510864258,16.84349822998047,134.97511291503906,0.8203125
v28_seed2,190,False,rnd.predictor.net.4.weight,128,458400.0,5.59794102628075e-07,7.202125971161877e-07,9.045563603704565e-11,1.2855719093429752e-12,2.5924218327588733e-09,65.67149353027344,51.75361633300781,5.890920162200928,262.2765808105469,0.8125
v28_seed2,190,False,rnd.predictor.net.4.bias,128,458400.0,6.51361006021034e-07,1.6460295455544838e-06,1.6625481547016818e-10,4.489617878855601e-12,1.3669556153672602e-08,45.314353942871094,42.033870697021484,2.565706253051758,140.9197235107422,0.8671875
v28_seed2,190,False,rnd.predictor.net.6.weight,8192,458400.0,9.079697065317305e-07,1.2484467788453912e-06,1.2191329890054448e-10,7.442911738320124e-12,2.5039357254286188e-09,40.823631286621094,37.54181671142578,5.99408483505249,109.56222534179688,0.6497802734375
v28_seed2,190,False,rnd.predictor.net.6.bias,64,458400.0,2.0332945496193133e-06,2.525317995605292e-06,6.78145928301177e-10,4.809361242585908e-10,9.247308474513716e-10,11.603944778442383,11.647709846496582,9.862131118774414,13.673495292663574,0.0
v28_seed2,200,False,fc1.weight,68352,482400.0,0.0001102572787203826,0.0008236743742600083,1.4242573342926335e-05,4.953818590713082e-17,0.01000188011676073,53.23369216918945,2.9116787910461426,0.0029997180681675673,17607.353515625,0.016151685267686844
v28_seed2,200,False,fc1.bias,96,482400.0,9.067577047972009e-05,0.0001207798850373365,2.668085983259516e-07,1.1535229660353252e-08,2.400716311967699e-06,0.831386148929596,0.7368947267532349,0.1936190277338028,2.7929792404174805,0.0
v28_seed2,200,False,norm1.weight,96,482400.0,0.000648017565254122,0.0009745854767970741,1.2510048691183329e-05,4.594394908963295e-07,6.563174247276038e-05,0.13088522851467133,0.10806060582399368,0.03703085705637932,0.44258907437324524,0.0
v28_seed2,200,False,norm1.bias,96,482400.0,0.0007678478141315281,0.0010282937437295914,1.1728676327038556e-05,1.4961076431063702e-06,3.745813955902122e-05,0.10306259244680405,0.09623619168996811,0.049017082899808884,0.245265394449234,0.0
v28_seed2,200,False,fc2.weight,3072,482400.0,0.0005343866068869829,0.0008243866614066064,6.8491121965053026e-06,1.7361678317229234e-08,0.0002550412027630955,0.26565006375312805,0.18955443799495697,0.018785201013088226,2.276630163192749,0.0
v28_seed2,200,False,fc2.bias,32,482400.0,0.002794975880533457,0.0035711575765162706,7.887974788900465e-05,2.565056774983532e-06,0.00037233831244520843,0.06469035148620605,0.04306347295641899,0.015547200106084347,0.18731391429901123,0.0
v28_seed2,200,False,norm2.weight,32,482400.0,0.00035718505387194455,0.000524182862136513,2.1117289179528598e-06,1.926104964411479e-08,7.783187356835697e-06,0.3506604731082916,0.25276610255241394,0.1075328141450882,2.1614742279052734,0.0
v28_seed2,200,False,norm2.bias,32,482400.0,0.00033397297374904156,0.0004135335038881749,2.15030854633369e-06,1.7722816991749824e-08,5.792800948256627e-06,0.3526596426963806,0.21377339959144592,0.12464507669210434,2.253316879272461,0.0
v28_seed2,200,False,actor.weight,192,482400.0,8.038161467993632e-05,0.00016047137614805251,1.7946471189134172e-06,5.395202617997086e-10,1.865006925072521e-05,2.0399510860443115,0.9689128994941711,0.06946723908185959,12.910124778747559,0.0
v28_seed2,200,False,actor.bias,6,482400.0,1.936174521688372e-05,2.2146065020933747e-05,4.9751964326105735e-08,2.7689818438147995e-08,8.375707949426214e-08,1.41684091091156,1.2565661668777466,1.0365625619888306,1.802748441696167,0.0
v28_seed2,200,False,critic.weight,32,482400.0,0.0004844334616791457,0.0008403505780734122,4.077197445440106e-06,4.421832233703071e-09,2.1298523279256187e-05,0.9407328963279724,0.47674891352653503,0.06500483304262161,4.510813236236572,0.0
v28_seed2,200,False,critic.bias,1,482400.0,9.960322495317087e-05,9.960322495317087e-05,1.60501855361872e-07,1.60501855361872e-07,1.60501855361872e-07,0.7488078474998474,0.7488078474998474,0.7488078474998474,0.7488078474998474,0.0
v28_seed2,200,False,rnd.predictor.net.0.weight,91136,482400.0,1.3226203066096787e-07,1.7740659075116127e-07,2.164312349131614e-12,8.710482371330911e-16,2.2199516530596597e-11,334.5960388183594,271.57415771484375,63.53730010986328,7592.33740234375,1.0
v28_seed2,200,False,rnd.predictor.net.0.bias,128,482400.0,1.52018145627153e-07,2.1046479048436595e-07,6.285613522727385e-12,1.6839811880012268e-12,1.6496547183830756e-11,127.02890014648438,124.73149108886719,73.68122100830078,229.41342163085938,1.0
v28_seed2,200,False,rnd.predictor.net.1.weight,128,482400.0,5.480753770825686e-07,7.133393751246331e-07,5.253592352816305e-11,7.079773399476519e-12,2.6344740278183565e-10,49.07020950317383,48.84576416015625,18.471698760986328,112.32656860351562,0.875
v28_seed2,200,False,rnd.predictor.net.1.bias,128,482400.0,4.4218353423275403e-07,5.91330149291025e-07,5.606826114501473e-11,1.9341896140279147e-11,1.4046765139941186e-10,42.31026840209961,41.74913024902344,25.291048049926758,68.05897521972656,0.9375
v28_seed2,200,False,rnd.predictor.net.3.weight,16384,482400.0,2.846105644493946e-07,3.908766359472793e-07,1.0180193493747325e-11,2.1145123141590866e-13,2.0931367750165464e-10,138.07969665527344,123.77812194824219,20.721555709838867,638.5176391601562,0.99725341796875
v28_seed2,200,False,rnd.predictor.net.3.bias,128,482400.0,4.986199542145187e-07,6.367869218593114e-07,6.08237488153307e-11,5.189774391484159e-12,3.0869018452506225e-10,45.20539855957031,42.09757614135742,17.06525421142578,131.11273193359375,0.859375
v28_seed2,200,False,rnd.predictor.net.4.weight,128,482400.0,5.864477543582325e-07,1.1789386462623952e-06,8.641505566675534e-11,1.2244254004797894e-12,3.048334473731984e-09,65.34056091308594,51.451271057128906,5.432644367218018,268.68780517578125,0.8203125
v28_seed2,200,False,rnd.predictor.net.4.bias,128,482400.0,5.690872058039531e-07,1.3171395494282478e-06,1.6715988315763042e-10,4.911117519601493e-12,1.4450972862789513e-08,46.73698425292969,43.3232307434082,2.495379686355591,134.7646026611328,0.890625
v28_seed2,200,False,rnd.predictor.net.6.weight,8192,482400.0,9.999805570259923e-07,1.3742712781095179e-06,1.1412468192695258e-10,7.2424071947962965e-12,2.2889194983832795e-09,40.59223175048828,37.40882110595703,6.269245147705078,111.06291198730469,0.6705322265625
v28_seed2,200,False,rnd.predictor.net.6.bias,64,482400.0,1.918808266054839e-06,2.5377039492013864e-06,6.408788499889795e-10,4.693361810303998e-10,9.016446478327111e-10,11.920177459716797,11.947056770324707,9.987549781799316,13.841361999511719,0.0
v28_seed2,210,False,fc1.weight,68352,506400.0,9.438200504519045e-05,0.0007292732479982078,1.4197201380738989e-05,8.243154010828118e-20,0.008896807208657265,157.87103271484375,2.7294394969940186,0.0031805639155209064,29162.712890625,0.008851240389049053
v28_seed2,210,False,fc1.bias,96,506400.0,7.295047544175759e-05,9.944190242094919e-05,2.3682173377892468e-07,1.309934827276038e-08,1.4822500133959693e-06,0.8956448435783386,0.7562170624732971,0.24640923738479614,2.620948553085327,0.0
v28_seed2,210,False,norm1.weight,96,506400.0,0.000502097187563777,0.000662537117023021,1.4255415408115368e-05,5.921905881223211e-07,0.00014629536599386483,0.1219906285405159,0.11506659537553787,0.024803081527352333,0.38983863592147827,0.0
v28_seed2,210,False,norm1.bias,96,506400.0,0.0005249386886134744,0.0006741518154740334,1.2131012226745952e-05,1.0255305369355483e-06,3.4864115150412545e-05,0.10141550749540329,0.09735303372144699,0.0508078970015049,0.29623931646347046,0.0
v28_seed2,210,False,fc2.weight,3072,506400.0,0.0003707325377035886,0.0005853460170328617,7.751171324343886e-06,2.6863471447313714e-08,0.0004025079542770982,0.24460220336914062,0.18297851085662842,0.01495318952947855,1.8302638530731201,0.0
v28_seed2,210,False,fc2.bias,32,506400.0,0.0012840456329286098,0.0016096110921353102,7.883275247877464e-05,4.9948380365094636e-06,0.00036562970490194857,0.060528069734573364,0.04479952156543732,0.0156891830265522,0.1342327892780304,0.0
v28_seed2,210,False,norm2.weight,32,506400.0,0.0001582456025062129,0.0002066801826003939,3.0600212994613685e-06,6.264971119662732e-08,1.1952827662753407e-05,0.3197520971298218,0.21659131348133087,0.08677301555871964,1.1985174417495728,0.0
v28_seed2,210,False,norm2.bias,32,506400.0,0.00016890639381017536,0.00020146614406257868,2.9990494567755377e-06,4.689764310228384e-08,7.892954272392672e-06,0.32311761379241943,0.20860892534255981,0.106782466173172,1.3852423429489136,0.0
v28_seed2,210,False,actor.weight,192,506400.0,0.00011039844685001299,0.0002482151030562818,1.8290228354089777e-06,3.687043448330485e-10,1.9255943698226474e-05,2.4317238330841064,1.1552764177322388,0.06836564093828201,15.615503311157227,0.0
v28_seed2,210,False,actor.bias,6,506400.0,3.283760088379495e-05,4.2426800064276904e-05,4.4489766537481046e-08,2.5259641489583373e-08,8.10856164434881e-08,1.5251308679580688,1.5091854333877563,1.0534988641738892,1.887471318244934,0.0
v28_seed2,210,False,critic.weight,32,506400.0,0.0001363618648611009,0.0002168899227399379,6.144469807622954e-06,6.722610912390792e-09,3.1187955755740404e-05,0.836954653263092,0.3965698480606079,0.053718894720077515,3.65846848487854,0.0
v28_seed2,210,False,critic.bias,1,506400.0,6.752624176442623e-05,6.752624176442623e-05,2.2801701504704397e-07,2.2801701504704397e-07,2.2801701504704397e-07,0.6282442808151245,0.6282442808151245,0.6282442808151245,0.6282442808151245,0.0
v28_seed2,210,False,rnd.predictor.net.0.weight,91136,506400.0,1.3035490553647833e-07,1.7425654164071602e-07,2.4074399158219295e-12,1.2007201305889244e-15,6.27307164546842e-11,329.42840576171875,245.97085571289062,37.8297233581543,6718.71337890625,1.0
v28_seed2,210,False,rnd.predictor.net.0.bias,128,506400.0,1.6313964579239837e-07,2.0320402427387307e-07,5.630003841600173e-12,2.2218954107144917e-12,1.493598994484202e-11,132.28079223632812,133.71690368652344,77.42514038085938,199.9197235107422,1.0
v28_seed2,210,False,rnd.predictor.net.1.weight,128,506400.0,5.444613861982361e-07,6.901001938786067e-07,5.7651758367249784e-11,8.013221163005735e-12,2.668956167184433e-10,48.694183349609375,44.60179901123047,18.35205841064453,105.60542297363281,0.84375
v28_seed2,210,False,rnd.predictor.net.1.bias,128,506400.0,5.601817747447058e-07,6.802428629271162e-07,5.797590879597081e-11,2.1118426452026995e-11,1.4945868154203623e-10,41.278297424316406,40.923431396484375,24.519161224365234,65.13980865478516,0.953125
v28_seed2,210,False,rnd.predictor.net.3.weight,16384,506400.0,2.701164589780092e-07,3.72314389096573e-07,1.0660273011553478e-11,1.643698876009972e-13,3.869272124923384e-10,138.70657348632812,124.3277587890625,15.243541717529297,722.1510620117188,0.995361328125
v28_seed2,210,False,rnd.predictor.net.3.bias,128,506400.0,4.71271732749301e-07,6.481352556875208e-07,6.039854727468708e-11,6.460664035007335e-12,3.2607586075705797e-10,44.89936447143555,40.76689910888672,16.60433578491211,117.56482696533203,0.8984375
v28_seed2,210,False,rnd.predictor.net.4.weight,128,506400.0,5.244007184046495e-07,7.991341135493712e-07,8.665410056174494e-11,9.697532490568483e-13,3.1532678690382454e-09,64.61770629882812,51.45696258544922,5.341503143310547,301.58013916015625,0.828125
v28_seed2,210,False,rnd.predictor.net.4.bias,128,506400.0,5.00428541272413e-07,8.024292128538946e-07,1.7762011306210468e-10,5.6153068306308285e-12,1.5805058595219634e-08,46.21788787841797,42.52821350097656,2.3861002922058105,126.0682373046875,0.9140625
v28_seed2,210,False,rnd.predictor.net.6.weight,8192,506400.0,8.910577093956817e-07,1.1949398412980372e-06,1.1145848133331526e-10,6.733602824632312e-12,2.0793025079512972e-09,40.468017578125,37.23739242553711,6.577596187591553,115.16675567626953,0.66943359375
v28_seed2,210,False,rnd.predictor.net.6.bias,64,506400.0,1.6543655192435835e-06,2.065072521872935e-06,6.295270971179434e-10,4.251828611412378e-10,9.632314945662301e-10,12.055026054382324,11.976452827453613,9.663089752197266,14.541955947875977,0.0
v28_seed2,220,False,fc1.weight,68352,530400.0,9.610180131858215e-05,0.0008219197043217719,1.4223619473341387e-05,3.0757123781355692e-30,0.00852926354855299,172.86436462402344,2.7222788333892822,0.003248369786888361,29999.99609375,0.00816362351179123
v28_seed2,220,False,fc1.bias,96,530400.0,6.826451135566458e-05,9.958293230738491e-05,2.5174779239023337e-07,1.3432490675313602e-08,1.6509587794644176e-06,0.8778934478759766,0.7603771090507507,0.2334800511598587,2.5882461071014404,0.0
v28_seed2,220,False,norm1.weight,96,530400.0,0.0005518909892998636,0.0008316484745591879,1.3062563084531575e-05,6.589526719835703e-07,8.307064126711339e-05,0.12252245098352432,0.1041819155216217,0.03291523829102516,0.3695632815361023,0.0
v28_seed2,220,False,norm1.bias,96,530400.0,0.0004865913651883602,0.0006419389392249286,1.1560649909370113e-05,1.625438471819507e-06,4.1248873458243906e-05,0.10298744589090347,0.0976736918091774,0.046710506081581116,0.2353057861328125,0.0
v28_seed2,220,False,fc2.weight,3072,530400.0,0.0003777496749535203,0.0005993816303089261,7.181042292359052e-06,3.909638124355297e-08,0.00034021621104329824,0.2416258454322815,0.17856839299201965,0.01626460626721382,1.51715886592865,0.0
v28_seed2,220,False,fc2.bias,32,530400.0,0.0011122177820652723,0.0014266741927713156,7.692533836234361e-05,3.230373295082245e-06,0.00037535506999120116,0.05990138277411461,0.04456893354654312,0.015484598465263844,0.16691389679908752,0.0
v28_seed2,220,False,norm2.weight,32,530400.0,0.00034303590655326843,0.00041305492050014436,3.4967338251590263e-06,3.4065578802255914e-08,1.7176605979329906e-05,0.3149454593658447,0.2353573739528656,0.07238549739122391,1.6253236532211304,0.0
v28_seed2,220,False,norm2.bias,32,530400.0,0.00037194372271187603,0.00044813440763391554,3.1880158530839253e-06,2.9602572837461594e-08,8.212477041524835e-06,0.3160718083381653,0.18315652012825012,0.10468456894159317,1.7435375452041626,0.0
v28_seed2,220,False,actor.weight,192,530400.0,0.00013491828576661646,0.0002958101686090231,2.4096796096273465e-06,3.4936617487879573e-10,3.0360561140696518e-05,2.3057873249053955,1.04436194896698,0.05444595217704773,16.0416316986084,0.0
v28_seed2,220,False,actor.bias,6,530400.0,3.459804429439828e-05,4.2924246372422203e-05,5.769777899899964e-08,2.2427579793316e-08,1.0369236491669653e-07,1.3769694566726685,1.2600818872451782,0.9316104650497437,2.0030930042266846,0.0
v28_seed2,220,False,critic.weight,32,530400.0,0.0003386971657164395,0.0005203713080845773,7.495666523027467e-06,5.359468424614988e-09,4.5102689909981564e-05,0.7976728081703186,0.4271574914455414,0.044670358300209045,4.097331523895264,0.0
v28_seed2,220,False,critic.bias,1,530400.0,0.00015176415035966784,0.00015176415035966784,2.2907602215127554e-07,2.2907602215127554e-07,2.2907602215127554e-07,0.626790463924408,0.626790463924408,0.626790463924408,0.626790463924408,0.0
v28_seed2,220,False,rnd.predictor.net.0.weight,91136,530400.0,1.2588921549649967e-07,1.661573918454451e-07,1.7845522152018511e-12,8.647403298353291e-16,2.1022791146796393e-11,346.400634765625,281.14093017578125,65.28749084472656,7612.96435546875,1.0
v28_seed2,220,False,rnd.predictor.net.0.bias,128,530400.0,1.4590216323995264e-07,1.9189363342775323e-07,5.550953360161648e-12,1.6762339129575143e-12,1.7902771279332264e-11,135.77627563476562,134.62100219726562,70.73526000976562,229.9388885498047,1.0
v28_seed2,220,False,rnd.predictor.net.1.weight,128,530400.0,4.7349919896078063e-07,6.163756438581913e-07,4.9791962219991603e-11,8.422099823102158e-12,3.191603370478191e-10,50.210227966308594,47.62055206298828,16.783161163330078,103.01896667480469,0.9296875
v28_seed2,220,False,rnd.predictor.net.1.bias,128,530400.0,4.4670193233287137e-07,5.864264949195785e-07,5.279625001075594e-11,1.998291462856905e-11,1.3656707709142069e-10,43.63522720336914,42.471710205078125,25.649375915527344,66.96092987060547,0.953125
v28_seed2,220,False,rnd.predictor.net.3.weight,16384,530400.0,2.6309328404749976e-07,3.555824719114753e-07,9.117854041229556e-12,1.4686190631663099e-13,2.0082932539189358e-10,143.4043426513672,128.08372497558594,21.15443229675293,762.9207153320312,0.9979248046875
v28_seed2,220,False,rnd.predictor.net.3.bias,128,530400.0,4.172733838458953e-07,5.555227176046174e-07,5.628138927127324e-11,6.072661904582555e-12,3.588411512378542e-10,46.6868782043457,43.00382995605469,15.828543663024902,121.2475357055664,0.9140625
v28_seed2,220,False,rnd.predictor.net.4.weight,128,530400.0,5.322361857906799e-07,7.566754334220605e-07,8.99527952125112e-11,1.166339919610182e-12,4.187914015574279e-09,64.29361724853516,50.98749542236328,4.635059833526611,275.23638916015625,0.8359375
v28_seed2,220,False,rnd.predictor.net.4.bias,128,530400.0,4.3375641212151095e-07,5.92220430917223e-07,2.046949831857603e-10,6.467909107604752e-12,1.937686278097317e-08,46.51731491088867,43.28348922729492,2.15500545501709,117.49923706054688,0.90625
v28_seed2,220,False,rnd.predictor.net.6.weight,8192,530400.0,9.35596915496717e-07,1.2677940048888559e-06,1.1172449077001545e-10,6.366812892871776e-12,2.4412782906324537e-09,40.238380432128906,36.8865966796875,6.0705037117004395,118.42475128173828,0.666015625
v28_seed2,220,False,rnd.predictor.net.6.bias,64,530400.0,1.3267483609524788e-06,1.6584688182774698e-06,6.667596474940751e-10,4.5033854423337516e-10,1.0089096225129879e-09,11.708885192871094,11.722254753112793,9.441878318786621,14.130160331726074,0.0
v28_seed2,230,False,fc1.weight,68352,554400.0,8.669419185025617e-05,0.0007137565989978611,1.4181796359480359e-05,1.7530052930092577e-12,0.04218732938170433,6.052738189697266,3.5333192348480225,0.0014605963369831443,224.88571166992188,0.012055243365466595
v28_seed2,230,False,fc1.bias,96,554400.0,6.558094173669815e-05,9.314735507359728e-05,2.2232296714719268e-07,8.464969170063341e-09,5.348182185116457e-06,1.0865938663482666,0.968722403049469,0.12972280383110046,3.260328769683838,0.0
v28_seed2,230,False,norm1.weight,96,554400.0,0.0004734746180474758,0.0006617933395318687,1.2813351531804074e-05,4.658427883441618e-07,0.0001747620408423245,0.14775216579437256,0.1347118616104126,0.02269328571856022,0.4395367503166199,0.0
v28_seed2,230,False,norm1.bias,96,554400.0,0.0004973399336449802,0.0006497923750430346,1.1946079212066252e-05,1.0427780807731324e-06,0.00019422679906710982,0.12042337656021118,0.12022335082292557,0.0215261522680521,0.2937792241573334,0.0
v28_seed2,230,False,fc2.weight,3072,554400.0,0.00029646256007254124,0.00043479978921823204,8.315701052197255e-06,1.8667611456635314e-08,0.0012850230559706688,0.2959015667438507,0.21884727478027344,0.008368848823010921,2.195558786392212,0.0
v28_seed2,230,False,fc2.bias,32,554400.0,0.0014476199867203832,0.001839956035837531,6.801005656598136e-05,3.908309281541733e-06,0.00032898204517550766,0.07180631905794144,0.04874790087342262,0.016539977863430977,0.15174856781959534,0.0
v28_seed2,230,False,norm2.weight,32,554400.0,0.0002091984497383237,0.00026098842499777675,2.6917944069282385e-06,1.5699939126534446e-08,9.739766937855165e-06,0.4163816571235657,0.23599651455879211,0.09612705558538437,2.3940744400024414,0.0
v28_seed2,230,False,norm2.bias,32,554400.0,0.00023716279247310013,0.0002873849880415946,3.2040422865975415e-06,8.666588335870529e-09,1.0795216439873911e-05,0.42412757873535156,0.20913487672805786,0.09130703657865524,3.2221856117248535,0.0
v28_seed2,230,False,actor.weight,192,554400.0,8.86972775333561e-05,0.00017870403826236725,1.115521627070848e-06,1.0612542789001367e-10,1.372378392261453e-05,3.1706628799438477,1.3319934606552124,0.08098100870847702,29.093111038208008,0.0
v28_seed2,230,False,actor.bias,6,554400.0,2.524942101445049e-05,2.600072548375465e-05,2.7479375219741087e-08,1.2968220275411113e-08,4.9351879027881296e-08,1.946280598640442,1.8856806755065918,1.3503609895706177,2.634165048599243,0.0
v28_seed2,230,False,critic.weight,32,554400.0,0.00023528373276349157,0.0003956763830501586,4.988271030015312e-06,4.209220083595255e-09,3.884916804963723e-05,0.9365663528442383,0.42770007252693176,0.048131540417671204,4.623315811157227,0.0
v28_seed2,230,False,critic.bias,1,554400.0,0.00010773221583804116,0.00010773221583804116,2.4737036596889084e-07,2.4737036596889084e-07,2.4737036596889084e-07,0.6031686067581177,0.6031686067581177,0.6031686067581177,0.6031686067581177,0.0
v28_seed2,230,False,rnd.predictor.net.0.weight,91136,554400.0,1.120977870527895e-07,1.4778821366689954e-07,3.1755323197379948e-12,1.295355098379148e-15,3.940503479071822e-10,336.10528564453125,293.2215881347656,15.105205535888672,6523.00927734375,0.9968618154525757
v28_seed2,230,False,rnd.predictor.net.0.bias,128,554400.0,1.3541307453124318e-07,1.6618186293726467e-07,5.911438439448746e-12,1.2479571412718493e-12,2.1805409908259854e-11,141.59800720214844,139.3271942138672,64.1076889038086,266.16510009765625,1.0
v28_seed2,230,False,rnd.predictor.net.1.weight,128,554400.0,5.18034653396171e-07,6.377670160873095e-07,7.510515126485373e-11,6.947572291776671e-12,1.0038248010602047e-09,54.436424255371094,52.77068328857422,9.465755462646484,113.3862075805664,0.828125
v28_seed2,230,False,rnd.predictor.net.1.bias,128,554400.0,4.5029594275547424e-07,5.471925419442414e-07,6.061900287290811e-11,1.4699857650568582e-11,2.2783278041949018e-10,44.25730895996094,42.93531799316406,19.862117767333984,78.04290771484375,0.8359375
v28_seed2,230,False,rnd.predictor.net.3.weight,16384,554400.0,2.2965741663938388e-07,3.0602092238041223e-07,1.2311493838290666e-11,1.6344900693326947e-13,1.2743134325532424e-09,153.17904663085938,137.94955444335938,8.401590347290039,724.1334838867188,0.98321533203125
v28_seed2,230,False,rnd.predictor.net.3.bias,128,554400.0,2.869164745789021e-07,3.583758712011331e-07,5.306272088390074e-11,4.604340346492375e-12,2.585887892703198e-10,51.69396209716797,46.302677154541016,18.644315719604492,139.1612548828125,0.875
v28_seed2,230,False,rnd.predictor.net.4.weight,128,554400.0,4.4047089886589674e-07,9.08012395939295e-07,9.90196952210809e-11,1.2168535493475852e-12,2.9830369285832603e-09,70.95915222167969,60.618587493896484,5.4917707443237305,269.5149230957031,0.828125
v28_seed2,230,False,rnd.predictor.net.4.bias,128,554400.0,3.335858593800367e-07,5.983424102851131e-07,1.5710206746621935e-10,5.049675955159927e-12,1.3311026059170672e-08,50.83165740966797,45.50578308105469,2.600027084350586,132.91107177734375,0.8671875
v28_seed2,230,False,rnd.predictor.net.6.weight,8192,554400.0,8.318332902490511e-07,1.1191115163455834e-06,1.2582790365200935e-10,6.3791836396598356e-12,2.7217794684730734e-09,42.258277893066406,40.44364547729492,5.7492547035217285,118.31031799316406,0.6793212890625
v28_seed2,230,False,rnd.predictor.net.6.bias,64,554400.0,1.1202217820027727e-06,1.4239564052331843e-06,5.444233952545119e-10,4.0964528991160876e-10,7.378981869976542e-10,12.946453094482422,12.89806842803955,11.039850234985352,14.815037727355957,0.0
v28_seed2,240,False,fc1.weight,68352,578400.0,9.420931019121781e-05,0.0008366219699382782,1.4227997780835722e-05,7.739046626849613e-14,0.00963253527879715,5.755009651184082,2.8810739517211914,0.0030566868372261524,1040.974853515625,0.010416666977107525
v28_seed2,240,False,fc1.bias,96,578400.0,7.20148891559802e-05,0.0001114344340749085,2.7445878458820516e-07,1.1081696449366518e-08,3.0769485874770908e-06,0.9175701141357422,0.7870317101478577,0.1710246354341507,2.8495540618896484,0.0
v28_seed2,240,False,norm1.weight,96,578400.0,0.00040220306254923344,0.0005430847522802651,1.280573724216083e-05,9.187014029521379e-07,5.3900261264061555e-05,0.12306662648916245,0.10882379859685898,0.04086253419518471,0.31298932433128357,0.0
v28_seed2,240,False,norm1.bias,96,578400.0,0.000458867842098698,0.0005857032374478877,1.1580038517422508e-05,1.962169335456565e-06,3.319301322335377e-05,0.10196629911661148,0.09524591267108917,0.05207115039229393,0.21416570246219635,0.0
v28_seed2,240,False,fc2.weight,3072,578400.0,0.0003184365341439843,0.0005000809906050563,7.095983164617792e-06,2.697322010192238e-08,0.00028386004851199687,0.24139654636383057,0.1851825714111328,0.017806103453040123,1.8265368938446045,0.0
v28_seed2,240,False,fc2.bias,32,578400.0,0.0009537686128169298,0.0012078476138412952,8.01742571638897e-05,5.211627467360813e-06,0.000393396447179839,0.058120522648096085,0.0475459024310112,0.015125364996492863,0.13141129910945892,0.0
v28_seed2,240,False,norm2.weight,32,578400.0,0.00020938499073963612,0.00027431370108388364,3.4865968245867407e-06,3.4754560118699374e-08,2.1833278879057616e-05,0.3153262138366699,0.21883973479270935,0.06420382857322693,1.6091336011886597,0.0
v28_seed2,240,False,norm2.bias,32,578400.0,0.0002750722342170775,0.0003219180216547102,3.1581184884998947e-06,1.3344099158985046e-08,8.493229870509822e-06,0.32843583822250366,0.1768142729997635,0.10293979942798615,2.5968034267425537,0.0
v28_seed2,240,False,actor.weight,192,578400.0,6.0208491049706936e-05,0.00012932716344948858,1.8801700889525819e-06,5.214126352903747e-10,2.3565606170450337e-05,2.6093883514404297,1.3042131662368774,0.06179894506931305,13.132286071777344,0.0
v28_seed2,240,False,actor.bias,6,578400.0,2.1049412680440582e-05,2.461411349941045e-05,4.196426672820053e-08,2.7062617036222036e-08,7.055540152123285e-08,1.530773639678955,1.5531260967254639,1.129379153251648,1.8235176801681519,0.0
v28_seed2,240,False,critic.weight,32,578400.0,0.0002252211852464825,0.0003706801508087665,6.94699974701507e-06,7.238013743915417e-09,4.71070125058759e-05,0.7714307308197021,0.3663882613182068,0.04370970278978348,3.5258233547210693,0.0
v28_seed2,240,False,critic.bias,1,578400.0,8.206232450902462e-05,8.206232450902462e-05,2.422566751647537e-07,2.422566751647537e-07,2.422566751647537e-07,0.6095011830329895,0.6095011830329895,0.6095011830329895,0.6095011830329895,0.0
v28_seed2,240,False,rnd.predictor.net.0.weight,91136,578400.0,1.287949658035359e-07,1.7197038459926262e-07,2.122050148448129e-12,1.4695840581569635e-15,1.200985283444922e-10,342.7190246582031,293.1919860839844,27.349937438964844,6206.66259765625,0.9999561309814453
v28_seed2,240,False,rnd.predictor.net.0.bias,128,578400.0,2.009322912499556e-07,2.5108866452683287e-07,5.122656639156009e-12,1.3242463766174883e-12,1.2923361165928515e-11,143.15232849121094,141.23504638671875,83.21989440917969,258.4515686035156,1.0
v28_seed2,240,False,rnd.predictor.net.1.weight,128,578400.0,6.219544843588665e-07,7.936776000860846e-07,5.364128585760852e-11,7.647869317006784e-12,3.490562006103204e-10,52.411861419677734,49.05992126464844,16.048749923706055,108.0895004272461,0.859375
v28_seed2,240,False,rnd.predictor.net.1.bias,128,578400.0,6.414694553313893e-07,8.001740638974297e-07,5.153497767418358e-11,1.736175266053852e-11,1.3241514829065437e-10,44.654518127441406,43.789981842041016,26.048049926757812,71.82630157470703,0.953125
v28_seed2,240,False,rnd.predictor.net.3.weight,16384,578400.0,2.875333393603796e-07,3.9369251680909656e-07,9.337216763660727e-12,1.5978829316556226e-13,4.315007795518966e-10,151.68524169921875,137.1723175048828,14.435154914855957,732.1800537109375,0.9942626953125
v28_seed2,240,False,rnd.predictor.net.3.bias,128,578400.0,6.347362955239078e-07,8.339451369465678e-07,4.9423961451244836e-11,5.2066966189923125e-12,2.8626997994329884e-10,50.48287582397461,46.61628341674805,17.720531463623047,130.90040588378906,0.9375
v28_seed2,240,False,rnd.predictor.net.4.weight,128,578400.0,7.099313279468333e-07,1.1796269063779619e-06,9.209731588466497e-11,1.034496707047472e-12,4.042312706786788e-09,67.513671875,53.418331146240234,4.717783451080322,292.08392333984375,0.84375
v28_seed2,240,False,rnd.predictor.net.4.bias,128,578400.0,7.709480200901453e-07,1.9150643311149906e-06,1.951771799735269e-10,6.020945027274127e-12,1.8587542172099347e-08,48.95951843261719,44.28541564941406,2.200282573699951,121.76504516601562,0.9296875
v28_seed2,240,False,rnd.predictor.net.6.weight,8192,578400.0,1.0400442533864407e-06,1.432243038834713e-06,1.1257583754087364e-10,7.974448358594177e-12,1.9112036397928023e-09,41.277549743652344,38.7055549621582,6.8607001304626465,105.86094665527344,0.6630859375
v28_seed2,240,False,rnd.predictor.net.6.bias,64,578400.0,2.3008497009868734e-06,2.930827122327173e-06,5.957295767800019e-10,4.353190585781874e-10,8.739826640180581e-10,12.40568733215332,12.460715293884277,10.14432144165039,14.37173843383789,0.0
